Nome;Tipo de Produto;Data de vencimento;Prazo até o vencimento;PL;SR;JR;Carteira;Caixa Livre;Fundo de Reserva;R.G.;Saldo em Aplicações;I.S.;I.S. (Tranche);% de Atraso;% de PDD;Rentabilidade Média Ativos %;Desenquadramentos;Próximo Pagamento;Originador;Emissor;Tipo de Oferta Sênior;Tipos de Ativos;Status do Pool
UnionNational #4;Unitoken;22/09/2023;-665;R$ 0,00;;;R$ 0,00;;R$ 0,00;;R$ 0,00;;;;0,0%;;"";;SECURITIZADORA DE CRÉDITOS FINANCEIROS S.A.;;;Duplicata;
UnionNational #1;Unitoken;25/09/2023;-662;R$ 0,00;;;R$ 0,00;;R$ 0,00;;R$ 0,00;;;;0,0%;;"";;SECURITIZADORA DE CRÉDITOS FINANCEIROS S.A.;;;Duplicata;
UnionNational #2;Unitoken;29/09/2023;-658;R$ 0,00;;;R$ 0,00;;R$ 0,00;;R$ 0,00;;;;0,0%;;"";;SECURITIZADORA DE CRÉDITOS FINANCEIROS S.A.;;;Duplicata;
UnionNational #7;Unitoken;06/11/2023;-620;R$ 0,00;;;R$ 0,00;;R$ 0,00;;R$ 0,00;;;;0,0%;;"";;SECURITIZADORA DE CRÉDITOS FINANCEIROS S.A.;;;Duplicata;
UnionNational #6;Unitoken;06/11/2023;-620;R$ 0,00;;;R$ 0,00;;R$ 0,00;;R$ 0,00;;;;0,0%;;"";;SECURITIZADORA DE CRÉDITOS FINANCEIROS S.A.;;;Duplicata;
UnionNational #5;Unitoken;06/11/2023;-620;R$ 0,00;;;R$ 0,00;;R$ 0,00;;R$ 0,00;;;;0,0%;;"";;SECURITIZADORA DE CRÉDITOS FINANCEIROS S.A.;;;Duplicata;
UnionNational #3;Unitoken;06/11/2023;-620;R$ 0,00;;;R$ 0,00;;R$ 0,00;;R$ 0,00;;;;0,0%;;"";;SECURITIZADORA DE CRÉDITOS FINANCEIROS S.A.;;;Duplicata;
Transcarvalho #1;Unitoken;07/11/2023;-619;R$ 0,00;;;R$ 0,00;;R$ 0,00;;R$ 0,00;;;;0,0%;;"";;Transcarvalho;;;Duplicata;
UnionNational #13;Unitoken;10/11/2023;-616;R$ 0,00;;;R$ 0,00;;R$ 0,00;;R$ 0,00;;;;0,0%;;"";;SECURITIZADORA DE CRÉDITOS FINANCEIROS S.A.;;;Duplicata;
UnionNational #12;Unitoken;13/11/2023;-613;R$ 0,00;;;R$ 0,00;;R$ 0,00;;R$ 0,00;;;;0,0%;;"";;SECURITIZADORA DE CRÉDITOS FINANCEIROS S.A.;;;Duplicata;
UnionNational #11;Unitoken;13/11/2023;-613;R$ 0,00;;;R$ 0,00;;R$ 0,00;;R$ 0,00;;;;0,0%;;"";;SECURITIZADORA DE CRÉDITOS FINANCEIROS S.A.;;;Duplicata;
Clickpay #1;Unitoken;14/11/2023;-612;R$ 0,00;;;R$ 0,00;;;;R$ 0,00;;;;0,0%;;"";;CLICK SECURITIZADORA S.A.;AMFI COMPANHIA SECURITIZADORA DE CREDITOS FINANCEIROS I SA;;Duplicata;
UnionNational #8;Unitoken;16/11/2023;-610;R$ 0,00;;;R$ 0,00;;R$ 0,00;;R$ 0,00;;;;0,0%;;"";;SECURITIZADORA DE CRÉDITOS FINANCEIROS S.A.;;;Duplicata;
UnionNational #9;Unitoken;17/11/2023;-609;R$ 0,00;;;R$ 0,00;;R$ 0,00;;R$ 0,00;;;;0,0%;;"";;SECURITIZADORA DE CRÉDITOS FINANCEIROS S.A.;;;Duplicata;
UnionNational #10;Unitoken;20/11/2023;-606;R$ 0,00;;;R$ 0,00;;R$ 0,00;;R$ 0,00;;;;0,0%;;"";;SECURITIZADORA DE CRÉDITOS FINANCEIROS S.A.;;;Duplicata;
 UnionNational #16;Unitoken;20/11/2023;-606;R$ 0,00;;;R$ 0,00;;R$ 0,00;;R$ 0,00;;;;0,0%;;"";;SECURITIZADORA DE CRÉDITOS FINANCEIROS S.A.;;;Duplicata;
UnionNational #14;Unitoken;23/11/2023;-603;R$ 0,00;;;R$ 0,00;;R$ 0,00;;R$ 0,00;;;;0,0%;;"";;SECURITIZADORA DE CRÉDITOS FINANCEIROS S.A.;;;Duplicata;
 UnionNational #20;Unitoken;24/11/2023;-602;R$ 0,00;;;R$ 0,00;;R$ 0,00;;R$ 0,00;;;;0,0%;;"";;SECURITIZADORA DE CRÉDITOS FINANCEIROS S.A.;;;Duplicata;
UnionNational #15;Unitoken;07/12/2023;-589;R$ 0,00;;;R$ 0,00;;R$ 0,00;;R$ 0,00;;;;0,0%;;"";;SECURITIZADORA DE CRÉDITOS FINANCEIROS S.A.;;;Duplicata;
UnionNational #18;Unitoken;12/12/2023;-584;R$ 0,00;;;R$ 0,00;;R$ 0,00;;R$ 0,00;;;;0,0%;;"";;SECURITIZADORA DE CRÉDITOS FINANCEIROS S.A.;;;Duplicata;
UnionNational #17;Unitoken;15/12/2023;-581;R$ 0,00;;;R$ 0,00;;R$ 0,00;;R$ 0,00;;;;0,0%;;"";;SECURITIZADORA DE CRÉDITOS FINANCEIROS S.A.;;;Duplicata;
Fiducia #1;Unitoken;20/12/2023;-576;R$ 0,00;;;R$ 0,00;;R$ 0,00;;R$ 0,00;;;;0,0%;;"";;FIDUCIA;;;CCB;
UnionNational #19;Unitoken;26/12/2023;-570;R$ 0,00;;;R$ 0,00;;R$ 0,00;;R$ 0,00;;;;0,0%;;"";;SECURITIZADORA DE CRÉDITOS FINANCEIROS S.A.;;;Duplicata;
Learnbase #1;Unitoken;01/01/2024;-564;R$ 0,00;;;R$ 0,00;;;;R$ 0,00;;;;0,0%;;"";;Learnbase Gestão e Consultoria Educacional S.A.;AMFI COMPANHIA SECURITIZADORA DE CREDITOS FINANCEIROS I SA;;Duplicata;
UnionNational #21;Unitoken;10/01/2024;-555;R$ 0,00;;;R$ 0,00;;R$ 0,00;;R$ 0,00;;;;0,0%;;"";;SECURITIZADORA DE CRÉDITOS FINANCEIROS S.A.;;;Duplicata;
Union Aluguel #1;Unitoken;10/01/2024;-555;R$ 0,00;;;R$ 0,00;;R$ 0,00;;R$ 0,00;;;;0,0%;;"";;SECURITIZADORA DE CRÉDITOS FINANCEIROS S.A.;;;Duplicata;
 a55 Unitoken #6;Unitoken;14/01/2024;-551;R$ 0,00;;;R$ 0,00;;;;R$ 0,00;;;;0,0%;;"";;a55 Consultoria em Credito Ltda.;AMFI COMPANHIA SECURITIZADORA DE CREDITOS FINANCEIROS I SA;;Duplicata;
UnionNational #23;Unitoken;17/01/2024;-548;R$ 0,00;;;R$ 0,00;;;;R$ 0,00;;;;0,0%;;"";;SECURITIZADORA DE CRÉDITOS FINANCEIROS S.A.;;;Duplicata;
UnionNational #22;Unitoken;18/01/2024;-547;R$ 0,00;;;R$ 0,00;;;;R$ 0,00;;;;0,0%;;"";;SECURITIZADORA DE CRÉDITOS FINANCEIROS S.A.;;;Duplicata;
a55 Unitoken #1;Unitoken;30/01/2024;-535;R$ 0,00;;;R$ 0,00;;;;R$ 0,00;;;;0,0%;;"";;a55 Consultoria em Credito Ltda.;AMFI COMPANHIA SECURITIZADORA DE CREDITOS FINANCEIROS I SA;;Duplicata;
Unitoken MMK Partners #1;Unitoken;05/02/2024;-529;R$ 0,00;;;R$ 0,00;;;;R$ 0,00;;;;0,0%;;"";;MMK Partners;AMFI COMPANHIA SECURITIZADORA DE CREDITOS FINANCEIROS I SA;;Duplicata;
Learnbase #2;Unitoken;05/02/2024;-529;R$ 0,00;;;R$ 0,00;;;;R$ 0,00;;;;0,0%;;"";;Learnbase Gestão e Consultoria Educacional S.A.;AMFI COMPANHIA SECURITIZADORA DE CREDITOS FINANCEIROS I SA;;Duplicata;
Plin #1;Pool;11/02/2024;-523;R$ 0,00;;;R$ 0,00;;R$ 0,00;;R$ 0,00;;1,0%;;0,0%;;"";;GARANTIZA SOLUCOES FINANCEIRAS LTDA;AMFI REPRESENTAÇÃO OPERACIONAL LTDA;Oferta Privada;CCB;Produto Encerrado
a55 Unitoken #3;Unitoken;14/02/2024;-520;R$ 0,00;;;R$ 0,00;;;;R$ 0,00;;;;0,0%;;"";;a55 Consultoria em Credito Ltda.;AMFI COMPANHIA SECURITIZADORA DE CREDITOS FINANCEIROS I SA;;Duplicata;
a55 Unitoken #2;Unitoken;15/02/2024;-519;R$ 0,00;;;R$ 0,00;;;;R$ 0,00;;;;0,0%;;"";;a55 Consultoria em Credito Ltda.;AMFI COMPANHIA SECURITIZADORA DE CREDITOS FINANCEIROS I SA;;Duplicata;
a55 Unitoken #7;Unitoken;15/02/2024;-519;R$ 0,00;;;R$ 0,00;;;;R$ 0,00;;;;0,0%;;"";;a55 Consultoria em Credito Ltda.;AMFI COMPANHIA SECURITIZADORA DE CREDITOS FINANCEIROS I SA;;"";
UnionNational Unitoken #24;Unitoken;16/02/2024;-518;R$ 0,00;;;R$ 0,00;;;;R$ 0,00;;;;0,0%;;"";;SECURITIZADORA DE CRÉDITOS FINANCEIROS S.A.;;;Duplicata;
Plin #2;Pool;17/02/2024;-517;R$ 0,00;;;R$ 0,00;;R$ 0,00;;R$ 0,00;;1,0%;;0,0%;;"";;GARANTIZA SOLUCOES FINANCEIRAS LTDA;AMFI REPRESENTAÇÃO OPERACIONAL LTDA;Oferta Privada;CCB;Captação finalizada
Learnbase #3;Unitoken;21/02/2024;-513;R$ 0,00;;;R$ 0,00;;;;R$ 0,00;;;;0,0%;;"";;Learnbase Gestão e Consultoria Educacional S.A.;AMFI COMPANHIA SECURITIZADORA DE CREDITOS FINANCEIROS I SA;;Duplicata;
Clickpay Unitoken #2;Unitoken;21/02/2024;-513;R$ 0,00;;;R$ 0,00;;;;R$ 0,00;;;;0,0%;;"";;CLICK SECURITIZADORA S.A.;AMFI COMPANHIA SECURITIZADORA DE CREDITOS FINANCEIROS I SA;;Duplicata;
a55 Unitoken #4;Unitoken;27/02/2024;-507;R$ 0,00;;;R$ 0,00;;;;R$ 0,00;;;;0,0%;;"";;a55 Consultoria em Credito Ltda.;AMFI COMPANHIA SECURITIZADORA DE CREDITOS FINANCEIROS I SA;;Duplicata;
Clickpay Unitoken #5;Unitoken;03/03/2024;-502;R$ 0,00;;;R$ 0,00;;;;R$ 0,00;;;;0,0%;;"";;CLICK SECURITIZADORA S.A.;AMFI COMPANHIA SECURITIZADORA DE CREDITOS FINANCEIROS I SA;;Duplicata;
a55 Unitoken #5;Unitoken;05/03/2024;-500;R$ 0,00;;;R$ 0,00;;;;R$ 0,00;;;;0,0%;;"";;a55 Consultoria em Credito Ltda.;AMFI COMPANHIA SECURITIZADORA DE CREDITOS FINANCEIROS I SA;;Duplicata;
Clickpay Unitoken #4;Unitoken;06/03/2024;-499;R$ 0,00;;;R$ 0,00;;;;R$ 0,00;;;;0,0%;;"";;CLICK SECURITIZADORA S.A.;AMFI COMPANHIA SECURITIZADORA DE CREDITOS FINANCEIROS I SA;;Duplicata;
Plin #3;Pool;07/03/2024;-498;R$ 0,00;;;R$ 0,00;;;;R$ 0,00;;1,0%;;0,0%;;"";;GARANTIZA SOLUCOES FINANCEIRAS LTDA;AMFI REPRESENTAÇÃO OPERACIONAL LTDA;Oferta Privada;CCB;Captação finalizada
a55 Unitoken #10;Unitoken;08/03/2024;-497;R$ 0,00;;;R$ 0,00;;;;R$ 0,00;;;;0,0%;;"";;a55 SECURITIZADORA S.A.;a55 SECURITIZADORA S.A.;;Duplicata;
a55 Unitoken #11;Unitoken;08/03/2024;-497;R$ 0,00;;;R$ 0,00;;;;R$ 0,00;;;;0,0%;;"";;a55 SECURITIZADORA S.A.;a55 SECURITIZADORA S.A.;;Duplicata;
a55 Unitoken #9;Unitoken;15/03/2024;-490;R$ 0,00;;;R$ 0,00;;;;R$ 0,00;;;;0,0%;;"";;a55 SECURITIZADORA S.A.;a55 SECURITIZADORA S.A.;;Duplicata;
Plin #4;Pool;16/03/2024;-489;R$ 0,00;;;R$ 0,00;;;;R$ 0,00;;1,0%;;0,0%;;"";;GARANTIZA SOLUCOES FINANCEIRAS LTDA;AMFI REPRESENTAÇÃO OPERACIONAL LTDA;Oferta Privada;CCB;Produto Encerrado
a55 Unitoken #17;Unitoken;19/03/2024;-486;R$ 0,00;;;R$ 0,00;;;;R$ 0,00;;;;0,0%;;"";;a55 SECURITIZADORA S.A.;a55 SECURITIZADORA S.A.;;"";
a55 Unitoken #8;Unitoken;20/03/2024;-485;R$ 0,00;;;R$ 0,00;;;;R$ 0,00;;;;0,0%;;"";;a55 Consultoria em Credito Ltda.;AMFI COMPANHIA SECURITIZADORA DE CREDITOS FINANCEIROS I SA;;"";
a55 Unitoken #12;Unitoken;25/03/2024;-480;R$ 0,00;;;R$ 0,00;;;;R$ 0,00;;;;0,0%;;"";;a55 SECURITIZADORA S.A.;a55 SECURITIZADORA S.A.;;Duplicata;
Clickpay Unitoken #3;Unitoken;25/03/2024;-480;R$ 0,00;;;R$ 0,00;;;;R$ 0,00;;;;0,0%;;"";;CLICK SECURITIZADORA S.A.;AMFI COMPANHIA SECURITIZADORA DE CREDITOS FINANCEIROS I SA;;Duplicata;
a55 Unitoken #18;Unitoken;26/03/2024;-479;R$ 0,00;;;R$ 0,00;;;;R$ 0,00;;;;0,0%;;"";;a55 SECURITIZADORA S.A.;a55 SECURITIZADORA S.A.;;"";
a55 Unitoken #20;Unitoken;27/03/2024;-478;R$ 0,00;;;R$ 0,00;;;;R$ 0,00;;;;0,0%;;"";;a55 SECURITIZADORA S.A.;a55 SECURITIZADORA S.A.;;"";
Unitoken MMK #2;Unitoken;29/03/2024;-476;R$ 0,00;;;R$ 0,00;;;;R$ 0,00;;;;0,0%;;"";;MMK Partners;AMFI COMPANHIA SECURITIZADORA DE CREDITOS FINANCEIROS I SA;;Duplicata;
a55 Unitoken #13;Unitoken;06/04/2024;-468;R$ 0,00;;;R$ 0,00;;;;R$ 0,00;;;;0,0%;;"";;a55 SECURITIZADORA S.A.;a55 SECURITIZADORA S.A.;;Duplicata;
a55 Unitoken #15;Unitoken;06/04/2024;-468;R$ 0,00;;;R$ 0,00;;;;R$ 0,00;;;;0,0%;;"";;a55 SECURITIZADORA S.A.;a55 SECURITIZADORA S.A.;;Duplicata;
a55 Unitoken #14;Unitoken;06/04/2024;-468;R$ 0,00;;;R$ 0,00;;;;R$ 0,00;;;;0,0%;;"";;a55 SECURITIZADORA S.A.;a55 SECURITIZADORA S.A.;;Duplicata;
a55 Unitoken #16;Unitoken;06/04/2024;-468;R$ 0,00;;;R$ 0,00;;;;R$ 0,00;;;;0,0%;;"";;a55 SECURITIZADORA S.A.;a55 SECURITIZADORA S.A.;;Duplicata;
Fiducia #2;Unitoken;15/04/2024;-459;R$ 0,00;;;R$ 0,00;;R$ 0,00;;R$ 0,00;;;;0,0%;;"";;FIDUCIA;;;CCB;
PoeNaTela Unitoken #1;Unitoken;15/04/2024;-459;R$ 0,00;;;R$ 0,00;;;;R$ 0,00;;;;0,0%;;"";;RM2 Asset Fomento Mercantil Ltda;AMFI COMPANHIA SECURITIZADORA DE CREDITOS FINANCEIROS I SA;;Duplicata;
LC INVESTE #2;Unitoken;22/04/2024;-452;R$ 0,00;;;R$ 0,00;;R$ 0,00;;R$ 0,00;;;;0,0%;;"";;LC Investe LTDA;AMFI COMPANHIA SECURITIZADORA DE CREDITOS FINANCEIROS I SA;;Ativo Judicial;
LEARNBASE Unitoken #5;Unitoken;22/04/2024;-452;R$ 0,00;;;R$ 0,00;;;;R$ 0,00;;;;0,0%;;"";;Learnbase Gestão e Consultoria Educacional S.A.;AMFI COMPANHIA SECURITIZADORA DE CREDITOS FINANCEIROS I SA;;Duplicata;
Clickpay Unitoken #7;Unitoken;26/04/2024;-448;R$ 0,00;;;R$ 0,00;;;;R$ 0,00;;;;0,0%;;"";;CLICK SECURITIZADORA S.A.;AMFI COMPANHIA SECURITIZADORA DE CREDITOS FINANCEIROS I SA;;Duplicata;
Conecta Lá Unitoken  #2 - Eletrolux;Unitoken;30/04/2024;-444;R$ 0,00;;;R$ 0,00;;;;R$ 0,00;;;;0,0%;;"";;FULL NINE DIGITAL CONSULTORIA S.A.;AMFI COMPANHIA SECURITIZADORA DE CREDITOS FINANCEIROS I SA;;Duplicata;
Conecta Lá Unitoken #1 - Casas Bahia;Unitoken;06/05/2024;-438;R$ 0,00;;;R$ 0,00;;;;R$ 0,00;;;;0,0%;;"";;FULL NINE DIGITAL CONSULTORIA S.A.;AMFI COMPANHIA SECURITIZADORA DE CREDITOS FINANCEIROS I SA;;Duplicata;
Conecta Lá Unitoken #4 - Selia;Unitoken;06/05/2024;-438;R$ 0,00;;;R$ 0,00;;;;R$ 0,00;;;;0,0%;;"";;FULL NINE DIGITAL CONSULTORIA S.A.;AMFI COMPANHIA SECURITIZADORA DE CREDITOS FINANCEIROS I SA;;Duplicata;
Learnbase Unitoken #13;Unitoken;12/05/2024;-432;R$ 0,00;;;R$ 0,00;;;;R$ 0,00;;;;0,0%;;"";;Learnbase Gestão e Consultoria Educacional S.A.;AMFI COMPANHIA SECURITIZADORA DE CREDITOS FINANCEIROS I SA;;Duplicata;
Docg Unitoken #1 - Petlove;Unitoken;14/05/2024;-430;R$ 0,00;;;R$ 0,00;;;;R$ 0,00;;;;0,0%;;"";;DOCG ADMINISTRACAO E PARTICIPACOES S.A.;AMFI COMPANHIA SECURITIZADORA DE CREDITOS FINANCEIROS I SA;;Duplicata;
Clickpay Unitoken #8;Unitoken;16/05/2024;-428;R$ 0,00;;;R$ 0,00;;;;R$ 0,00;;;;0,0%;;"";;CLICK SECURITIZADORA S.A.;AMFI COMPANHIA SECURITIZADORA DE CREDITOS FINANCEIROS I SA;;Duplicata;
Learnbase Working Capital #1;Pool;17/05/2024;-427;R$ 0,00;;;R$ 0,00;;R$ 0,00;;R$ 0,00;;1,0%;;0,0%;;"";;Learnbase Gestão e Consultoria Educacional S.A.;AMFI COMPANHIA SECURITIZADORA DE CREDITOS FINANCEIROS I SA;Oferta Privada;CCB;Pré-captação
Learnbase Unitoken #14;Unitoken;20/05/2024;-424;R$ 0,00;;;R$ 0,00;;;;R$ 0,00;;;;0,0%;;"";;Learnbase Gestão e Consultoria Educacional S.A.;AMFI COMPANHIA SECURITIZADORA DE CREDITOS FINANCEIROS I SA;;Duplicata;
LEARNBASE Unitoken #6;Unitoken;22/05/2024;-422;R$ 0,00;;;R$ 0,00;;;;R$ 0,00;;;;0,0%;;"";;Learnbase Gestão e Consultoria Educacional S.A.;AMFI COMPANHIA SECURITIZADORA DE CREDITOS FINANCEIROS I SA;;Duplicata;
Clickpay Unitoken #6;Unitoken;26/05/2024;-418;R$ 0,00;;;R$ 0,00;;;;R$ 0,00;;;;0,0%;;"";;CLICK SECURITIZADORA S.A.;AMFI COMPANHIA SECURITIZADORA DE CREDITOS FINANCEIROS I SA;;Duplicata;
Conecta Lá Unitoken #8;Unitoken;30/05/2024;-414;R$ 0,00;;;R$ 0,00;;;;R$ 0,00;;;;0,0%;;"";;FULL NINE DIGITAL CONSULTORIA S.A.;AMFI COMPANHIA SECURITIZADORA DE CREDITOS FINANCEIROS I SA;;Duplicata;
Unitoken LEARNBASE #4;Unitoken;31/05/2024;-413;R$ 0,00;;;R$ 0,00;;;;R$ 0,00;;;;0,0%;;"";;Learnbase Gestão e Consultoria Educacional S.A.;AMFI COMPANHIA SECURITIZADORA DE CREDITOS FINANCEIROS I SA;;Duplicata;
Plin Unitoken #5;Unitoken;01/06/2024;-412;R$ 0,00;;;R$ 0,00;;;;R$ 0,00;;;;0,0%;;"";;GARANTIZA SOLUCOES FINANCEIRAS LTDA;AMFI REPRESENTAÇÃO OPERACIONAL LTDA;;Nota Comercial / Duplicata;
Conecta Lá Unitoken #9 - Fast Shop;Unitoken;03/06/2024;-410;R$ 0,00;;;R$ 0,00;;;;R$ 0,00;;;;0,0%;;"";;FULL NINE DIGITAL CONSULTORIA S.A.;AMFI COMPANHIA SECURITIZADORA DE CREDITOS FINANCEIROS I SA;;Duplicata;
Click Antecipa Unitoken #14;Unitoken;05/06/2024;-408;R$ 0,00;;;R$ 0,00;;;;R$ 0,00;;;;0,0%;;"";;CLICK SECURITIZADORA S.A.;AMFI COMPANHIA SECURITIZADORA DE CREDITOS FINANCEIROS I SA;;Duplicata;
Clickpay Unitoken #9;Unitoken;05/06/2024;-408;R$ 0,00;;;R$ 0,00;;;;R$ 0,00;;;;0,0%;;"";;CLICK SECURITIZADORA S.A.;AMFI COMPANHIA SECURITIZADORA DE CREDITOS FINANCEIROS I SA;;Duplicata;
Conecta Lá Unitoken #5 - Selia;Unitoken;06/06/2024;-407;R$ 0,00;;;R$ 0,00;;;;R$ 0,00;;;;0,0%;;"";;FULL NINE DIGITAL CONSULTORIA S.A.;AMFI COMPANHIA SECURITIZADORA DE CREDITOS FINANCEIROS I SA;;Duplicata;
Clickpay Unitoken #10;Unitoken;08/06/2024;-405;R$ 0,00;;;R$ 0,00;;;;R$ 0,00;;;;0,0%;;"";;CLICK SECURITIZADORA S.A.;AMFI COMPANHIA SECURITIZADORA DE CREDITOS FINANCEIROS I SA;;Duplicata;
Learnbase Unitoken #15;Unitoken;09/06/2024;-404;R$ 0,00;;;R$ 0,00;;;;R$ 0,00;;;;0,0%;;"";;Learnbase Gestão e Consultoria Educacional S.A.;AMFI COMPANHIA SECURITIZADORA DE CREDITOS FINANCEIROS I SA;;Duplicata;
LEARNBASE Unitoken #7;Unitoken;11/06/2024;-402;R$ 0,00;;;R$ 0,00;;;;R$ 0,00;;;;0,0%;;"";;Learnbase Gestão e Consultoria Educacional S.A.;AMFI COMPANHIA SECURITIZADORA DE CREDITOS FINANCEIROS I SA;;Duplicata;
Clickpay Unitoken #11;Unitoken;14/06/2024;-399;R$ 0,00;;;R$ 0,00;;;;R$ 0,00;;;;0,0%;;"";;CLICK SECURITIZADORA S.A.;AMFI COMPANHIA SECURITIZADORA DE CREDITOS FINANCEIROS I SA;;Duplicata;
Teddy  Unitoken #2;Unitoken;15/06/2024;-398;R$ 0,00;;;R$ 0,00;;;;R$ 0,00;;;;0,0%;;"";;TEDDY HUB DIGITAL LTDA;AMFI COMPANHIA SECURITIZADORA DE CREDITOS FINANCEIROS I SA;;Duplicata;
Click Antecipa Unitoken #19;Unitoken;16/06/2024;-397;R$ 0,00;;;R$ 0,00;;;;R$ 0,00;;;;0,0%;;"";;CLICK SECURITIZADORA S.A.;AMFI COMPANHIA SECURITIZADORA DE CREDITOS FINANCEIROS I SA;;Duplicata;
Click Antecipa Unitoken #21;Unitoken;17/06/2024;-396;R$ 0,00;;;R$ 0,00;;;;R$ 0,00;;;;0,0%;;"";;CLICK SECURITIZADORA S.A.;AMFI COMPANHIA SECURITIZADORA DE CREDITOS FINANCEIROS I SA;;Duplicata;
Click Antecipa Unitoken #20;Unitoken;18/06/2024;-395;R$ 0,00;;;R$ 0,00;;;;R$ 0,00;;;;0,0%;;"";;CLICK SECURITIZADORA S.A.;AMFI COMPANHIA SECURITIZADORA DE CREDITOS FINANCEIROS I SA;;Duplicata;
Click Antecipa Unitoken #17;Unitoken;18/06/2024;-395;R$ 0,00;;;R$ 0,00;;;;R$ 0,00;;;;0,0%;;"";;CLICK SECURITIZADORA S.A.;AMFI COMPANHIA SECURITIZADORA DE CREDITOS FINANCEIROS I SA;;Duplicata;
Click Antecipa Unitoken #13;Unitoken;19/06/2024;-394;R$ 0,00;;;R$ 0,00;;;;R$ 0,00;;;;0,0%;;"";;CLICK SECURITIZADORA S.A.;AMFI COMPANHIA SECURITIZADORA DE CREDITOS FINANCEIROS I SA;;Duplicata;
Learnbase Unitoken #8;Unitoken;22/06/2024;-391;R$ 0,00;;;R$ 0,00;;;;R$ 0,00;;;;0,0%;;"";;Learnbase Gestão e Consultoria Educacional S.A.;AMFI COMPANHIA SECURITIZADORA DE CREDITOS FINANCEIROS I SA;;Duplicata;
AMFI Cartão Unitoken #1;Unitoken;22/06/2024;-391;R$ 0,00;;;R$ 0,00;;;;R$ 0,00;;;;0,0%;;"";;AMFI CONSULTING LTDA;;;Recebível de Cartão;
Click Antecipa Unitoken #23;Unitoken;26/06/2024;-387;R$ 0,00;;;R$ 0,00;;;;R$ 0,00;;;;0,0%;;"";;CLICK SECURITIZADORA S.A.;AMFI COMPANHIA SECURITIZADORA DE CREDITOS FINANCEIROS I SA;;Duplicata;
Click Antecipa Unitoken #24;Unitoken;26/06/2024;-387;R$ 0,00;;;R$ 0,00;;;;R$ 0,00;;;;0,0%;;"";;CLICK SECURITIZADORA S.A.;AMFI COMPANHIA SECURITIZADORA DE CREDITOS FINANCEIROS I SA;;Duplicata;
Mercado de recebíveis Unitoken #1;Unitoken;27/06/2024;-386;R$ 0,00;;;R$ 0,00;;;;R$ 0,00;;;;0,0%;;"";;MR SERVIÇOS EM TECNOLOGIA LTDA;AMFI COMPANHIA SECURITIZADORA DE CREDITOS FINANCEIROS I SA;;Recebível de Cartão;
Conecta Lá Unitoken #10;Unitoken;28/06/2024;-385;R$ 0,00;;;R$ 0,00;;;;R$ 0,00;;;;0,0%;;"";;FULL NINE DIGITAL CONSULTORIA S.A.;AMFI COMPANHIA SECURITIZADORA DE CREDITOS FINANCEIROS I SA;;Duplicata;
Click Antecipa Unitoken #22;Unitoken;30/06/2024;-383;R$ 0,00;;;R$ 0,00;;;;R$ 0,00;;;;0,0%;;"";;CLICK SECURITIZADORA S.A.;AMFI COMPANHIA SECURITIZADORA DE CREDITOS FINANCEIROS I SA;;Duplicata;
Click Antecipa Unitoken #18;Unitoken;30/06/2024;-383;R$ 0,00;;;R$ 0,00;;;;R$ 0,00;;;;0,0%;;"";;CLICK SECURITIZADORA S.A.;AMFI COMPANHIA SECURITIZADORA DE CREDITOS FINANCEIROS I SA;;Duplicata;
Conecta Lá Unitoken #7 - Eletrolux;Unitoken;30/06/2024;-383;R$ 0,00;;;R$ 0,00;;;;R$ 0,00;;;;0,0%;;"";;FULL NINE DIGITAL CONSULTORIA S.A.;AMFI COMPANHIA SECURITIZADORA DE CREDITOS FINANCEIROS I SA;;Duplicata;
DOCG  Unitoken #3;Unitoken;30/06/2024;-383;R$ 0,00;;;R$ 0,00;;;;R$ 0,00;;;;0,0%;;"";;DOCG ADMINISTRACAO E PARTICIPACOES S.A.;AMFI COMPANHIA SECURITIZADORA DE CREDITOS FINANCEIROS I SA;;Duplicata;
Conecta Lá Unitoken #12;Unitoken;01/07/2024;-382;R$ 0,00;;;R$ 0,00;;;;R$ 0,00;;;;0,0%;;"";;FULL NINE DIGITAL CONSULTORIA S.A.;AMFI COMPANHIA SECURITIZADORA DE CREDITOS FINANCEIROS I SA;;Duplicata;
Valorem Unitoken #1;Unitoken;03/07/2024;-380;R$ 0,00;;;R$ 0,00;;;;R$ 0,00;;;;0,0%;;"";;Valorem Soluções Financeiras S.A;AMFI COMPANHIA SECURITIZADORA DE CREDITOS FINANCEIROS I SA;;Duplicata;
Mercado de recebíveis Unitoken #2;Unitoken;05/07/2024;-378;R$ 0,00;;;R$ 0,00;;;;R$ 0,00;;;;0,0%;;"";;MR SERVIÇOS EM TECNOLOGIA LTDA;AMFI COMPANHIA SECURITIZADORA DE CREDITOS FINANCEIROS I SA;;Recebível de Cartão;
Conecta Lá Unitoken #6 - Selia;Unitoken;06/07/2024;-377;R$ 0,00;;;R$ 0,00;;;;R$ 0,00;;;;0,0%;;"";;FULL NINE DIGITAL CONSULTORIA S.A.;AMFI COMPANHIA SECURITIZADORA DE CREDITOS FINANCEIROS I SA;;Duplicata;
Valorem Unitoken #6;Unitoken;10/07/2024;-373;R$ 0,00;;;R$ 0,00;;;;R$ 0,00;;;;0,0%;;"";;Valorem Soluções Financeiras S.A;AMFI COMPANHIA SECURITIZADORA DE CREDITOS FINANCEIROS I SA;;Duplicata;
Formento Unitoken #1;Unitoken;10/07/2024;-373;R$ 0,00;;;R$ 0,00;;;;R$ 0,00;;;;0,0%;;"";;Formento Securitizadora S.A.;AMFI COMPANHIA SECURITIZADORA DE CREDITOS FINANCEIROS I SA;;Duplicata;
DOCG  Unitoken #4;Unitoken;14/07/2024;-369;R$ 0,00;;;R$ 0,00;;;;R$ 0,00;;;;0,0%;;"";;DOCG ADMINISTRACAO E PARTICIPACOES S.A.;AMFI COMPANHIA SECURITIZADORA DE CREDITOS FINANCEIROS I SA;;Duplicata;
DOCG  Unitoken #5;Unitoken;14/07/2024;-369;R$ 0,00;;;R$ 0,00;;;;R$ 0,00;;;;0,0%;;"";;DOCG ADMINISTRACAO E PARTICIPACOES S.A.;AMFI COMPANHIA SECURITIZADORA DE CREDITOS FINANCEIROS I SA;;Duplicata;
DOCG  Unitoken #2;Unitoken;14/07/2024;-369;R$ 0,00;;;R$ 0,00;;;;R$ 0,00;;;;0,0%;;"";;DOCG ADMINISTRACAO E PARTICIPACOES S.A.;AMFI COMPANHIA SECURITIZADORA DE CREDITOS FINANCEIROS I SA;;Duplicata;
DOCG  Unitoken #6;Unitoken;14/07/2024;-369;R$ 0,00;;;R$ 0,00;;;;R$ 0,00;;;;0,0%;;"";;DOCG ADMINISTRACAO E PARTICIPACOES S.A.;AMFI COMPANHIA SECURITIZADORA DE CREDITOS FINANCEIROS I SA;;Duplicata;
Teddy  Unitoken #3;Unitoken;15/07/2024;-368;R$ 0,00;;;R$ 0,00;;;;R$ 0,00;;;;0,0%;;"";;TEDDY HUB DIGITAL LTDA;AMFI COMPANHIA SECURITIZADORA DE CREDITOS FINANCEIROS I SA;;Duplicata;
Mercado de recebíveis Unitoken #3;Unitoken;15/07/2024;-368;R$ 0,00;;;R$ 0,00;;;;R$ 0,00;;;;0,0%;;"";;MR SERVIÇOS EM TECNOLOGIA LTDA;AMFI COMPANHIA SECURITIZADORA DE CREDITOS FINANCEIROS I SA;;Duplicata;
Click Antecipa Unitoken #15;Unitoken;15/07/2024;-368;R$ 0,00;;;R$ 0,00;;;;R$ 0,00;;;;0,0%;;"";;CLICK SECURITIZADORA S.A.;AMFI COMPANHIA SECURITIZADORA DE CREDITOS FINANCEIROS I SA;;Duplicata;
Valorem Unitoken #3;Unitoken;16/07/2024;-367;R$ 0,00;;;R$ 0,00;;;;R$ 0,00;;;;0,0%;;"";;Valorem Soluções Financeiras S.A;AMFI COMPANHIA SECURITIZADORA DE CREDITOS FINANCEIROS I SA;;Duplicata;
Valorem Unitoken #8;Unitoken;16/07/2024;-367;R$ 0,00;;;R$ 0,00;;;;R$ 0,00;;;;0,0%;;"";;Valorem Soluções Financeiras S.A;AMFI COMPANHIA SECURITIZADORA DE CREDITOS FINANCEIROS I SA;;Duplicata;
Valorem Unitoken #13;Unitoken;16/07/2024;-367;R$ 0,00;;;R$ 0,00;;;;R$ 0,00;;;;0,0%;;"";;Valorem Soluções Financeiras S.A;AMFI COMPANHIA SECURITIZADORA DE CREDITOS FINANCEIROS I SA;;Duplicata;
Learnbase Unitoken #18;Unitoken;17/07/2024;-366;R$ 0,00;;;R$ 0,00;;;;R$ 0,00;;;;0,0%;;"";;Learnbase Gestão e Consultoria Educacional S.A.;AMFI COMPANHIA SECURITIZADORA DE CREDITOS FINANCEIROS I SA;;Duplicata;
Valorem Unitoken #7;Unitoken;17/07/2024;-366;R$ 0,00;;;R$ 0,00;;;;R$ 0,00;;;;0,0%;;"";;Valorem Soluções Financeiras S.A;AMFI COMPANHIA SECURITIZADORA DE CREDITOS FINANCEIROS I SA;;Duplicata;
Valorem Unitoken #5;Unitoken;20/07/2024;-363;R$ 0,00;;;R$ 0,00;;;;R$ 0,00;;;;0,0%;;"";;Valorem Soluções Financeiras S.A;AMFI COMPANHIA SECURITIZADORA DE CREDITOS FINANCEIROS I SA;;Duplicata;
Conecta Lá Unitoken #15;Unitoken;20/07/2024;-363;R$ 0,00;;;R$ 0,00;;;;R$ 0,00;;;;0,0%;;"";;FULL NINE DIGITAL CONSULTORIA S.A.;AMFI COMPANHIA SECURITIZADORA DE CREDITOS FINANCEIROS I SA;;Duplicata;
Conecta Lá Unitoken #17;Unitoken;20/07/2024;-363;R$ 0,00;;;R$ 0,00;;;;R$ 0,00;;;;0,0%;;"";;FULL NINE DIGITAL CONSULTORIA S.A.;AMFI COMPANHIA SECURITIZADORA DE CREDITOS FINANCEIROS I SA;;Duplicata;
Formento Unitoken #2;Unitoken;22/07/2024;-361;R$ 0,00;;;R$ 0,00;;;;R$ 0,00;;;;0,0%;;"";;Formento Securitizadora S.A.;AMFI COMPANHIA SECURITIZADORA DE CREDITOS FINANCEIROS I SA;;Duplicata;
Learnbase Unitoken #9;Unitoken;22/07/2024;-361;R$ 0,00;;;R$ 0,00;;;;R$ 0,00;;;;0,0%;;"";;Learnbase Gestão e Consultoria Educacional S.A.;AMFI COMPANHIA SECURITIZADORA DE CREDITOS FINANCEIROS I SA;;Duplicata;
Valorem Unitoken #2;Unitoken;24/07/2024;-359;R$ 0,00;;;R$ 0,00;;;;R$ 0,00;;;;0,0%;;"";;Valorem Soluções Financeiras S.A;AMFI COMPANHIA SECURITIZADORA DE CREDITOS FINANCEIROS I SA;;Duplicata;
Empório do Peixe Unitoken #1;Unitoken;27/07/2024;-356;R$ 161.795,25;R$ 0,00;R$ 161.795,25;R$ 161.795,25;R$ 0,00;;;R$ 0,00;;;100,0%;0,0%;1,7%;"";;MVB PESCADOS LTDA;;;CCB;
Formento Unitoken #4;Unitoken;28/07/2024;-355;R$ 0,00;;;R$ 0,00;;;;R$ 0,00;;;;0,0%;;"";;Formento Securitizadora S.A.;AMFI COMPANHIA SECURITIZADORA DE CREDITOS FINANCEIROS I SA;;Duplicata;
DS Unitoken #4;Unitoken;29/07/2024;-354;R$ 0,00;;;R$ 0,00;;;;R$ 0,00;;;;0,0%;;"";;DS SECURITIZADORA S/A;AMFI COMPANHIA SECURITIZADORA DE CREDITOS FINANCEIROS I SA;;Duplicata;
DOCG  Unitoken #8;Unitoken;30/07/2024;-353;R$ 0,00;;;R$ 0,00;;;;R$ 0,00;;;;0,0%;;"";;DOCG ADMINISTRACAO E PARTICIPACOES S.A.;AMFI COMPANHIA SECURITIZADORA DE CREDITOS FINANCEIROS I SA;;Duplicata;
Valorem Unitoken #14;Unitoken;30/07/2024;-353;R$ 0,00;;;R$ 0,00;;;;R$ 0,00;;;;0,0%;;"";;Valorem Soluções Financeiras S.A;AMFI COMPANHIA SECURITIZADORA DE CREDITOS FINANCEIROS I SA;;Duplicata;
C4 Unitoken #2;Unitoken;31/07/2024;-352;R$ 0,00;;;R$ 0,00;;;;R$ 0,00;;;;0,0%;;"";;C4 CAPITAL SECURITIZADORA S/A;AMFI COMPANHIA SECURITIZADORA DE CREDITOS FINANCEIROS I SA;;Duplicata;
C4 Unitoken #5;Unitoken;01/08/2024;-351;R$ 0,00;;;R$ 0,00;;;;R$ 0,00;;;;0,0%;;"";;C4 CAPITAL SECURITIZADORA S/A;AMFI COMPANHIA SECURITIZADORA DE CREDITOS FINANCEIROS I SA;;Duplicata;
Valorem Unitoken #4;Unitoken;01/08/2024;-351;R$ 0,00;;;R$ 0,00;;;;R$ 0,00;;;;0,0%;;"";;Valorem Soluções Financeiras S.A;AMFI COMPANHIA SECURITIZADORA DE CREDITOS FINANCEIROS I SA;;Duplicata;
DS Unitoken #6;Unitoken;01/08/2024;-351;R$ 0,00;;;R$ 0,00;;;;R$ 0,00;;;;0,0%;;"";;DS SECURITIZADORA S/A;AMFI COMPANHIA SECURITIZADORA DE CREDITOS FINANCEIROS I SA;;Duplicata;
Formento Unitoken #5;Unitoken;02/08/2024;-350;R$ 0,00;;;R$ 0,00;;;;R$ 0,00;;;;0,0%;;"";;Formento Securitizadora S.A.;AMFI COMPANHIA SECURITIZADORA DE CREDITOS FINANCEIROS I SA;;Duplicata;
DS Unitoken #1;Unitoken;03/08/2024;-349;R$ 0,00;;;R$ 0,00;;;;R$ 0,00;;;;0,0%;;"";;DS SECURITIZADORA S/A;AMFI COMPANHIA SECURITIZADORA DE CREDITOS FINANCEIROS I SA;;Duplicata;
DOCG  Unitoken #7;Unitoken;04/08/2024;-348;R$ 0,00;;;R$ 0,00;;;;R$ 0,00;;;;0,0%;;"";;DOCG ADMINISTRACAO E PARTICIPACOES S.A.;AMFI COMPANHIA SECURITIZADORA DE CREDITOS FINANCEIROS I SA;;Duplicata;
Conecta Lá Unitoken #11;Unitoken;05/08/2024;-347;R$ 0,00;;;R$ 0,00;;;;R$ 0,00;;;;0,0%;;"";;FULL NINE DIGITAL CONSULTORIA S.A.;AMFI COMPANHIA SECURITIZADORA DE CREDITOS FINANCEIROS I SA;;Duplicata;
Valorem Unitoken #19;Unitoken;05/08/2024;-347;R$ 0,00;;;R$ 0,00;;;;R$ 0,00;;;;0,0%;;"";;Valorem Soluções Financeiras S.A;AMFI COMPANHIA SECURITIZADORA DE CREDITOS FINANCEIROS I SA;;Duplicata;
Learnbase Unitoken #19;Unitoken;05/08/2024;-347;R$ 0,00;;;R$ 0,00;;;;R$ 0,00;;;;0,0%;;"";;Learnbase Gestão e Consultoria Educacional S.A.;AMFI COMPANHIA SECURITIZADORA DE CREDITOS FINANCEIROS I SA;;Duplicata;
Click Antecipa Unitoken #26;Unitoken;06/08/2024;-346;R$ 0,00;;;R$ 0,00;;;;R$ 0,00;;;;0,0%;;"";;CLICK SECURITIZADORA S.A.;AMFI COMPANHIA SECURITIZADORA DE CREDITOS FINANCEIROS I SA;;Duplicata;
Learnbase Unitoken #16;Unitoken;06/08/2024;-346;R$ 0,00;;;R$ 0,00;;;;R$ 0,00;;;;0,0%;;"";;Learnbase Gestão e Consultoria Educacional S.A.;AMFI COMPANHIA SECURITIZADORA DE CREDITOS FINANCEIROS I SA;;Duplicata;
Learnbase Unitoken #17;Unitoken;07/08/2024;-345;R$ 0,00;;;R$ 0,00;;;;R$ 0,00;;;;0,0%;;"";;Learnbase Gestão e Consultoria Educacional S.A.;AMFI COMPANHIA SECURITIZADORA DE CREDITOS FINANCEIROS I SA;;Duplicata;
C4 Unitoken #6;Unitoken;12/08/2024;-340;R$ 0,00;;;R$ 0,00;;;;R$ 0,00;;;;0,0%;;"";;C4 CAPITAL SECURITIZADORA S/A;AMFI COMPANHIA SECURITIZADORA DE CREDITOS FINANCEIROS I SA;;Duplicata;
a55 Pool #1;Pool;12/08/2024;-340;R$ 0,00;;;R$ 0,00;;R$ 0,00;;R$ 0,00;100,0%;10,0%;;0,0%;;"";;a55 Consultoria em Credito Ltda.;AMFI COMPANHIA SECURITIZADORA DE CREDITOS FINANCEIROS I SA;Oferta Pública;Duplicata;Produto Encerrado
DOCG  Unitoken #10;Unitoken;12/08/2024;-340;R$ 0,00;;;R$ 0,00;;;;R$ 0,00;;;;0,0%;;"";;DOCG ADMINISTRACAO E PARTICIPACOES S.A.;AMFI COMPANHIA SECURITIZADORA DE CREDITOS FINANCEIROS I SA;;Duplicata;
DOCG  Unitoken #9;Unitoken;12/08/2024;-340;R$ 0,00;;;R$ 0,00;;;;R$ 0,00;;;;0,0%;;"";;DOCG ADMINISTRACAO E PARTICIPACOES S.A.;AMFI COMPANHIA SECURITIZADORA DE CREDITOS FINANCEIROS I SA;;Duplicata;
Valorem Unitoken #22;Unitoken;13/08/2024;-339;R$ 0,00;;;R$ 0,00;;;;R$ 0,00;;;;0,0%;;"";;Valorem Soluções Financeiras S.A;AMFI COMPANHIA SECURITIZADORA DE CREDITOS FINANCEIROS I SA;;Duplicata;
Valorem Unitoken #10;Unitoken;14/08/2024;-338;R$ 0,00;;;R$ 0,00;;;;R$ 0,00;;;;0,0%;;"";;Valorem Soluções Financeiras S.A;AMFI COMPANHIA SECURITIZADORA DE CREDITOS FINANCEIROS I SA;;Duplicata;
C4 Unitoken #3;Unitoken;15/08/2024;-337;R$ 0,00;;;R$ 0,00;;;;R$ 0,00;;;;0,0%;;"";;C4 CAPITAL SECURITIZADORA S/A;AMFI COMPANHIA SECURITIZADORA DE CREDITOS FINANCEIROS I SA;;Duplicata;
C4 Unitoken #8;Unitoken;15/08/2024;-337;R$ 0,00;;;R$ 0,00;;;;R$ 0,00;;;;0,0%;;"";;C4 CAPITAL SECURITIZADORA S/A;AMFI COMPANHIA SECURITIZADORA DE CREDITOS FINANCEIROS I SA;;Duplicata;
Teddy  Unitoken #4;Unitoken;15/08/2024;-337;R$ 0,00;;;R$ 0,00;;;;R$ 0,00;;;;0,0%;;"";;TEDDY HUB DIGITAL LTDA;AMFI COMPANHIA SECURITIZADORA DE CREDITOS FINANCEIROS I SA;;Duplicata;
Valorem Unitoken #17;Unitoken;16/08/2024;-336;R$ 0,00;;;R$ 0,00;;;;R$ 0,00;;;;0,0%;;"";;Valorem Soluções Financeiras S.A;AMFI COMPANHIA SECURITIZADORA DE CREDITOS FINANCEIROS I SA;;Duplicata;
Valorem Unitoken #18;Unitoken;16/08/2024;-336;R$ 0,00;;;R$ 0,00;;;;R$ 0,00;;;;0,0%;;"";;Valorem Soluções Financeiras S.A;AMFI COMPANHIA SECURITIZADORA DE CREDITOS FINANCEIROS I SA;;Duplicata;
Click Antecipa Unitoken #29;Unitoken;19/08/2024;-333;R$ 0,00;;;R$ 0,00;;;;R$ 0,00;;;;0,0%;;"";;CLICK SECURITIZADORA S.A.;AMFI COMPANHIA SECURITIZADORA DE CREDITOS FINANCEIROS I SA;;Duplicata;
Formento Unitoken #6;Unitoken;19/08/2024;-333;R$ 0,00;;;R$ 0,00;;;;R$ 0,00;;;;0,0%;;"";;Formento Securitizadora S.A.;AMFI COMPANHIA SECURITIZADORA DE CREDITOS FINANCEIROS I SA;;Duplicata;
Learnbase Unitoken #20;Unitoken;19/08/2024;-333;R$ 0,00;;;R$ 0,00;;;;R$ 0,00;;;;0,0%;;"";;Learnbase Gestão e Consultoria Educacional S.A.;AMFI COMPANHIA SECURITIZADORA DE CREDITOS FINANCEIROS I SA;;Duplicata;
Valorem Unitoken #15;Unitoken;19/08/2024;-333;R$ 0,00;;;R$ 0,00;;;;R$ 0,00;;;;0,0%;;"";;Valorem Soluções Financeiras S.A;AMFI COMPANHIA SECURITIZADORA DE CREDITOS FINANCEIROS I SA;;Duplicata;
Click Antecipa Unitoken #43;Unitoken;20/08/2024;-332;R$ 0,00;;;R$ 0,00;;;;R$ 0,00;;;;0,0%;;"";;CLICK SECURITIZADORA S.A.;AMFI COMPANHIA SECURITIZADORA DE CREDITOS FINANCEIROS I SA;;Duplicata;
Click Antecipa Unitoken #25;Unitoken;20/08/2024;-332;R$ 0,00;;;R$ 0,00;;;;R$ 0,00;;;;0,0%;;"";;CLICK SECURITIZADORA S.A.;AMFI COMPANHIA SECURITIZADORA DE CREDITOS FINANCEIROS I SA;;Duplicata;
C4 Unitoken #1;Unitoken;20/08/2024;-332;R$ 0,00;;;R$ 0,00;;;;R$ 0,00;;;;0,0%;;"";;C4 CAPITAL SECURITIZADORA S/A;AMFI COMPANHIA SECURITIZADORA DE CREDITOS FINANCEIROS I SA;;Duplicata;
Valorem Unitoken #24;Unitoken;21/08/2024;-331;R$ 0,00;;;R$ 0,00;;;;R$ 0,00;;;;0,0%;;"";;Valorem Soluções Financeiras S.A;AMFI COMPANHIA SECURITIZADORA DE CREDITOS FINANCEIROS I SA;;Duplicata;
Click Antecipa Unitoken #16;Unitoken;22/08/2024;-330;R$ 0,00;;;R$ 0,00;;;;R$ 0,00;;;;0,0%;;"";;CLICK SECURITIZADORA S.A.;AMFI COMPANHIA SECURITIZADORA DE CREDITOS FINANCEIROS I SA;;Duplicata;
Learnbase Unitoken #11;Unitoken;22/08/2024;-330;R$ 0,00;;;R$ 0,00;;;;R$ 0,00;;;;0,0%;;"";;Learnbase Gestão e Consultoria Educacional S.A.;AMFI COMPANHIA SECURITIZADORA DE CREDITOS FINANCEIROS I SA;;Duplicata;
Conecta Lá Unitoken #23;Unitoken;23/08/2024;-329;R$ 0,00;;;R$ 0,00;;;;R$ 0,00;;;;0,0%;;"";;FULL NINE DIGITAL CONSULTORIA S.A.;AMFI COMPANHIA SECURITIZADORA DE CREDITOS FINANCEIROS I SA;;Duplicata;
Conecta Lá Unitoken #22;Unitoken;24/08/2024;-328;R$ 0,00;;;R$ 0,00;;;;R$ 0,00;;;;0,0%;;"";;FULL NINE DIGITAL CONSULTORIA S.A.;AMFI COMPANHIA SECURITIZADORA DE CREDITOS FINANCEIROS I SA;;Duplicata;
Valorem Unitoken #16;Unitoken;24/08/2024;-328;R$ 0,00;;;R$ 0,00;;;;R$ 0,00;;;;0,0%;;"";;Valorem Soluções Financeiras S.A;AMFI COMPANHIA SECURITIZADORA DE CREDITOS FINANCEIROS I SA;;Duplicata;
DOCG  Unitoken #11;Unitoken;25/08/2024;-327;R$ 0,00;;;R$ 0,00;;;;R$ 0,00;;;;0,0%;;"";;DOCG ADMINISTRACAO E PARTICIPACOES S.A.;AMFI COMPANHIA SECURITIZADORA DE CREDITOS FINANCEIROS I SA;;Duplicata;
Conecta Lá Unitoken #13;Unitoken;26/08/2024;-326;R$ 0,00;;;R$ 0,00;;;;R$ 0,00;;;;0,0%;;"";;FULL NINE DIGITAL CONSULTORIA S.A.;AMFI COMPANHIA SECURITIZADORA DE CREDITOS FINANCEIROS I SA;;Duplicata;
DS Unitoken #3;Unitoken;26/08/2024;-326;R$ 0,00;;;R$ 0,00;;;;R$ 0,00;;;;0,0%;;"";;DS SECURITIZADORA S/A;AMFI COMPANHIA SECURITIZADORA DE CREDITOS FINANCEIROS I SA;;Duplicata;
Formento Unitoken #3;Unitoken;27/08/2024;-325;R$ 0,00;;;R$ 0,00;;;;R$ 0,00;;;;0,0%;;"";;Formento Securitizadora S.A.;AMFI COMPANHIA SECURITIZADORA DE CREDITOS FINANCEIROS I SA;;Duplicata;
Nagro #7;Unitoken;27/08/2024;-325;R$ 0,00;;;R$ 0,00;;R$ 0,00;;R$ 0,00;;;;0,0%;;"";;NAGRO;;;CCB;
Valorem Unitoken #12;Unitoken;28/08/2024;-324;R$ 0,00;;;R$ 0,00;;;;R$ 0,00;;;;0,0%;;"";;Valorem Soluções Financeiras S.A;AMFI COMPANHIA SECURITIZADORA DE CREDITOS FINANCEIROS I SA;;Duplicata;
a55 Unitoken #21;Unitoken;28/08/2024;-324;R$ 0,00;;;R$ 0,00;;;;R$ 0,00;;;;0,0%;;"";;a55 SECURITIZADORA S.A.;a55 SECURITIZADORA S.A.;;Duplicata;
Learnbase Unitoken #24;Unitoken;28/08/2024;-324;R$ 0,00;;;R$ 0,00;;;;R$ 0,00;;;;0,0%;;"";;Learnbase Gestão e Consultoria Educacional S.A.;AMFI COMPANHIA SECURITIZADORA DE CREDITOS FINANCEIROS I SA;;Duplicata;
C4 Unitoken #4;Unitoken;30/08/2024;-322;R$ 0,00;;;R$ 0,00;;;;R$ 0,00;;;;0,0%;;"";;C4 CAPITAL SECURITIZADORA S/A;AMFI COMPANHIA SECURITIZADORA DE CREDITOS FINANCEIROS I SA;;Duplicata;
Learnbase Unitoken #21;Unitoken;30/08/2024;-322;R$ 0,00;;;R$ 0,00;;;;R$ 0,00;;;;0,0%;;"";;Learnbase Gestão e Consultoria Educacional S.A.;AMFI COMPANHIA SECURITIZADORA DE CREDITOS FINANCEIROS I SA;;Duplicata;
Click Antecipa Unitoken #27;Unitoken;30/08/2024;-322;R$ 0,00;;;R$ 0,00;;;;R$ 0,00;;;;0,0%;;"";;CLICK SECURITIZADORA S.A.;AMFI COMPANHIA SECURITIZADORA DE CREDITOS FINANCEIROS I SA;;Duplicata;
C4 Unitoken #7;Unitoken;30/08/2024;-322;R$ 0,00;;;R$ 0,00;;;;R$ 0,00;;;;0,0%;;"";;C4 CAPITAL SECURITIZADORA S/A;AMFI COMPANHIA SECURITIZADORA DE CREDITOS FINANCEIROS I SA;;Duplicata;
C4 Unitoken #9;Unitoken;30/08/2024;-322;R$ 0,00;;;R$ 0,00;;;;R$ 0,00;;;;0,0%;;"";;C4 CAPITAL SECURITIZADORA S/A;AMFI COMPANHIA SECURITIZADORA DE CREDITOS FINANCEIROS I SA;;Duplicata;
Formento Unitoken #7;Unitoken;30/08/2024;-322;R$ 0,00;;;R$ 0,00;;;;R$ 0,00;;;;0,0%;;"";;Formento Securitizadora S.A.;AMFI COMPANHIA SECURITIZADORA DE CREDITOS FINANCEIROS I SA;;Duplicata;
Formento Unitoken #8;Unitoken;30/08/2024;-322;R$ 0,00;;;R$ 0,00;;;;R$ 0,00;;;;0,0%;;"";;Formento Securitizadora S.A.;AMFI COMPANHIA SECURITIZADORA DE CREDITOS FINANCEIROS I SA;;Duplicata;
Click Antecipa Unitoken #51;Unitoken;02/09/2024;-319;R$ 0,00;;;R$ 0,00;;;;R$ 0,00;;;;0,0%;;"";;CLICK SECURITIZADORA S.A.;AMFI COMPANHIA SECURITIZADORA DE CREDITOS FINANCEIROS I SA;;Duplicata;
DOCG  Unitoken #12;Unitoken;03/09/2024;-318;R$ 0,00;;;R$ 0,00;;;;R$ 0,00;;;;0,0%;;"";;DOCG ADMINISTRACAO E PARTICIPACOES S.A.;AMFI COMPANHIA SECURITIZADORA DE CREDITOS FINANCEIROS I SA;;Duplicata;
Learnbase Unitoken #25;Unitoken;04/09/2024;-317;R$ 0,00;;;R$ 0,00;;;;R$ 0,00;;;;0,0%;;"";;Learnbase Gestão e Consultoria Educacional S.A.;AMFI COMPANHIA SECURITIZADORA DE CREDITOS FINANCEIROS I SA;;Duplicata;
Conecta Lá Unitoken #19;Unitoken;05/09/2024;-316;R$ 0,00;;;R$ 0,00;;;;R$ 0,00;;;;0,0%;;"";;FULL NINE DIGITAL CONSULTORIA S.A.;AMFI COMPANHIA SECURITIZADORA DE CREDITOS FINANCEIROS I SA;;Duplicata;
Learnbase Unitoken #22;Unitoken;05/09/2024;-316;R$ 0,00;;;R$ 0,00;;;;R$ 0,00;;;;0,0%;;"";;Learnbase Gestão e Consultoria Educacional S.A.;AMFI COMPANHIA SECURITIZADORA DE CREDITOS FINANCEIROS I SA;;Duplicata;
Learnbase Unitoken #26;Unitoken;06/09/2024;-315;R$ 0,00;;;R$ 0,00;;;;R$ 0,00;;;;0,0%;;"";;Learnbase Gestão e Consultoria Educacional S.A.;AMFI COMPANHIA SECURITIZADORA DE CREDITOS FINANCEIROS I SA;;Duplicata;
Conecta Lá Unitoken #25;Unitoken;06/09/2024;-315;R$ 0,00;;;R$ 0,00;;;;R$ 0,00;;;;0,0%;;"";;FULL NINE DIGITAL CONSULTORIA S.A.;AMFI COMPANHIA SECURITIZADORA DE CREDITOS FINANCEIROS I SA;;Duplicata;
Click Antecipa Unitoken #31;Unitoken;09/09/2024;-312;R$ 0,00;;;R$ 0,00;;;;R$ 0,00;;;;0,0%;;"";;CLICK SECURITIZADORA S.A.;AMFI COMPANHIA SECURITIZADORA DE CREDITOS FINANCEIROS I SA;;Duplicata;
Mercado de recebíveis Unitoken #5;Unitoken;09/09/2024;-312;R$ 0,00;;;R$ 0,00;;;;R$ 0,00;;;;0,0%;;"";;MR SERVIÇOS EM TECNOLOGIA LTDA;AMFI COMPANHIA SECURITIZADORA DE CREDITOS FINANCEIROS I SA;;Duplicata;
Valorem Unitoken #21;Unitoken;09/09/2024;-312;R$ 0,00;;;R$ 0,00;;;;R$ 0,00;;;;0,0%;;"";;Valorem Soluções Financeiras S.A;AMFI COMPANHIA SECURITIZADORA DE CREDITOS FINANCEIROS I SA;;Duplicata;
Nagro #5;Unitoken;10/09/2024;-311;R$ 0,00;;;R$ 0,00;;R$ 0,00;;R$ 0,00;;;;0,0%;;"";;NAGRO;;;CCB;
Learnbase Unitoken #27;Unitoken;10/09/2024;-311;R$ 0,00;;;R$ 0,00;;;;R$ 0,00;;;;0,0%;;"";;Learnbase Gestão e Consultoria Educacional S.A.;AMFI COMPANHIA SECURITIZADORA DE CREDITOS FINANCEIROS I SA;;Duplicata;
C4 Unitoken #10;Unitoken;10/09/2024;-311;R$ 0,00;;;R$ 0,00;;;;R$ 0,00;;;;0,0%;;"";;C4 CAPITAL SECURITIZADORA S/A;AMFI COMPANHIA SECURITIZADORA DE CREDITOS FINANCEIROS I SA;;Duplicata;
Valorem Unitoken #11;Unitoken;11/09/2024;-310;R$ 0,00;;;R$ 0,00;;;;R$ 0,00;;;;0,0%;;"";;Valorem Soluções Financeiras S.A;AMFI COMPANHIA SECURITIZADORA DE CREDITOS FINANCEIROS I SA;;Duplicata;
DS Unitoken #12;Unitoken;12/09/2024;-309;R$ 0,00;;;R$ 0,00;;;;R$ 0,00;;;;0,0%;;"";;DS SECURITIZADORA S/A;AMFI COMPANHIA SECURITIZADORA DE CREDITOS FINANCEIROS I SA;;Duplicata;
Click Antecipa Unitoken #34;Unitoken;12/09/2024;-309;R$ 0,00;;;R$ 0,00;;;;R$ 0,00;;;;0,0%;;"";;CLICK SECURITIZADORA S.A.;AMFI COMPANHIA SECURITIZADORA DE CREDITOS FINANCEIROS I SA;;Duplicata;
DS Unitoken #11;Unitoken;12/09/2024;-309;R$ 0,00;;;R$ 0,00;;;;R$ 0,00;;;;0,0%;;"";;DS SECURITIZADORA S/A;AMFI COMPANHIA SECURITIZADORA DE CREDITOS FINANCEIROS I SA;;Duplicata;
C4 Unitoken #11;Unitoken;12/09/2024;-309;R$ 0,00;;;R$ 0,00;;;;R$ 0,00;;;;0,0%;;"";;C4 CAPITAL SECURITIZADORA S/A;AMFI COMPANHIA SECURITIZADORA DE CREDITOS FINANCEIROS I SA;;Duplicata;
Mercado de recebíveis Unitoken #4;Unitoken;12/09/2024;-309;R$ 0,00;;;R$ 0,00;;;;R$ 0,00;;;;0,0%;;"";;MR SERVIÇOS EM TECNOLOGIA LTDA;AMFI COMPANHIA SECURITIZADORA DE CREDITOS FINANCEIROS I SA;;Duplicata;
Mercado de recebíveis Unitoken #6;Unitoken;13/09/2024;-308;R$ 0,00;;;R$ 0,00;;;;R$ 0,00;;;;0,0%;;"";;MR SERVIÇOS EM TECNOLOGIA LTDA;AMFI COMPANHIA SECURITIZADORA DE CREDITOS FINANCEIROS I SA;;Duplicata;
Mercado de recebíveis Unitoken #13;Unitoken;13/09/2024;-308;R$ 0,00;;;R$ 0,00;;;;R$ 0,00;;;;0,0%;;"";;MR SERVIÇOS EM TECNOLOGIA LTDA;AMFI COMPANHIA SECURITIZADORA DE CREDITOS FINANCEIROS I SA;;Duplicata;
Click Antecipa Unitoken #35;Unitoken;15/09/2024;-306;R$ 0,00;;;R$ 0,00;;;;R$ 0,00;;;;0,0%;;"";;CLICK SECURITIZADORA S.A.;AMFI COMPANHIA SECURITIZADORA DE CREDITOS FINANCEIROS I SA;;Duplicata;
Teddy  Unitoken #5;Unitoken;15/09/2024;-306;R$ 0,00;;;R$ 0,00;;;;R$ 0,00;;;;0,0%;;"";;TEDDY HUB DIGITAL LTDA;AMFI COMPANHIA SECURITIZADORA DE CREDITOS FINANCEIROS I SA;;Duplicata;
C4 Unitoken #12;Unitoken;15/09/2024;-306;R$ 0,00;;;R$ 0,00;;;;R$ 0,00;;;;0,0%;;"";;C4 CAPITAL SECURITIZADORA S/A;AMFI COMPANHIA SECURITIZADORA DE CREDITOS FINANCEIROS I SA;;Duplicata;
Nagro #6;Unitoken;15/09/2024;-306;R$ 0,00;;;R$ 0,00;;R$ 0,00;;R$ 0,00;;;;0,0%;;"";;NAGRO;;;CCB;
C4 Unitoken #14;Unitoken;16/09/2024;-305;R$ 0,00;;;R$ 0,00;;;;R$ 0,00;;;;0,0%;;"";;C4 CAPITAL SECURITIZADORA S/A;AMFI COMPANHIA SECURITIZADORA DE CREDITOS FINANCEIROS I SA;;Duplicata;
C4 Unitoken #13;Unitoken;16/09/2024;-305;R$ 0,00;;;R$ 0,00;;;;R$ 0,00;;;;0,0%;;"";;C4 CAPITAL SECURITIZADORA S/A;AMFI COMPANHIA SECURITIZADORA DE CREDITOS FINANCEIROS I SA;;Duplicata;
C4 Unitoken #15;Unitoken;16/09/2024;-305;R$ 0,00;;;R$ 0,00;;;;R$ 0,00;;;;0,0%;;"";;C4 CAPITAL SECURITIZADORA S/A;AMFI COMPANHIA SECURITIZADORA DE CREDITOS FINANCEIROS I SA;;Duplicata;
Learnbase Unitoken #28;Unitoken;16/09/2024;-305;R$ 0,00;;;R$ 0,00;;;;R$ 0,00;;;;0,0%;;"";;Learnbase Gestão e Consultoria Educacional S.A.;AMFI COMPANHIA SECURITIZADORA DE CREDITOS FINANCEIROS I SA;;Duplicata;
Formento Unitoken #10;Unitoken;17/09/2024;-304;R$ 0,00;;;R$ 0,00;;;;R$ 0,00;;;;0,0%;;"";;Formento Securitizadora S.A.;AMFI COMPANHIA SECURITIZADORA DE CREDITOS FINANCEIROS I SA;;Duplicata;
Learnbase Unitoken #23;Unitoken;20/09/2024;-301;R$ 0,00;;;R$ 0,00;;;;R$ 0,00;;;;0,0%;;"";;Learnbase Gestão e Consultoria Educacional S.A.;AMFI COMPANHIA SECURITIZADORA DE CREDITOS FINANCEIROS I SA;;Duplicata;
Click Antecipa Unitoken #44;Unitoken;20/09/2024;-301;R$ 0,00;;;R$ 0,00;;;;R$ 0,00;;;;0,0%;;"";;CLICK SECURITIZADORA S.A.;AMFI COMPANHIA SECURITIZADORA DE CREDITOS FINANCEIROS I SA;;Duplicata;
MMK Partners Unitoken #3;Unitoken;20/09/2024;-301;R$ 0,00;;;R$ 0,00;;;;R$ 0,00;;;;0,0%;;"";;MMK Partners;AMFI COMPANHIA SECURITIZADORA DE CREDITOS FINANCEIROS I SA;;Duplicata;
MMK Partners Unitoken #4;Unitoken;20/09/2024;-301;R$ 0,00;;;R$ 0,00;;;;R$ 0,00;;;;0,0%;;"";;MMK Partners;AMFI COMPANHIA SECURITIZADORA DE CREDITOS FINANCEIROS I SA;;Duplicata;
Click Antecipa Unitoken #37;Unitoken;20/09/2024;-301;R$ 0,00;;;R$ 0,00;;;;R$ 0,00;;;;0,0%;;"";;CLICK SECURITIZADORA S.A.;AMFI COMPANHIA SECURITIZADORA DE CREDITOS FINANCEIROS I SA;;Duplicata;
Nagro #4;Unitoken;20/09/2024;-301;R$ 0,00;;;R$ 0,00;;R$ 0,00;;R$ 0,00;;;;0,0%;;"";;NAGRO;;;CCB;
Nagro #1;Unitoken;20/09/2024;-301;R$ 0,00;;;R$ 0,00;;R$ 0,00;;R$ 0,00;;;;0,0%;;"";;NAGRO;;;CCB;
C4 Unitoken #17;Unitoken;21/09/2024;-300;R$ 0,00;;;R$ 0,00;;;;R$ 0,00;;;;0,0%;;"";;C4 CAPITAL SECURITIZADORA S/A;AMFI COMPANHIA SECURITIZADORA DE CREDITOS FINANCEIROS I SA;;Duplicata;
C4 Unitoken #16;Unitoken;21/09/2024;-300;R$ 0,00;;;R$ 0,00;;;;R$ 0,00;;;;0,0%;;"";;C4 CAPITAL SECURITIZADORA S/A;AMFI COMPANHIA SECURITIZADORA DE CREDITOS FINANCEIROS I SA;;Duplicata;
Learnbase Unitoken #10;Unitoken;22/09/2024;-299;R$ 0,00;;;R$ 0,00;;;;R$ 0,00;;;;0,0%;;"";;Learnbase Gestão e Consultoria Educacional S.A.;AMFI COMPANHIA SECURITIZADORA DE CREDITOS FINANCEIROS I SA;;Duplicata;
DS Unitoken #2;Unitoken;23/09/2024;-298;R$ 0,00;;;R$ 0,00;;;;R$ 0,00;;;;0,0%;;"";;DS SECURITIZADORA S/A;AMFI COMPANHIA SECURITIZADORA DE CREDITOS FINANCEIROS I SA;;Duplicata;
Learnbase Unitoken #29;Unitoken;23/09/2024;-298;R$ 0,00;;;R$ 0,00;;;;R$ 0,00;;;;0,0%;;"";;Learnbase Gestão e Consultoria Educacional S.A.;AMFI COMPANHIA SECURITIZADORA DE CREDITOS FINANCEIROS I SA;;Duplicata;
DS Unitoken #5;Unitoken;24/09/2024;-297;R$ 0,00;;;R$ 0,00;;;;R$ 0,00;;;;0,0%;;"";;DS SECURITIZADORA S/A;AMFI COMPANHIA SECURITIZADORA DE CREDITOS FINANCEIROS I SA;;Duplicata;
DS Unitoken #8;Unitoken;24/09/2024;-297;R$ 0,00;;;R$ 0,00;;;;R$ 0,00;;;;0,0%;;"";;DS SECURITIZADORA S/A;AMFI COMPANHIA SECURITIZADORA DE CREDITOS FINANCEIROS I SA;;Duplicata;
Mercado de recebíveis Unitoken #8;Unitoken;24/09/2024;-297;R$ 0,00;;;R$ 0,00;;;;R$ 0,00;;;;0,0%;;"";;MR SERVIÇOS EM TECNOLOGIA LTDA;AMFI COMPANHIA SECURITIZADORA DE CREDITOS FINANCEIROS I SA;;Duplicata;
Valorem Unitoken #20;Unitoken;24/09/2024;-297;R$ 0,00;;;R$ 0,00;;;;R$ 0,00;;;;0,0%;;"";;Valorem Soluções Financeiras S.A;AMFI COMPANHIA SECURITIZADORA DE CREDITOS FINANCEIROS I SA;;Duplicata;
Click Antecipa Unitoken #32;Unitoken;24/09/2024;-297;R$ 0,00;;;R$ 0,00;;;;R$ 0,00;;;;0,0%;;"";;CLICK SECURITIZADORA S.A.;AMFI COMPANHIA SECURITIZADORA DE CREDITOS FINANCEIROS I SA;;Duplicata;
C4 Unitoken #18;Unitoken;25/09/2024;-296;R$ 0,00;;;R$ 0,00;;;;R$ 0,00;;;;0,0%;;"";;C4 CAPITAL SECURITIZADORA S/A;AMFI COMPANHIA SECURITIZADORA DE CREDITOS FINANCEIROS I SA;;Duplicata;
Click Antecipa Unitoken #30;Unitoken;25/09/2024;-296;R$ 0,00;;;R$ 0,00;;;;R$ 0,00;;;;0,0%;;"";;CLICK SECURITIZADORA S.A.;AMFI COMPANHIA SECURITIZADORA DE CREDITOS FINANCEIROS I SA;;Duplicata;
C4 Unitoken #19;Unitoken;27/09/2024;-294;R$ 0,00;;;R$ 0,00;;;;R$ 0,00;;;;0,0%;;"";;C4 CAPITAL SECURITIZADORA S/A;AMFI COMPANHIA SECURITIZADORA DE CREDITOS FINANCEIROS I SA;;Duplicata;
Synthéo Unitoken #1;Unitoken;28/09/2024;-293;R$ 0,00;;;R$ 0,00;;;;R$ 0,00;;;;0,0%;;"";;SYNTHÉO SECURITIZADORA DE CRÉDITOS S.A.;AMFI COMPANHIA SECURITIZADORA DE CREDITOS FINANCEIROS I SA;;Duplicata;
Syntheo Unitoken #2;Unitoken;28/09/2024;-293;R$ 0,00;;;R$ 0,00;;;;R$ 0,00;;;;0,0%;;"";;SYNTHÉO SECURITIZADORA DE CRÉDITOS S.A.;AMFI COMPANHIA SECURITIZADORA DE CREDITOS FINANCEIROS I SA;;Duplicata;
DS Unitoken #7;Unitoken;29/09/2024;-292;R$ 0,00;;;R$ 0,00;;;;R$ 0,00;;;;0,0%;;"";;DS SECURITIZADORA S/A;AMFI COMPANHIA SECURITIZADORA DE CREDITOS FINANCEIROS I SA;;Duplicata;
Formento Unitoken #11;Unitoken;29/09/2024;-292;R$ 0,00;;;R$ 0,00;;;;R$ 0,00;;;;0,0%;;"";;Formento Securitizadora S.A.;AMFI COMPANHIA SECURITIZADORA DE CREDITOS FINANCEIROS I SA;;Duplicata;
C4 Unitoken #22;Unitoken;30/09/2024;-291;R$ 0,00;;;R$ 0,00;;;;R$ 0,00;;;;0,0%;;"";;C4 CAPITAL SECURITIZADORA S/A;AMFI COMPANHIA SECURITIZADORA DE CREDITOS FINANCEIROS I SA;;Duplicata;
C4 Unitoken #21;Unitoken;30/09/2024;-291;R$ 0,00;;;R$ 0,00;;;;R$ 0,00;;;;0,0%;;"";;C4 CAPITAL SECURITIZADORA S/A;AMFI COMPANHIA SECURITIZADORA DE CREDITOS FINANCEIROS I SA;;Duplicata;
C4 Unitoken #20;Unitoken;30/09/2024;-291;R$ 0,00;;;R$ 0,00;;;;R$ 0,00;;;;0,0%;;"";;C4 CAPITAL SECURITIZADORA S/A;AMFI COMPANHIA SECURITIZADORA DE CREDITOS FINANCEIROS I SA;;Duplicata;
DS Unitoken #9;Unitoken;01/10/2024;-290;R$ 0,00;;;R$ 0,00;;;;R$ 0,00;;;;0,0%;;"";;DS SECURITIZADORA S/A;AMFI COMPANHIA SECURITIZADORA DE CREDITOS FINANCEIROS I SA;;Duplicata;
Click Antecipa Unitoken #36;Unitoken;01/10/2024;-290;R$ 0,00;;;R$ 0,00;;;;R$ 0,00;;;;0,0%;;"";;CLICK SECURITIZADORA S.A.;AMFI COMPANHIA SECURITIZADORA DE CREDITOS FINANCEIROS I SA;;Duplicata;
Mercado de recebíveis Unitoken #7;Unitoken;01/10/2024;-290;R$ 0,00;;;R$ 0,00;;;;R$ 0,00;;;;0,0%;;"";;MR SERVIÇOS EM TECNOLOGIA LTDA;AMFI COMPANHIA SECURITIZADORA DE CREDITOS FINANCEIROS I SA;;Duplicata;
Valorem Unitoken #9;Unitoken;01/10/2024;-290;R$ 0,00;;;R$ 0,00;;;;R$ 0,00;;;;0,0%;;"";;Valorem Soluções Financeiras S.A;AMFI COMPANHIA SECURITIZADORA DE CREDITOS FINANCEIROS I SA;;Duplicata;
Valorem Unitoken #23;Unitoken;01/10/2024;-290;R$ 0,00;;;R$ 0,00;;;;R$ 0,00;;;;0,0%;;"";;Valorem Soluções Financeiras S.A;AMFI COMPANHIA SECURITIZADORA DE CREDITOS FINANCEIROS I SA;;Duplicata;
Learnbase Unitoken #31;Unitoken;01/10/2024;-290;R$ 0,00;;;R$ 0,00;;;;R$ 0,00;;;;0,0%;;"";;Learnbase Gestão e Consultoria Educacional S.A.;AMFI COMPANHIA SECURITIZADORA DE CREDITOS FINANCEIROS I SA;;Duplicata;
Valorem Unitoken #25;Unitoken;02/10/2024;-289;R$ 0,00;;;R$ 0,00;;;;R$ 0,00;;;;0,0%;;"";;Valorem Soluções Financeiras S.A;AMFI COMPANHIA SECURITIZADORA DE CREDITOS FINANCEIROS I SA;;Duplicata;
Audax Capital Unitoken #2;Unitoken;04/10/2024;-287;R$ 0,00;;;R$ 0,00;;;;R$ 0,00;;;;0,0%;;"";;AUDAX CAPITAL SECURITIZADORA S.A;AMFI COMPANHIA SECURITIZADORA DE CREDITOS FINANCEIROS I SA;;Duplicata;
Learnbase Unitoken #30;Unitoken;04/10/2024;-287;R$ 0,00;;;R$ 0,00;;;;R$ 0,00;;;;0,0%;;"";;Learnbase Gestão e Consultoria Educacional S.A.;AMFI COMPANHIA SECURITIZADORA DE CREDITOS FINANCEIROS I SA;;Duplicata;
Conecta Lá Unitoken #26;Unitoken;05/10/2024;-286;R$ 0,00;;;R$ 0,00;;;;R$ 0,00;;;;0,0%;;"";;FULL NINE DIGITAL CONSULTORIA S.A.;AMFI COMPANHIA SECURITIZADORA DE CREDITOS FINANCEIROS I SA;;Duplicata;
C4 Unitoken #23;Unitoken;06/10/2024;-285;R$ 0,00;;;R$ 0,00;;;;R$ 0,00;;;;0,0%;;"";;C4 CAPITAL SECURITIZADORA S/A;AMFI COMPANHIA SECURITIZADORA DE CREDITOS FINANCEIROS I SA;;Duplicata;
Conecta Lá Unitoken #30;Unitoken;06/10/2024;-285;R$ 0,00;;;R$ 0,00;;;;R$ 0,00;;;;0,0%;;"";;FULL NINE DIGITAL CONSULTORIA S.A.;AMFI COMPANHIA SECURITIZADORA DE CREDITOS FINANCEIROS I SA;;Duplicata;
Click Antecipa Unitoken #28;Unitoken;07/10/2024;-284;R$ 0,00;;;R$ 0,00;;;;R$ 0,00;;;;0,0%;;"";;CLICK SECURITIZADORA S.A.;AMFI COMPANHIA SECURITIZADORA DE CREDITOS FINANCEIROS I SA;;Duplicata;
Mercado de recebíveis Unitoken #9;Unitoken;07/10/2024;-284;R$ 0,00;;;R$ 0,00;;;;R$ 0,00;;;;0,0%;;"";;MR SERVIÇOS EM TECNOLOGIA LTDA;AMFI COMPANHIA SECURITIZADORA DE CREDITOS FINANCEIROS I SA;;Duplicata;
Lebasq Unitoken #3;Unitoken;08/10/2024;-283;R$ 0,00;;;R$ 0,00;;;;R$ 0,00;;;;0,0%;;"";;LEBASQ SECURITIZAÇÃO DE CRÉDITOS SA;AMFI COMPANHIA SECURITIZADORA DE CREDITOS FINANCEIROS I SA;;Duplicata;
Mercado de recebíveis Unitoken #10;Unitoken;08/10/2024;-283;R$ 0,00;;;R$ 0,00;;;;R$ 0,00;;;;0,0%;;"";;MR SERVIÇOS EM TECNOLOGIA LTDA;AMFI COMPANHIA SECURITIZADORA DE CREDITOS FINANCEIROS I SA;;Duplicata;
Mercado de recebíveis Unitoken #12;Unitoken;09/10/2024;-282;R$ 0,00;;;R$ 0,00;;;;R$ 0,00;;;;0,0%;;"";;MR SERVIÇOS EM TECNOLOGIA LTDA;AMFI COMPANHIA SECURITIZADORA DE CREDITOS FINANCEIROS I SA;;Duplicata;
Conecta Lá Unitoken #28;Unitoken;10/10/2024;-281;R$ 0,00;;;R$ 0,00;;;;R$ 0,00;;;;0,0%;;"";;FULL NINE DIGITAL CONSULTORIA S.A.;AMFI COMPANHIA SECURITIZADORA DE CREDITOS FINANCEIROS I SA;;Duplicata;
C4 Unitoken #34;Unitoken;10/10/2024;-281;R$ 0,00;;;R$ 0,00;;;;R$ 0,00;;;;0,0%;;"";;C4 CAPITAL SECURITIZADORA S/A;AMFI COMPANHIA SECURITIZADORA DE CREDITOS FINANCEIROS I SA;;Duplicata;
C4 Unitoken #33;Unitoken;10/10/2024;-281;R$ 0,00;;;R$ 0,00;;;;R$ 0,00;;;;0,0%;;"";;C4 CAPITAL SECURITIZADORA S/A;AMFI COMPANHIA SECURITIZADORA DE CREDITOS FINANCEIROS I SA;;Duplicata;
Click Antecipa Unitoken #53;Unitoken;11/10/2024;-280;R$ 0,00;;;R$ 0,00;;;;R$ 0,00;;;;0,0%;;"";;CLICK SECURITIZADORA S.A.;AMFI COMPANHIA SECURITIZADORA DE CREDITOS FINANCEIROS I SA;;Duplicata;
Mercado de recebíveis Unitoken #14;Unitoken;13/10/2024;-278;R$ 0,00;;;R$ 0,00;;;;R$ 0,00;;;;0,0%;;"";;MR SERVIÇOS EM TECNOLOGIA LTDA;AMFI COMPANHIA SECURITIZADORA DE CREDITOS FINANCEIROS I SA;;Duplicata;
Click Antecipa Unitoken #42;Unitoken;14/10/2024;-277;R$ 0,00;;;R$ 0,00;;;;R$ 0,00;;;;0,0%;;"";;CLICK SECURITIZADORA S.A.;AMFI COMPANHIA SECURITIZADORA DE CREDITOS FINANCEIROS I SA;;Duplicata;
Up Vendas Unitoken #1;Unitoken;14/10/2024;-277;R$ 0,00;;;R$ 0,00;;;;R$ 0,00;;;;0,0%;;"";;Up Vendas;AMFI COMPANHIA SECURITIZADORA DE CREDITOS FINANCEIROS I SA;Oferta Pública;Recebível de Cartão;Produto Encerrado
Click Antecipa Unitoken #41;Unitoken;14/10/2024;-277;R$ 0,00;;;R$ 0,00;;;;R$ 0,00;;;;0,0%;;"";;CLICK SECURITIZADORA S.A.;AMFI COMPANHIA SECURITIZADORA DE CREDITOS FINANCEIROS I SA;;Duplicata;
C4 Unitoken #25;Unitoken;15/10/2024;-276;R$ 0,00;;;R$ 0,00;;;;R$ 0,00;;;;0,0%;;"";;C4 CAPITAL SECURITIZADORA S/A;AMFI COMPANHIA SECURITIZADORA DE CREDITOS FINANCEIROS I SA;;Duplicata;
C4 Unitoken #24;Unitoken;15/10/2024;-276;R$ 0,00;;;R$ 0,00;;;;R$ 0,00;;;;0,0%;;"";;C4 CAPITAL SECURITIZADORA S/A;AMFI COMPANHIA SECURITIZADORA DE CREDITOS FINANCEIROS I SA;;Duplicata;
Teddy  Unitoken #6;Unitoken;15/10/2024;-276;R$ 0,00;;;R$ 0,00;;;;R$ 0,00;;;;0,0%;;"";;TEDDY HUB DIGITAL LTDA;AMFI COMPANHIA SECURITIZADORA DE CREDITOS FINANCEIROS I SA;;Duplicata;
C4 Unitoken #26;Unitoken;16/10/2024;-275;R$ 0,00;;;R$ 0,00;;;;R$ 0,00;;;;0,0%;;"";;C4 CAPITAL SECURITIZADORA S/A;AMFI COMPANHIA SECURITIZADORA DE CREDITOS FINANCEIROS I SA;;Duplicata;
C4 Unitoken #32;Unitoken;16/10/2024;-275;R$ 0,00;;;R$ 0,00;;;;R$ 0,00;;;;0,0%;;"";;C4 CAPITAL SECURITIZADORA S/A;AMFI COMPANHIA SECURITIZADORA DE CREDITOS FINANCEIROS I SA;;Duplicata;
Intreguei Pool #1;Pool;16/10/2024;-275;R$ 0,00;;;R$ 0,00;;R$ 0,00;;R$ 0,00;;;;0,0%;;"";;INTREGUEI SOLUCOES E TECNOLOGIA LTDA;AMFI COMPANHIA SECURITIZADORA DE CREDITOS FINANCEIROS I SA;;Duplicata;
Click Antecipa Unitoken #40;Unitoken;20/10/2024;-271;R$ 0,00;;;R$ 0,00;;;;R$ 0,00;;;;0,0%;;"";;CLICK SECURITIZADORA S.A.;AMFI COMPANHIA SECURITIZADORA DE CREDITOS FINANCEIROS I SA;;Duplicata;
Click Antecipa Unitoken #46;Unitoken;21/10/2024;-270;R$ 0,00;;;R$ 0,00;;;;R$ 0,00;;;;0,0%;;"";;CLICK SECURITIZADORA S.A.;AMFI COMPANHIA SECURITIZADORA DE CREDITOS FINANCEIROS I SA;;Duplicata;
Mercado de recebíveis Unitoken #11;Unitoken;21/10/2024;-270;R$ 0,00;;;R$ 0,00;;;;R$ 0,00;;;;0,0%;;"";;MR SERVIÇOS EM TECNOLOGIA LTDA;AMFI COMPANHIA SECURITIZADORA DE CREDITOS FINANCEIROS I SA;;Duplicata;
Click Antecipa Unitoken #47;Unitoken;21/10/2024;-270;R$ 0,00;;;R$ 0,00;;;;R$ 0,00;;;;0,0%;;"";;CLICK SECURITIZADORA S.A.;AMFI COMPANHIA SECURITIZADORA DE CREDITOS FINANCEIROS I SA;;Duplicata;
Conecta Lá Unitoken #33;Unitoken;21/10/2024;-270;R$ 0,00;;;R$ 0,00;;;;R$ 0,00;;;;0,0%;;"";;FULL NINE DIGITAL CONSULTORIA S.A.;AMFI COMPANHIA SECURITIZADORA DE CREDITOS FINANCEIROS I SA;;Duplicata;
Learnbase Unitoken #12;Unitoken;22/10/2024;-269;R$ 0,00;;;R$ 0,00;;;;R$ 0,00;;;;0,0%;;"";;Learnbase Gestão e Consultoria Educacional S.A.;AMFI COMPANHIA SECURITIZADORA DE CREDITOS FINANCEIROS I SA;;Duplicata;
Learnbase Unitoken #34;Unitoken;23/10/2024;-268;R$ 0,00;;;R$ 0,00;;;;R$ 0,00;;;;0,0%;;"";;Learnbase Gestão e Consultoria Educacional S.A.;AMFI COMPANHIA SECURITIZADORA DE CREDITOS FINANCEIROS I SA;Oferta Pública;Duplicata;Produto Encerrado
Conecta Lá Unitoken #14;Unitoken;24/10/2024;-267;R$ 0,00;;;R$ 0,00;;;;R$ 0,00;;;;0,0%;;"";;FULL NINE DIGITAL CONSULTORIA S.A.;AMFI COMPANHIA SECURITIZADORA DE CREDITOS FINANCEIROS I SA;;Duplicata;
Conecta Lá Unitoken #34;Unitoken;24/10/2024;-267;R$ 0,00;;;R$ 0,00;;;;R$ 0,00;;;;0,0%;;"";;FULL NINE DIGITAL CONSULTORIA S.A.;AMFI COMPANHIA SECURITIZADORA DE CREDITOS FINANCEIROS I SA;;Duplicata;
Click Antecipa Unitoken #49;Unitoken;24/10/2024;-267;R$ 0,00;;;R$ 0,00;;;;R$ 0,00;;;;0,0%;;"";;CLICK SECURITIZADORA S.A.;AMFI COMPANHIA SECURITIZADORA DE CREDITOS FINANCEIROS I SA;;Duplicata;
DS Unitoken #28;Unitoken;25/10/2024;-266;R$ 0,00;;;R$ 0,00;;;;R$ 0,00;;;;0,0%;;"";;DS SECURITIZADORA S/A;AMFI COMPANHIA SECURITIZADORA DE CREDITOS FINANCEIROS I SA;Oferta Pública;Duplicata;Produto Encerrado
Lebasq Unitoken #4;Unitoken;27/10/2024;-264;R$ 0,00;;;R$ 0,00;;;;R$ 0,00;;;;0,0%;;"";;LEBASQ SECURITIZAÇÃO DE CRÉDITOS SA;AMFI COMPANHIA SECURITIZADORA DE CREDITOS FINANCEIROS I SA;;Duplicata;
C4 Unitoken #27;Unitoken;28/10/2024;-263;R$ 0,00;;;R$ 0,00;;;;R$ 0,00;;;;0,0%;;"";;C4 CAPITAL SECURITIZADORA S/A;AMFI COMPANHIA SECURITIZADORA DE CREDITOS FINANCEIROS I SA;;Duplicata;
C4 Unitoken #28;Unitoken;28/10/2024;-263;R$ 0,00;;;R$ 0,00;;;;R$ 0,00;;;;0,0%;;"";;C4 CAPITAL SECURITIZADORA S/A;AMFI COMPANHIA SECURITIZADORA DE CREDITOS FINANCEIROS I SA;;Duplicata;
C4 Unitoken #29;Unitoken;28/10/2024;-263;R$ 0,00;;;R$ 0,00;;;;R$ 0,00;;;;0,0%;;"";;C4 CAPITAL SECURITIZADORA S/A;AMFI COMPANHIA SECURITIZADORA DE CREDITOS FINANCEIROS I SA;;Duplicata;
Learnbase Unitoken #35;Unitoken;30/10/2024;-261;R$ 0,00;;;R$ 0,00;;;;R$ 0,00;;;;0,0%;;"";;Learnbase Gestão e Consultoria Educacional S.A.;AMFI COMPANHIA SECURITIZADORA DE CREDITOS FINANCEIROS I SA;Oferta Pública;Duplicata;Produto Encerrado
C4 Unitoken #36;Unitoken;30/10/2024;-261;R$ 0,00;;;R$ 0,00;;;;R$ 0,00;;;;0,0%;;"";;C4 CAPITAL SECURITIZADORA S/A;AMFI COMPANHIA SECURITIZADORA DE CREDITOS FINANCEIROS I SA;Oferta Pública;Duplicata;Produto Encerrado
C4 Unitoken #31;Unitoken;30/10/2024;-261;R$ 0,00;;;R$ 0,00;;;;R$ 0,00;;;;0,0%;;"";;C4 CAPITAL SECURITIZADORA S/A;AMFI COMPANHIA SECURITIZADORA DE CREDITOS FINANCEIROS I SA;;Duplicata;
Audax Capital Unitoken #1;Unitoken;30/10/2024;-261;R$ 0,00;;;R$ 0,00;;;;R$ 0,00;;;;0,0%;;"";;AUDAX CAPITAL SECURITIZADORA S.A;AMFI COMPANHIA SECURITIZADORA DE CREDITOS FINANCEIROS I SA;;Duplicata;
a55  Unitoken #22;Unitoken;31/10/2024;-260;R$ 0,00;;;R$ 0,00;;;;R$ 0,00;;;;0,0%;;"";;a55 SECURITIZADORA S.A.;a55 SECURITIZADORA S.A.;Oferta Pública;Duplicata;Produto Encerrado
Conecta Lá Unitoken #37;Unitoken;01/11/2024;-259;R$ 0,00;;;R$ 0,00;;;;R$ 0,00;;;;0,0%;;"";;FULL NINE DIGITAL CONSULTORIA S.A.;AMFI COMPANHIA SECURITIZADORA DE CREDITOS FINANCEIROS I SA;Oferta Pública;Duplicata;Produto Encerrado
DS Unitoken #29;Unitoken;02/11/2024;-258;R$ 0,00;;;R$ 0,00;;;;R$ 0,00;;;;0,0%;;"";;DS SECURITIZADORA S/A;AMFI COMPANHIA SECURITIZADORA DE CREDITOS FINANCEIROS I SA;Oferta Pública;Duplicata;Produto Encerrado
Valorem Unitoken #26;Unitoken;04/11/2024;-256;R$ 0,00;;;R$ 0,00;;;;R$ 0,00;;;;0,0%;;"";;Valorem Soluções Financeiras S.A;AMFI COMPANHIA SECURITIZADORA DE CREDITOS FINANCEIROS I SA;;Duplicata;
Learnbase Unitoken #33;Unitoken;04/11/2024;-256;R$ 0,00;;;R$ 0,00;;;;R$ 0,00;;;;0,0%;;"";;Learnbase Gestão e Consultoria Educacional S.A.;AMFI COMPANHIA SECURITIZADORA DE CREDITOS FINANCEIROS I SA;Oferta Pública;Duplicata;Produto Encerrado
DS Unitoken #20;Unitoken;04/11/2024;-256;R$ 0,00;;;R$ 0,00;;;;R$ 0,00;;;;0,0%;;"";;DS SECURITIZADORA S/A;AMFI COMPANHIA SECURITIZADORA DE CREDITOS FINANCEIROS I SA;Oferta Pública;Duplicata;Produto Encerrado
Lebasq Unitoken #5;Unitoken;05/11/2024;-255;R$ 0,00;;;R$ 0,00;;;;R$ 0,00;;;;0,0%;;"";;LEBASQ SECURITIZAÇÃO DE CRÉDITOS SA;AMFI COMPANHIA SECURITIZADORA DE CREDITOS FINANCEIROS I SA;;Duplicata;
Conecta Lá Unitoken #31;Unitoken;05/11/2024;-255;R$ 0,00;;;R$ 0,00;;;;R$ 0,00;;;;0,0%;;"";;FULL NINE DIGITAL CONSULTORIA S.A.;AMFI COMPANHIA SECURITIZADORA DE CREDITOS FINANCEIROS I SA;;Duplicata;
Click Antecipa Unitoken #52;Unitoken;05/11/2024;-255;R$ 0,00;;;R$ 0,00;;;;R$ 0,00;;;;0,0%;;"";;CLICK SECURITIZADORA S.A.;AMFI COMPANHIA SECURITIZADORA DE CREDITOS FINANCEIROS I SA;;Duplicata;
Click Antecipa Unitoken #39;Unitoken;05/11/2024;-255;R$ 0,00;;;R$ 0,00;;;;R$ 0,00;;;;0,0%;;"";;CLICK SECURITIZADORA S.A.;AMFI COMPANHIA SECURITIZADORA DE CREDITOS FINANCEIROS I SA;;Duplicata;
Lebasq Unitoken #17;Unitoken;05/11/2024;-255;R$ 0,00;;;R$ 0,00;;;;R$ 0,00;;;;0,0%;;"";;LEBASQ SECURITIZAÇÃO DE CRÉDITOS SA;AMFI COMPANHIA SECURITIZADORA DE CREDITOS FINANCEIROS I SA;Oferta Pública;Duplicata;Produto Encerrado
Conecta Lá Unitoken #36;Unitoken;06/11/2024;-254;R$ 0,00;;;R$ 0,00;;;;R$ 0,00;;;;0,0%;;"";;FULL NINE DIGITAL CONSULTORIA S.A.;AMFI COMPANHIA SECURITIZADORA DE CREDITOS FINANCEIROS I SA;Oferta Pública;Duplicata;Produto Encerrado
Syntheo Unitoken #3;Unitoken;07/11/2024;-253;R$ 0,00;;;R$ 0,00;;;;R$ 0,00;;;;0,0%;;"";;SYNTHÉO SECURITIZADORA DE CRÉDITOS S.A.;AMFI COMPANHIA SECURITIZADORA DE CREDITOS FINANCEIROS I SA;;Duplicata;
DS Unitoken #13;Unitoken;07/11/2024;-253;R$ 0,00;;;R$ 0,00;;;;R$ 0,00;;;;0,0%;;"";;DS SECURITIZADORA S/A;AMFI COMPANHIA SECURITIZADORA DE CREDITOS FINANCEIROS I SA;;Duplicata;
DS Unitoken #15;Unitoken;07/11/2024;-253;R$ 0,00;;;R$ 0,00;;;;R$ 0,00;;;;0,0%;;"";;DS SECURITIZADORA S/A;AMFI COMPANHIA SECURITIZADORA DE CREDITOS FINANCEIROS I SA;;Duplicata;
Syntheo Unitoken #10;Unitoken;08/11/2024;-252;R$ 0,00;;;R$ 0,00;;;;R$ 0,00;;;;0,0%;;"";;SYNTHÉO SECURITIZADORA DE CRÉDITOS S.A.;AMFI COMPANHIA SECURITIZADORA DE CREDITOS FINANCEIROS I SA;Oferta Pública;Duplicata;Produto Encerrado
Syntheo Unitoken #8;Unitoken;08/11/2024;-252;R$ 0,00;;;R$ 0,00;;;;R$ 0,00;;;;0,0%;;"";;SYNTHÉO SECURITIZADORA DE CRÉDITOS S.A.;AMFI COMPANHIA SECURITIZADORA DE CREDITOS FINANCEIROS I SA;Oferta Pública;Duplicata;Produto Encerrado
Formento Unitoken #15;Unitoken;10/11/2024;-250;R$ 0,00;;;R$ 0,00;;;;R$ 0,00;;;;0,0%;;"";;Formento Securitizadora S.A.;AMFI COMPANHIA SECURITIZADORA DE CREDITOS FINANCEIROS I SA;Oferta Pública;Duplicata;Produto Encerrado
Formento Unitoken #9;Unitoken;10/11/2024;-250;R$ 0,00;;;R$ 0,00;;;;R$ 0,00;;;;0,0%;;"";;Formento Securitizadora S.A.;AMFI COMPANHIA SECURITIZADORA DE CREDITOS FINANCEIROS I SA;;Duplicata;
Syntheo Unitoken #5;Unitoken;10/11/2024;-250;R$ 0,00;;;R$ 0,00;;;;R$ 0,00;;;;0,0%;;"";;SYNTHÉO SECURITIZADORA DE CRÉDITOS S.A.;AMFI COMPANHIA SECURITIZADORA DE CREDITOS FINANCEIROS I SA;;Duplicata;
Syntheo Unitoken #6;Unitoken;11/11/2024;-249;R$ 0,00;;;R$ 0,00;;;;R$ 0,00;;;;0,0%;;"";;SYNTHÉO SECURITIZADORA DE CRÉDITOS S.A.;AMFI COMPANHIA SECURITIZADORA DE CREDITOS FINANCEIROS I SA;;Duplicata;
Valorem Unitoken #33;Unitoken;11/11/2024;-249;R$ 0,00;;;R$ 0,00;;;;R$ 0,00;;;;0,0%;;"";;Valorem Soluções Financeiras S.A;AMFI COMPANHIA SECURITIZADORA DE CREDITOS FINANCEIROS I SA;Oferta Pública;Duplicata;Produto Encerrado
Valorem Unitoken #27;Unitoken;11/11/2024;-249;R$ 0,00;;;R$ 0,00;;;;R$ 0,00;;;;0,0%;;"";;Valorem Soluções Financeiras S.A;AMFI COMPANHIA SECURITIZADORA DE CREDITOS FINANCEIROS I SA;Oferta Pública;Nota Comercial;Produto Encerrado
Digcap RPV Goiania #1;Unitoken;11/11/2024;-249;R$ 0,00;;;R$ 0,00;;R$ 0,00;;R$ 0,00;;;;0,0%;;"";;Digcap Intermediação de Créditos Judiciais Ltda	;;;Ativo Judicial;
Lebasq Unitoken #8;Unitoken;11/11/2024;-249;R$ 0,00;;;R$ 0,00;;;;R$ 0,00;;;;0,0%;;"";;LEBASQ SECURITIZAÇÃO DE CRÉDITOS SA;AMFI COMPANHIA SECURITIZADORA DE CREDITOS FINANCEIROS I SA;;Duplicata;
Syntheo Unitoken #14;Unitoken;11/11/2024;-249;R$ 0,00;;;R$ 0,00;;;;R$ 0,00;;;;0,0%;;"";;SYNTHÉO SECURITIZADORA DE CRÉDITOS S.A.;AMFI COMPANHIA SECURITIZADORA DE CREDITOS FINANCEIROS I SA;Oferta Pública;Duplicata;Produto Encerrado
Valorem Unitoken #35;Unitoken;12/11/2024;-248;R$ 0,00;;;R$ 0,00;;;;R$ 0,00;;;;0,0%;;"";;Valorem Soluções Financeiras S.A;AMFI COMPANHIA SECURITIZADORA DE CREDITOS FINANCEIROS I SA;Oferta Pública;Duplicata;Produto Encerrado
Click Antecipa Unitoken #54;Unitoken;12/11/2024;-248;R$ 0,00;;;R$ 0,00;;;;R$ 0,00;;;;0,0%;;"";;CLICK SECURITIZADORA S.A.;AMFI COMPANHIA SECURITIZADORA DE CREDITOS FINANCEIROS I SA;;Duplicata;
Valorem Unitoken #36;Unitoken;12/11/2024;-248;R$ 0,00;;;R$ 0,00;;;;R$ 0,00;;;;0,0%;;"";;Valorem Soluções Financeiras S.A;AMFI COMPANHIA SECURITIZADORA DE CREDITOS FINANCEIROS I SA;Oferta Pública;Duplicata;Produto Encerrado
Click Antecipa Unitoken #38;Unitoken;12/11/2024;-248;R$ 0,00;;;R$ 0,00;;;;R$ 0,00;;;;0,0%;;"";;CLICK SECURITIZADORA S.A.;AMFI COMPANHIA SECURITIZADORA DE CREDITOS FINANCEIROS I SA;;Duplicata;
DS Unitoken #10;Unitoken;14/11/2024;-246;R$ 0,00;;;R$ 0,00;;;;R$ 0,00;;;;0,0%;;"";;DS SECURITIZADORA S/A;AMFI COMPANHIA SECURITIZADORA DE CREDITOS FINANCEIROS I SA;;Duplicata;
Valorem Unitoken #34;Unitoken;14/11/2024;-246;R$ 0,00;;;R$ 0,00;;;;R$ 0,00;;;;0,0%;;"";;Valorem Soluções Financeiras S.A;AMFI COMPANHIA SECURITIZADORA DE CREDITOS FINANCEIROS I SA;Oferta Pública;Duplicata;Produto Encerrado
Syntheo Unitoken #4;Unitoken;15/11/2024;-245;R$ 0,00;;;R$ 0,00;;;;R$ 0,00;;;;0,0%;;"";;SYNTHÉO SECURITIZADORA DE CRÉDITOS S.A.;AMFI COMPANHIA SECURITIZADORA DE CREDITOS FINANCEIROS I SA;;Duplicata;
Teddy  Unitoken #7;Unitoken;15/11/2024;-245;R$ 0,00;;;R$ 0,00;;;;R$ 0,00;;;;0,0%;;"";;TEDDY HUB DIGITAL LTDA;AMFI COMPANHIA SECURITIZADORA DE CREDITOS FINANCEIROS I SA;;Duplicata;
Syntheo Unitoken #9;Unitoken;15/11/2024;-245;R$ 0,00;;;R$ 0,00;;;;R$ 0,00;;;;0,0%;;"";;SYNTHÉO SECURITIZADORA DE CRÉDITOS S.A.;AMFI COMPANHIA SECURITIZADORA DE CREDITOS FINANCEIROS I SA;Oferta Pública;Duplicata;Produto Encerrado
C4 Unitoken #37;Unitoken;15/11/2024;-245;R$ 0,00;;;R$ 0,00;;;;R$ 0,00;;;;0,0%;;"";;C4 CAPITAL SECURITIZADORA S/A;AMFI COMPANHIA SECURITIZADORA DE CREDITOS FINANCEIROS I SA;Oferta Pública;Duplicata;Produto Encerrado
Formento Unitoken #18;Unitoken;16/11/2024;-244;R$ 0,00;;;R$ 0,00;;;;R$ 0,00;;;;0,0%;;"";;Formento Securitizadora S.A.;AMFI COMPANHIA SECURITIZADORA DE CREDITOS FINANCEIROS I SA;Oferta Pública;Duplicata;Produto Encerrado
Pool André Franco #1;Pool;16/11/2024;-244;R$ 0,00;;;R$ 0,00;;R$ 0,00;;R$ 0,00;;;;0,0%;;"";;AMFI CONSULTING LTDA;;;Duplicata;
Syntheo Unitoken #18;Unitoken;18/11/2024;-242;R$ 0,00;;;R$ 0,00;;;;R$ 0,00;;;;0,0%;;"";;SYNTHÉO SECURITIZADORA DE CRÉDITOS S.A.;AMFI COMPANHIA SECURITIZADORA DE CREDITOS FINANCEIROS I SA;Oferta Pública;Duplicata;Produto Encerrado
Learnbase Unitoken #39;Unitoken;18/11/2024;-242;R$ 0,00;;;R$ 0,00;;;;R$ 0,00;;;;0,0%;;"";;Learnbase Gestão e Consultoria Educacional S.A.;AMFI COMPANHIA SECURITIZADORA DE CREDITOS FINANCEIROS I SA;Oferta Pública;Duplicata;Produto Encerrado
Click Antecipa Unitoken #57;Unitoken;20/11/2024;-240;R$ 0,00;;;R$ 0,00;;;;R$ 0,00;;;;0,0%;;"";;CLICK SECURITIZADORA S.A.;AMFI COMPANHIA SECURITIZADORA DE CREDITOS FINANCEIROS I SA;Oferta Pública;Duplicata;Produto Encerrado
Formento Unitoken #19;Unitoken;20/11/2024;-240;R$ 0,00;;;R$ 0,00;;;;R$ 0,00;;;;0,0%;;"";;Formento Securitizadora S.A.;AMFI COMPANHIA SECURITIZADORA DE CREDITOS FINANCEIROS I SA;Oferta Pública;Duplicata;Produto Encerrado
Click Antecipa Unitoken #62;Unitoken;21/11/2024;-239;R$ 0,00;;;R$ 0,00;;;;R$ 0,00;;;;0,0%;;"";;CLICK SECURITIZADORA S.A.;AMFI COMPANHIA SECURITIZADORA DE CREDITOS FINANCEIROS I SA;Oferta Pública;Duplicata;Produto Encerrado
Conecta Lá Unitoken #41;Unitoken;21/11/2024;-239;R$ 0,00;;;R$ 0,00;;;;R$ 0,00;;;;0,0%;;"";;FULL NINE DIGITAL CONSULTORIA S.A.;AMFI COMPANHIA SECURITIZADORA DE CREDITOS FINANCEIROS I SA;Oferta Pública;Duplicata;Produto Encerrado
Syntheo Unitoken #11;Unitoken;21/11/2024;-239;R$ 0,00;;;R$ 0,00;;;;R$ 0,00;;;;0,0%;;"";;SYNTHÉO SECURITIZADORA DE CRÉDITOS S.A.;AMFI COMPANHIA SECURITIZADORA DE CREDITOS FINANCEIROS I SA;Oferta Pública;Duplicata;Produto Encerrado
Syntheo Unitoken #16;Unitoken;23/11/2024;-237;R$ 0,00;;;R$ 0,00;;;;R$ 0,00;;;;0,0%;;"";;SYNTHÉO SECURITIZADORA DE CRÉDITOS S.A.;AMFI COMPANHIA SECURITIZADORA DE CREDITOS FINANCEIROS I SA;Oferta Pública;Duplicata;Produto Encerrado
Syntheo Unitoken #13;Unitoken;24/11/2024;-236;R$ 0,00;;;R$ 0,00;;;;R$ 0,00;;;;0,0%;;"";;SYNTHÉO SECURITIZADORA DE CRÉDITOS S.A.;AMFI COMPANHIA SECURITIZADORA DE CREDITOS FINANCEIROS I SA;Oferta Pública;Duplicata;Produto Encerrado
Conecta Lá Unitoken #38;Unitoken;24/11/2024;-236;R$ 0,00;;;R$ 0,00;;;;R$ 0,00;;;;0,0%;;"";;FULL NINE DIGITAL CONSULTORIA S.A.;AMFI COMPANHIA SECURITIZADORA DE CREDITOS FINANCEIROS I SA;Oferta Pública;Duplicata;Produto Encerrado
Conecta Lá Unitoken #47;Unitoken;24/11/2024;-236;R$ 0,00;;;R$ 0,00;;;;R$ 0,00;;;;0,0%;;"";;FULL NINE DIGITAL CONSULTORIA S.A.;AMFI COMPANHIA SECURITIZADORA DE CREDITOS FINANCEIROS I SA;Oferta Pública;Duplicata;Produto Encerrado
Formento Unitoken #13;Unitoken;24/11/2024;-236;R$ 0,00;;;R$ 0,00;;;;R$ 0,00;;;;0,0%;;"";;Formento Securitizadora S.A.;AMFI COMPANHIA SECURITIZADORA DE CREDITOS FINANCEIROS I SA;;Duplicata;
Valorem Unitoken #32;Unitoken;25/11/2024;-235;R$ 0,00;;;R$ 0,00;;;;R$ 0,00;;;;0,0%;;"";;Valorem Soluções Financeiras S.A;AMFI COMPANHIA SECURITIZADORA DE CREDITOS FINANCEIROS I SA;Oferta Pública;Duplicata;Produto Encerrado
DS Unitoken #24;Unitoken;25/11/2024;-235;R$ 0,00;;;R$ 0,00;;;;R$ 0,00;;;;0,0%;;"";;DS SECURITIZADORA S/A;AMFI COMPANHIA SECURITIZADORA DE CREDITOS FINANCEIROS I SA;Oferta Pública;Duplicata;Produto Encerrado
Click Antecipa Unitoken #58;Unitoken;25/11/2024;-235;R$ 0,00;;;R$ 0,00;;;;R$ 0,00;;;;0,0%;;"";;CLICK SECURITIZADORA S.A.;AMFI COMPANHIA SECURITIZADORA DE CREDITOS FINANCEIROS I SA;Oferta Pública;Duplicata;Produto Encerrado
UnionNational Pool #1;Pool;25/11/2024;-235;R$ 0,00;;;R$ 0,00;;R$ 0,00;;R$ 0,00;33,4%;20,0%;;0,0%;;"";;SECURITIZADORA DE CRÉDITOS FINANCEIROS S.A.;;Oferta Pública;Duplicata;Produto Encerrado
Click Antecipa Unitoken #45;Unitoken;26/11/2024;-234;R$ 0,00;;;R$ 0,00;;;;R$ 0,00;;;;0,0%;;"";;CLICK SECURITIZADORA S.A.;AMFI COMPANHIA SECURITIZADORA DE CREDITOS FINANCEIROS I SA;;Duplicata;
Lebasq Unitoken #7;Unitoken;26/11/2024;-234;R$ 0,00;;;R$ 0,00;;;;R$ 0,00;;;;0,0%;;"";;LEBASQ SECURITIZAÇÃO DE CRÉDITOS SA;AMFI COMPANHIA SECURITIZADORA DE CREDITOS FINANCEIROS I SA;;Duplicata;
Lebasq Unitoken #6;Unitoken;26/11/2024;-234;R$ 0,00;;;R$ 0,00;;;;R$ 0,00;;;;0,0%;;"";;LEBASQ SECURITIZAÇÃO DE CRÉDITOS SA;AMFI COMPANHIA SECURITIZADORA DE CREDITOS FINANCEIROS I SA;;Duplicata;
Click Antecipa Unitoken #59;Unitoken;26/11/2024;-234;R$ 0,00;;;R$ 0,00;;;;R$ 0,00;;;;0,0%;;"";;CLICK SECURITIZADORA S.A.;AMFI COMPANHIA SECURITIZADORA DE CREDITOS FINANCEIROS I SA;Oferta Pública;Duplicata;Produto Encerrado
DS Unitoken #14;Unitoken;27/11/2024;-233;R$ 0,00;;;R$ 0,00;;;;R$ 0,00;;;;0,0%;;"";;DS SECURITIZADORA S/A;AMFI COMPANHIA SECURITIZADORA DE CREDITOS FINANCEIROS I SA;;Duplicata;
Lebasq Unitoken #10;Unitoken;28/11/2024;-232;R$ 0,00;;;R$ 0,00;;;;R$ 0,00;;;;0,0%;;"";;LEBASQ SECURITIZAÇÃO DE CRÉDITOS SA;AMFI COMPANHIA SECURITIZADORA DE CREDITOS FINANCEIROS I SA;;Duplicata;
Formento Unitoken #14;Unitoken;28/11/2024;-232;R$ 0,00;;;R$ 0,00;;;;R$ 0,00;;;;0,0%;;"";;Formento Securitizadora S.A.;AMFI COMPANHIA SECURITIZADORA DE CREDITOS FINANCEIROS I SA;Oferta Pública;Duplicata;Produto Encerrado
DS Unitoken #21;Unitoken;29/11/2024;-231;R$ 0,00;;;R$ 0,00;;;;R$ 0,00;;;;0,0%;;"";;DS SECURITIZADORA S/A;AMFI COMPANHIA SECURITIZADORA DE CREDITOS FINANCEIROS I SA;Oferta Pública;Duplicata;Produto Encerrado
a55  Unitoken #24;Unitoken;29/11/2024;-231;R$ 0,00;;;R$ 0,00;;;;R$ 0,00;;;;0,0%;;"";;a55 SECURITIZADORA S.A.;a55 SECURITIZADORA S.A.;Oferta Pública;Duplicata;Produto Encerrado
Click Antecipa Unitoken #48;Unitoken;29/11/2024;-231;R$ 0,00;;;R$ 0,00;;;;R$ 0,00;;;;0,0%;;"";;CLICK SECURITIZADORA S.A.;AMFI COMPANHIA SECURITIZADORA DE CREDITOS FINANCEIROS I SA;;Duplicata;
DS Unitoken #25;Unitoken;30/11/2024;-230;R$ 0,00;;;R$ 0,00;;;;R$ 0,00;;;;0,0%;;"";;DS SECURITIZADORA S/A;AMFI COMPANHIA SECURITIZADORA DE CREDITOS FINANCEIROS I SA;Oferta Pública;Duplicata;Produto Encerrado
DS Unitoken #27;Unitoken;01/12/2024;-229;R$ 0,00;;;R$ 0,00;;;;R$ 0,00;;;;0,0%;;"";;DS SECURITIZADORA S/A;AMFI COMPANHIA SECURITIZADORA DE CREDITOS FINANCEIROS I SA;Oferta Pública;Duplicata;Produto Encerrado
Learnbase Unitoken #45;Unitoken;01/12/2024;-229;R$ 0,00;;;R$ 0,00;;;;R$ 0,00;;;;0,0%;;"";;Learnbase Gestão e Consultoria Educacional S.A.;AMFI COMPANHIA SECURITIZADORA DE CREDITOS FINANCEIROS I SA;Oferta Pública;Duplicata;Produto Encerrado
Click Antecipa Unitoken #61;Unitoken;01/12/2024;-229;R$ 0,00;;;R$ 0,00;;;;R$ 0,00;;;;0,0%;;"";;CLICK SECURITIZADORA S.A.;AMFI COMPANHIA SECURITIZADORA DE CREDITOS FINANCEIROS I SA;Oferta Pública;Duplicata;Produto Encerrado
Syntheo Unitoken #20;Unitoken;01/12/2024;-229;R$ 0,00;;;R$ 0,00;;;;R$ 0,00;;;;0,0%;;"";;SYNTHÉO SECURITIZADORA DE CRÉDITOS S.A.;AMFI COMPANHIA SECURITIZADORA DE CREDITOS FINANCEIROS I SA;Oferta Pública;Duplicata;Produto Encerrado
Syntheo Unitoken #12;Unitoken;02/12/2024;-228;R$ 0,00;;;R$ 0,00;;;;R$ 0,00;;;;0,0%;;"";;SYNTHÉO SECURITIZADORA DE CRÉDITOS S.A.;AMFI COMPANHIA SECURITIZADORA DE CREDITOS FINANCEIROS I SA;Oferta Pública;Duplicata;Produto Encerrado
Learnbase Unitoken #43;Unitoken;02/12/2024;-228;R$ 0,00;;;R$ 0,00;;;;R$ 0,00;;;;0,0%;;"";;Learnbase Gestão e Consultoria Educacional S.A.;AMFI COMPANHIA SECURITIZADORA DE CREDITOS FINANCEIROS I SA;Oferta Pública;Duplicata;Produto Encerrado
Z5 (New Invest Sec) Unitoken #1;Unitoken;02/12/2024;-228;R$ 0,00;;;R$ 0,00;;;;R$ 0,00;;;;0,0%;;"";;NEW INVEST SECURITIZAÇÃO DE CREDITOS SA;AMFI COMPANHIA SECURITIZADORA DE CREDITOS FINANCEIROS I SA;Oferta Pública;Duplicata;Produto Encerrado
Learnbase Unitoken #32;Unitoken;02/12/2024;-228;R$ 0,00;;;R$ 0,00;;;;R$ 0,00;;;;0,0%;;"";;Learnbase Gestão e Consultoria Educacional S.A.;AMFI COMPANHIA SECURITIZADORA DE CREDITOS FINANCEIROS I SA;Oferta Pública;Duplicata;Produto Encerrado
Valorem Unitoken #28;Unitoken;02/12/2024;-228;R$ 0,00;;;R$ 0,00;;;;R$ 0,00;;;;0,0%;;"";;Valorem Soluções Financeiras S.A;AMFI COMPANHIA SECURITIZADORA DE CREDITOS FINANCEIROS I SA;Oferta Pública;Duplicata;Produto Encerrado
Conecta Lá Unitoken #29;Unitoken;02/12/2024;-228;R$ 0,00;;;R$ 0,00;;;;R$ 0,00;;;;0,0%;;"";;FULL NINE DIGITAL CONSULTORIA S.A.;AMFI COMPANHIA SECURITIZADORA DE CREDITOS FINANCEIROS I SA;;Duplicata;
Valorem Unitoken #29;Unitoken;04/12/2024;-226;R$ 0,00;;;R$ 0,00;;;;R$ 0,00;;;;0,0%;;"";;Valorem Soluções Financeiras S.A;AMFI COMPANHIA SECURITIZADORA DE CREDITOS FINANCEIROS I SA;Oferta Pública;Duplicata;Produto Encerrado
Click Antecipa Unitoken #50;Unitoken;05/12/2024;-225;R$ 0,00;;;R$ 0,00;;;;R$ 0,00;;;;0,0%;;"";;CLICK SECURITIZADORA S.A.;AMFI COMPANHIA SECURITIZADORA DE CREDITOS FINANCEIROS I SA;;Duplicata;
Formento Unitoken #29;Unitoken;05/12/2024;-225;R$ 0,00;;;R$ 0,00;;;;R$ 0,00;;;;0,0%;;"";;Formento Securitizadora S.A.;AMFI COMPANHIA SECURITIZADORA DE CREDITOS FINANCEIROS I SA;Oferta Pública;Duplicata;Produto Encerrado
Formento Unitoken #22;Unitoken;05/12/2024;-225;R$ 0,00;;;R$ 0,00;;;;R$ 0,00;;;;0,0%;;"";;Formento Securitizadora S.A.;AMFI COMPANHIA SECURITIZADORA DE CREDITOS FINANCEIROS I SA;Oferta Pública;Duplicata;Produto Encerrado
Conecta Lá Unitoken #35;Unitoken;05/12/2024;-225;R$ 0,00;;;R$ 0,00;;;;R$ 0,00;;;;0,0%;;"";;FULL NINE DIGITAL CONSULTORIA S.A.;AMFI COMPANHIA SECURITIZADORA DE CREDITOS FINANCEIROS I SA;Oferta Pública;Duplicata;Produto Encerrado
Conecta Lá Unitoken #39;Unitoken;06/12/2024;-224;R$ 0,00;;;R$ 0,00;;;;R$ 0,00;;;;0,0%;;"";;FULL NINE DIGITAL CONSULTORIA S.A.;AMFI COMPANHIA SECURITIZADORA DE CREDITOS FINANCEIROS I SA;Oferta Pública;Duplicata;Produto Encerrado
Formento Unitoken #32;Unitoken;06/12/2024;-224;R$ 0,00;;;R$ 0,00;;;;R$ 0,00;;;;0,0%;;"";;Formento Securitizadora S.A.;AMFI COMPANHIA SECURITIZADORA DE CREDITOS FINANCEIROS I SA;Oferta Pública;Duplicata;Produto Encerrado
DS Unitoken #19;Unitoken;06/12/2024;-224;R$ 0,00;;;R$ 0,00;;;;R$ 0,00;;;;0,0%;;"";;DS SECURITIZADORA S/A;AMFI COMPANHIA SECURITIZADORA DE CREDITOS FINANCEIROS I SA;Oferta Pública;Duplicata;Produto Encerrado
DS Unitoken #34;Unitoken;07/12/2024;-223;R$ 0,00;;;R$ 0,00;;;;R$ 0,00;;;;0,0%;;"";;DS SECURITIZADORA S/A;AMFI COMPANHIA SECURITIZADORA DE CREDITOS FINANCEIROS I SA;Oferta Pública;Duplicata;Cancelada
DS Unitoken #35;Unitoken;07/12/2024;-223;R$ 0,00;;;R$ 0,00;;;;R$ 0,00;;;;0,0%;;"";;DS SECURITIZADORA S/A;AMFI COMPANHIA SECURITIZADORA DE CREDITOS FINANCEIROS I SA;Oferta Pública;Duplicata;Produto Encerrado
AFA Unitoken #1;Unitoken;07/12/2024;-223;R$ 0,00;;;R$ 0,00;;;;R$ 0,00;;;;0,0%;;"";;AFA HIGH YIELD CREDIT OPPORTUNITY - FIDC;AMFI COMPANHIA SECURITIZADORA DE CREDITOS FINANCEIROS I SA;Oferta Pública;Duplicata;Produto Encerrado
OUB CAPITAL Unitoken #1;Unitoken;07/12/2024;-223;R$ 0,00;;;R$ 0,00;;;;R$ 0,00;;;;0,0%;;"";;OUB CAPITAL SA;AMFI COMPANHIA SECURITIZADORA DE CREDITOS FINANCEIROS I SA;Oferta Pública;Duplicata;Produto Encerrado
Learnbase Unitoken #46;Unitoken;09/12/2024;-221;R$ 0,00;;;R$ 0,00;;;;R$ 0,00;;;;0,0%;;"";;Learnbase Gestão e Consultoria Educacional S.A.;AMFI COMPANHIA SECURITIZADORA DE CREDITOS FINANCEIROS I SA;Oferta Pública;Duplicata;Produto Encerrado
Conecta Lá Unitoken #55;Unitoken;09/12/2024;-221;R$ 0,00;;;R$ 0,00;;;;R$ 0,00;;;;0,0%;;"";;FULL NINE DIGITAL CONSULTORIA S.A.;AMFI COMPANHIA SECURITIZADORA DE CREDITOS FINANCEIROS I SA;Oferta Pública;Duplicata;Produto Encerrado
Syntheo Unitoken #21;Unitoken;09/12/2024;-221;R$ 0,00;;;R$ 0,00;;;;R$ 0,00;;;;0,0%;;"";;SYNTHÉO SECURITIZADORA DE CRÉDITOS S.A.;AMFI COMPANHIA SECURITIZADORA DE CREDITOS FINANCEIROS I SA;Oferta Pública;Duplicata;Produto Encerrado
DS Unitoken #38;Unitoken;09/12/2024;-221;R$ 0,00;;;R$ 0,00;;;;R$ 0,00;;;;0,0%;;"";;DS SECURITIZADORA S/A;AMFI COMPANHIA SECURITIZADORA DE CREDITOS FINANCEIROS I SA;Oferta Pública;Duplicata;Produto Encerrado
Faighus Unitoken #1;Unitoken;10/12/2024;-220;R$ 0,00;;;R$ 0,00;;;;R$ 0,00;;;;0,0%;;"";;FAIGHUS SECURITIZADORA S.A.;AMFI COMPANHIA SECURITIZADORA DE CREDITOS FINANCEIROS I SA;Oferta Pública;Duplicata;Produto Encerrado
Formento Unitoken #23;Unitoken;10/12/2024;-220;R$ 0,00;;;R$ 0,00;;;;R$ 0,00;;;;0,0%;;"";;Formento Securitizadora S.A.;AMFI COMPANHIA SECURITIZADORA DE CREDITOS FINANCEIROS I SA;Oferta Pública;Duplicata;Produto Encerrado
Conecta Lá Unitoken #46;Unitoken;10/12/2024;-220;R$ 0,00;;;R$ 0,00;;;;R$ 0,00;;;;0,0%;;"";;FULL NINE DIGITAL CONSULTORIA S.A.;AMFI COMPANHIA SECURITIZADORA DE CREDITOS FINANCEIROS I SA;Oferta Pública;Duplicata;Produto Encerrado
DS Unitoken #18;Unitoken;11/12/2024;-219;R$ 0,00;;;R$ 0,00;;;;R$ 0,00;;;;0,0%;;"";;DS SECURITIZADORA S/A;AMFI COMPANHIA SECURITIZADORA DE CREDITOS FINANCEIROS I SA;Oferta Pública;Duplicata;Produto Encerrado
Formento Unitoken #12;Unitoken;11/12/2024;-219;R$ 0,00;;;R$ 0,00;;;;R$ 0,00;;;;0,0%;;"";;Formento Securitizadora S.A.;AMFI COMPANHIA SECURITIZADORA DE CREDITOS FINANCEIROS I SA;;Duplicata;
Click Antecipa Unitoken #33;Unitoken;12/12/2024;-218;R$ 0,00;;;R$ 0,00;;;;R$ 0,00;;;;0,0%;;"";;CLICK SECURITIZADORA S.A.;AMFI COMPANHIA SECURITIZADORA DE CREDITOS FINANCEIROS I SA;;Duplicata;
Formento Unitoken #25;Unitoken;12/12/2024;-218;R$ 0,00;;;R$ 0,00;;;;R$ 0,00;;;;0,0%;;"";;Formento Securitizadora S.A.;AMFI COMPANHIA SECURITIZADORA DE CREDITOS FINANCEIROS I SA;Oferta Pública;Duplicata;Produto Encerrado
Teddy  Unitoken #8;Unitoken;15/12/2024;-215;R$ 0,00;;;R$ 0,00;;;;R$ 0,00;;;;0,0%;;"";;TEDDY HUB DIGITAL LTDA;AMFI COMPANHIA SECURITIZADORA DE CREDITOS FINANCEIROS I SA;;Duplicata;
Lebasq Unitoken #15;Unitoken;15/12/2024;-215;R$ 0,00;;;R$ 0,00;;;;R$ 0,00;;;;0,0%;;"";;LEBASQ SECURITIZAÇÃO DE CRÉDITOS SA;AMFI COMPANHIA SECURITIZADORA DE CREDITOS FINANCEIROS I SA;;Duplicata;
Syntheo Unitoken #19;Unitoken;16/12/2024;-214;R$ 0,00;;;R$ 0,00;;;;R$ 0,00;;;;0,0%;;"";;SYNTHÉO SECURITIZADORA DE CRÉDITOS S.A.;AMFI COMPANHIA SECURITIZADORA DE CREDITOS FINANCEIROS I SA;Oferta Pública;Duplicata;Produto Encerrado
Syntheo Unitoken #17;Unitoken;16/12/2024;-214;R$ 0,00;;;R$ 0,00;;;;R$ 0,00;;;;0,0%;;"";;SYNTHÉO SECURITIZADORA DE CRÉDITOS S.A.;AMFI COMPANHIA SECURITIZADORA DE CREDITOS FINANCEIROS I SA;Oferta Pública;Duplicata;Produto Encerrado
Formento Unitoken #31;Unitoken;16/12/2024;-214;R$ 0,00;;;R$ 0,00;;;;R$ 0,00;;;;0,0%;;"";;Formento Securitizadora S.A.;AMFI COMPANHIA SECURITIZADORA DE CREDITOS FINANCEIROS I SA;Oferta Pública;Duplicata;Produto Encerrado
Valorem Unitoken #31;Unitoken;17/12/2024;-213;R$ 0,00;;;R$ 0,00;;;;R$ 0,00;;;;0,0%;;"";;Valorem Soluções Financeiras S.A;AMFI COMPANHIA SECURITIZADORA DE CREDITOS FINANCEIROS I SA;Oferta Pública;Duplicata;Produto Encerrado
Valorem Unitoken #30;Unitoken;17/12/2024;-213;R$ 0,00;;;R$ 0,00;;;;R$ 0,00;;;;0,0%;;"";;Valorem Soluções Financeiras S.A;AMFI COMPANHIA SECURITIZADORA DE CREDITOS FINANCEIROS I SA;Oferta Pública;Duplicata;Produto Encerrado
Click Antecipa Unitoken #69;Unitoken;17/12/2024;-213;R$ 0,00;;;R$ 0,00;;;;R$ 0,00;;;;0,0%;;"";;CLICK SECURITIZADORA S.A.;AMFI COMPANHIA SECURITIZADORA DE CREDITOS FINANCEIROS I SA;Oferta Pública;Duplicata;Produto Encerrado
Syntheo Unitoken #15;Unitoken;17/12/2024;-213;R$ 0,00;;;R$ 0,00;;;;R$ 0,00;;;;0,0%;;"";;SYNTHÉO SECURITIZADORA DE CRÉDITOS S.A.;AMFI COMPANHIA SECURITIZADORA DE CREDITOS FINANCEIROS I SA;Oferta Pública;Duplicata;Produto Encerrado
Click Antecipa Unitoken #70;Unitoken;17/12/2024;-213;R$ 0,00;;;R$ 0,00;;;;R$ 0,00;;;;0,0%;;"";;CLICK SECURITIZADORA S.A.;AMFI COMPANHIA SECURITIZADORA DE CREDITOS FINANCEIROS I SA;Oferta Pública;Duplicata;Produto Encerrado
Formento Unitoken #28;Unitoken;17/12/2024;-213;R$ 0,00;;;R$ 0,00;;;;R$ 0,00;;;;0,0%;;"";;Formento Securitizadora S.A.;AMFI COMPANHIA SECURITIZADORA DE CREDITOS FINANCEIROS I SA;Oferta Pública;Duplicata;Produto Encerrado
Formento Unitoken #17;Unitoken;18/12/2024;-212;R$ 0,00;;;R$ 0,00;;;;R$ 0,00;;;;0,0%;;"";;Formento Securitizadora S.A.;AMFI COMPANHIA SECURITIZADORA DE CREDITOS FINANCEIROS I SA;Oferta Pública;Duplicata;Produto Encerrado
Formento Unitoken #24;Unitoken;18/12/2024;-212;R$ 0,00;;;R$ 0,00;;;;R$ 0,00;;;;0,0%;;"";;Formento Securitizadora S.A.;AMFI COMPANHIA SECURITIZADORA DE CREDITOS FINANCEIROS I SA;Oferta Pública;Duplicata;Produto Encerrado
Formento Unitoken #16;Unitoken;18/12/2024;-212;R$ 0,00;;;R$ 0,00;;;;R$ 0,00;;;;0,0%;;"";;Formento Securitizadora S.A.;AMFI COMPANHIA SECURITIZADORA DE CREDITOS FINANCEIROS I SA;Oferta Pública;Duplicata;Produto Encerrado
Lebasq Unitoken #1;Unitoken;19/12/2024;-211;R$ 0,00;;;R$ 0,00;;;;R$ 0,00;;;;0,0%;;"";;LEBASQ SECURITIZAÇÃO DE CRÉDITOS SA;AMFI COMPANHIA SECURITIZADORA DE CREDITOS FINANCEIROS I SA;;Duplicata;
Allya #1;Pool;19/12/2024;-211;R$ 0,00;;;R$ 0,00;;;;R$ 0,00;;1,0%;;0,0%;;"";;ALLYA SERVIÇOS LTDA;AMFI REPRESENTAÇÃO OPERACIONAL LTDA;Oferta Privada;CCB;Produto Encerrado
Conecta Lá Unitoken #43;Unitoken;20/12/2024;-210;R$ 0,00;;;R$ 0,00;;;;R$ 0,00;;;;0,0%;;"";;FULL NINE DIGITAL CONSULTORIA S.A.;AMFI COMPANHIA SECURITIZADORA DE CREDITOS FINANCEIROS I SA;Oferta Pública;Duplicata;Produto Encerrado
Lebasq Unitoken #11;Unitoken;20/12/2024;-210;R$ 0,00;;;R$ 0,00;;;;R$ 0,00;;;;0,0%;;"";;LEBASQ SECURITIZAÇÃO DE CRÉDITOS SA;AMFI COMPANHIA SECURITIZADORA DE CREDITOS FINANCEIROS I SA;;Duplicata;
AFA Unitoken #3;Unitoken;20/12/2024;-210;R$ 0,00;;;R$ 0,00;;;;R$ 0,00;;;;0,0%;;"";;AFA HIGH YIELD CREDIT OPPORTUNITY - FIDC;AMFI COMPANHIA SECURITIZADORA DE CREDITOS FINANCEIROS I SA;Oferta Pública;Duplicata;Produto Encerrado
AFA Unitoken #5;Unitoken;20/12/2024;-210;R$ 0,00;;;R$ 0,00;;;;R$ 0,00;;;;0,0%;;"";;AFA HIGH YIELD CREDIT OPPORTUNITY - FIDC;AMFI COMPANHIA SECURITIZADORA DE CREDITOS FINANCEIROS I SA;Oferta Pública;Duplicata;Produto Encerrado
Formento Unitoken #30;Unitoken;20/12/2024;-210;R$ 0,00;;;R$ 0,00;;;;R$ 0,00;;;;0,0%;;"";;Formento Securitizadora S.A.;AMFI COMPANHIA SECURITIZADORA DE CREDITOS FINANCEIROS I SA;Oferta Pública;Duplicata;Produto Encerrado
AFA Unitoken #7;Unitoken;20/12/2024;-210;R$ 0,00;;;R$ 0,00;;;;R$ 0,00;;;;0,0%;;"";;AFA HIGH YIELD CREDIT OPPORTUNITY - FIDC;AMFI COMPANHIA SECURITIZADORA DE CREDITOS FINANCEIROS I SA;Oferta Pública;Duplicata;Produto Encerrado
AFA Unitoken #4;Unitoken;20/12/2024;-210;R$ 0,00;;;R$ 0,00;;;;R$ 0,00;;;;0,0%;;"";;AFA HIGH YIELD CREDIT OPPORTUNITY - FIDC;AMFI COMPANHIA SECURITIZADORA DE CREDITOS FINANCEIROS I SA;Oferta Pública;Duplicata;Produto Encerrado
AFA Unitoken #8;Unitoken;20/12/2024;-210;R$ 0,00;;;R$ 0,00;;;;R$ 0,00;;;;0,0%;;"";;AFA HIGH YIELD CREDIT OPPORTUNITY - FIDC;AMFI COMPANHIA SECURITIZADORA DE CREDITOS FINANCEIROS I SA;Oferta Pública;Duplicata;Produto Encerrado
Lebasq Unitoken #13;Unitoken;20/12/2024;-210;R$ 0,00;;;R$ 0,00;;;;R$ 0,00;;;;0,0%;;"";;LEBASQ SECURITIZAÇÃO DE CRÉDITOS SA;AMFI COMPANHIA SECURITIZADORA DE CREDITOS FINANCEIROS I SA;;Duplicata;
AFA Unitoken #2;Unitoken;21/12/2024;-209;R$ 0,00;;;R$ 0,00;;;;R$ 0,00;;;;0,0%;;"";;AFA HIGH YIELD CREDIT OPPORTUNITY - FIDC;AMFI COMPANHIA SECURITIZADORA DE CREDITOS FINANCEIROS I SA;Oferta Pública;Duplicata;Produto Encerrado
Conecta Lá Unitoken #53;Unitoken;21/12/2024;-209;R$ 0,00;;;R$ 0,00;;;;R$ 0,00;;;;0,0%;;"";;FULL NINE DIGITAL CONSULTORIA S.A.;AMFI COMPANHIA SECURITIZADORA DE CREDITOS FINANCEIROS I SA;Oferta Pública;Duplicata;Produto Encerrado
Digcap Pool #1;Pool;21/12/2024;-209;R$ 0,01;R$ 0,00;R$ 0,00;R$ 0,00;R$ 0,01;R$ 0,00;R$ 0,00;R$ 0,00;100,0%;10,0%;;0,0%;;Prazo máximo por ativo (dias), Concentração máx por sacado;;Digcap Intermediação de Créditos Judiciais Ltda	;;Oferta Privada;Ativo Judicial;Produto Encerrado
DS Unitoken #33;Unitoken;21/12/2024;-209;R$ 0,00;;;R$ 0,00;;;;R$ 0,00;;;;0,0%;;"";;DS SECURITIZADORA S/A;AMFI COMPANHIA SECURITIZADORA DE CREDITOS FINANCEIROS I SA;Oferta Pública;Duplicata;Produto Encerrado
Formento Unitoken #27;Unitoken;21/12/2024;-209;R$ 0,00;;;R$ 0,00;;;;R$ 0,00;;;;0,0%;;"";;Formento Securitizadora S.A.;AMFI COMPANHIA SECURITIZADORA DE CREDITOS FINANCEIROS I SA;Oferta Pública;Duplicata;Produto Encerrado
Formento Unitoken #21;Unitoken;23/12/2024;-207;R$ 0,00;;;R$ 0,00;;;;R$ 0,00;;;;0,0%;;"";;Formento Securitizadora S.A.;AMFI COMPANHIA SECURITIZADORA DE CREDITOS FINANCEIROS I SA;Oferta Pública;Duplicata;Produto Encerrado
Conecta Lá Unitoken #40;Unitoken;24/12/2024;-206;R$ 0,00;;;R$ 0,00;;;;R$ 0,00;;;;0,0%;;"";;FULL NINE DIGITAL CONSULTORIA S.A.;AMFI COMPANHIA SECURITIZADORA DE CREDITOS FINANCEIROS I SA;Oferta Pública;Duplicata;Produto Encerrado
Conecta Lá Unitoken #16;Unitoken;24/12/2024;-206;R$ 0,00;;;R$ 0,00;;;;R$ 0,00;;;;0,0%;;"";;FULL NINE DIGITAL CONSULTORIA S.A.;AMFI COMPANHIA SECURITIZADORA DE CREDITOS FINANCEIROS I SA;;Duplicata;
DS Unitoken #17;Unitoken;26/12/2024;-204;R$ 0,00;;;R$ 0,00;;;;R$ 0,00;;;;0,0%;;"";;DS SECURITIZADORA S/A;AMFI COMPANHIA SECURITIZADORA DE CREDITOS FINANCEIROS I SA;;Duplicata;
Lebasq Unitoken #12;Unitoken;27/12/2024;-203;R$ 0,00;;;R$ 0,00;;;;R$ 0,00;;;;0,0%;;"";;LEBASQ SECURITIZAÇÃO DE CRÉDITOS SA;AMFI COMPANHIA SECURITIZADORA DE CREDITOS FINANCEIROS I SA;;Duplicata;
Lebasq Unitoken #14;Unitoken;27/12/2024;-203;R$ 0,00;;;R$ 0,00;;;;R$ 0,00;;;;0,0%;;"";;LEBASQ SECURITIZAÇÃO DE CRÉDITOS SA;AMFI COMPANHIA SECURITIZADORA DE CREDITOS FINANCEIROS I SA;;Duplicata;
Syntheo Unitoken #23;Unitoken;28/12/2024;-202;R$ 0,00;;;R$ 0,00;;;;R$ 0,00;;;;0,0%;;"";;SYNTHÉO SECURITIZADORA DE CRÉDITOS S.A.;AMFI COMPANHIA SECURITIZADORA DE CREDITOS FINANCEIROS I SA;Oferta Pública;Duplicata;Produto Encerrado
DS Unitoken #36;Unitoken;28/12/2024;-202;R$ 0,00;;;R$ 0,00;;;;R$ 0,00;;;;0,0%;;"";;DS SECURITIZADORA S/A;AMFI COMPANHIA SECURITIZADORA DE CREDITOS FINANCEIROS I SA;Oferta Pública;Duplicata;Produto Encerrado
Lebasq Unitoken #18;Unitoken;29/12/2024;-201;R$ 0,00;;;R$ 0,00;;;;R$ 0,00;;;;0,0%;;"";;LEBASQ SECURITIZAÇÃO DE CRÉDITOS SA;AMFI COMPANHIA SECURITIZADORA DE CREDITOS FINANCEIROS I SA;Oferta Pública;Duplicata;Produto Encerrado
Lebasq Unitoken #19;Unitoken;29/12/2024;-201;R$ 0,00;;;R$ 0,00;;;;R$ 0,00;;;;0,0%;;"";;LEBASQ SECURITIZAÇÃO DE CRÉDITOS SA;AMFI COMPANHIA SECURITIZADORA DE CREDITOS FINANCEIROS I SA;Oferta Pública;Duplicata;Produto Encerrado
Lebasq Unitoken #20;Unitoken;30/12/2024;-200;R$ 0,00;;;R$ 0,00;;;;R$ 0,00;;;;0,0%;;"";;LEBASQ SECURITIZAÇÃO DE CRÉDITOS SA;AMFI COMPANHIA SECURITIZADORA DE CREDITOS FINANCEIROS I SA;Oferta Pública;Duplicata;Produto Encerrado
Lebasq Unitoken #16;Unitoken;30/12/2024;-200;R$ 0,00;;;R$ 0,00;;;;R$ 0,00;;;;0,0%;;"";;LEBASQ SECURITIZAÇÃO DE CRÉDITOS SA;AMFI COMPANHIA SECURITIZADORA DE CREDITOS FINANCEIROS I SA;;Duplicata;
Lebasq Unitoken #21;Unitoken;30/12/2024;-200;R$ 0,00;;;R$ 0,00;;;;R$ 0,00;;;;0,0%;;"";;LEBASQ SECURITIZAÇÃO DE CRÉDITOS SA;AMFI COMPANHIA SECURITIZADORA DE CREDITOS FINANCEIROS I SA;Oferta Pública;Duplicata;Produto Encerrado
C4 Unitoken #39;Unitoken;30/12/2024;-200;R$ 0,00;;;R$ 0,00;;;;R$ 0,00;;;;0,0%;;"";;C4 CAPITAL SECURITIZADORA S/A;AMFI COMPANHIA SECURITIZADORA DE CREDITOS FINANCEIROS I SA;Oferta Pública;Duplicata;Produto Encerrado
Audax Capital Unitoken #4;Unitoken;30/12/2024;-200;R$ 0,00;;;R$ 0,00;;;;R$ 0,00;;;;0,0%;;"";;AUDAX CAPITAL SECURITIZADORA S.A;AMFI COMPANHIA SECURITIZADORA DE CREDITOS FINANCEIROS I SA;Oferta Pública;Duplicata;Produto Encerrado
AFA Unitoken #10;Unitoken;01/01/2025;-198;R$ 0,00;;;R$ 0,00;;;;R$ 0,00;;;;0,0%;;"";;AFA HIGH YIELD CREDIT OPPORTUNITY - FIDC;AMFI COMPANHIA SECURITIZADORA DE CREDITOS FINANCEIROS I SA;Oferta Pública;Duplicata;Produto Encerrado
Conecta Lá Unitoken #50;Unitoken;01/01/2025;-198;R$ 0,00;;;R$ 0,00;;;;R$ 0,00;;;;0,0%;;"";;FULL NINE DIGITAL CONSULTORIA S.A.;AMFI COMPANHIA SECURITIZADORA DE CREDITOS FINANCEIROS I SA;Oferta Pública;Duplicata;Produto Encerrado
AFA Unitoken #9;Unitoken;01/01/2025;-198;R$ 0,00;;;R$ 0,00;;;;R$ 0,00;;;;0,0%;;"";;AFA HIGH YIELD CREDIT OPPORTUNITY - FIDC;AMFI COMPANHIA SECURITIZADORA DE CREDITOS FINANCEIROS I SA;Oferta Pública;Duplicata;Produto Encerrado
AFA Unitoken #11;Unitoken;01/01/2025;-198;R$ 0,00;;;R$ 0,00;;;;R$ 0,00;;;;0,0%;;"";;AFA HIGH YIELD CREDIT OPPORTUNITY - FIDC;AMFI COMPANHIA SECURITIZADORA DE CREDITOS FINANCEIROS I SA;Oferta Pública;Duplicata;Produto Encerrado
Learnbase Unitoken #36;Unitoken;01/01/2025;-198;R$ 0,00;;;R$ 0,00;;;;R$ 0,00;;;;0,0%;;"";;Learnbase Gestão e Consultoria Educacional S.A.;AMFI COMPANHIA SECURITIZADORA DE CREDITOS FINANCEIROS I SA;Oferta Pública;Duplicata;Produto Encerrado
Lebasq Unitoken #2;Unitoken;02/01/2025;-197;R$ 0,00;;;R$ 0,00;;;;R$ 0,00;;;;0,0%;;"";;LEBASQ SECURITIZAÇÃO DE CRÉDITOS SA;AMFI COMPANHIA SECURITIZADORA DE CREDITOS FINANCEIROS I SA;;Duplicata;
AFA Unitoken #12;Unitoken;02/01/2025;-197;R$ 0,00;;;R$ 0,00;;;;R$ 0,00;;;;0,0%;;"";;AFA HIGH YIELD CREDIT OPPORTUNITY - FIDC;AMFI COMPANHIA SECURITIZADORA DE CREDITOS FINANCEIROS I SA;Oferta Pública;Duplicata;Produto Encerrado
Click Antecipa Unitoken #71;Unitoken;03/01/2025;-196;R$ 0,00;;;R$ 0,00;;;;R$ 0,00;;;;0,0%;;"";;CLICK SECURITIZADORA S.A.;AMFI COMPANHIA SECURITIZADORA DE CREDITOS FINANCEIROS I SA;Oferta Pública;Duplicata;Produto Encerrado
Conecta Lá Unitoken #44;Unitoken;05/01/2025;-194;R$ 0,00;;;R$ 0,00;;;;R$ 0,00;;;;0,0%;;"";;FULL NINE DIGITAL CONSULTORIA S.A.;AMFI COMPANHIA SECURITIZADORA DE CREDITOS FINANCEIROS I SA;Oferta Pública;Duplicata;Produto Encerrado
Syntheo Unitoken #29;Unitoken;05/01/2025;-194;R$ 0,00;;;R$ 0,00;;;;R$ 0,00;;;;0,0%;;"";;SYNTHÉO SECURITIZADORA DE CRÉDITOS S.A.;AMFI COMPANHIA SECURITIZADORA DE CREDITOS FINANCEIROS I SA;Oferta Pública;Duplicata;Produto Encerrado
Click Antecipa Unitoken #55;Unitoken;06/01/2025;-193;R$ 0,00;;;R$ 0,00;;;;R$ 0,00;;;;0,0%;;"";;CLICK SECURITIZADORA S.A.;AMFI COMPANHIA SECURITIZADORA DE CREDITOS FINANCEIROS I SA;;Duplicata;
Click Antecipa Unitoken #73;Unitoken;06/01/2025;-193;R$ 0,00;;;R$ 0,00;;;;R$ 0,00;;;;0,0%;;"";;CLICK SECURITIZADORA S.A.;AMFI COMPANHIA SECURITIZADORA DE CREDITOS FINANCEIROS I SA;Oferta Pública;Duplicata;Produto Encerrado
Click Antecipa Unitoken #79;Unitoken;06/01/2025;-193;R$ 0,00;;;R$ 0,00;;;;R$ 0,00;;;;0,0%;;"";;CLICK SECURITIZADORA S.A.;AMFI COMPANHIA SECURITIZADORA DE CREDITOS FINANCEIROS I SA;Oferta Pública;Duplicata;Produto Encerrado
OUB CAPITAL Unitoken #3;Unitoken;06/01/2025;-193;R$ 0,00;;;R$ 0,00;;;;R$ 0,00;;;;0,0%;;"";;OUB CAPITAL SA;AMFI COMPANHIA SECURITIZADORA DE CREDITOS FINANCEIROS I SA;Oferta Pública;Duplicata;Produto Encerrado
Allya #2;Pool;06/01/2025;-193;R$ 0,00;;;R$ 0,00;;;;R$ 0,00;;1,0%;;0,0%;;"";;ALLYA SERVIÇOS LTDA;AMFI REPRESENTAÇÃO OPERACIONAL LTDA;Oferta Privada;CCB;Produto Encerrado
Conecta Lá Unitoken #67;Unitoken;06/01/2025;-193;R$ 0,00;;;R$ 0,00;;;;R$ 0,00;;;;0,0%;;"";;FULL NINE DIGITAL CONSULTORIA S.A.;AMFI COMPANHIA SECURITIZADORA DE CREDITOS FINANCEIROS I SA;Oferta Pública;Duplicata;Produto Encerrado
Faighus Unitoken #2;Unitoken;06/01/2025;-193;R$ 0,00;;;R$ 0,00;;;;R$ 0,00;;;;0,0%;;"";;FAIGHUS SECURITIZADORA S.A.;AMFI COMPANHIA SECURITIZADORA DE CREDITOS FINANCEIROS I SA;Oferta Pública;Duplicata;Produto Encerrado
Conecta Lá Unitoken #48;Unitoken;06/01/2025;-193;R$ 0,00;;;R$ 0,00;;;;R$ 0,00;;;;0,0%;;"";;FULL NINE DIGITAL CONSULTORIA S.A.;AMFI COMPANHIA SECURITIZADORA DE CREDITOS FINANCEIROS I SA;Oferta Pública;Duplicata;Produto Encerrado
Click Antecipa Unitoken #60;Unitoken;06/01/2025;-193;R$ 0,00;;;R$ 0,00;;;;R$ 0,00;;;;0,0%;;"";;CLICK SECURITIZADORA S.A.;AMFI COMPANHIA SECURITIZADORA DE CREDITOS FINANCEIROS I SA;Oferta Pública;Duplicata;Produto Encerrado
AFA Unitoken #13;Unitoken;07/01/2025;-192;R$ 0,00;;;R$ 0,00;;;;R$ 0,00;;;;0,0%;;"";;AFA HIGH YIELD CREDIT OPPORTUNITY - FIDC;AMFI COMPANHIA SECURITIZADORA DE CREDITOS FINANCEIROS I SA;Oferta Pública;Duplicata;Produto Encerrado
DS Unitoken #26;Unitoken;07/01/2025;-192;R$ 0,00;;;R$ 0,00;;;;R$ 0,00;;;;0,0%;;"";;DS SECURITIZADORA S/A;AMFI COMPANHIA SECURITIZADORA DE CREDITOS FINANCEIROS I SA;Oferta Pública;Duplicata;Produto Encerrado
Syntheo Unitoken #30;Unitoken;07/01/2025;-192;R$ 0,00;;;R$ 0,00;;;;R$ 0,00;;;;0,0%;;"";;SYNTHÉO SECURITIZADORA DE CRÉDITOS S.A.;AMFI COMPANHIA SECURITIZADORA DE CREDITOS FINANCEIROS I SA;Oferta Pública;Duplicata;Produto Encerrado
DS Unitoken #30;Unitoken;08/01/2025;-191;R$ 0,00;;;R$ 0,00;;;;R$ 0,00;;;;0,0%;;"";;DS SECURITIZADORA S/A;AMFI COMPANHIA SECURITIZADORA DE CREDITOS FINANCEIROS I SA;Oferta Pública;Duplicata;Cancelada
Syntheo Unitoken #31;Unitoken;08/01/2025;-191;R$ 0,00;;;R$ 0,00;;;;R$ 0,00;;;;0,0%;;"";;SYNTHÉO SECURITIZADORA DE CRÉDITOS S.A.;AMFI COMPANHIA SECURITIZADORA DE CREDITOS FINANCEIROS I SA;Oferta Pública;Duplicata;Produto Encerrado
DS Unitoken #31;Unitoken;08/01/2025;-191;R$ 0,00;;;R$ 0,00;;;;R$ 0,00;;;;0,0%;;"";;DS SECURITIZADORA S/A;AMFI COMPANHIA SECURITIZADORA DE CREDITOS FINANCEIROS I SA;Oferta Pública;Duplicata;Produto Encerrado
DS Unitoken #43;Unitoken;09/01/2025;-190;R$ 0,00;;;R$ 0,00;;;;R$ 0,00;;;;0,0%;;"";;DS SECURITIZADORA S/A;AMFI COMPANHIA SECURITIZADORA DE CREDITOS FINANCEIROS I SA;Oferta Pública;Duplicata;Produto Encerrado
Conecta Lá Unitoken #65;Unitoken;09/01/2025;-190;R$ 0,00;;;R$ 0,00;;;;R$ 0,00;;;;0,0%;;"";;FULL NINE DIGITAL CONSULTORIA S.A.;AMFI COMPANHIA SECURITIZADORA DE CREDITOS FINANCEIROS I SA;Oferta Pública;Duplicata;Produto Encerrado
Conecta Lá Unitoken #66;Unitoken;09/01/2025;-190;R$ 0,00;;;R$ 0,00;;;;R$ 0,00;;;;0,0%;;"";;FULL NINE DIGITAL CONSULTORIA S.A.;AMFI COMPANHIA SECURITIZADORA DE CREDITOS FINANCEIROS I SA;Oferta Pública;Duplicata;Produto Encerrado
Conecta Lá Unitoken #68;Unitoken;09/01/2025;-190;R$ 0,00;;;R$ 0,00;;;;R$ 0,00;;;;0,0%;;"";;FULL NINE DIGITAL CONSULTORIA S.A.;AMFI COMPANHIA SECURITIZADORA DE CREDITOS FINANCEIROS I SA;Oferta Pública;Duplicata;Produto Encerrado
Formento Unitoken #36;Unitoken;09/01/2025;-190;R$ 0,00;;;R$ 0,00;;;;R$ 0,00;;;;0,0%;;"";;Formento Securitizadora S.A.;AMFI COMPANHIA SECURITIZADORA DE CREDITOS FINANCEIROS I SA;Oferta Pública;Duplicata;Produto Encerrado
Syntheo Unitoken #32;Unitoken;10/01/2025;-189;R$ 0,00;;;R$ 0,00;;;;R$ 0,00;;;;0,0%;;"";;SYNTHÉO SECURITIZADORA DE CRÉDITOS S.A.;AMFI COMPANHIA SECURITIZADORA DE CREDITOS FINANCEIROS I SA;Oferta Pública;Duplicata;Produto Encerrado
Descontanet Unitoken #2;Unitoken;10/01/2025;-189;R$ 0,00;;;R$ 0,00;;;;R$ 0,00;;;;0,0%;;"";;DESCONTANET SECURITIZADORA S.A.;AMFI COMPANHIA SECURITIZADORA DE CREDITOS FINANCEIROS I SA;Oferta Pública;Duplicata;Produto Encerrado
Conecta Lá Unitoken #49;Unitoken;10/01/2025;-189;R$ 0,00;;;R$ 0,00;;;;R$ 0,00;;;;0,0%;;"";;FULL NINE DIGITAL CONSULTORIA S.A.;AMFI COMPANHIA SECURITIZADORA DE CREDITOS FINANCEIROS I SA;Oferta Pública;Duplicata;Produto Encerrado
Formento Unitoken #38;Unitoken;10/01/2025;-189;R$ 0,00;;;R$ 0,00;;;;R$ 0,00;;;;0,0%;;"";;Formento Securitizadora S.A.;AMFI COMPANHIA SECURITIZADORA DE CREDITOS FINANCEIROS I SA;Oferta Pública;Duplicata;Produto Encerrado
Lebasq Unitoken #31;Unitoken;10/01/2025;-189;R$ 0,00;;;R$ 0,00;;;;R$ 0,00;;;;0,0%;;"";;LEBASQ SECURITIZAÇÃO DE CRÉDITOS SA;AMFI COMPANHIA SECURITIZADORA DE CREDITOS FINANCEIROS I SA;Oferta Pública;Duplicata;Produto Encerrado
Syntheo Unitoken #24;Unitoken;13/01/2025;-186;R$ 0,00;;;R$ 0,00;;;;R$ 0,00;;;;0,0%;;"";;SYNTHÉO SECURITIZADORA DE CRÉDITOS S.A.;AMFI COMPANHIA SECURITIZADORA DE CREDITOS FINANCEIROS I SA;Oferta Pública;Duplicata;Produto Encerrado
Formento Unitoken #39;Unitoken;13/01/2025;-186;R$ 0,00;;;R$ 0,00;;;;R$ 0,00;;;;0,0%;;"";;Formento Securitizadora S.A.;AMFI COMPANHIA SECURITIZADORA DE CREDITOS FINANCEIROS I SA;Oferta Pública;Duplicata;Produto Encerrado
Click Antecipa Unitoken #82;Unitoken;13/01/2025;-186;R$ 0,00;;;R$ 0,00;;;;R$ 0,00;;;;0,0%;;"";;CLICK SECURITIZADORA S.A.;AMFI COMPANHIA SECURITIZADORA DE CREDITOS FINANCEIROS I SA;Oferta Pública;Duplicata;Produto Encerrado
AFA Unitoken #17;Unitoken;14/01/2025;-185;R$ 0,00;;;R$ 0,00;;;;R$ 0,00;;;;0,0%;;"";;AFA HIGH YIELD CREDIT OPPORTUNITY - FIDC;AMFI COMPANHIA SECURITIZADORA DE CREDITOS FINANCEIROS I SA;Oferta Pública;Duplicata;Cancelada
DS Unitoken #42;Unitoken;14/01/2025;-185;R$ 0,00;;;R$ 0,00;;;;R$ 0,00;;;;0,0%;;"";;DS SECURITIZADORA S/A;AMFI COMPANHIA SECURITIZADORA DE CREDITOS FINANCEIROS I SA;Oferta Pública;Duplicata;Produto Encerrado
Syntheo Unitoken #33;Unitoken;14/01/2025;-185;R$ 0,00;;;R$ 0,00;;;;R$ 0,00;;;;0,0%;;"";;SYNTHÉO SECURITIZADORA DE CRÉDITOS S.A.;AMFI COMPANHIA SECURITIZADORA DE CREDITOS FINANCEIROS I SA;Oferta Pública;Duplicata;Produto Encerrado
Audax Capital Unitoken #9;Unitoken;14/01/2025;-185;R$ 0,00;;;R$ 0,00;;;;R$ 0,00;;;;0,0%;;"";;AUDAX CAPITAL SECURITIZADORA S.A;AMFI COMPANHIA SECURITIZADORA DE CREDITOS FINANCEIROS I SA;Oferta Pública;Duplicata;Produto Encerrado
a55 Consultoria em Credito Ltda. Unitoken #1;Unitoken;15/01/2025;-184;R$ 0,00;;;R$ 0,00;;;;R$ 0,00;;;;0,0%;;"";;a55 Consultoria em Credito Ltda.;AMFI COMPANHIA SECURITIZADORA DE CREDITOS FINANCEIROS I SA;Oferta Pública;Duplicata;Produto Encerrado
Teddy  Unitoken #9;Unitoken;15/01/2025;-184;R$ 0,00;;;R$ 0,00;;;;R$ 0,00;;;;0,0%;;"";;TEDDY HUB DIGITAL LTDA;AMFI COMPANHIA SECURITIZADORA DE CREDITOS FINANCEIROS I SA;;Duplicata;
Lebasq Unitoken #28;Unitoken;15/01/2025;-184;R$ 0,00;;;R$ 0,00;;;;R$ 0,00;;;;0,0%;;"";;LEBASQ SECURITIZAÇÃO DE CRÉDITOS SA;AMFI COMPANHIA SECURITIZADORA DE CREDITOS FINANCEIROS I SA;Oferta Pública;Duplicata;Produto Encerrado
Audax Capital Unitoken #5;Unitoken;15/01/2025;-184;R$ 0,00;;;R$ 0,00;;;;R$ 0,00;;;;0,0%;;"";;AUDAX CAPITAL SECURITIZADORA S.A;AMFI COMPANHIA SECURITIZADORA DE CREDITOS FINANCEIROS I SA;Oferta Pública;Duplicata;Produto Encerrado
DS Unitoken #22;Unitoken;16/01/2025;-183;R$ 0,00;;;R$ 0,00;;;;R$ 0,00;;;;0,0%;;"";;DS SECURITIZADORA S/A;AMFI COMPANHIA SECURITIZADORA DE CREDITOS FINANCEIROS I SA;Oferta Pública;Duplicata;Produto Encerrado
DS Unitoken #23;Unitoken;16/01/2025;-183;R$ 0,00;;;R$ 0,00;;;;R$ 0,00;;;;0,0%;;"";;DS SECURITIZADORA S/A;AMFI COMPANHIA SECURITIZADORA DE CREDITOS FINANCEIROS I SA;Oferta Pública;Duplicata;Produto Encerrado
Formento Unitoken #40;Unitoken;16/01/2025;-183;R$ 0,00;;;R$ 0,00;;;;R$ 0,00;;;;0,0%;;"";;Formento Securitizadora S.A.;AMFI COMPANHIA SECURITIZADORA DE CREDITOS FINANCEIROS I SA;Oferta Pública;Duplicata;Produto Encerrado
DS Unitoken #44;Unitoken;16/01/2025;-183;R$ 0,00;;;R$ 0,00;;;;R$ 0,00;;;;0,0%;;"";;DS SECURITIZADORA S/A;AMFI COMPANHIA SECURITIZADORA DE CREDITOS FINANCEIROS I SA;Oferta Pública;Duplicata;Produto Encerrado
DS Unitoken #16;Unitoken;16/01/2025;-183;R$ 0,00;;;R$ 0,00;;;;R$ 0,00;;;;0,0%;;"";;DS SECURITIZADORA S/A;AMFI COMPANHIA SECURITIZADORA DE CREDITOS FINANCEIROS I SA;;Duplicata;
Click Antecipa Unitoken #64;Unitoken;16/01/2025;-183;R$ 0,00;;;R$ 0,00;;;;R$ 0,00;;;;0,0%;;"";;CLICK SECURITIZADORA S.A.;AMFI COMPANHIA SECURITIZADORA DE CREDITOS FINANCEIROS I SA;Oferta Pública;Duplicata;Produto Encerrado
DS Unitoken #41;Unitoken;17/01/2025;-182;R$ 0,00;R$ 0,00;R$ 0,00;R$ 0,00;R$ 0,00;;;R$ 0,00;;;;0,0%;;"";;DS SECURITIZADORA S/A;AMFI COMPANHIA SECURITIZADORA DE CREDITOS FINANCEIROS I SA;Oferta Pública;Duplicata;Produto Encerrado
DS Unitoken #32;Unitoken;17/01/2025;-182;R$ 0,00;;;R$ 0,00;;;;R$ 0,00;;;;0,0%;;"";;DS SECURITIZADORA S/A;AMFI COMPANHIA SECURITIZADORA DE CREDITOS FINANCEIROS I SA;Oferta Pública;Duplicata;Produto Encerrado
Rezultz Unitoken #1;Unitoken;17/01/2025;-182;R$ 0,00;;;R$ 0,00;;;;R$ 0,00;;;;0,0%;;"";;Padova Securitizadora S.A;AMFI COMPANHIA SECURITIZADORA DE CREDITOS FINANCEIROS I SA;Oferta Pública;Duplicata;Produto Encerrado
Conecta Lá Unitoken #63;Unitoken;18/01/2025;-181;R$ 0,00;;;R$ 0,00;;;;R$ 0,00;;;;0,0%;;"";;FULL NINE DIGITAL CONSULTORIA S.A.;AMFI COMPANHIA SECURITIZADORA DE CREDITOS FINANCEIROS I SA;Oferta Pública;Duplicata;Produto Encerrado
Lebasq Unitoken #9;Unitoken;18/01/2025;-181;R$ 0,00;;;R$ 0,00;;;;R$ 0,00;;;;0,0%;;"";;LEBASQ SECURITIZAÇÃO DE CRÉDITOS SA;AMFI COMPANHIA SECURITIZADORA DE CREDITOS FINANCEIROS I SA;;Duplicata;
Conecta Lá Unitoken #64;Unitoken;18/01/2025;-181;R$ 0,00;;;R$ 0,00;;;;R$ 0,00;;;;0,0%;;"";;FULL NINE DIGITAL CONSULTORIA S.A.;AMFI COMPANHIA SECURITIZADORA DE CREDITOS FINANCEIROS I SA;Oferta Pública;Duplicata;Produto Encerrado
Syntheo Unitoken #27;Unitoken;19/01/2025;-180;R$ 0,00;;;R$ 0,00;;;;R$ 0,00;;;;0,0%;;"";;SYNTHÉO SECURITIZADORA DE CRÉDITOS S.A.;AMFI COMPANHIA SECURITIZADORA DE CREDITOS FINANCEIROS I SA;Oferta Pública;Duplicata;Produto Encerrado
Syntheo Unitoken #25;Unitoken;19/01/2025;-180;R$ 0,00;;;R$ 0,00;;;;R$ 0,00;;;;0,0%;;"";;SYNTHÉO SECURITIZADORA DE CRÉDITOS S.A.;AMFI COMPANHIA SECURITIZADORA DE CREDITOS FINANCEIROS I SA;Oferta Pública;Duplicata;Produto Encerrado
Conecta Lá Unitoken #71;Unitoken;20/01/2025;-179;R$ 0,00;;;R$ 0,00;;;;R$ 0,00;;;;0,0%;;"";;FULL NINE DIGITAL CONSULTORIA S.A.;AMFI COMPANHIA SECURITIZADORA DE CREDITOS FINANCEIROS I SA;Oferta Pública;Duplicata;Produto Encerrado
DS Unitoken #40;Unitoken;20/01/2025;-179;R$ 0,00;R$ 118,76;R$ 0,00;R$ 0,00;R$ 0,00;;R$ 0,00;R$ 0,00;;;;0,0%;;"";;DS SECURITIZADORA S/A;AMFI COMPANHIA SECURITIZADORA DE CREDITOS FINANCEIROS I SA;Oferta Pública;Duplicata;Produto Encerrado
Audax Capital Unitoken #3;Unitoken;20/01/2025;-179;R$ 0,00;;;R$ 0,00;;;;R$ 0,00;;;;0,0%;;"";;AUDAX CAPITAL SECURITIZADORA S.A;AMFI COMPANHIA SECURITIZADORA DE CREDITOS FINANCEIROS I SA;;Duplicata;
Formento Unitoken #26;Unitoken;20/01/2025;-179;R$ 0,00;;;R$ 0,00;;;;R$ 0,00;;;;0,0%;;"";;Formento Securitizadora S.A.;AMFI COMPANHIA SECURITIZADORA DE CREDITOS FINANCEIROS I SA;Oferta Pública;Duplicata;Produto Encerrado
Conecta Lá Unitoken #72;Unitoken;21/01/2025;-178;R$ 0,00;;;R$ 0,00;;;;R$ 0,00;;;;0,0%;;"";;FULL NINE DIGITAL CONSULTORIA S.A.;AMFI COMPANHIA SECURITIZADORA DE CREDITOS FINANCEIROS I SA;Oferta Pública;Duplicata;Produto Encerrado
Formento Unitoken #34;Unitoken;21/01/2025;-178;R$ 0,00;;;R$ 0,00;;;;R$ 0,00;;;;0,0%;;"";;Formento Securitizadora S.A.;AMFI COMPANHIA SECURITIZADORA DE CREDITOS FINANCEIROS I SA;Oferta Pública;Duplicata;Produto Encerrado
Syntheo Unitoken #26;Unitoken;21/01/2025;-178;R$ 0,00;;;R$ 0,00;;;;R$ 0,00;;;;0,0%;;"";;SYNTHÉO SECURITIZADORA DE CRÉDITOS S.A.;AMFI COMPANHIA SECURITIZADORA DE CREDITOS FINANCEIROS I SA;Oferta Pública;Duplicata;Produto Encerrado
Faighus Unitoken #3;Unitoken;21/01/2025;-178;R$ 0,00;;;R$ 0,00;;;;R$ 0,00;;;;0,0%;;"";;FAIGHUS SECURITIZADORA S.A.;AMFI COMPANHIA SECURITIZADORA DE CREDITOS FINANCEIROS I SA;Oferta Pública;Duplicata;Produto Encerrado
Conecta Lá Unitoken #73;Unitoken;21/01/2025;-178;R$ 0,00;;;R$ 0,00;;;;R$ 0,00;;;;0,0%;;"";;FULL NINE DIGITAL CONSULTORIA S.A.;AMFI COMPANHIA SECURITIZADORA DE CREDITOS FINANCEIROS I SA;Oferta Pública;Duplicata;Produto Encerrado
Lebasq Unitoken #24;Unitoken;21/01/2025;-178;R$ 0,00;;;R$ 0,00;;;;R$ 0,00;;;;0,0%;;"";;LEBASQ SECURITIZAÇÃO DE CRÉDITOS SA;AMFI COMPANHIA SECURITIZADORA DE CREDITOS FINANCEIROS I SA;Oferta Pública;Duplicata;Produto Encerrado
Click Antecipa Unitoken #66;Unitoken;21/01/2025;-178;R$ 0,00;;;R$ 0,00;;;;R$ 0,00;;;;0,0%;;"";;CLICK SECURITIZADORA S.A.;AMFI COMPANHIA SECURITIZADORA DE CREDITOS FINANCEIROS I SA;Oferta Pública;Duplicata;Produto Encerrado
Conecta Lá Unitoken #56;Unitoken;23/01/2025;-176;R$ 0,00;;;R$ 0,00;;;;R$ 0,00;;;;0,0%;;"";;FULL NINE DIGITAL CONSULTORIA S.A.;AMFI COMPANHIA SECURITIZADORA DE CREDITOS FINANCEIROS I SA;Oferta Pública;Duplicata;Produto Encerrado
Rezultz Unitoken #2;Unitoken;23/01/2025;-176;R$ 0,00;;;R$ 0,00;;;;R$ 0,00;;;;0,0%;;"";;Padova Securitizadora S.A;AMFI COMPANHIA SECURITIZADORA DE CREDITOS FINANCEIROS I SA;Oferta Pública;Duplicata;Produto Encerrado
UnionNational Pool #2;Pool;24/01/2025;-175;R$ 0,00;;;R$ 0,00;;R$ 0,00;;R$ 0,00;100,0%;20,0%;;0,0%;;"";;SECURITIZADORA DE CRÉDITOS FINANCEIROS S.A.;;Oferta Pública;Duplicata;Produto Encerrado
Conecta Lá Unitoken #54;Unitoken;24/01/2025;-175;R$ 0,00;;;R$ 0,00;;;;R$ 0,00;;;;0,0%;;"";;FULL NINE DIGITAL CONSULTORIA S.A.;AMFI COMPANHIA SECURITIZADORA DE CREDITOS FINANCEIROS I SA;Oferta Pública;Duplicata;Produto Encerrado
Conecta Lá Unitoken #18;Unitoken;24/01/2025;-175;R$ 0,00;;;R$ 0,00;;;;R$ 0,00;;;;0,0%;;"";;FULL NINE DIGITAL CONSULTORIA S.A.;AMFI COMPANHIA SECURITIZADORA DE CREDITOS FINANCEIROS I SA;;Duplicata;
Conecta Lá Unitoken #69;Unitoken;24/01/2025;-175;R$ 0,00;;;R$ 0,00;;;;R$ 0,00;;;;0,0%;;"";;FULL NINE DIGITAL CONSULTORIA S.A.;AMFI COMPANHIA SECURITIZADORA DE CREDITOS FINANCEIROS I SA;Oferta Pública;Duplicata;Produto Encerrado
Conecta Lá Unitoken #52;Unitoken;24/01/2025;-175;R$ 0,00;;;R$ 0,00;;;;R$ 0,00;;;;0,0%;;"";;FULL NINE DIGITAL CONSULTORIA S.A.;AMFI COMPANHIA SECURITIZADORA DE CREDITOS FINANCEIROS I SA;Oferta Pública;Duplicata;Cancelada
Conecta Lá Unitoken #42;Unitoken;25/01/2025;-174;R$ 0,00;;;R$ 0,00;;;;R$ 0,00;;;;0,0%;;"";;FULL NINE DIGITAL CONSULTORIA S.A.;AMFI COMPANHIA SECURITIZADORA DE CREDITOS FINANCEIROS I SA;Oferta Pública;Duplicata;Produto Encerrado
DS Unitoken #37;Unitoken;25/01/2025;-174;R$ 0,00;;;R$ 0,00;;;;R$ 0,00;;;;0,0%;;"";;DS SECURITIZADORA S/A;AMFI COMPANHIA SECURITIZADORA DE CREDITOS FINANCEIROS I SA;Oferta Pública;Duplicata;Produto Encerrado
Click Antecipa Unitoken #56;Unitoken;26/01/2025;-173;R$ 0,00;;;R$ 0,00;;;;R$ 0,00;;;;0,0%;;"";;CLICK SECURITIZADORA S.A.;AMFI COMPANHIA SECURITIZADORA DE CREDITOS FINANCEIROS I SA;Oferta Pública;Duplicata;Produto Encerrado
Click Antecipa Unitoken #75;Unitoken;27/01/2025;-172;R$ 0,00;;;R$ 0,00;;;;R$ 0,00;;;;0,0%;;"";;CLICK SECURITIZADORA S.A.;AMFI COMPANHIA SECURITIZADORA DE CREDITOS FINANCEIROS I SA;Oferta Pública;Duplicata;Produto Encerrado
Syntheo Unitoken #28;Unitoken;28/01/2025;-171;R$ 0,00;;;R$ 0,00;;;;R$ 0,00;;;;0,0%;;"";;SYNTHÉO SECURITIZADORA DE CRÉDITOS S.A.;AMFI COMPANHIA SECURITIZADORA DE CREDITOS FINANCEIROS I SA;Oferta Pública;Duplicata;Produto Encerrado
C4 Unitoken #38;Unitoken;28/01/2025;-171;R$ 0,00;;;R$ 0,00;;;;R$ 0,00;;;;0,0%;;"";;C4 CAPITAL SECURITIZADORA S/A;AMFI COMPANHIA SECURITIZADORA DE CREDITOS FINANCEIROS I SA;Oferta Pública;Duplicata;Produto Encerrado
Descontanet Unitoken #1;Unitoken;29/01/2025;-170;R$ 0,00;;;R$ 0,00;;;;R$ 0,00;;;;0,0%;;"";;DESCONTANET SECURITIZADORA S.A.;AMFI COMPANHIA SECURITIZADORA DE CREDITOS FINANCEIROS I SA;Oferta Pública;Duplicata;Produto Encerrado
Click Antecipa Unitoken #67;Unitoken;29/01/2025;-170;R$ 0,00;;;R$ 0,00;;;;R$ 0,00;;;;0,0%;;"";;CLICK SECURITIZADORA S.A.;AMFI COMPANHIA SECURITIZADORA DE CREDITOS FINANCEIROS I SA;Oferta Pública;Duplicata;Produto Encerrado
Lebasq Unitoken #26;Unitoken;30/01/2025;-169;R$ 0,00;;;R$ 0,00;;;;R$ 0,00;;;;0,0%;;"";;LEBASQ SECURITIZAÇÃO DE CRÉDITOS SA;AMFI COMPANHIA SECURITIZADORA DE CREDITOS FINANCEIROS I SA;Oferta Pública;Duplicata;Produto Encerrado
C4 Unitoken #40;Unitoken;30/01/2025;-169;R$ 0,00;;;R$ 0,00;;;;R$ 0,00;;;;0,0%;;"";;C4 CAPITAL SECURITIZADORA S/A;AMFI COMPANHIA SECURITIZADORA DE CREDITOS FINANCEIROS I SA;Oferta Pública;Duplicata;Produto Encerrado
Audax Capital Unitoken #6;Unitoken;30/01/2025;-169;R$ 0,00;;;R$ 0,00;;;;R$ 0,00;;;;0,0%;;"";;AUDAX CAPITAL SECURITIZADORA S.A;AMFI COMPANHIA SECURITIZADORA DE CREDITOS FINANCEIROS I SA;Oferta Pública;Duplicata;Produto Encerrado
Click Antecipa Unitoken #65;Unitoken;31/01/2025;-168;R$ 0,00;;;R$ 0,00;;;;R$ 0,00;;;;0,0%;;"";;CLICK SECURITIZADORA S.A.;AMFI COMPANHIA SECURITIZADORA DE CREDITOS FINANCEIROS I SA;Oferta Pública;Duplicata;Produto Encerrado
Syntheo Unitoken #22;Unitoken;31/01/2025;-168;R$ 0,00;;;R$ 0,00;;;;R$ 0,00;;;;0,0%;;"";;SYNTHÉO SECURITIZADORA DE CRÉDITOS S.A.;AMFI COMPANHIA SECURITIZADORA DE CREDITOS FINANCEIROS I SA;Oferta Pública;Duplicata;Produto Encerrado
Formento Unitoken #44;Unitoken;03/02/2025;-165;R$ 0,00;;;R$ 0,00;;;;R$ 0,00;;;;0,0%;;"";;Formento Securitizadora S.A.;AMFI COMPANHIA SECURITIZADORA DE CREDITOS FINANCEIROS I SA;Oferta Pública;Duplicata;Produto Encerrado
Rezultz Unitoken #3;Unitoken;03/02/2025;-165;R$ 0,00;;;R$ 0,00;;;;R$ 0,00;;;;0,0%;;"";;Padova Securitizadora S.A;AMFI COMPANHIA SECURITIZADORA DE CREDITOS FINANCEIROS I SA;Oferta Pública;Duplicata;Produto Encerrado
Syntheo Unitoken #40;Unitoken;03/02/2025;-165;R$ 0,00;;;R$ 0,00;;;;R$ 0,00;;;;0,0%;;"";;SYNTHÉO SECURITIZADORA DE CRÉDITOS S.A.;AMFI COMPANHIA SECURITIZADORA DE CREDITOS FINANCEIROS I SA;Oferta Pública;Duplicata;Produto Encerrado
Learnbase Unitoken #37;Unitoken;03/02/2025;-165;R$ 0,00;;;R$ 0,00;;;;R$ 0,00;;;;0,0%;;"";;Learnbase Gestão e Consultoria Educacional S.A.;AMFI COMPANHIA SECURITIZADORA DE CREDITOS FINANCEIROS I SA;Oferta Pública;Duplicata;Produto Encerrado
Rezultz Unitoken #4;Unitoken;04/02/2025;-164;R$ 0,00;;;R$ 0,00;;;;R$ 0,00;;;;0,0%;;"";;Padova Securitizadora S.A;AMFI COMPANHIA SECURITIZADORA DE CREDITOS FINANCEIROS I SA;Oferta Pública;Duplicata;Produto Encerrado
AFA Unitoken #19;Unitoken;04/02/2025;-164;R$ 0,00;;;R$ 0,00;;;;R$ 0,00;;;;0,0%;;"";;AFA HIGH YIELD CREDIT OPPORTUNITY - FIDC;AMFI COMPANHIA SECURITIZADORA DE CREDITOS FINANCEIROS I SA;Oferta Pública;Duplicata;Produto Encerrado
Learnbase Unitoken #47;Unitoken;04/02/2025;-164;R$ 0,00;;;R$ 0,00;;;;R$ 0,00;;;;0,0%;;"";;Learnbase Gestão e Consultoria Educacional S.A.;AMFI COMPANHIA SECURITIZADORA DE CREDITOS FINANCEIROS I SA;Oferta Pública;Duplicata;Produto Encerrado
Lebasq Unitoken #36;Unitoken;05/02/2025;-163;R$ 0,00;;;R$ 0,00;;;;R$ 0,00;;;;0,0%;;"";;LEBASQ SECURITIZAÇÃO DE CRÉDITOS SA;AMFI COMPANHIA SECURITIZADORA DE CREDITOS FINANCEIROS I SA;Oferta Pública;Duplicata;Produto Encerrado
Conecta Lá Unitoken #59;Unitoken;05/02/2025;-163;R$ 0,00;;;R$ 0,00;;;;R$ 0,00;;;;0,0%;;"";;FULL NINE DIGITAL CONSULTORIA S.A.;AMFI COMPANHIA SECURITIZADORA DE CREDITOS FINANCEIROS I SA;Oferta Pública;Duplicata;Produto Encerrado
a55  Unitoken #31;Unitoken;05/02/2025;-163;R$ 0,00;R$ 694,78;R$ 0,00;R$ 0,00;R$ 0,00;;R$ 0,00;R$ 0,00;;;;0,0%;;"";;a55 SECURITIZADORA S.A.;a55 SECURITIZADORA S.A.;Oferta Pública;Duplicata;Produto Encerrado
AFA Unitoken #18;Unitoken;06/02/2025;-162;R$ 0,00;;;R$ 0,00;;;;R$ 0,00;;;;0,0%;;"";;AFA HIGH YIELD CREDIT OPPORTUNITY - FIDC;AMFI COMPANHIA SECURITIZADORA DE CREDITOS FINANCEIROS I SA;Oferta Pública;Duplicata;Produto Encerrado
Conecta Lá Unitoken #60;Unitoken;06/02/2025;-162;R$ 0,00;;;R$ 0,00;;;;R$ 0,00;;;;0,0%;;"";;FULL NINE DIGITAL CONSULTORIA S.A.;AMFI COMPANHIA SECURITIZADORA DE CREDITOS FINANCEIROS I SA;Oferta Pública;Duplicata;Produto Encerrado
Rezultz Unitoken #5;Unitoken;06/02/2025;-162;R$ 0,00;;;R$ 0,00;;;;R$ 0,00;;;;0,0%;;"";;Padova Securitizadora S.A;AMFI COMPANHIA SECURITIZADORA DE CREDITOS FINANCEIROS I SA;Oferta Pública;Duplicata;Produto Encerrado
Lebasq Unitoken #40;Unitoken;06/02/2025;-162;R$ 0,00;;;R$ 0,00;;;;R$ 0,00;;;;0,0%;;"";;LEBASQ SECURITIZAÇÃO DE CRÉDITOS SA;AMFI COMPANHIA SECURITIZADORA DE CREDITOS FINANCEIROS I SA;Oferta Pública;Duplicata;Produto Encerrado
Syntheo Unitoken #35;Unitoken;06/02/2025;-162;R$ 0,00;;;R$ 0,00;;;;R$ 0,00;;;;0,0%;;"";;SYNTHÉO SECURITIZADORA DE CRÉDITOS S.A.;AMFI COMPANHIA SECURITIZADORA DE CREDITOS FINANCEIROS I SA;Oferta Pública;Duplicata;Produto Encerrado
Formento Unitoken #33;Unitoken;07/02/2025;-161;R$ 0,00;;;R$ 0,00;;;;R$ 0,00;;;;0,0%;;"";;Formento Securitizadora S.A.;AMFI COMPANHIA SECURITIZADORA DE CREDITOS FINANCEIROS I SA;Oferta Pública;Duplicata;Produto Encerrado
Formento Unitoken #37;Unitoken;07/02/2025;-161;R$ 0,00;;;R$ 0,00;;;;R$ 0,00;;;;0,0%;;"";;Formento Securitizadora S.A.;AMFI COMPANHIA SECURITIZADORA DE CREDITOS FINANCEIROS I SA;Oferta Pública;Duplicata;Produto Encerrado
a55  Unitoken #30;Unitoken;07/02/2025;-161;R$ 0,00;R$ 0,00;R$ 0,00;R$ 0,00;R$ 0,00;;;R$ 0,00;;;;0,0%;;"";;a55 SECURITIZADORA S.A.;a55 SECURITIZADORA S.A.;Oferta Pública;Duplicata;Produto Encerrado
Lebasq Unitoken #42;Unitoken;10/02/2025;-158;R$ 0,00;;;R$ 0,00;;;;R$ 0,00;;;;0,0%;;"";;LEBASQ SECURITIZAÇÃO DE CRÉDITOS SA;AMFI COMPANHIA SECURITIZADORA DE CREDITOS FINANCEIROS I SA;Oferta Pública;Duplicata;Produto Encerrado
AFA Unitoken #16;Unitoken;11/02/2025;-157;R$ 0,00;R$ 0,00;R$ 0,00;R$ 0,00;R$ 0,00;;;R$ 0,00;;;;0,0%;;"";;AFA HIGH YIELD CREDIT OPPORTUNITY - FIDC;AMFI COMPANHIA SECURITIZADORA DE CREDITOS FINANCEIROS I SA;Oferta Pública;Duplicata;Produto Encerrado
Click Antecipa Unitoken #63;Unitoken;11/02/2025;-157;R$ 0,00;;;R$ 0,00;;;;R$ 0,00;;;;0,0%;;"";;CLICK SECURITIZADORA S.A.;AMFI COMPANHIA SECURITIZADORA DE CREDITOS FINANCEIROS I SA;Oferta Pública;Duplicata;Produto Encerrado
Syntheo Unitoken #34;Unitoken;11/02/2025;-157;R$ 0,00;;;R$ 0,00;;;;R$ 0,00;;;;0,0%;;"";;SYNTHÉO SECURITIZADORA DE CRÉDITOS S.A.;AMFI COMPANHIA SECURITIZADORA DE CREDITOS FINANCEIROS I SA;Oferta Pública;Duplicata;Produto Encerrado
AFA Unitoken #14 [Cancelado];Unitoken;11/02/2025;-157;R$ 0,00;;;R$ 0,00;;;;R$ 0,00;;;;0,0%;;"";;AFA HIGH YIELD CREDIT OPPORTUNITY - FIDC;AMFI COMPANHIA SECURITIZADORA DE CREDITOS FINANCEIROS I SA;Oferta Pública;Duplicata;Cancelada
Syntheo Unitoken #37;Unitoken;11/02/2025;-157;R$ 0,00;;;R$ 0,00;;;;R$ 0,00;;;;0,0%;;"";;SYNTHÉO SECURITIZADORA DE CRÉDITOS S.A.;AMFI COMPANHIA SECURITIZADORA DE CREDITOS FINANCEIROS I SA;Oferta Pública;Duplicata;Produto Encerrado
Click Antecipa Unitoken #83;Unitoken;12/02/2025;-156;R$ 0,00;;;R$ 0,00;;;;R$ 0,00;;;;0,0%;;"";;CLICK SECURITIZADORA S.A.;AMFI COMPANHIA SECURITIZADORA DE CREDITOS FINANCEIROS I SA;Oferta Pública;Duplicata;Produto Encerrado
Click Antecipa Unitoken #77;Unitoken;13/02/2025;-155;R$ 0,00;;;R$ 0,00;;;;R$ 0,00;;;;0,0%;;"";;CLICK SECURITIZADORA S.A.;AMFI COMPANHIA SECURITIZADORA DE CREDITOS FINANCEIROS I SA;Oferta Pública;Duplicata;Produto Encerrado
AFA Unitoken #20;Unitoken;13/02/2025;-155;R$ 0,00;;;R$ 0,00;;;;R$ 0,00;;;;0,0%;;"";;AFA HIGH YIELD CREDIT OPPORTUNITY - FIDC;AMFI COMPANHIA SECURITIZADORA DE CREDITOS FINANCEIROS I SA;Oferta Pública;Duplicata;Produto Encerrado
Faighus Unitoken #4;Unitoken;14/02/2025;-154;R$ 0,00;;;R$ 0,00;;;;R$ 0,00;;;;0,0%;;"";;FAIGHUS SECURITIZADORA S.A.;AMFI COMPANHIA SECURITIZADORA DE CREDITOS FINANCEIROS I SA;Oferta Pública;Duplicata;Produto Encerrado
Teddy  Unitoken #10;Unitoken;15/02/2025;-153;R$ 0,00;R$ 0,00;R$ 0,00;R$ 0,00;R$ 0,00;;;R$ 0,00;;;;0,0%;;"";;TEDDY HUB DIGITAL LTDA;AMFI COMPANHIA SECURITIZADORA DE CREDITOS FINANCEIROS I SA;;Duplicata;
Conecta Lá Unitoken #51;Unitoken;15/02/2025;-153;R$ 0,00;;;R$ 0,00;;;;R$ 0,00;;;;0,0%;;"";;FULL NINE DIGITAL CONSULTORIA S.A.;AMFI COMPANHIA SECURITIZADORA DE CREDITOS FINANCEIROS I SA;Oferta Pública;Duplicata;Produto Encerrado
Teddy  Unitoken #1;Unitoken;15/02/2025;-153;R$ 0,00;R$ 0,00;R$ 0,00;R$ 0,00;R$ 0,00;;;R$ 0,00;;;;0,0%;;"";;TEDDY HUB DIGITAL LTDA;AMFI COMPANHIA SECURITIZADORA DE CREDITOS FINANCEIROS I SA;;Duplicata;
Audax Capital Unitoken #7;Unitoken;17/02/2025;-151;R$ 0,00;R$ 51,77;R$ 0,00;R$ 0,00;R$ 0,00;;R$ 0,00;R$ 0,00;;;;0,0%;;"";;AUDAX CAPITAL SECURITIZADORA S.A;AMFI COMPANHIA SECURITIZADORA DE CREDITOS FINANCEIROS I SA;Oferta Pública;Duplicata;Produto Encerrado
C4 Unitoken #41;Unitoken;17/02/2025;-151;R$ 0,00;R$ 16,16;R$ 0,00;R$ 0,00;R$ 0,00;;R$ 0,00;R$ 0,00;;;;0,0%;;"";;C4 CAPITAL SECURITIZADORA S/A;AMFI COMPANHIA SECURITIZADORA DE CREDITOS FINANCEIROS I SA;Oferta Pública;Duplicata;Produto Encerrado
C4 Unitoken #35;Unitoken;17/02/2025;-151;R$ 0,00;R$ 13,64;R$ 0,00;R$ 0,00;R$ 0,00;;R$ 0,00;R$ 0,00;;;;0,0%;;"";;C4 CAPITAL SECURITIZADORA S/A;AMFI COMPANHIA SECURITIZADORA DE CREDITOS FINANCEIROS I SA;Oferta Pública;CCB;Produto Encerrado
Conecta Lá Unitoken #85;Unitoken;17/02/2025;-151;R$ 0,00;;;R$ 0,00;;;;R$ 0,00;;;;0,0%;;"";;FULL NINE DIGITAL CONSULTORIA S.A.;AMFI COMPANHIA SECURITIZADORA DE CREDITOS FINANCEIROS I SA;Oferta Pública;Duplicata;Produto Encerrado
Formento Unitoken #41;Unitoken;17/02/2025;-151;R$ 0,00;R$ 0,00;R$ 0,00;R$ 0,00;R$ 0,00;;;R$ 0,00;;;;0,0%;;"";;Formento Securitizadora S.A.;AMFI COMPANHIA SECURITIZADORA DE CREDITOS FINANCEIROS I SA;Oferta Pública;Duplicata;Produto Encerrado
Lebasq Unitoken #43;Unitoken;18/02/2025;-150;R$ 0,00;R$ 0,00;R$ 0,00;R$ 0,00;R$ 0,00;;;R$ 0,00;;;;0,0%;;"";;LEBASQ SECURITIZAÇÃO DE CRÉDITOS SA;AMFI COMPANHIA SECURITIZADORA DE CREDITOS FINANCEIROS I SA;Oferta Pública;Duplicata;Produto Encerrado
Conecta Lá Unitoken #82;Unitoken;18/02/2025;-150;R$ 0,00;R$ 0,00;R$ 0,00;R$ 0,00;R$ 0,00;;;R$ 0,00;;;;0,0%;;"";;FULL NINE DIGITAL CONSULTORIA S.A.;AMFI COMPANHIA SECURITIZADORA DE CREDITOS FINANCEIROS I SA;Oferta Pública;Duplicata;Produto Encerrado
Conecta Lá Unitoken #79;Unitoken;18/02/2025;-150;R$ 0,00;R$ 0,08;R$ 0,00;R$ 0,00;R$ 0,00;;R$ 0,00;R$ 0,00;;;;0,0%;;"";;FULL NINE DIGITAL CONSULTORIA S.A.;AMFI COMPANHIA SECURITIZADORA DE CREDITOS FINANCEIROS I SA;Oferta Pública;Duplicata;Produto Encerrado
Conecta Lá Unitoken #75;Unitoken;18/02/2025;-150;R$ 0,00;R$ 0,00;R$ 0,00;R$ 0,00;R$ 0,00;;;R$ 0,00;;;;0,0%;;"";;FULL NINE DIGITAL CONSULTORIA S.A.;AMFI COMPANHIA SECURITIZADORA DE CREDITOS FINANCEIROS I SA;Oferta Pública;Duplicata;Produto Encerrado
Resolvvi #1;Pool;18/02/2025;-150;R$ 0,00;R$ 0,01;R$ 0,00;R$ 0,00;R$ 0,00;R$ 0,00;R$ 0,00;R$ 0,00;100,0%;1,0%;;0,0%;;"";;Resolvvi Tecnologia Ltda;;Oferta Privada;Ativo Judicial;Produto Encerrado
Syntheo Unitoken #36;Unitoken;19/02/2025;-149;R$ 0,00;R$ 0,00;R$ 0,00;R$ 0,00;R$ 0,00;;;R$ 0,00;;;;0,0%;;"";;SYNTHÉO SECURITIZADORA DE CRÉDITOS S.A.;AMFI COMPANHIA SECURITIZADORA DE CREDITOS FINANCEIROS I SA;Oferta Pública;Duplicata;Produto Encerrado
Click Antecipa Unitoken #84;Unitoken;19/02/2025;-149;R$ 0,00;R$ 0,16;R$ 0,00;R$ 0,00;R$ 0,00;;R$ 0,00;R$ 0,00;;;;0,0%;;"";;CLICK SECURITIZADORA S.A.;AMFI COMPANHIA SECURITIZADORA DE CREDITOS FINANCEIROS I SA;Oferta Pública;Duplicata;Produto Encerrado
Conecta Lá Unitoken #81;Unitoken;20/02/2025;-148;R$ 0,00;R$ 0,11;R$ 0,00;R$ 0,00;R$ 0,00;;R$ 0,00;R$ 0,00;;;;0,0%;;"";;FULL NINE DIGITAL CONSULTORIA S.A.;AMFI COMPANHIA SECURITIZADORA DE CREDITOS FINANCEIROS I SA;Oferta Pública;Duplicata;Produto Encerrado
Conecta Lá Unitoken #84;Unitoken;21/02/2025;-147;R$ 0,00;R$ 0,18;R$ 0,00;R$ 0,00;R$ 0,00;;R$ 0,00;R$ 0,00;;;;0,0%;;"";;FULL NINE DIGITAL CONSULTORIA S.A.;AMFI COMPANHIA SECURITIZADORA DE CREDITOS FINANCEIROS I SA;Oferta Pública;Duplicata;Produto Encerrado
Conecta Lá Unitoken #70;Unitoken;24/02/2025;-144;R$ 0,00;R$ 16,39;R$ 0,00;R$ 0,00;R$ 0,00;;R$ 0,00;R$ 0,00;;;;0,0%;;"";;FULL NINE DIGITAL CONSULTORIA S.A.;AMFI COMPANHIA SECURITIZADORA DE CREDITOS FINANCEIROS I SA;Oferta Pública;Duplicata;Produto Encerrado
Conecta Lá Unitoken #76;Unitoken;24/02/2025;-144;R$ 0,00;R$ 12,21;R$ 0,00;R$ 0,00;R$ 0,00;;R$ 0,00;R$ 0,00;;;;0,0%;;"";;FULL NINE DIGITAL CONSULTORIA S.A.;AMFI COMPANHIA SECURITIZADORA DE CREDITOS FINANCEIROS I SA;Oferta Pública;Duplicata;Produto Encerrado
Conecta Lá Unitoken #20;Unitoken;24/02/2025;-144;R$ 0,00;R$ 0,00;R$ 0,00;R$ 0,00;R$ 0,00;;;R$ 0,00;;;;0,0%;;"";;FULL NINE DIGITAL CONSULTORIA S.A.;AMFI COMPANHIA SECURITIZADORA DE CREDITOS FINANCEIROS I SA;;Duplicata;
Conecta Lá Unitoken #61;Unitoken;24/02/2025;-144;R$ 0,00;R$ 38,00;R$ 0,00;R$ 0,00;R$ 0,00;;R$ 0,00;R$ 0,00;;;;0,0%;;"";;FULL NINE DIGITAL CONSULTORIA S.A.;AMFI COMPANHIA SECURITIZADORA DE CREDITOS FINANCEIROS I SA;Oferta Pública;Duplicata;Produto Encerrado
Conecta Lá Unitoken #58;Unitoken;25/02/2025;-143;R$ 0,00;R$ 22,56;R$ 0,00;R$ 0,00;R$ 0,00;;R$ 0,00;R$ 0,00;;;;0,0%;;"";;FULL NINE DIGITAL CONSULTORIA S.A.;AMFI COMPANHIA SECURITIZADORA DE CREDITOS FINANCEIROS I SA;Oferta Pública;Duplicata;Produto Encerrado
Faighus Unitoken #6;Unitoken;25/02/2025;-143;R$ 0,00;R$ 0,00;R$ 0,00;R$ 0,00;R$ 0,00;;;R$ 0,00;;;;0,0%;;"";;FAIGHUS SECURITIZADORA S.A.;AMFI COMPANHIA SECURITIZADORA DE CREDITOS FINANCEIROS I SA;Oferta Pública;Duplicata;Produto Encerrado
Syntheo Unitoken #41;Unitoken;27/02/2025;-141;R$ 0,00;R$ 0,00;R$ 0,00;R$ 0,00;R$ 0,00;;;R$ 0,00;;;;0,0%;;"";;SYNTHÉO SECURITIZADORA DE CRÉDITOS S.A.;AMFI COMPANHIA SECURITIZADORA DE CREDITOS FINANCEIROS I SA;Oferta Pública;Duplicata;Produto Encerrado
Rezultz Unitoken #6;Unitoken;28/02/2025;-140;R$ 0,00;R$ 0,00;R$ 0,00;R$ 0,00;R$ 0,00;;;R$ 0,00;;;;0,0%;;"";;Padova Securitizadora S.A;AMFI COMPANHIA SECURITIZADORA DE CREDITOS FINANCEIROS I SA;Oferta Pública;Duplicata;Produto Encerrado
Audax Capital Unitoken #8;Unitoken;28/02/2025;-140;R$ 0,00;R$ 0,00;R$ 0,00;R$ 0,00;R$ 0,00;;;R$ 0,00;;;;0,0%;;"";;AUDAX CAPITAL SECURITIZADORA S.A;AMFI COMPANHIA SECURITIZADORA DE CREDITOS FINANCEIROS I SA;Oferta Pública;Duplicata;Produto Encerrado
Formento Unitoken #47;Unitoken;28/02/2025;-140;R$ 0,00;R$ 47,00;R$ 0,00;R$ 0,00;R$ 0,00;;R$ 0,00;R$ 0,00;;;;0,0%;;"";;Formento Securitizadora S.A.;AMFI COMPANHIA SECURITIZADORA DE CREDITOS FINANCEIROS I SA;Oferta Pública;Duplicata;Produto Encerrado
Learnbase Unitoken #38;Unitoken;03/03/2025;-137;R$ 0,00;R$ 14,27;R$ 0,00;R$ 0,00;R$ 0,00;;R$ 0,00;R$ 0,00;;;;0,0%;;"";;Learnbase Gestão e Consultoria Educacional S.A.;AMFI COMPANHIA SECURITIZADORA DE CREDITOS FINANCEIROS I SA;Oferta Pública;Duplicata;Produto Encerrado
Syntheo Unitoken #38;Unitoken;05/03/2025;-135;R$ 0,00;R$ 7,75;R$ 0,00;R$ 0,00;R$ 0,00;;R$ 0,00;R$ 0,00;;;;0,0%;;"";;SYNTHÉO SECURITIZADORA DE CRÉDITOS S.A.;AMFI COMPANHIA SECURITIZADORA DE CREDITOS FINANCEIROS I SA;Oferta Pública;Duplicata;Produto Encerrado
Conecta Lá Unitoken #86;Unitoken;05/03/2025;-135;R$ 0,00;R$ 0,08;R$ 0,00;R$ 0,00;R$ 0,00;;R$ 0,00;R$ 0,00;;;;0,0%;;"";;FULL NINE DIGITAL CONSULTORIA S.A.;AMFI COMPANHIA SECURITIZADORA DE CREDITOS FINANCEIROS I SA;Oferta Pública;Duplicata;Produto Encerrado
Syntheo Unitoken #39;Unitoken;05/03/2025;-135;R$ 0,00;R$ 16,08;R$ 0,00;R$ 0,00;R$ 0,00;;R$ 0,00;R$ 0,00;;;;0,0%;;"";;SYNTHÉO SECURITIZADORA DE CRÉDITOS S.A.;AMFI COMPANHIA SECURITIZADORA DE CREDITOS FINANCEIROS I SA;Oferta Pública;Duplicata;Produto Encerrado
Click Antecipa Unitoken #87;Unitoken;05/03/2025;-135;R$ 0,00;R$ 0,00;R$ 0,00;R$ 0,00;R$ 0,00;;;R$ 0,00;;;;0,0%;;"";;CLICK SECURITIZADORA S.A.;AMFI COMPANHIA SECURITIZADORA DE CREDITOS FINANCEIROS I SA;Oferta Pública;Duplicata;Produto Encerrado
Faighus Unitoken #5;Unitoken;05/03/2025;-135;R$ 0,00;R$ 0,00;R$ 0,00;R$ 0,00;R$ 0,00;;;R$ 0,00;;;;0,0%;;"";;FAIGHUS SECURITIZADORA S.A.;AMFI COMPANHIA SECURITIZADORA DE CREDITOS FINANCEIROS I SA;Oferta Pública;Duplicata;Produto Encerrado
Conecta Lá Unitoken #80;Unitoken;05/03/2025;-135;R$ 0,00;R$ 0,05;R$ 0,00;R$ 0,00;R$ 0,00;;R$ 0,00;R$ 0,00;;;;0,0%;;"";;FULL NINE DIGITAL CONSULTORIA S.A.;AMFI COMPANHIA SECURITIZADORA DE CREDITOS FINANCEIROS I SA;Oferta Pública;Duplicata;Produto Encerrado
Conecta Lá Unitoken #78;Unitoken;05/03/2025;-135;R$ 0,00;R$ 0,02;R$ 0,00;R$ 0,00;R$ 0,00;;R$ 0,00;R$ 0,00;;;;0,0%;;"";;FULL NINE DIGITAL CONSULTORIA S.A.;AMFI COMPANHIA SECURITIZADORA DE CREDITOS FINANCEIROS I SA;Oferta Pública;Duplicata;Produto Encerrado
Conecta Lá Unitoken #77;Unitoken;06/03/2025;-134;R$ 0,00;R$ 0,00;R$ 0,00;R$ 0,00;R$ 0,00;;;R$ 0,00;;;;0,0%;;"";;FULL NINE DIGITAL CONSULTORIA S.A.;AMFI COMPANHIA SECURITIZADORA DE CREDITOS FINANCEIROS I SA;Oferta Pública;Duplicata;Produto Encerrado
AFA Unitoken #23;Unitoken;06/03/2025;-134;R$ 0,00;R$ 46,40;R$ 0,00;R$ 0,00;R$ 0,00;;R$ 0,00;R$ 0,00;;;;0,0%;;"";;AFA HIGH YIELD CREDIT OPPORTUNITY - FIDC;AMFI COMPANHIA SECURITIZADORA DE CREDITOS FINANCEIROS I SA;Oferta Pública;Duplicata;Produto Encerrado
AFA Unitoken #24;Unitoken;06/03/2025;-134;R$ 0,00;R$ 76,99;R$ 0,00;R$ 0,00;R$ 0,00;;R$ 0,00;R$ 0,00;;;;0,0%;;"";;AFA HIGH YIELD CREDIT OPPORTUNITY - FIDC;AMFI COMPANHIA SECURITIZADORA DE CREDITOS FINANCEIROS I SA;Oferta Pública;Duplicata;Produto Encerrado
AFA Unitoken #21;Unitoken;06/03/2025;-134;R$ 0,00;R$ 93,75;R$ 0,00;R$ 0,00;R$ 0,00;;R$ 0,00;R$ 0,00;;;;0,0%;;"";;AFA HIGH YIELD CREDIT OPPORTUNITY - FIDC;AMFI COMPANHIA SECURITIZADORA DE CREDITOS FINANCEIROS I SA;Oferta Pública;Duplicata;Produto Encerrado
AFA Unitoken #22;Unitoken;06/03/2025;-134;R$ 0,00;R$ 36,01;R$ 0,00;R$ 0,00;R$ 0,00;;R$ 0,00;R$ 0,00;;;;0,0%;;"";;AFA HIGH YIELD CREDIT OPPORTUNITY - FIDC;AMFI COMPANHIA SECURITIZADORA DE CREDITOS FINANCEIROS I SA;Oferta Pública;Duplicata;Produto Encerrado
Formento Unitoken #49;Unitoken;07/03/2025;-133;R$ 0,00;R$ 0,33;R$ 0,00;R$ 0,00;R$ 0,00;;R$ 0,00;R$ 0,00;;;;0,0%;;"";;Formento Securitizadora S.A.;AMFI COMPANHIA SECURITIZADORA DE CREDITOS FINANCEIROS I SA;Oferta Pública;Duplicata;Produto Encerrado
DS Unitoken #47;Unitoken;07/03/2025;-133;R$ 216.851,50;R$ 232.739,98;R$ 0,00;R$ 216.851,50;R$ 0,00;;R$ 0,93;R$ 0,00;;;100,0%;0,0%;1,6%;"";;DS SECURITIZADORA S/A;AMFI COMPANHIA SECURITIZADORA DE CREDITOS FINANCEIROS I SA;Oferta Pública;Duplicata;Captação finalizada
Conecta Lá Unitoken #83;Unitoken;07/03/2025;-133;R$ 0,00;R$ 0,00;R$ 0,00;R$ 0,00;R$ 0,00;;;R$ 0,00;;;;0,0%;;"";;FULL NINE DIGITAL CONSULTORIA S.A.;AMFI COMPANHIA SECURITIZADORA DE CREDITOS FINANCEIROS I SA;Oferta Pública;Duplicata;Produto Encerrado
Conecta Lá Unitoken #87;Unitoken;10/03/2025;-130;R$ 0,00;R$ 0,00;R$ 0,00;R$ 0,00;R$ 0,00;;;R$ 0,00;;;;0,0%;;"";;FULL NINE DIGITAL CONSULTORIA S.A.;AMFI COMPANHIA SECURITIZADORA DE CREDITOS FINANCEIROS I SA;Oferta Pública;Duplicata;Produto Encerrado
Conecta Lá Unitoken #92;Unitoken;10/03/2025;-130;R$ 0,00;R$ 0,00;R$ 0,00;R$ 0,00;R$ 0,00;;;R$ 0,00;;;;0,0%;;"";;FULL NINE DIGITAL CONSULTORIA S.A.;AMFI COMPANHIA SECURITIZADORA DE CREDITOS FINANCEIROS I SA;Oferta Pública;Duplicata;Produto Encerrado
Syntheo Unitoken #44;Unitoken;10/03/2025;-130;R$ 0,00;R$ 1,36;R$ 0,00;R$ 0,00;R$ 0,00;;R$ 0,00;R$ 0,00;;;;0,0%;;"";;SYNTHÉO SECURITIZADORA DE CRÉDITOS S.A.;AMFI COMPANHIA SECURITIZADORA DE CREDITOS FINANCEIROS I SA;Oferta Pública;Duplicata;Produto Encerrado
DS Unitoken #46;Unitoken;10/03/2025;-130;R$ 150.530,61;R$ 160.455,22;R$ 0,00;R$ 150.530,61;R$ 0,00;;R$ 0,96;R$ 0,00;;;100,0%;0,0%;1,6%;"";;DS SECURITIZADORA S/A;AMFI COMPANHIA SECURITIZADORA DE CREDITOS FINANCEIROS I SA;Oferta Pública;Duplicata;Captação finalizada
Formento Unitoken #42;Unitoken;10/03/2025;-130;R$ 0,00;R$ 34,97;R$ 0,00;R$ 0,00;R$ 0,00;;R$ 0,00;R$ 0,00;;;;0,0%;;"";;Formento Securitizadora S.A.;AMFI COMPANHIA SECURITIZADORA DE CREDITOS FINANCEIROS I SA;Oferta Pública;Duplicata;Produto Encerrado
Faighus Unitoken #7;Unitoken;11/03/2025;-129;R$ 0,00;R$ 0,02;R$ 0,00;R$ 0,00;R$ 0,00;;R$ 0,00;R$ 0,00;;;;0,0%;;"";;FAIGHUS SECURITIZADORA S.A.;AMFI COMPANHIA SECURITIZADORA DE CREDITOS FINANCEIROS I SA;Oferta Pública;Duplicata;Produto Encerrado
Syntheo Unitoken #42;Unitoken;11/03/2025;-129;R$ 0,00;R$ 4,30;R$ 0,00;R$ 0,00;R$ 0,00;;R$ 0,00;R$ 0,00;;;;0,0%;;"";;SYNTHÉO SECURITIZADORA DE CRÉDITOS S.A.;AMFI COMPANHIA SECURITIZADORA DE CREDITOS FINANCEIROS I SA;Oferta Pública;Duplicata;Produto Encerrado
OUB CAPITAL Unitoken #5;Unitoken;12/03/2025;-128;R$ 0,00;R$ 11,45;R$ 0,00;R$ 0,00;R$ 0,00;;R$ 0,00;R$ 0,00;;;;0,0%;;"";;OUB CAPITAL SA;AMFI COMPANHIA SECURITIZADORA DE CREDITOS FINANCEIROS I SA;Oferta Pública;Duplicata;Produto Encerrado
Audax Capital Unitoken #10;Unitoken;12/03/2025;-128;R$ 0,00;R$ 20,17;R$ 0,00;R$ 0,00;R$ 0,00;;R$ 0,00;R$ 0,00;;;;0,0%;;"";;AUDAX CAPITAL SECURITIZADORA S.A;AMFI COMPANHIA SECURITIZADORA DE CREDITOS FINANCEIROS I SA;Oferta Pública;Duplicata;Produto Encerrado
Formento Unitoken #43;Unitoken;13/03/2025;-127;R$ 0,00;R$ 32,49;R$ 0,00;R$ 0,00;R$ 0,00;;R$ 0,00;R$ 0,00;;;;0,0%;;"";;Formento Securitizadora S.A.;AMFI COMPANHIA SECURITIZADORA DE CREDITOS FINANCEIROS I SA;Oferta Pública;Duplicata;Produto Encerrado
OUB CAPITAL Unitoken #6;Unitoken;13/03/2025;-127;R$ 0,00;R$ 9,91;R$ 0,00;R$ 0,00;R$ 0,00;;R$ 0,00;R$ 0,00;;;;0,0%;;"";;OUB CAPITAL SA;AMFI COMPANHIA SECURITIZADORA DE CREDITOS FINANCEIROS I SA;Oferta Pública;Duplicata;Produto Encerrado
Click Antecipa Unitoken #68;Unitoken;15/03/2025;-125;R$ 0,00;R$ 0,00;R$ 0,00;R$ 0,00;R$ 0,00;;;R$ 0,00;;;;0,0%;;"";;CLICK SECURITIZADORA S.A.;AMFI COMPANHIA SECURITIZADORA DE CREDITOS FINANCEIROS I SA;Oferta Pública;Duplicata;Produto Encerrado
Conecta Lá Unitoken #62;Unitoken;15/03/2025;-125;R$ 0,00;R$ 19,93;R$ 0,00;R$ 0,00;R$ 0,00;;R$ 0,00;R$ 0,00;;;;0,0%;;"";;FULL NINE DIGITAL CONSULTORIA S.A.;AMFI COMPANHIA SECURITIZADORA DE CREDITOS FINANCEIROS I SA;Oferta Pública;Duplicata;Produto Encerrado
Click Antecipa Unitoken #72;Unitoken;16/03/2025;-124;R$ 0,00;R$ 0,00;R$ 0,00;R$ 0,00;R$ 0,00;;;R$ 0,00;;;;0,0%;;"";;CLICK SECURITIZADORA S.A.;AMFI COMPANHIA SECURITIZADORA DE CREDITOS FINANCEIROS I SA;Oferta Pública;Duplicata;Produto Encerrado
Formento Unitoken #35;Unitoken;16/03/2025;-124;R$ 0,00;R$ 23,69;R$ 0,00;R$ 0,00;R$ 0,00;;R$ 0,00;R$ 0,00;;;;0,0%;;"";;Formento Securitizadora S.A.;AMFI COMPANHIA SECURITIZADORA DE CREDITOS FINANCEIROS I SA;Oferta Pública;Duplicata;Produto Encerrado
C4 Unitoken #44;Unitoken;17/03/2025;-123;R$ 0,00;R$ 0,00;R$ 0,00;R$ 0,00;R$ 0,00;;;R$ 0,00;;;;0,0%;;"";;C4 CAPITAL SECURITIZADORA S/A;AMFI COMPANHIA SECURITIZADORA DE CREDITOS FINANCEIROS I SA;Oferta Pública;Duplicata;Produto Encerrado
Syntheo Unitoken #45;Unitoken;17/03/2025;-123;R$ 0,00;R$ 8,80;R$ 0,00;R$ 0,00;R$ 0,00;;R$ 0,00;R$ 0,00;;;;0,0%;;"";;SYNTHÉO SECURITIZADORA DE CRÉDITOS S.A.;AMFI COMPANHIA SECURITIZADORA DE CREDITOS FINANCEIROS I SA;Oferta Pública;Duplicata;Produto Encerrado
Conecta Lá Unitoken #89;Unitoken;17/03/2025;-123;R$ 0,00;R$ 11,97;R$ 0,00;R$ 0,00;R$ 0,00;;R$ 0,00;R$ 0,00;;;;0,0%;;"";;FULL NINE DIGITAL CONSULTORIA S.A.;AMFI COMPANHIA SECURITIZADORA DE CREDITOS FINANCEIROS I SA;Oferta Pública;Duplicata;Produto Encerrado
Syntheo Unitoken #43;Unitoken;17/03/2025;-123;R$ 0,00;R$ 0,00;R$ 0,00;R$ 0,00;R$ 0,00;;;R$ 0,00;;;;0,0%;;"";;SYNTHÉO SECURITIZADORA DE CRÉDITOS S.A.;AMFI COMPANHIA SECURITIZADORA DE CREDITOS FINANCEIROS I SA;Oferta Pública;Duplicata;Produto Encerrado
Formento Unitoken #46;Unitoken;17/03/2025;-123;R$ 0,00;R$ 0,00;R$ 0,00;R$ 0,00;R$ 0,00;;;R$ 0,00;;;;0,0%;;"";;Formento Securitizadora S.A.;AMFI COMPANHIA SECURITIZADORA DE CREDITOS FINANCEIROS I SA;Oferta Pública;Duplicata;Produto Encerrado
Faighus Unitoken #8;Unitoken;18/03/2025;-122;R$ 0,00;R$ 0,03;R$ 0,00;R$ 0,00;R$ 0,00;;R$ 0,00;R$ 0,00;;;;0,0%;;"";;FAIGHUS SECURITIZADORA S.A.;AMFI COMPANHIA SECURITIZADORA DE CREDITOS FINANCEIROS I SA;Oferta Pública;Duplicata;Produto Encerrado
DS Unitoken #48;Unitoken;19/03/2025;-121;R$ 43.891,64;R$ 45.360,12;R$ 0,00;R$ 43.891,64;R$ 0,00;;R$ 1,26;R$ 0,00;;;100,0%;0,0%;1,6%;"";;DS SECURITIZADORA S/A;AMFI COMPANHIA SECURITIZADORA DE CREDITOS FINANCEIROS I SA;Oferta Pública;Duplicata;Captação finalizada
Lebasq Unitoken #32;Unitoken;20/03/2025;-120;R$ 0,00;R$ 0,82;R$ 0,00;R$ 0,00;R$ 0,00;;R$ 0,00;R$ 0,00;;;;0,0%;;"";;LEBASQ SECURITIZAÇÃO DE CRÉDITOS SA;AMFI COMPANHIA SECURITIZADORA DE CREDITOS FINANCEIROS I SA;Oferta Pública;Duplicata;Produto Encerrado
C4 Unitoken #43;Unitoken;20/03/2025;-120;R$ 0,00;R$ 0,00;R$ 0,00;R$ 0,00;R$ 0,00;;;R$ 0,00;;;;0,0%;;"";;C4 CAPITAL SECURITIZADORA S/A;AMFI COMPANHIA SECURITIZADORA DE CREDITOS FINANCEIROS I SA;Oferta Pública;Duplicata;Produto Encerrado
Conecta Lá Unitoken #97;Unitoken;20/03/2025;-120;R$ 0,00;R$ 63,78;R$ 0,00;R$ 0,00;R$ 0,00;;R$ 0,00;R$ 0,00;;;;0,0%;;"";;FULL NINE DIGITAL CONSULTORIA S.A.;AMFI COMPANHIA SECURITIZADORA DE CREDITOS FINANCEIROS I SA;Oferta Pública;Duplicata;Produto Encerrado
Click Antecipa Unitoken #78;Unitoken;21/03/2025;-119;R$ 0,00;R$ 0,07;R$ 0,00;R$ 0,00;R$ 0,00;;R$ 0,00;R$ 0,00;;;;0,0%;;"";;CLICK SECURITIZADORA S.A.;AMFI COMPANHIA SECURITIZADORA DE CREDITOS FINANCEIROS I SA;Oferta Pública;Duplicata;Produto Encerrado
Sirius Unitoken #1;Unitoken;21/03/2025;-119;R$ 0,00;R$ 0,02;R$ 0,00;R$ 0,00;R$ 0,00;;R$ 0,00;R$ 0,00;;;;0,0%;;"";;Sirius Securitizadora S.A;AMFI COMPANHIA SECURITIZADORA DE CREDITOS FINANCEIROS I SA;Oferta Pública;Duplicata;Produto Encerrado
Syntheo Unitoken #51;Unitoken;21/03/2025;-119;R$ 0,00;R$ 3,30;R$ 0,00;R$ 0,00;R$ 0,00;;R$ 0,00;R$ 0,00;;;;0,0%;;"";;SYNTHÉO SECURITIZADORA DE CRÉDITOS S.A.;AMFI COMPANHIA SECURITIZADORA DE CREDITOS FINANCEIROS I SA;Oferta Pública;Duplicata;Produto Encerrado
Click Antecipa Unitoken #88;Unitoken;21/03/2025;-119;R$ 0,00;R$ 0,86;R$ 0,00;R$ 0,00;R$ 0,00;;R$ 0,00;R$ 0,00;;;;0,0%;;"";;CLICK SECURITIZADORA S.A.;AMFI COMPANHIA SECURITIZADORA DE CREDITOS FINANCEIROS I SA;Oferta Pública;Duplicata;Produto Encerrado
Baru Unitoken #1;Unitoken;21/03/2025;-119;R$ 0,00;R$ 0,00;R$ 0,00;R$ 0,00;R$ 0,00;;;R$ 0,00;;;;0,0%;;"";;GRIFFIN CAPITAL S.A. SECURITIZADORA;AMFI COMPANHIA SECURITIZADORA DE CREDITOS FINANCEIROS I SA;Oferta Pública;Duplicata;Produto Encerrado
Conecta Lá Unitoken #94;Unitoken;21/03/2025;-119;R$ 0,00;R$ 107,09;R$ 0,00;R$ 0,00;R$ 0,00;;R$ 0,00;R$ 0,00;;;;0,0%;;"";;FULL NINE DIGITAL CONSULTORIA S.A.;AMFI COMPANHIA SECURITIZADORA DE CREDITOS FINANCEIROS I SA;Oferta Pública;Duplicata;Produto Encerrado
Conecta Lá Unitoken #95;Unitoken;24/03/2025;-116;R$ 0,00;R$ 0,00;R$ 0,00;R$ 0,00;R$ 0,00;;;R$ 0,00;;;;0,0%;;"";;FULL NINE DIGITAL CONSULTORIA S.A.;AMFI COMPANHIA SECURITIZADORA DE CREDITOS FINANCEIROS I SA;Oferta Pública;Duplicata;Produto Encerrado
Formento Unitoken #51;Unitoken;24/03/2025;-116;R$ 0,00;R$ 0,00;R$ 0,00;R$ 0,00;R$ 0,00;;;R$ 0,00;;;;0,0%;;"";;Formento Securitizadora S.A.;AMFI COMPANHIA SECURITIZADORA DE CREDITOS FINANCEIROS I SA;Oferta Pública;Duplicata;Produto Encerrado
Syntheo Unitoken #48;Unitoken;24/03/2025;-116;R$ 0,00;R$ 27,69;R$ 0,00;R$ 0,00;R$ 0,00;;R$ 0,00;R$ 0,00;;;;0,0%;;"";;SYNTHÉO SECURITIZADORA DE CRÉDITOS S.A.;AMFI COMPANHIA SECURITIZADORA DE CREDITOS FINANCEIROS I SA;Oferta Pública;Duplicata;Produto Encerrado
Conecta Lá Unitoken #21;Unitoken;24/03/2025;-116;R$ 0,00;R$ 0,00;R$ 0,00;R$ 0,00;R$ 0,00;;;R$ 0,00;;;;0,0%;;"";;FULL NINE DIGITAL CONSULTORIA S.A.;AMFI COMPANHIA SECURITIZADORA DE CREDITOS FINANCEIROS I SA;;Duplicata;
Syntheo Unitoken #63;Unitoken;25/03/2025;-115;R$ 0,00;R$ 0,01;R$ 0,00;R$ 0,00;R$ 0,00;;R$ 0,00;R$ 0,00;;;;0,0%;;"";;SYNTHÉO SECURITIZADORA DE CRÉDITOS S.A.;AMFI COMPANHIA SECURITIZADORA DE CREDITOS FINANCEIROS I SA;Oferta Pública;Duplicata;Produto Encerrado
Conecta Lá Unitoken #74;Unitoken;25/03/2025;-115;R$ 0,00;R$ 14,82;R$ 0,00;R$ 0,00;R$ 0,00;;R$ 0,00;R$ 0,00;;;;0,0%;;"";;FULL NINE DIGITAL CONSULTORIA S.A.;AMFI COMPANHIA SECURITIZADORA DE CREDITOS FINANCEIROS I SA;Oferta Pública;Duplicata;Produto Encerrado
Chronos Unitoken #1;Unitoken;25/03/2025;-115;R$ 0,00;R$ 0,00;R$ 0,00;R$ 0,00;R$ 0,00;;;R$ 0,00;;;;0,0%;;"";;CHRONOS SECURITIZADORA S/A;AMFI COMPANHIA SECURITIZADORA DE CREDITOS FINANCEIROS I SA;Oferta Pública;Duplicata;Produto Encerrado
Click Antecipa Unitoken #91;Unitoken;26/03/2025;-114;R$ 0,00;R$ 0,00;R$ 0,00;R$ 0,00;R$ 0,00;;;R$ 0,00;;;;0,0%;;"";;CLICK SECURITIZADORA S.A.;AMFI COMPANHIA SECURITIZADORA DE CREDITOS FINANCEIROS I SA;Oferta Pública;Duplicata;Produto Encerrado
Click Antecipa Unitoken #74;Unitoken;26/03/2025;-114;R$ 0,00;R$ 2,73;R$ 0,00;R$ 0,00;R$ 0,00;;R$ 0,00;R$ 0,00;;;;0,0%;;"";;CLICK SECURITIZADORA S.A.;AMFI COMPANHIA SECURITIZADORA DE CREDITOS FINANCEIROS I SA;Oferta Pública;Duplicata;Produto Encerrado
DS Unitoken #45;Unitoken;27/03/2025;-113;R$ 78.000,00;R$ 83.804,53;R$ 0,00;R$ 78.000,00;R$ 0,00;;R$ 0,93;R$ 0,00;;;100,0%;0,0%;1,5%;"";;DS SECURITIZADORA S/A;AMFI COMPANHIA SECURITIZADORA DE CREDITOS FINANCEIROS I SA;Oferta Pública;Duplicata;Captação finalizada
Lebasq Unitoken #34;Unitoken;28/03/2025;-112;R$ 0,00;R$ 5,36;R$ 0,00;R$ 0,00;R$ 0,00;;R$ 0,00;R$ 0,00;;;;0,0%;;"";;LEBASQ SECURITIZAÇÃO DE CRÉDITOS SA;AMFI COMPANHIA SECURITIZADORA DE CREDITOS FINANCEIROS I SA;Oferta Pública;Duplicata;Produto Encerrado
Sirius Unitoken #2;Unitoken;28/03/2025;-112;R$ 0,00;R$ 9,93;R$ 0,00;R$ 0,00;R$ 0,00;;R$ 0,00;R$ 0,00;;;;0,0%;;"";;Sirius Securitizadora S.A;AMFI COMPANHIA SECURITIZADORA DE CREDITOS FINANCEIROS I SA;Oferta Pública;Duplicata;Produto Encerrado
Sirius Unitoken #4;Unitoken;28/03/2025;-112;R$ 0,00;R$ 9,69;R$ 0,00;R$ 0,00;R$ 0,00;;R$ 0,00;R$ 0,00;;;;0,0%;;"";;Sirius Securitizadora S.A;AMFI COMPANHIA SECURITIZADORA DE CREDITOS FINANCEIROS I SA;Oferta Pública;Duplicata;Produto Encerrado
OUB CAPITAL Unitoken #2;Unitoken;29/03/2025;-111;R$ 0,00;R$ 43,26;R$ 0,00;R$ 0,00;R$ 0,00;;R$ 0,00;R$ 0,00;;;;0,0%;;"";;OUB CAPITAL SA;AMFI COMPANHIA SECURITIZADORA DE CREDITOS FINANCEIROS I SA;Oferta Pública;Duplicata;Produto Encerrado
Click Antecipa Unitoken #76;Unitoken;29/03/2025;-111;R$ 0,00;R$ 11,88;R$ 0,00;R$ 0,00;R$ 0,00;;R$ 0,00;R$ 0,00;;;;0,0%;;"";;CLICK SECURITIZADORA S.A.;AMFI COMPANHIA SECURITIZADORA DE CREDITOS FINANCEIROS I SA;Oferta Pública;Duplicata;Produto Encerrado
Formento Unitoken #48;Unitoken;31/03/2025;-109;R$ 0,00;R$ 43,49;R$ 0,00;R$ 0,00;R$ 0,00;;R$ 0,00;R$ 0,00;;;;0,0%;;"";;Formento Securitizadora S.A.;AMFI COMPANHIA SECURITIZADORA DE CREDITOS FINANCEIROS I SA;Oferta Pública;Duplicata;Produto Encerrado
C4 Unitoken #42;Unitoken;31/03/2025;-109;R$ 0,00;R$ 0,00;R$ 0,00;R$ 0,00;R$ 0,00;;;R$ 0,00;;;;0,0%;;"";;C4 CAPITAL SECURITIZADORA S/A;AMFI COMPANHIA SECURITIZADORA DE CREDITOS FINANCEIROS I SA;Oferta Pública;Duplicata;Produto Encerrado
Syntheo Unitoken #47;Unitoken;31/03/2025;-109;R$ 0,00;R$ 0,00;R$ 0,00;R$ 0,00;R$ 0,00;;;R$ 0,00;;;;0,0%;;"";;SYNTHÉO SECURITIZADORA DE CRÉDITOS S.A.;AMFI COMPANHIA SECURITIZADORA DE CREDITOS FINANCEIROS I SA;Oferta Pública;Duplicata;Produto Encerrado
Learnbase Unitoken #41;Unitoken;01/04/2025;-108;R$ 0,00;R$ 0,00;R$ 0,00;R$ 0,00;R$ 0,00;;;R$ 0,00;;;;0,0%;;"";;Learnbase Gestão e Consultoria Educacional S.A.;AMFI COMPANHIA SECURITIZADORA DE CREDITOS FINANCEIROS I SA;Oferta Pública;Duplicata;Produto Encerrado
Syntheo Unitoken #46;Unitoken;01/04/2025;-108;R$ 0,00;R$ 3,95;R$ 0,00;R$ 0,00;R$ 0,00;;R$ 0,00;R$ 0,00;;;;0,0%;;"";;SYNTHÉO SECURITIZADORA DE CRÉDITOS S.A.;AMFI COMPANHIA SECURITIZADORA DE CREDITOS FINANCEIROS I SA;Oferta Pública;Duplicata;Produto Encerrado
Baru Unitoken #5;Unitoken;01/04/2025;-108;R$ 0,00;R$ 0,00;R$ 0,00;R$ 0,00;R$ 0,00;;;R$ 0,00;;;;0,0%;;"";;GRIFFIN CAPITAL S.A. SECURITIZADORA;AMFI COMPANHIA SECURITIZADORA DE CREDITOS FINANCEIROS I SA;Oferta Pública;Duplicata;Produto Encerrado
Dinie Pool #1;Pool;01/04/2025;-108;R$ 0,02;R$ 0,01;R$ 0,01;R$ 0,00;R$ 0,02;R$ 0,00;R$ 0,00;R$ 0,00;100,0%;20,0%;;0,0%;;Prazo máximo por ativo (dias), Concentração máx por sacado;;DINIE CORRESPONDENTE BANCÁRIO E MEIOS DE PAGAMENTOS LTDA;AMFI COMPANHIA SECURITIZADORA DE CREDITOS FINANCEIROS I SA;Oferta Pública;CCB;Produto Encerrado
Chronos Unitoken #2;Unitoken;01/04/2025;-108;R$ 0,00;R$ 0,00;R$ 0,00;R$ 0,00;R$ 0,00;;;R$ 0,00;;;;0,0%;;"";;CHRONOS SECURITIZADORA S/A;AMFI COMPANHIA SECURITIZADORA DE CREDITOS FINANCEIROS I SA;Oferta Pública;Duplicata;Produto Encerrado
Formento Unitoken #50;Unitoken;01/04/2025;-108;R$ 0,00;R$ 0,53;R$ 0,00;R$ 0,00;R$ 0,00;;R$ 0,00;R$ 0,00;;;;0,0%;;"";;Formento Securitizadora S.A.;AMFI COMPANHIA SECURITIZADORA DE CREDITOS FINANCEIROS I SA;Oferta Pública;Duplicata;Produto Encerrado
Chronos Unitoken #3;Unitoken;01/04/2025;-108;R$ 0,00;R$ 0,00;R$ 0,00;R$ 0,00;R$ 0,00;;;R$ 0,00;;;;0,0%;;"";;CHRONOS SECURITIZADORA S/A;AMFI COMPANHIA SECURITIZADORA DE CREDITOS FINANCEIROS I SA;Oferta Pública;Duplicata;Produto Encerrado
Syntheo Unitoken #49;Unitoken;02/04/2025;-107;R$ 0,00;R$ 6,53;R$ 0,00;R$ 0,00;R$ 0,00;;R$ 0,00;R$ 0,00;;;;0,0%;;"";;SYNTHÉO SECURITIZADORA DE CRÉDITOS S.A.;AMFI COMPANHIA SECURITIZADORA DE CREDITOS FINANCEIROS I SA;Oferta Pública;Duplicata;Produto Encerrado
OUB CAPITAL Unitoken #4;Unitoken;02/04/2025;-107;R$ 0,00;R$ 12,03;R$ 0,00;R$ 0,00;R$ 0,00;;R$ 0,00;R$ 0,00;;;;0,0%;;"";;OUB CAPITAL SA;AMFI COMPANHIA SECURITIZADORA DE CREDITOS FINANCEIROS I SA;Oferta Pública;Duplicata;Produto Encerrado
Click Antecipa Unitoken #95;Unitoken;03/04/2025;-106;R$ 0,00;R$ 0,00;R$ 0,00;R$ 0,00;R$ 0,00;;;R$ 0,00;;;;0,0%;;"";;CLICK SECURITIZADORA S.A.;AMFI COMPANHIA SECURITIZADORA DE CREDITOS FINANCEIROS I SA;Oferta Pública;Duplicata;Produto Encerrado
Conecta Lá Unitoken #98;Unitoken;04/04/2025;-105;R$ 0,00;R$ 0,00;R$ 0,00;R$ 0,00;R$ 0,00;;;R$ 0,00;;;;0,0%;;"";;FULL NINE DIGITAL CONSULTORIA S.A.;AMFI COMPANHIA SECURITIZADORA DE CREDITOS FINANCEIROS I SA;Oferta Pública;Duplicata;Produto Encerrado
Descontanet Unitoken #3;Unitoken;04/04/2025;-105;R$ 0,00;R$ 0,00;R$ 0,00;R$ 0,00;R$ 0,00;;;R$ 0,00;;;;0,0%;;"";;DESCONTANET SECURITIZADORA S.A.;AMFI COMPANHIA SECURITIZADORA DE CREDITOS FINANCEIROS I SA;Oferta Pública;Duplicata;Produto Encerrado
OUB CAPITAL Unitoken #8;Unitoken;04/04/2025;-105;R$ 0,00;R$ 20,79;R$ 0,00;R$ 0,00;R$ 0,00;;R$ 0,00;R$ 0,00;;;;0,0%;;"";;OUB CAPITAL SA;AMFI COMPANHIA SECURITIZADORA DE CREDITOS FINANCEIROS I SA;Oferta Pública;Duplicata;Produto Encerrado
Syntheo Unitoken #50;Unitoken;04/04/2025;-105;R$ 0,00;R$ 1,52;R$ 0,00;R$ 0,00;R$ 0,00;;R$ 0,00;R$ 0,00;;;;0,0%;;"";;SYNTHÉO SECURITIZADORA DE CRÉDITOS S.A.;AMFI COMPANHIA SECURITIZADORA DE CREDITOS FINANCEIROS I SA;Oferta Pública;Duplicata;Produto Encerrado
Conecta Lá Unitoken #99;Unitoken;04/04/2025;-105;R$ 0,00;R$ 0,00;R$ 0,00;R$ 0,00;R$ 0,00;;;R$ 0,00;;;;0,0%;;"";;FULL NINE DIGITAL CONSULTORIA S.A.;AMFI COMPANHIA SECURITIZADORA DE CREDITOS FINANCEIROS I SA;Oferta Pública;Duplicata;Produto Encerrado
Click Antecipa Unitoken #80;Unitoken;07/04/2025;-102;R$ 0,00;R$ 16,12;R$ 0,00;R$ 0,00;R$ 0,00;;R$ 0,00;R$ 0,00;;;;0,0%;;"";;CLICK SECURITIZADORA S.A.;AMFI COMPANHIA SECURITIZADORA DE CREDITOS FINANCEIROS I SA;Oferta Pública;Duplicata;Produto Encerrado
Conecta Lá Unitoken #96;Unitoken;07/04/2025;-102;R$ 0,00;R$ 0,00;R$ 0,00;R$ 0,00;R$ 0,00;;;R$ 0,00;;;;0,0%;;"";;FULL NINE DIGITAL CONSULTORIA S.A.;AMFI COMPANHIA SECURITIZADORA DE CREDITOS FINANCEIROS I SA;Oferta Pública;Duplicata;Produto Encerrado
Conecta Lá Unitoken #101;Unitoken;07/04/2025;-102;R$ 0,00;R$ 0,08;R$ 0,00;R$ 0,00;R$ 0,00;;R$ 0,00;R$ 0,00;;;;0,0%;;"";;FULL NINE DIGITAL CONSULTORIA S.A.;AMFI COMPANHIA SECURITIZADORA DE CREDITOS FINANCEIROS I SA;Oferta Pública;Duplicata;Produto Encerrado
Conecta Lá Unitoken #93;Unitoken;07/04/2025;-102;R$ 0,00;R$ 0,09;R$ 0,00;R$ 0,00;R$ 0,00;;R$ 0,00;R$ 0,00;;;;0,0%;;"";;FULL NINE DIGITAL CONSULTORIA S.A.;AMFI COMPANHIA SECURITIZADORA DE CREDITOS FINANCEIROS I SA;Oferta Pública;Duplicata;Produto Encerrado
Descontanet Unitoken #4;Unitoken;07/04/2025;-102;R$ 0,00;R$ 178,73;R$ 0,00;R$ 0,00;R$ 0,00;;R$ 0,00;R$ 0,00;;;;0,0%;;"";;DESCONTANET SECURITIZADORA S.A.;AMFI COMPANHIA SECURITIZADORA DE CREDITOS FINANCEIROS I SA;Oferta Pública;Duplicata;Produto Encerrado
Conecta Lá Unitoken #91;Unitoken;07/04/2025;-102;R$ 0,00;R$ 0,04;R$ 0,00;R$ 0,00;R$ 0,00;;R$ 0,00;R$ 0,00;;;;0,0%;;"";;FULL NINE DIGITAL CONSULTORIA S.A.;AMFI COMPANHIA SECURITIZADORA DE CREDITOS FINANCEIROS I SA;Oferta Pública;Duplicata;Produto Encerrado
Syntheo Unitoken #52;Unitoken;08/04/2025;-101;R$ 0,00;R$ 7,09;R$ 0,00;R$ 0,00;R$ 0,00;;R$ 0,00;R$ 0,00;;;;0,0%;;"";;SYNTHÉO SECURITIZADORA DE CRÉDITOS S.A.;AMFI COMPANHIA SECURITIZADORA DE CREDITOS FINANCEIROS I SA;Oferta Pública;Duplicata;Produto Encerrado
Formento Unitoken #52;Unitoken;08/04/2025;-101;R$ 0,00;R$ 34,21;R$ 0,00;R$ 0,00;R$ 0,00;;R$ 0,00;R$ 0,00;;;;0,0%;;"";;Formento Securitizadora S.A.;AMFI COMPANHIA SECURITIZADORA DE CREDITOS FINANCEIROS I SA;Oferta Pública;Duplicata;Produto Encerrado
Formento Unitoken #45;Unitoken;08/04/2025;-101;R$ 0,00;R$ 39,25;R$ 0,00;R$ 0,00;R$ 0,00;;R$ 0,00;R$ 0,00;;;;0,0%;;"";;Formento Securitizadora S.A.;AMFI COMPANHIA SECURITIZADORA DE CREDITOS FINANCEIROS I SA;Oferta Pública;Duplicata;Produto Encerrado
Syntheo Unitoken #56;Unitoken;08/04/2025;-101;R$ 0,00;R$ 1,49;R$ 0,00;R$ 0,00;R$ 0,00;;R$ 0,00;R$ 0,00;;;;0,0%;;"";;SYNTHÉO SECURITIZADORA DE CRÉDITOS S.A.;AMFI COMPANHIA SECURITIZADORA DE CREDITOS FINANCEIROS I SA;Oferta Pública;Duplicata;Produto Encerrado
Syntheo Unitoken #54;Unitoken;08/04/2025;-101;R$ 0,00;R$ 13,52;R$ 0,00;R$ 0,00;R$ 0,00;;R$ 0,00;R$ 0,00;;;;0,0%;;"";;SYNTHÉO SECURITIZADORA DE CRÉDITOS S.A.;AMFI COMPANHIA SECURITIZADORA DE CREDITOS FINANCEIROS I SA;Oferta Pública;Duplicata;Produto Encerrado
Syntheo Unitoken #53;Unitoken;09/04/2025;-100;R$ 0,00;R$ 0,04;R$ 0,00;R$ 0,00;R$ 0,00;;R$ 0,00;R$ 0,00;;;;0,0%;;"";;SYNTHÉO SECURITIZADORA DE CRÉDITOS S.A.;AMFI COMPANHIA SECURITIZADORA DE CREDITOS FINANCEIROS I SA;Oferta Pública;Duplicata;Produto Encerrado
Syntheo Unitoken #60;Unitoken;09/04/2025;-100;R$ 0,00;R$ 0,00;R$ 0,00;R$ 0,00;R$ 0,00;;;R$ 0,00;;;;0,0%;;"";;SYNTHÉO SECURITIZADORA DE CRÉDITOS S.A.;AMFI COMPANHIA SECURITIZADORA DE CREDITOS FINANCEIROS I SA;Oferta Pública;Duplicata;Produto Encerrado
a55 payments Unitoken #1;Unitoken;09/04/2025;-100;R$ 0,00;R$ 0,00;R$ 0,00;R$ 0,00;R$ 0,00;;;R$ 0,00;;;;0,0%;;"";;A55 PAYMENTS LTDA;AMFI COMPANHIA SECURITIZADORA DE CREDITOS FINANCEIROS I SA;Oferta Pública;Recebível de Cartão;Produto Encerrado
Conecta Lá Unitoken #105;Unitoken;10/04/2025;-99;R$ 0,00;R$ 0,00;R$ 0,00;R$ 0,00;R$ 0,00;;;R$ 0,00;;;;0,0%;;"";;FULL NINE DIGITAL CONSULTORIA S.A.;AMFI COMPANHIA SECURITIZADORA DE CREDITOS FINANCEIROS I SA;Oferta Pública;Duplicata;Produto Encerrado
Conecta Lá Unitoken #100;Unitoken;10/04/2025;-99;R$ 0,00;R$ 0,00;R$ 0,00;R$ 0,00;R$ 0,00;;;R$ 0,00;;;;0,0%;;"";;FULL NINE DIGITAL CONSULTORIA S.A.;AMFI COMPANHIA SECURITIZADORA DE CREDITOS FINANCEIROS I SA;Oferta Pública;Duplicata;Produto Encerrado
Grana.ai Unitoken #1;Unitoken;10/04/2025;-99;R$ 0,00;R$ 37,26;R$ 0,00;R$ 0,00;R$ 0,00;;R$ 0,00;R$ 0,00;;;;0,0%;;"";;GRANA.AI TECNOLOGIA LTDA;AMFI COMPANHIA SECURITIZADORA DE CREDITOS FINANCEIROS I SA;Oferta Pública;Recebível de Cartão;Produto Encerrado
Sirius Unitoken #3;Unitoken;11/04/2025;-98;R$ 0,00;R$ 0,00;R$ 0,00;R$ 0,00;R$ 0,00;;;R$ 0,00;;;;0,0%;;"";;Sirius Securitizadora S.A;AMFI COMPANHIA SECURITIZADORA DE CREDITOS FINANCEIROS I SA;Oferta Pública;Duplicata;Produto Encerrado
Lebasq Unitoken #23;Unitoken;13/04/2025;-96;R$ 0,00;R$ 1,83;R$ 0,00;R$ 0,00;R$ 0,00;;R$ 0,00;R$ 0,00;;;;0,0%;;"";;LEBASQ SECURITIZAÇÃO DE CRÉDITOS SA;AMFI COMPANHIA SECURITIZADORA DE CREDITOS FINANCEIROS I SA;Oferta Pública;Duplicata;Produto Encerrado
Syntheo Unitoken #55;Unitoken;14/04/2025;-95;R$ 0,00;R$ 6,75;R$ 0,00;R$ 0,00;R$ 0,00;;R$ 0,00;R$ 0,00;;;;0,0%;;"";;SYNTHÉO SECURITIZADORA DE CRÉDITOS S.A.;AMFI COMPANHIA SECURITIZADORA DE CREDITOS FINANCEIROS I SA;Oferta Pública;Duplicata;Produto Encerrado
Fintrust  Unitoken #2;Unitoken;14/04/2025;-95;R$ 0,00;R$ 18,69;R$ 0,00;R$ 0,00;R$ 0,00;;R$ 0,00;R$ 0,00;;;;0,0%;;"";;Fintrust Securitizadora;AMFI COMPANHIA SECURITIZADORA DE CREDITOS FINANCEIROS I SA;Oferta Pública;Duplicata;Produto Encerrado
Formento Unitoken #62;Unitoken;14/04/2025;-95;R$ 0,00;R$ 0,00;R$ 0,00;R$ 0,00;R$ 0,00;;;R$ 0,00;;;;0,0%;;"";;Formento Securitizadora S.A.;AMFI COMPANHIA SECURITIZADORA DE CREDITOS FINANCEIROS I SA;Oferta Pública;Duplicata;Produto Encerrado
Conecta Lá Unitoken #90;Unitoken;15/04/2025;-94;R$ 0,00;R$ 0,00;R$ 0,00;R$ 0,00;R$ 0,00;;;R$ 0,00;;;;0,0%;;"";;FULL NINE DIGITAL CONSULTORIA S.A.;AMFI COMPANHIA SECURITIZADORA DE CREDITOS FINANCEIROS I SA;Oferta Pública;Duplicata;Produto Encerrado
Faighus Unitoken #9;Unitoken;15/04/2025;-94;R$ 0,00;R$ 0,04;R$ 0,00;R$ 0,00;R$ 0,00;;R$ 0,00;R$ 0,00;;;;0,0%;;"";;FAIGHUS SECURITIZADORA S.A.;AMFI COMPANHIA SECURITIZADORA DE CREDITOS FINANCEIROS I SA;Oferta Pública;Duplicata;Produto Encerrado
Conecta Lá Unitoken #102;Unitoken;15/04/2025;-94;R$ 0,00;R$ 0,00;R$ 0,00;R$ 0,00;R$ 0,00;;;R$ 0,00;;;;0,0%;;"";;FULL NINE DIGITAL CONSULTORIA S.A.;AMFI COMPANHIA SECURITIZADORA DE CREDITOS FINANCEIROS I SA;Oferta Pública;Duplicata;Produto Encerrado
AFA CONSULTORIA DE CREDITO Unitoken #36;Unitoken;16/04/2025;-93;R$ 0,00;R$ 54,37;R$ 0,00;R$ 0,00;R$ 0,00;;R$ 0,00;R$ 0,00;;;;0,0%;;"";;AFA CONSULTORIA DE CREDITO UNIPESSOAL LTDA;AMFI COMPANHIA SECURITIZADORA DE CREDITOS FINANCEIROS I SA;Oferta Pública;Duplicata;Produto Encerrado
Formento Unitoken #53;Unitoken;16/04/2025;-93;R$ 0,00;R$ 29,59;R$ 0,00;R$ 0,00;R$ 0,00;;R$ 0,00;R$ 0,00;;;;0,0%;;"";;Formento Securitizadora S.A.;AMFI COMPANHIA SECURITIZADORA DE CREDITOS FINANCEIROS I SA;Oferta Pública;Duplicata;Produto Encerrado
BRL Unitoken #1;Unitoken;16/04/2025;-93;R$ 0,00;R$ 0,00;R$ 0,00;R$ 0,00;R$ 0,00;;;R$ 0,00;;;;0,0%;;"";;BRL SECURITIZADORA S.A;AMFI COMPANHIA SECURITIZADORA DE CREDITOS FINANCEIROS I SA;Oferta Pública;Duplicata;Produto Encerrado
Syntheo Unitoken #58;Unitoken;17/04/2025;-92;R$ 0,00;R$ 0,00;R$ 0,00;R$ 0,00;R$ 0,00;;;R$ 0,00;;;;0,0%;;"";;SYNTHÉO SECURITIZADORA DE CRÉDITOS S.A.;AMFI COMPANHIA SECURITIZADORA DE CREDITOS FINANCEIROS I SA;Oferta Pública;Duplicata;Produto Encerrado
Click Antecipa Unitoken #90;Unitoken;17/04/2025;-92;R$ 0,00;R$ 0,04;R$ 0,00;R$ 0,00;R$ 0,00;;R$ 0,00;R$ 0,00;;;;0,0%;;"";;CLICK SECURITIZADORA S.A.;AMFI COMPANHIA SECURITIZADORA DE CREDITOS FINANCEIROS I SA;Oferta Pública;Duplicata;Produto Encerrado
Plin Pool #1;Pool;19/04/2025;-90;R$ 0,00;;;R$ 0,00;;R$ 30.000,00;;R$ 0,00;;20,0%;;0,0%;;"";;GARANTIZA SOLUCOES FINANCEIRAS LTDA;AMFI REPRESENTAÇÃO OPERACIONAL LTDA;Oferta Pública;Duplicata;Pré-captação
Lebasq Unitoken #25;Unitoken;21/04/2025;-88;R$ 0,00;R$ 2,45;R$ 0,00;R$ 0,00;R$ 0,00;;R$ 0,00;R$ 0,00;;;;0,0%;;"";;LEBASQ SECURITIZAÇÃO DE CRÉDITOS SA;AMFI COMPANHIA SECURITIZADORA DE CREDITOS FINANCEIROS I SA;Oferta Pública;Duplicata;Produto Encerrado
Lebasq Unitoken #24 [Cancelado];Unitoken;21/04/2025;-88;R$ 0,00;;;R$ 0,00;;;;R$ 0,00;;;;0,0%;;"";;LEBASQ SECURITIZAÇÃO DE CRÉDITOS SA;AMFI COMPANHIA SECURITIZADORA DE CREDITOS FINANCEIROS I SA;Oferta Pública;Duplicata;Produto Encerrado
Conecta Lá Unitoken #120;Unitoken;22/04/2025;-87;R$ 0,00;R$ 0,00;R$ 0,00;R$ 0,00;R$ 0,00;;;R$ 0,00;;;;0,0%;;"";;FULL NINE DIGITAL CONSULTORIA S.A.;AMFI COMPANHIA SECURITIZADORA DE CREDITOS FINANCEIROS I SA;Oferta Pública;Duplicata;Produto Encerrado
Conecta Lá Unitoken #88;Unitoken;22/04/2025;-87;R$ 0,00;R$ 0,00;R$ 0,00;R$ 0,00;R$ 0,00;;;R$ 0,00;;;;0,0%;;"";;FULL NINE DIGITAL CONSULTORIA S.A.;AMFI COMPANHIA SECURITIZADORA DE CREDITOS FINANCEIROS I SA;Oferta Pública;Duplicata;Produto Encerrado
Conecta Lá Unitoken #126;Unitoken;22/04/2025;-87;R$ 0,00;R$ 16,27;R$ 0,00;R$ 0,00;R$ 0,00;;R$ 0,00;R$ 0,00;;;;0,0%;;"";;FULL NINE DIGITAL CONSULTORIA S.A.;AMFI COMPANHIA SECURITIZADORA DE CREDITOS FINANCEIROS I SA;Oferta Pública;Duplicata;Produto Encerrado
Formento Unitoken #76;Unitoken;22/04/2025;-87;R$ 0,00;R$ 45,92;R$ 0,00;R$ 0,00;R$ 0,00;;R$ 0,00;R$ 0,00;;;;0,0%;;"";;Formento Securitizadora S.A.;AMFI COMPANHIA SECURITIZADORA DE CREDITOS FINANCEIROS I SA;Oferta Pública;Duplicata;Produto Encerrado
Fintrust  Unitoken #1;Unitoken;22/04/2025;-87;R$ 0,00;R$ 13,93;R$ 0,00;R$ 0,00;R$ 0,00;;R$ 0,00;R$ 0,00;;;;0,0%;;"";;Fintrust Securitizadora;AMFI COMPANHIA SECURITIZADORA DE CREDITOS FINANCEIROS I SA;Oferta Pública;Duplicata;Produto Encerrado
Syntheo Unitoken #57;Unitoken;22/04/2025;-87;R$ 0,00;R$ 0,00;R$ 0,00;R$ 0,00;R$ 0,00;;;R$ 0,00;;;;0,0%;;"";;SYNTHÉO SECURITIZADORA DE CRÉDITOS S.A.;AMFI COMPANHIA SECURITIZADORA DE CREDITOS FINANCEIROS I SA;Oferta Pública;Duplicata;Produto Encerrado
Click Antecipa Unitoken #96;Unitoken;22/04/2025;-87;R$ 0,00;R$ 5,94;R$ 0,00;R$ 0,00;R$ 0,00;;R$ 0,00;R$ 0,00;;;;0,0%;;"";;CLICK SECURITIZADORA S.A.;AMFI COMPANHIA SECURITIZADORA DE CREDITOS FINANCEIROS I SA;Oferta Pública;Duplicata;Produto Encerrado
Fintrust  Unitoken #4;Unitoken;22/04/2025;-87;R$ 0,00;R$ 0,00;R$ 0,00;R$ 0,00;R$ 0,00;;;R$ 0,00;;;;0,0%;;"";;Fintrust Securitizadora;AMFI COMPANHIA SECURITIZADORA DE CREDITOS FINANCEIROS I SA;Oferta Pública;Duplicata;Produto Encerrado
Formento Unitoken #70;Unitoken;22/04/2025;-87;R$ 0,00;R$ 8,94;R$ 0,00;R$ 0,00;R$ 0,00;;R$ 0,00;R$ 0,00;;;;0,0%;;"";;Formento Securitizadora S.A.;AMFI COMPANHIA SECURITIZADORA DE CREDITOS FINANCEIROS I SA;Oferta Pública;Duplicata;Produto Encerrado
Conecta Lá Unitoken #118;Unitoken;22/04/2025;-87;R$ 0,00;R$ 0,00;R$ 0,00;R$ 0,00;R$ 0,00;;;R$ 0,00;;;;0,0%;;"";;FULL NINE DIGITAL CONSULTORIA S.A.;AMFI COMPANHIA SECURITIZADORA DE CREDITOS FINANCEIROS I SA;Oferta Pública;Duplicata;Produto Encerrado
Click Antecipa Unitoken #85;Unitoken;22/04/2025;-87;R$ 0,00;R$ 0,18;R$ 0,00;R$ 0,00;R$ 0,00;;R$ 0,00;R$ 0,00;;;;0,0%;;"";;CLICK SECURITIZADORA S.A.;AMFI COMPANHIA SECURITIZADORA DE CREDITOS FINANCEIROS I SA;Oferta Pública;Duplicata;Produto Encerrado
Grana.ai Unitoken #2;Unitoken;22/04/2025;-87;R$ 0,34;R$ 8,65;R$ 0,00;R$ 0,00;R$ 0,00;;R$ 0,00;R$ 0,00;;;;0,0%;;"";;GRANA.AI TECNOLOGIA LTDA;AMFI COMPANHIA SECURITIZADORA DE CREDITOS FINANCEIROS I SA;Oferta Pública;Recebível de Cartão;Produto Encerrado
Valorem Unitoken #38;Unitoken;23/04/2025;-86;R$ 0,00;R$ 0,00;R$ 0,00;R$ 0,00;R$ 0,00;;;R$ 0,00;;;;0,0%;;"";;Valorem Soluções Financeiras S.A;AMFI COMPANHIA SECURITIZADORA DE CREDITOS FINANCEIROS I SA;Oferta Pública;Duplicata;Produto Encerrado
Fintrust  Unitoken #3;Unitoken;23/04/2025;-86;R$ 0,00;R$ 4,58;R$ 0,00;R$ 0,00;R$ 0,00;;R$ 0,00;R$ 0,00;;;;0,0%;;"";;Fintrust Securitizadora;AMFI COMPANHIA SECURITIZADORA DE CREDITOS FINANCEIROS I SA;Oferta Pública;Duplicata;Produto Encerrado
Valorem Unitoken #37;Unitoken;23/04/2025;-86;R$ 0,00;R$ 0,00;R$ 0,00;R$ 0,00;R$ 0,00;;;R$ 0,00;;;;0,0%;;"";;Valorem Soluções Financeiras S.A;AMFI COMPANHIA SECURITIZADORA DE CREDITOS FINANCEIROS I SA;Oferta Pública;Duplicata;Produto Encerrado
Lebasq Unitoken #22;Unitoken;23/04/2025;-86;R$ 0,00;R$ 18,63;R$ 0,00;R$ 0,00;R$ 0,00;;R$ 0,00;R$ 0,00;;;;0,0%;;"";;LEBASQ SECURITIZAÇÃO DE CRÉDITOS SA;AMFI COMPANHIA SECURITIZADORA DE CREDITOS FINANCEIROS I SA;Oferta Pública;Duplicata;Produto Encerrado
Faighus Unitoken #10;Unitoken;23/04/2025;-86;R$ 0,00;R$ 0,06;R$ 0,00;R$ 0,00;R$ 0,00;;R$ 0,00;R$ 0,00;;;;0,0%;;"";;FAIGHUS SECURITIZADORA S.A.;AMFI COMPANHIA SECURITIZADORA DE CREDITOS FINANCEIROS I SA;Oferta Pública;Duplicata;Produto Encerrado
Baru Unitoken #3;Unitoken;24/04/2025;-85;R$ 0,00;R$ 0,00;R$ 0,00;R$ 0,00;R$ 0,00;;;R$ 0,00;;;;0,0%;;"";;GRIFFIN CAPITAL S.A. SECURITIZADORA;AMFI COMPANHIA SECURITIZADORA DE CREDITOS FINANCEIROS I SA;Oferta Pública;Duplicata;Produto Encerrado
Grana.ai Unitoken #3;Unitoken;24/04/2025;-85;R$ 0,00;R$ 7,50;R$ 0,00;R$ 0,00;R$ 0,00;;R$ 0,00;R$ 0,00;;;;0,0%;;"";;GRANA.AI TECNOLOGIA LTDA;AMFI COMPANHIA SECURITIZADORA DE CREDITOS FINANCEIROS I SA;Oferta Pública;Recebível de Cartão;Produto Encerrado
Conecta Lá Unitoken #27;Unitoken;24/04/2025;-85;R$ 0,00;R$ 0,00;R$ 0,00;R$ 0,00;R$ 0,00;;;R$ 0,00;;;;0,0%;;"";;FULL NINE DIGITAL CONSULTORIA S.A.;AMFI COMPANHIA SECURITIZADORA DE CREDITOS FINANCEIROS I SA;;Duplicata;
Conecta Lá Unitoken #125;Unitoken;24/04/2025;-85;R$ 0,00;R$ 16,86;R$ 0,00;R$ 0,00;R$ 0,00;;R$ 0,00;R$ 0,00;;;;0,0%;;"";;FULL NINE DIGITAL CONSULTORIA S.A.;AMFI COMPANHIA SECURITIZADORA DE CREDITOS FINANCEIROS I SA;Oferta Pública;Duplicata;Produto Encerrado
Syntheo Unitoken #69;Unitoken;24/04/2025;-85;R$ 0,00;R$ 0,05;R$ 0,00;R$ 0,00;R$ 0,00;;R$ 0,00;R$ 0,00;;;;0,0%;;"";;SYNTHÉO SECURITIZADORA DE CRÉDITOS S.A.;AMFI COMPANHIA SECURITIZADORA DE CREDITOS FINANCEIROS I SA;Oferta Pública;Duplicata;Produto Encerrado
AFA CONSULTORIA DE CREDITO Unitoken #4;Unitoken;24/04/2025;-85;R$ 0,00;R$ 63,75;R$ 0,00;R$ 0,00;R$ 0,00;;R$ 0,00;R$ 0,00;;;;0,0%;;"";;AFA CONSULTORIA DE CREDITO UNIPESSOAL LTDA;AMFI COMPANHIA SECURITIZADORA DE CREDITOS FINANCEIROS I SA;Oferta Pública;Duplicata;Produto Encerrado
Conecta Lá Unitoken #24;Unitoken;24/04/2025;-85;R$ 0,00;R$ 0,00;R$ 0,00;R$ 0,00;R$ 0,00;;;R$ 0,00;;;;0,0%;;"";;FULL NINE DIGITAL CONSULTORIA S.A.;AMFI COMPANHIA SECURITIZADORA DE CREDITOS FINANCEIROS I SA;;Duplicata;
Syntheo Unitoken #59;Unitoken;24/04/2025;-85;R$ 0,00;R$ 0,01;R$ 0,00;R$ 0,00;R$ 0,00;;R$ 0,00;R$ 0,00;;;;0,0%;;"";;SYNTHÉO SECURITIZADORA DE CRÉDITOS S.A.;AMFI COMPANHIA SECURITIZADORA DE CREDITOS FINANCEIROS I SA;Oferta Pública;Duplicata;Produto Encerrado
Baru Unitoken #2;Unitoken;24/04/2025;-85;R$ 0,00;R$ 0,00;R$ 0,00;R$ 0,00;R$ 0,00;;;R$ 0,00;;;;0,0%;;"";;GRIFFIN CAPITAL S.A. SECURITIZADORA;AMFI COMPANHIA SECURITIZADORA DE CREDITOS FINANCEIROS I SA;Oferta Pública;Duplicata;Produto Encerrado
Formento Unitoken #55;Unitoken;25/04/2025;-84;R$ 0,00;R$ 33,65;R$ 0,00;R$ 0,00;R$ 0,00;;R$ 0,00;R$ 0,00;;;;0,0%;;"";;Formento Securitizadora S.A.;AMFI COMPANHIA SECURITIZADORA DE CREDITOS FINANCEIROS I SA;Oferta Pública;Duplicata;Produto Encerrado
Sirius Unitoken #5;Unitoken;25/04/2025;-84;R$ 0,00;R$ 0,00;R$ 0,00;R$ 0,00;R$ 0,00;;;R$ 0,00;;;;0,0%;;"";;Sirius Securitizadora S.A;AMFI COMPANHIA SECURITIZADORA DE CREDITOS FINANCEIROS I SA;Oferta Pública;Duplicata;Produto Encerrado
Formento Unitoken #54;Unitoken;28/04/2025;-81;R$ 0,00;R$ 30,42;R$ 0,00;R$ 0,00;R$ 0,00;;R$ 0,00;R$ 0,00;;;;0,0%;;"";;Formento Securitizadora S.A.;AMFI COMPANHIA SECURITIZADORA DE CREDITOS FINANCEIROS I SA;Oferta Pública;Duplicata;Produto Encerrado
Click Antecipa Unitoken #93;Unitoken;28/04/2025;-81;R$ 0,00;R$ 0,09;R$ 0,00;R$ 0,00;R$ 0,00;;R$ 0,00;R$ 0,00;;;;0,0%;;"";;CLICK SECURITIZADORA S.A.;AMFI COMPANHIA SECURITIZADORA DE CREDITOS FINANCEIROS I SA;Oferta Pública;Duplicata;Produto Encerrado
Formento Unitoken #58;Unitoken;28/04/2025;-81;R$ 0,00;R$ 21,41;R$ 0,00;R$ 0,00;R$ 0,00;;R$ 0,00;R$ 0,00;;;;0,0%;;"";;Formento Securitizadora S.A.;AMFI COMPANHIA SECURITIZADORA DE CREDITOS FINANCEIROS I SA;Oferta Pública;Duplicata;Produto Encerrado
Formento Unitoken #56;Unitoken;28/04/2025;-81;R$ 0,00;R$ 12,06;R$ 0,00;R$ 0,00;R$ 0,00;;R$ 0,00;R$ 0,00;;;;0,0%;;"";;Formento Securitizadora S.A.;AMFI COMPANHIA SECURITIZADORA DE CREDITOS FINANCEIROS I SA;Oferta Pública;Duplicata;Produto Encerrado
Conecta Lá Unitoken #110;Unitoken;28/04/2025;-81;R$ 0,00;R$ 0,00;R$ 0,00;R$ 0,00;R$ 0,00;;;R$ 0,00;;;;0,0%;;"";;FULL NINE DIGITAL CONSULTORIA S.A.;AMFI COMPANHIA SECURITIZADORA DE CREDITOS FINANCEIROS I SA;Oferta Pública;Duplicata;Produto Encerrado
Syntheo Unitoken #62;Unitoken;28/04/2025;-81;R$ 0,00;R$ 11,21;R$ 0,00;R$ 0,00;R$ 0,00;;R$ 0,00;R$ 0,00;;;;0,0%;;"";;SYNTHÉO SECURITIZADORA DE CRÉDITOS S.A.;AMFI COMPANHIA SECURITIZADORA DE CREDITOS FINANCEIROS I SA;Oferta Pública;Duplicata;Produto Encerrado
Syntheo Unitoken #61;Unitoken;29/04/2025;-80;R$ 0,00;R$ 5,79;R$ 0,00;R$ 0,00;R$ 0,00;;R$ 0,00;R$ 0,00;;;;0,0%;;"";;SYNTHÉO SECURITIZADORA DE CRÉDITOS S.A.;AMFI COMPANHIA SECURITIZADORA DE CREDITOS FINANCEIROS I SA;Oferta Pública;Duplicata;Produto Encerrado
Grana.ai Unitoken #4;Unitoken;29/04/2025;-80;R$ 0,00;R$ 16,73;R$ 0,00;R$ 0,00;R$ 0,00;;R$ 0,00;R$ 0,00;;;;0,0%;;"";;GRANA.AI TECNOLOGIA LTDA;AMFI COMPANHIA SECURITIZADORA DE CREDITOS FINANCEIROS I SA;Oferta Pública;Recebível de Cartão;Produto Encerrado
AFA CONSULTORIA DE CREDITO Unitoken #7;Unitoken;29/04/2025;-80;R$ 0,00;R$ 23,32;R$ 0,00;R$ 0,00;R$ 0,00;;R$ 0,00;R$ 0,00;;;;0,0%;;"";;AFA CONSULTORIA DE CREDITO UNIPESSOAL LTDA;AMFI COMPANHIA SECURITIZADORA DE CREDITOS FINANCEIROS I SA;Oferta Pública;Duplicata;Produto Encerrado
Faighus Unitoken #11;Unitoken;29/04/2025;-80;R$ 0,00;R$ 0,07;R$ 0,00;R$ 0,00;R$ 0,00;;R$ 0,00;R$ 0,00;;;;0,0%;;"";;FAIGHUS SECURITIZADORA S.A.;AMFI COMPANHIA SECURITIZADORA DE CREDITOS FINANCEIROS I SA;Oferta Pública;Duplicata;Produto Encerrado
Chronos Unitoken #4;Unitoken;29/04/2025;-80;R$ 0,00;R$ 0,00;R$ 0,00;R$ 0,00;R$ 0,00;;;R$ 0,00;;;;0,0%;;"";;CHRONOS SECURITIZADORA S/A;AMFI COMPANHIA SECURITIZADORA DE CREDITOS FINANCEIROS I SA;Oferta Pública;Duplicata;Produto Encerrado
Faighus Unitoken #13;Unitoken;29/04/2025;-80;R$ 0,00;R$ 0,02;R$ 0,00;R$ 0,00;R$ 0,00;;R$ 0,00;R$ 0,00;;;;0,0%;;"";;FAIGHUS SECURITIZADORA S.A.;AMFI COMPANHIA SECURITIZADORA DE CREDITOS FINANCEIROS I SA;Oferta Pública;Duplicata;Produto Encerrado
Syntheo Unitoken #64;Unitoken;29/04/2025;-80;R$ 0,00;R$ 0,00;R$ 0,00;R$ 0,00;R$ 0,00;;;R$ 0,00;;;;0,0%;;"";;SYNTHÉO SECURITIZADORA DE CRÉDITOS S.A.;AMFI COMPANHIA SECURITIZADORA DE CREDITOS FINANCEIROS I SA;Oferta Pública;Duplicata;Produto Encerrado
Audax Capital Unitoken #11;Unitoken;30/04/2025;-79;R$ 0,00;R$ 0,00;R$ 0,00;R$ 0,00;R$ 0,00;;;R$ 0,00;;;;0,0%;;"";;AUDAX CAPITAL SECURITIZADORA S.A;AMFI COMPANHIA SECURITIZADORA DE CREDITOS FINANCEIROS I SA;Oferta Pública;Duplicata;Produto Encerrado
Formento Unitoken #57;Unitoken;30/04/2025;-79;R$ 0,00;R$ 11,68;R$ 0,00;R$ 0,00;R$ 0,00;;R$ 0,00;R$ 0,00;;;;0,0%;;"";;Formento Securitizadora S.A.;AMFI COMPANHIA SECURITIZADORA DE CREDITOS FINANCEIROS I SA;Oferta Pública;Duplicata;Produto Encerrado
Learnbase Unitoken #40;Unitoken;01/05/2025;-78;R$ 0,00;R$ 0,00;R$ 0,00;R$ 0,00;R$ 0,00;;;R$ 0,00;;;;0,0%;;"";;Learnbase Gestão e Consultoria Educacional S.A.;AMFI COMPANHIA SECURITIZADORA DE CREDITOS FINANCEIROS I SA;Oferta Pública;Duplicata;Produto Encerrado
Click Antecipa Unitoken #89;Unitoken;02/05/2025;-77;R$ 0,00;R$ 0,00;R$ 0,00;R$ 0,00;R$ 0,00;;;R$ 0,00;;;;0,0%;;"";;CLICK SECURITIZADORA S.A.;AMFI COMPANHIA SECURITIZADORA DE CREDITOS FINANCEIROS I SA;Oferta Pública;Duplicata;Produto Encerrado
Conecta Lá Unitoken #104;Unitoken;02/05/2025;-77;R$ 0,00;R$ 0,08;R$ 0,00;R$ 0,00;R$ 0,00;;R$ 0,00;R$ 0,00;;;;0,0%;;"";;FULL NINE DIGITAL CONSULTORIA S.A.;AMFI COMPANHIA SECURITIZADORA DE CREDITOS FINANCEIROS I SA;Oferta Pública;Duplicata;Produto Encerrado
Learnbase Unitoken #48;Unitoken;02/05/2025;-77;R$ 0,00;R$ 0,00;R$ 0,00;R$ 0,00;R$ 0,00;;;R$ 0,00;;;;0,0%;;"";;Learnbase Gestão e Consultoria Educacional S.A.;AMFI COMPANHIA SECURITIZADORA DE CREDITOS FINANCEIROS I SA;Oferta Pública;Duplicata;Produto Encerrado
Formento Unitoken #59;Unitoken;02/05/2025;-77;R$ 0,00;R$ 21,90;R$ 0,00;R$ 0,00;R$ 0,00;;R$ 0,00;R$ 0,00;;;;0,0%;;"";;Formento Securitizadora S.A.;AMFI COMPANHIA SECURITIZADORA DE CREDITOS FINANCEIROS I SA;Oferta Pública;Duplicata;Produto Encerrado
Syntheo Unitoken #65;Unitoken;02/05/2025;-77;R$ 0,00;R$ 49,24;R$ 0,00;R$ 0,00;R$ 0,00;;R$ 0,00;R$ 0,00;;;;0,0%;;"";;SYNTHÉO SECURITIZADORA DE CRÉDITOS S.A.;AMFI COMPANHIA SECURITIZADORA DE CREDITOS FINANCEIROS I SA;Oferta Pública;Duplicata;Produto Encerrado
Click Antecipa Unitoken #97;Unitoken;02/05/2025;-77;R$ 0,00;R$ 0,00;R$ 0,00;R$ 0,00;R$ 0,00;;;R$ 0,00;;;;0,0%;;"";;CLICK SECURITIZADORA S.A.;AMFI COMPANHIA SECURITIZADORA DE CREDITOS FINANCEIROS I SA;Oferta Pública;Duplicata;Produto Encerrado
Audax Capital Unitoken #12;Unitoken;05/05/2025;-74;R$ 0,00;R$ 1,44;R$ 0,00;R$ 0,00;R$ 0,00;;R$ 0,00;R$ 0,00;;;;0,0%;;"";;AUDAX CAPITAL SECURITIZADORA S.A;AMFI COMPANHIA SECURITIZADORA DE CREDITOS FINANCEIROS I SA;Oferta Pública;Duplicata;Produto Encerrado
Lebasq Unitoken #27;Unitoken;05/05/2025;-74;R$ 0,00;R$ 2,47;R$ 0,00;R$ 0,00;R$ 0,00;;R$ 0,00;R$ 0,00;;;;0,0%;;"";;LEBASQ SECURITIZAÇÃO DE CRÉDITOS SA;AMFI COMPANHIA SECURITIZADORA DE CREDITOS FINANCEIROS I SA;Oferta Pública;Duplicata;Produto Encerrado
AFA CONSULTORIA DE CREDITO Unitoken #37;Unitoken;05/05/2025;-74;R$ 0,00;R$ 823,69;R$ 0,00;R$ 0,00;R$ 0,00;;R$ 0,00;R$ 0,00;;;;0,0%;;"";;AFA CONSULTORIA DE CREDITO UNIPESSOAL LTDA;AMFI COMPANHIA SECURITIZADORA DE CREDITOS FINANCEIROS I SA;Oferta Pública;Duplicata;Produto Encerrado
Conecta Lá Unitoken #122;Unitoken;05/05/2025;-74;R$ 0,00;R$ 0,00;R$ 0,00;R$ 0,00;R$ 0,00;;;R$ 0,00;;;;0,0%;;"";;FULL NINE DIGITAL CONSULTORIA S.A.;AMFI COMPANHIA SECURITIZADORA DE CREDITOS FINANCEIROS I SA;Oferta Pública;Duplicata;Produto Encerrado
a55  Unitoken #25;Unitoken;06/05/2025;-73;R$ 0,00;R$ 1,75;R$ 0,00;R$ 0,00;R$ 0,00;;R$ 0,00;R$ 0,00;;;;0,0%;;"";;a55 SECURITIZADORA S.A.;a55 SECURITIZADORA S.A.;Oferta Pública;Duplicata;Produto Encerrado
Click Antecipa Unitoken #98;Unitoken;06/05/2025;-73;R$ 0,00;R$ 0,00;R$ 0,00;R$ 0,00;R$ 0,00;;;R$ 0,00;;;;0,0%;;"";;CLICK SECURITIZADORA S.A.;AMFI COMPANHIA SECURITIZADORA DE CREDITOS FINANCEIROS I SA;Oferta Pública;Duplicata;Produto Encerrado
Conecta Lá Unitoken #111;Unitoken;06/05/2025;-73;R$ 0,00;R$ 0,00;R$ 0,00;R$ 0,00;R$ 0,00;;;R$ 0,00;;;;0,0%;;"";;FULL NINE DIGITAL CONSULTORIA S.A.;AMFI COMPANHIA SECURITIZADORA DE CREDITOS FINANCEIROS I SA;Oferta Pública;Duplicata;Produto Encerrado
a55  Unitoken #28;Unitoken;06/05/2025;-73;R$ 0,00;R$ 2,35;R$ 0,00;R$ 0,00;R$ 0,00;;R$ 0,00;R$ 0,00;;;;0,0%;;"";;a55 SECURITIZADORA S.A.;a55 SECURITIZADORA S.A.;Oferta Pública;Duplicata;Produto Encerrado
a55  Unitoken #26;Unitoken;06/05/2025;-73;R$ 0,00;R$ 0,00;R$ 0,00;R$ 0,00;R$ 0,00;;;R$ 0,00;;;;0,0%;;"";;a55 SECURITIZADORA S.A.;a55 SECURITIZADORA S.A.;Oferta Pública;Duplicata;Produto Encerrado
Learnbase Unitoken #49;Unitoken;06/05/2025;-73;R$ 0,00;R$ 0,00;R$ 0,00;R$ 0,00;R$ 0,00;;;R$ 0,00;;;;0,0%;;"";;Learnbase Gestão e Consultoria Educacional S.A.;AMFI COMPANHIA SECURITIZADORA DE CREDITOS FINANCEIROS I SA;Oferta Pública;Duplicata;Produto Encerrado
a55  Unitoken #27;Unitoken;06/05/2025;-73;R$ 0,00;R$ 0,00;R$ 0,00;R$ 0,00;R$ 0,00;;;R$ 0,00;;;;0,0%;;"";;a55 SECURITIZADORA S.A.;a55 SECURITIZADORA S.A.;Oferta Pública;Duplicata;Produto Encerrado
Primer Unitoken #1;Unitoken;06/05/2025;-73;R$ 0,00;R$ 46,39;R$ 0,00;R$ 0,00;R$ 0,00;;R$ 0,00;R$ 0,00;;;;0,0%;;"";;Primer Securitizadora S.A;AMFI COMPANHIA SECURITIZADORA DE CREDITOS FINANCEIROS I SA;Oferta Pública;Duplicata;Produto Encerrado
a55  Unitoken #29;Unitoken;06/05/2025;-73;R$ 0,00;R$ 0,00;R$ 0,00;R$ 0,00;R$ 0,00;;;R$ 0,00;;;;0,0%;;"";;a55 SECURITIZADORA S.A.;a55 SECURITIZADORA S.A.;Oferta Pública;Duplicata;Produto Encerrado
Formento Unitoken #61;Unitoken;07/05/2025;-72;R$ 0,00;R$ 15,39;R$ 0,00;R$ 0,00;R$ 0,00;;R$ 0,00;R$ 0,00;;;;0,0%;;"";;Formento Securitizadora S.A.;AMFI COMPANHIA SECURITIZADORA DE CREDITOS FINANCEIROS I SA;Oferta Pública;Duplicata;Produto Encerrado
Syntheo Unitoken #67;Unitoken;07/05/2025;-72;R$ 0,00;R$ 30,57;R$ 0,00;R$ 0,00;R$ 0,00;;R$ 0,00;R$ 0,00;;;;0,0%;;"";;SYNTHÉO SECURITIZADORA DE CRÉDITOS S.A.;AMFI COMPANHIA SECURITIZADORA DE CREDITOS FINANCEIROS I SA;Oferta Pública;Duplicata;Produto Encerrado
Syntheo Unitoken #77;Unitoken;08/05/2025;-71;R$ 0,00;R$ 0,00;R$ 0,00;R$ 0,00;R$ 0,00;;;R$ 0,00;;;;0,0%;;"";;SYNTHÉO SECURITIZADORA DE CRÉDITOS S.A.;AMFI COMPANHIA SECURITIZADORA DE CREDITOS FINANCEIROS I SA;Oferta Pública;Duplicata;Produto Encerrado
Lebasq Unitoken #30;Unitoken;09/05/2025;-70;R$ 0,00;R$ 1,60;R$ 0,00;R$ 0,00;R$ 0,00;;R$ 0,00;R$ 0,00;;;;0,0%;;"";;LEBASQ SECURITIZAÇÃO DE CRÉDITOS SA;AMFI COMPANHIA SECURITIZADORA DE CREDITOS FINANCEIROS I SA;Oferta Pública;Duplicata;Produto Encerrado
LC INVESTE Pool #1;Pool;11/05/2025;-68;R$ 0,01;R$ 0,00;R$ 0,01;R$ 0,00;R$ 0,01;R$ 0,00;R$ 0,00;R$ 0,00;100,0%;20,0%;;0,0%;;"";;LC Investe LTDA;AMFI COMPANHIA SECURITIZADORA DE CREDITOS FINANCEIROS I SA;Oferta Privada;Ativo Judicial;Produto Encerrado
Conecta Lá Unitoken #113;Unitoken;12/05/2025;-67;R$ 0,00;R$ 0,00;R$ 0,00;R$ 0,00;R$ 0,00;;;R$ 0,00;;;;0,0%;;"";;FULL NINE DIGITAL CONSULTORIA S.A.;AMFI COMPANHIA SECURITIZADORA DE CREDITOS FINANCEIROS I SA;Oferta Pública;Duplicata;Produto Encerrado
Conecta Lá Unitoken #107;Unitoken;12/05/2025;-67;R$ 0,00;R$ 0,08;R$ 0,00;R$ 0,00;R$ 0,00;;R$ 0,00;R$ 0,00;;;;0,0%;;"";;FULL NINE DIGITAL CONSULTORIA S.A.;AMFI COMPANHIA SECURITIZADORA DE CREDITOS FINANCEIROS I SA;Oferta Pública;Duplicata;Produto Encerrado
Formento Unitoken #67;Unitoken;12/05/2025;-67;R$ 0,00;R$ 30,66;R$ 0,00;R$ 0,00;R$ 0,00;;R$ 0,00;R$ 0,00;;;;0,0%;;"";;Formento Securitizadora S.A.;AMFI COMPANHIA SECURITIZADORA DE CREDITOS FINANCEIROS I SA;Oferta Pública;Duplicata;Produto Encerrado
Conecta Lá Unitoken #115;Unitoken;12/05/2025;-67;R$ 0,00;R$ 0,00;R$ 0,00;R$ 0,00;R$ 0,00;;;R$ 0,00;;;;0,0%;;"";;FULL NINE DIGITAL CONSULTORIA S.A.;AMFI COMPANHIA SECURITIZADORA DE CREDITOS FINANCEIROS I SA;Oferta Pública;Duplicata;Produto Encerrado
Conecta Lá Unitoken #114;Unitoken;12/05/2025;-67;R$ 0,00;R$ 0,00;R$ 0,00;R$ 0,00;R$ 0,00;;;R$ 0,00;;;;0,0%;;"";;FULL NINE DIGITAL CONSULTORIA S.A.;AMFI COMPANHIA SECURITIZADORA DE CREDITOS FINANCEIROS I SA;Oferta Pública;Duplicata;Produto Encerrado
Formento Unitoken #71;Unitoken;14/05/2025;-65;R$ 0,00;R$ 52,33;R$ 0,00;R$ 0,00;R$ 0,00;;R$ 0,00;R$ 0,00;;;;0,0%;;"";;Formento Securitizadora S.A.;AMFI COMPANHIA SECURITIZADORA DE CREDITOS FINANCEIROS I SA;Oferta Pública;Duplicata;Produto Encerrado
Nagro #3;Unitoken;15/05/2025;-64;R$ 0,00;R$ 0,00;R$ 0,00;R$ 0,00;R$ 0,00;R$ 0,00;;R$ 0,00;;;;0,0%;;"";;NAGRO;;;CCB;
C4 Unitoken #46;Unitoken;15/05/2025;-64;R$ 0,00;R$ 0,02;R$ 0,00;R$ 0,00;R$ 0,00;;R$ 0,00;R$ 0,00;;;;0,0%;;"";;C4 CAPITAL SECURITIZADORA S/A;AMFI COMPANHIA SECURITIZADORA DE CREDITOS FINANCEIROS I SA;Oferta Pública;Duplicata;Produto Encerrado
C4 Unitoken #48;Unitoken;15/05/2025;-64;R$ 0,00;R$ 0,00;R$ 0,00;R$ 0,00;R$ 0,00;;;R$ 0,00;;;;0,0%;;"";;C4 CAPITAL SECURITIZADORA S/A;AMFI COMPANHIA SECURITIZADORA DE CREDITOS FINANCEIROS I SA;Oferta Pública;Duplicata;Produto Encerrado
Conecta Lá Unitoken #117;Unitoken;15/05/2025;-64;R$ 0,00;R$ 0,00;R$ 0,00;R$ 0,00;R$ 0,00;;;R$ 0,00;;;;0,0%;;"";;FULL NINE DIGITAL CONSULTORIA S.A.;AMFI COMPANHIA SECURITIZADORA DE CREDITOS FINANCEIROS I SA;Oferta Pública;Duplicata;Produto Encerrado
Conecta Lá Unitoken #103;Unitoken;15/05/2025;-64;R$ 0,00;R$ 0,00;R$ 0,00;R$ 0,00;R$ 0,00;;;R$ 0,00;;;;0,0%;;"";;FULL NINE DIGITAL CONSULTORIA S.A.;AMFI COMPANHIA SECURITIZADORA DE CREDITOS FINANCEIROS I SA;Oferta Pública;Duplicata;Produto Encerrado
Conecta Lá Unitoken #116;Unitoken;15/05/2025;-64;R$ 0,00;R$ 0,00;R$ 0,00;R$ 0,00;R$ 0,00;;;R$ 0,00;;;;0,0%;;"";;FULL NINE DIGITAL CONSULTORIA S.A.;AMFI COMPANHIA SECURITIZADORA DE CREDITOS FINANCEIROS I SA;Oferta Pública;Duplicata;Produto Encerrado
C4 Unitoken #47;Unitoken;15/05/2025;-64;R$ 0,00;R$ 0,08;R$ 0,00;R$ 0,00;R$ 0,00;;R$ 0,00;R$ 0,00;;;;0,0%;;"";;C4 CAPITAL SECURITIZADORA S/A;AMFI COMPANHIA SECURITIZADORA DE CREDITOS FINANCEIROS I SA;Oferta Pública;Duplicata;Produto Encerrado
Nagro #2;Unitoken;15/05/2025;-64;R$ 0,00;;;R$ 0,00;;R$ 0,00;;R$ 0,00;;;;0,0%;;"";;NAGRO;;;CCB;
Stockash Unitoken #4;Unitoken;15/05/2025;-64;R$ 7.750,00;R$ 0,00;R$ 7.750,00;R$ 7.750,00;R$ 0,00;;;R$ 0,00;;;100,0%;0,0%;1,2%;"";;Stockash Consultoria em Credito LTDA;AMFI COMPANHIA SECURITIZADORA DE CREDITOS FINANCEIROS I SA;;Duplicata;
BRL Unitoken #2;Unitoken;16/05/2025;-63;R$ 0,00;R$ 0,00;R$ 0,00;R$ 0,00;R$ 0,00;;;R$ 0,00;;;;0,0%;;"";;BRL SECURITIZADORA S.A;AMFI COMPANHIA SECURITIZADORA DE CREDITOS FINANCEIROS I SA;Oferta Pública;Duplicata;Produto Encerrado
Formento Unitoken #75;Unitoken;16/05/2025;-63;R$ 0,00;R$ 14,35;R$ 0,00;R$ 0,00;R$ 0,00;;R$ 0,00;R$ 0,00;;;;0,0%;;"";;Formento Securitizadora S.A.;AMFI COMPANHIA SECURITIZADORA DE CREDITOS FINANCEIROS I SA;Oferta Pública;Duplicata;Produto Encerrado
Formento Unitoken #72;Unitoken;16/05/2025;-63;R$ 0,00;R$ 92,87;R$ 0,00;R$ 0,00;R$ 0,00;;R$ 0,00;R$ 0,00;;;;0,0%;;"";;Formento Securitizadora S.A.;AMFI COMPANHIA SECURITIZADORA DE CREDITOS FINANCEIROS I SA;Oferta Pública;Duplicata;Produto Encerrado
Conecta Lá Unitoken #128;Unitoken;16/05/2025;-63;R$ 0,00;R$ 0,05;R$ 0,00;R$ 0,00;R$ 0,00;;R$ 0,00;R$ 0,00;;;;0,0%;;"";;FULL NINE DIGITAL CONSULTORIA S.A.;AMFI COMPANHIA SECURITIZADORA DE CREDITOS FINANCEIROS I SA;Oferta Pública;Duplicata;Produto Encerrado
DS Unitoken #39;Unitoken;18/05/2025;-61;R$ 79.683,62;R$ 83.252,57;R$ 0,00;R$ 79.683,62;R$ 0,00;;R$ 1,12;R$ 0,00;;;100,0%;0,0%;1,5%;"";;DS SECURITIZADORA S/A;AMFI COMPANHIA SECURITIZADORA DE CREDITOS FINANCEIROS I SA;Oferta Pública;Duplicata;Captação finalizada
Formento Unitoken #77;Unitoken;19/05/2025;-60;R$ 0,00;R$ 20,15;R$ 0,00;R$ 0,00;R$ 0,00;;R$ 0,00;R$ 0,00;;;;0,0%;;"";;Formento Securitizadora S.A.;AMFI COMPANHIA SECURITIZADORA DE CREDITOS FINANCEIROS I SA;Oferta Pública;Duplicata;Produto Encerrado
Learnbase Unitoken #50;Unitoken;19/05/2025;-60;R$ 0,00;R$ 0,00;R$ 0,00;R$ 0,00;R$ 0,00;;;R$ 0,00;;;;0,0%;;"";;Learnbase Gestão e Consultoria Educacional S.A.;AMFI COMPANHIA SECURITIZADORA DE CREDITOS FINANCEIROS I SA;Oferta Pública;Duplicata;Produto Encerrado
Fintrust  Unitoken #5;Unitoken;19/05/2025;-60;R$ 0,00;R$ 253,54;R$ 0,00;R$ 0,00;R$ 0,00;;R$ 0,00;R$ 0,00;;;;0,0%;;"";;Fintrust Securitizadora;AMFI COMPANHIA SECURITIZADORA DE CREDITOS FINANCEIROS I SA;Oferta Pública;Duplicata;Produto Encerrado
Formento Unitoken #65;Unitoken;19/05/2025;-60;R$ 0,00;R$ 87,26;R$ 0,00;R$ 0,00;R$ 0,00;;R$ 0,00;R$ 0,00;;;;0,0%;;"";;Formento Securitizadora S.A.;AMFI COMPANHIA SECURITIZADORA DE CREDITOS FINANCEIROS I SA;Oferta Pública;Duplicata;Produto Encerrado
AFA CONSULTORIA DE CREDITO Unitoken #29;Unitoken;19/05/2025;-60;R$ 0,00;R$ 109,47;R$ 0,00;R$ 0,00;R$ 0,00;;R$ 0,00;R$ 0,00;;;;0,0%;;"";;AFA CONSULTORIA DE CREDITO UNIPESSOAL LTDA;AMFI COMPANHIA SECURITIZADORA DE CREDITOS FINANCEIROS I SA;Oferta Pública;Duplicata;Produto Encerrado
Faighus Unitoken #12;Unitoken;20/05/2025;-59;R$ 0,00;R$ 0,05;R$ 0,00;R$ 0,00;R$ 0,00;;R$ 0,00;R$ 0,00;;;;0,0%;;"";;FAIGHUS SECURITIZADORA S.A.;AMFI COMPANHIA SECURITIZADORA DE CREDITOS FINANCEIROS I SA;Oferta Pública;Duplicata;Produto Encerrado
Baru Unitoken #6;Unitoken;20/05/2025;-59;R$ 0,00;R$ 0,00;R$ 0,00;R$ 0,00;R$ 0,00;;;R$ 0,00;;;;0,0%;;"";;GRIFFIN CAPITAL S.A. SECURITIZADORA;AMFI COMPANHIA SECURITIZADORA DE CREDITOS FINANCEIROS I SA;Oferta Pública;Duplicata;Produto Encerrado
Syntheo Unitoken #74;Unitoken;20/05/2025;-59;R$ 0,00;R$ 28,71;R$ 0,00;R$ 0,00;R$ 0,00;;R$ 0,00;R$ 0,00;;;;0,0%;;"";;SYNTHÉO SECURITIZADORA DE CRÉDITOS S.A.;AMFI COMPANHIA SECURITIZADORA DE CREDITOS FINANCEIROS I SA;Oferta Pública;Duplicata;Produto Encerrado
Syntheo Unitoken #68;Unitoken;20/05/2025;-59;R$ 0,00;R$ 0,24;R$ 0,00;R$ 0,00;R$ 0,00;;R$ 0,00;R$ 0,00;;;;0,0%;;"";;SYNTHÉO SECURITIZADORA DE CRÉDITOS S.A.;AMFI COMPANHIA SECURITIZADORA DE CREDITOS FINANCEIROS I SA;Oferta Pública;Duplicata;Produto Encerrado
Conecta Lá Unitoken #106;Unitoken;20/05/2025;-59;R$ 0,00;R$ 0,00;R$ 0,00;R$ 0,00;R$ 0,00;;;R$ 0,00;;;;0,0%;;"";;FULL NINE DIGITAL CONSULTORIA S.A.;AMFI COMPANHIA SECURITIZADORA DE CREDITOS FINANCEIROS I SA;Oferta Pública;Duplicata;Produto Encerrado
Chronos Unitoken #5;Unitoken;20/05/2025;-59;R$ 0,00;R$ 0,00;R$ 0,00;R$ 0,00;R$ 0,00;;;R$ 0,00;;;;0,0%;;"";;CHRONOS SECURITIZADORA S/A;AMFI COMPANHIA SECURITIZADORA DE CREDITOS FINANCEIROS I SA;Oferta Pública;Duplicata;Produto Encerrado
Formento Unitoken #69;Unitoken;20/05/2025;-59;R$ 0,00;R$ 44,77;R$ 0,00;R$ 0,00;R$ 0,00;;R$ 0,00;R$ 0,00;;;;0,0%;;"";;Formento Securitizadora S.A.;AMFI COMPANHIA SECURITIZADORA DE CREDITOS FINANCEIROS I SA;Oferta Pública;Duplicata;Produto Encerrado
Conecta Lá Unitoken #138;Unitoken;21/05/2025;-58;R$ 0,00;R$ 0,00;R$ 0,00;R$ 0,00;R$ 0,00;;;R$ 0,00;;;;0,0%;;"";;FULL NINE DIGITAL CONSULTORIA S.A.;AMFI COMPANHIA SECURITIZADORA DE CREDITOS FINANCEIROS I SA;Oferta Pública;Duplicata;Produto Encerrado
Z5 (New Invest Sec) Unitoken #2;Unitoken;21/05/2025;-58;R$ 0,00;R$ 0,00;R$ 0,00;R$ 0,00;R$ 0,00;;;R$ 0,00;;;;0,0%;;"";;NEW INVEST SECURITIZAÇÃO DE CREDITOS SA;AMFI COMPANHIA SECURITIZADORA DE CREDITOS FINANCEIROS I SA;Oferta Pública;Duplicata;Produto Encerrado
Click Antecipa Unitoken #92;Unitoken;22/05/2025;-57;R$ 0,00;R$ 0,21;R$ 0,00;R$ 0,00;R$ 0,00;;R$ 0,00;R$ 0,00;;;;0,0%;;"";;CLICK SECURITIZADORA S.A.;AMFI COMPANHIA SECURITIZADORA DE CREDITOS FINANCEIROS I SA;Oferta Pública;Duplicata;Produto Encerrado
Z5 (New Invest Sec) Unitoken #3;Unitoken;22/05/2025;-57;R$ 0,00;R$ 0,00;R$ 0,00;R$ 0,00;R$ 0,00;;;R$ 0,00;;;;0,0%;;"";;NEW INVEST SECURITIZAÇÃO DE CREDITOS SA;AMFI COMPANHIA SECURITIZADORA DE CREDITOS FINANCEIROS I SA;Oferta Pública;Duplicata;Produto Encerrado
Syntheo Unitoken #66;Unitoken;22/05/2025;-57;R$ 0,00;R$ 6,60;R$ 0,00;R$ 0,00;R$ 0,00;;R$ 0,00;R$ 0,00;;;;0,0%;;"";;SYNTHÉO SECURITIZADORA DE CRÉDITOS S.A.;AMFI COMPANHIA SECURITIZADORA DE CREDITOS FINANCEIROS I SA;Oferta Pública;Duplicata;Produto Encerrado
AmFi Pool de Unitokens ;Pool;23/05/2025;-56;R$ 0,01;R$ 0,01;R$ 0,00;R$ 0,00;R$ 0,01;R$ 0,00;R$ 0,00;R$ 0,00;;10,0%;;0,0%;;"";;AMFI CONSULTING LTDA;;Oferta Privada;Duplicata / Recebível de Cartão;Produto Encerrado
Conecta Lá Unitoken #124;Unitoken;26/05/2025;-53;R$ 0,00;R$ 0,09;R$ 0,00;R$ 0,00;R$ 0,00;;R$ 0,00;R$ 0,00;;;;0,0%;;"";;FULL NINE DIGITAL CONSULTORIA S.A.;AMFI COMPANHIA SECURITIZADORA DE CREDITOS FINANCEIROS I SA;Oferta Pública;Duplicata;Produto Encerrado
AFA CONSULTORIA DE CREDITO Unitoken #9;Unitoken;26/05/2025;-53;R$ 0,00;R$ 0,04;R$ 0,00;R$ 0,00;R$ 0,00;;R$ 0,00;R$ 0,00;;;;0,0%;;"";;AFA CONSULTORIA DE CREDITO UNIPESSOAL LTDA;AMFI COMPANHIA SECURITIZADORA DE CREDITOS FINANCEIROS I SA;Oferta Pública;Duplicata;Produto Encerrado
Conecta Lá Unitoken #123;Unitoken;26/05/2025;-53;R$ 0,00;R$ 0,14;R$ 0,00;R$ 0,00;R$ 0,00;;R$ 0,00;R$ 0,00;;;;0,0%;;"";;FULL NINE DIGITAL CONSULTORIA S.A.;AMFI COMPANHIA SECURITIZADORA DE CREDITOS FINANCEIROS I SA;Oferta Pública;Duplicata;Produto Encerrado
Syntheo Unitoken #73;Unitoken;26/05/2025;-53;R$ 0,00;R$ 0,00;R$ 0,00;R$ 0,00;R$ 0,00;;;R$ 0,00;;;;0,0%;;"";;SYNTHÉO SECURITIZADORA DE CRÉDITOS S.A.;AMFI COMPANHIA SECURITIZADORA DE CREDITOS FINANCEIROS I SA;Oferta Pública;Duplicata;Produto Encerrado
Formento Unitoken #63;Unitoken;26/05/2025;-53;R$ 0,00;R$ 26,06;R$ 0,00;R$ 0,00;R$ 0,00;;R$ 0,00;R$ 0,00;;;;0,0%;;"";;Formento Securitizadora S.A.;AMFI COMPANHIA SECURITIZADORA DE CREDITOS FINANCEIROS I SA;Oferta Pública;Duplicata;Produto Encerrado
Faighus Unitoken #16;Unitoken;27/05/2025;-52;R$ 0,00;R$ 0,02;R$ 0,00;R$ 0,00;R$ 0,00;;R$ 0,00;R$ 0,00;;;;0,0%;;"";;FAIGHUS SECURITIZADORA S.A.;AMFI COMPANHIA SECURITIZADORA DE CREDITOS FINANCEIROS I SA;Oferta Pública;Duplicata;Produto Encerrado
Syntheo Unitoken #70;Unitoken;27/05/2025;-52;R$ 0,00;R$ 21,37;R$ 0,00;R$ 0,00;R$ 0,00;;R$ 0,00;R$ 0,00;;;;0,0%;;"";;SYNTHÉO SECURITIZADORA DE CRÉDITOS S.A.;AMFI COMPANHIA SECURITIZADORA DE CREDITOS FINANCEIROS I SA;Oferta Pública;Duplicata;Produto Encerrado
Syntheo Unitoken #82;Unitoken;27/05/2025;-52;R$ 0,00;R$ 0,03;R$ 0,00;R$ 0,00;R$ 0,00;;R$ 0,00;R$ 0,00;;;;0,0%;;"";;SYNTHÉO SECURITIZADORA DE CRÉDITOS S.A.;AMFI COMPANHIA SECURITIZADORA DE CREDITOS FINANCEIROS I SA;Oferta Pública;Duplicata;Produto Encerrado
Primer Unitoken #2;Unitoken;27/05/2025;-52;R$ 0,00;R$ 64,37;R$ 0,00;R$ 0,00;R$ 0,00;;R$ 0,00;R$ 0,00;;;;0,0%;;"";;Primer Securitizadora S.A;AMFI COMPANHIA SECURITIZADORA DE CREDITOS FINANCEIROS I SA;Oferta Pública;Duplicata;Produto Encerrado
Formento Unitoken #106;Unitoken;27/05/2025;-52;R$ 0,00;R$ 0,01;R$ 0,00;R$ 0,00;R$ 0,00;;R$ 0,00;R$ 0,00;;;;0,0%;;"";;Formento Securitizadora S.A.;AMFI COMPANHIA SECURITIZADORA DE CREDITOS FINANCEIROS I SA;Oferta Pública;Duplicata;Produto Encerrado
Syntheo Unitoken #75;Unitoken;27/05/2025;-52;R$ 0,00;R$ 25,27;R$ 0,00;R$ 0,00;R$ 0,00;;R$ 0,00;R$ 0,00;;;;0,0%;;"";;SYNTHÉO SECURITIZADORA DE CRÉDITOS S.A.;AMFI COMPANHIA SECURITIZADORA DE CREDITOS FINANCEIROS I SA;Oferta Pública;Duplicata;Produto Encerrado
OUB CAPITAL Unitoken #11;Unitoken;27/05/2025;-52;R$ 0,00;R$ 0,00;R$ 0,00;R$ 0,00;R$ 0,00;;R$ 0,00;R$ 0,00;;;;0,0%;;"";;OUB CAPITAL SA;AMFI COMPANHIA SECURITIZADORA DE CREDITOS FINANCEIROS I SA;Oferta Pública;Duplicata;Produto Encerrado
Learnbase Unitoken #51;Unitoken;27/05/2025;-52;R$ 0,00;R$ 0,00;R$ 0,00;R$ 0,00;R$ 0,00;;;R$ 0,00;;;;0,0%;;"";;Learnbase Gestão e Consultoria Educacional S.A.;AMFI COMPANHIA SECURITIZADORA DE CREDITOS FINANCEIROS I SA;Oferta Pública;Duplicata;Produto Encerrado
Faighus Unitoken #14;Unitoken;27/05/2025;-52;R$ 0,00;R$ 0,04;R$ 0,00;R$ 0,00;R$ 0,00;;R$ 0,00;R$ 0,00;;;;0,0%;;"";;FAIGHUS SECURITIZADORA S.A.;AMFI COMPANHIA SECURITIZADORA DE CREDITOS FINANCEIROS I SA;Oferta Pública;Duplicata;Produto Encerrado
Click Antecipa Unitoken #109;Unitoken;28/05/2025;-51;R$ 0,00;R$ 6,40;R$ 0,00;R$ 0,00;R$ 0,00;;R$ 0,00;R$ 0,00;;;;0,0%;;"";;CLICK SECURITIZADORA S.A.;AMFI COMPANHIA SECURITIZADORA DE CREDITOS FINANCEIROS I SA;Oferta Pública;Duplicata;Produto Encerrado
Formento Unitoken #60;Unitoken;28/05/2025;-51;R$ 0,00;R$ 14,79;R$ 0,00;R$ 0,00;R$ 0,00;;R$ 0,00;R$ 0,00;;;;0,0%;;"";;Formento Securitizadora S.A.;AMFI COMPANHIA SECURITIZADORA DE CREDITOS FINANCEIROS I SA;Oferta Pública;Duplicata;Produto Encerrado
Syntheo Unitoken #71;Unitoken;29/05/2025;-50;R$ 0,00;R$ 0,02;R$ 0,00;R$ 0,00;R$ 0,00;;R$ 0,00;R$ 0,00;;;;0,0%;;"";;SYNTHÉO SECURITIZADORA DE CRÉDITOS S.A.;AMFI COMPANHIA SECURITIZADORA DE CREDITOS FINANCEIROS I SA;Oferta Pública;Duplicata;Produto Encerrado
Click Antecipa Unitoken #100;Unitoken;29/05/2025;-50;R$ 0,00;R$ 0,02;R$ 0,00;R$ 0,00;R$ 0,00;;R$ 0,00;R$ 0,00;;;;0,0%;;"";;CLICK SECURITIZADORA S.A.;AMFI COMPANHIA SECURITIZADORA DE CREDITOS FINANCEIROS I SA;Oferta Pública;Duplicata;Produto Encerrado
AFA CONSULTORIA DE CREDITO Unitoken #10;Unitoken;29/05/2025;-50;R$ 0,00;R$ 0,00;R$ 0,00;R$ 0,00;R$ 0,00;;;R$ 0,00;;;;0,0%;;"";;AFA CONSULTORIA DE CREDITO UNIPESSOAL LTDA;AMFI COMPANHIA SECURITIZADORA DE CREDITOS FINANCEIROS I SA;Oferta Pública;Duplicata;Produto Encerrado
Click Antecipa Unitoken #94;Unitoken;29/05/2025;-50;R$ 0,00;R$ 0,14;R$ 0,00;R$ 0,00;R$ 0,00;;R$ 0,00;R$ 0,00;;;;0,0%;;"";;CLICK SECURITIZADORA S.A.;AMFI COMPANHIA SECURITIZADORA DE CREDITOS FINANCEIROS I SA;Oferta Pública;Duplicata;Produto Encerrado
Baru Unitoken #8;Unitoken;29/05/2025;-50;R$ 0,00;R$ 0,00;R$ 0,00;R$ 0,00;R$ 0,00;;;R$ 0,00;;;;0,0%;;"";;GRIFFIN CAPITAL S.A. SECURITIZADORA;AMFI COMPANHIA SECURITIZADORA DE CREDITOS FINANCEIROS I SA;Oferta Pública;Duplicata;Produto Encerrado
Formento Unitoken #87;Unitoken;30/05/2025;-49;R$ 0,00;R$ 4,29;R$ 0,00;R$ 0,00;R$ 0,00;;R$ 0,00;R$ 0,00;;;;0,0%;;"";;Formento Securitizadora S.A.;AMFI COMPANHIA SECURITIZADORA DE CREDITOS FINANCEIROS I SA;Oferta Pública;Duplicata;Produto Encerrado
NLT Tech One;Pool;31/05/2025;-48;R$ 0,00;R$ 0,00;R$ 0,00;R$ 0,00;R$ 0,00;R$ 0,00;;R$ 0,00;100,0%;1,0%;;0,0%;;"";;Next Level Tecnologia LTDA;;Oferta Privada;CCB / Nota Comercial;Produto Encerrado
Learnbase Unitoken #42;Unitoken;01/06/2025;-47;R$ 0,00;R$ 0,03;R$ 0,00;R$ 0,00;R$ 0,00;;R$ 0,00;R$ 0,00;;;;0,0%;;"";;Learnbase Gestão e Consultoria Educacional S.A.;AMFI COMPANHIA SECURITIZADORA DE CREDITOS FINANCEIROS I SA;Oferta Pública;Duplicata;Produto Encerrado
Syntheo Unitoken #72;Unitoken;02/06/2025;-46;R$ 0,00;R$ 13,29;R$ 0,00;R$ 0,00;R$ 0,00;;R$ 0,00;R$ 0,00;;;;0,0%;;"";;SYNTHÉO SECURITIZADORA DE CRÉDITOS S.A.;AMFI COMPANHIA SECURITIZADORA DE CREDITOS FINANCEIROS I SA;Oferta Pública;Duplicata;Produto Encerrado
Formento Unitoken #73;Unitoken;02/06/2025;-46;R$ 0,00;R$ 28,31;R$ 0,00;R$ 0,00;R$ 0,00;;R$ 0,00;R$ 0,00;;;;0,0%;;"";;Formento Securitizadora S.A.;AMFI COMPANHIA SECURITIZADORA DE CREDITOS FINANCEIROS I SA;Oferta Pública;Duplicata;Produto Encerrado
Conecta Lá Unitoken #112;Unitoken;02/06/2025;-46;R$ 0,00;R$ 4,78;R$ 0,00;R$ 0,00;R$ 0,00;;R$ 0,00;R$ 0,00;;;;0,0%;;"";;FULL NINE DIGITAL CONSULTORIA S.A.;AMFI COMPANHIA SECURITIZADORA DE CREDITOS FINANCEIROS I SA;Oferta Pública;Duplicata;Produto Encerrado
Lecapital Unitoken #2;Unitoken;03/06/2025;-45;R$ 0,00;R$ 21,26;R$ 0,00;R$ 0,00;R$ 0,00;;R$ 0,00;R$ 0,00;;;;0,0%;;"";;LECAPITAL SECURITIZADORA S/A;AMFI COMPANHIA SECURITIZADORA DE CREDITOS FINANCEIROS I SA;Oferta Pública;Duplicata;Produto Encerrado
Formento Unitoken #85;Unitoken;03/06/2025;-45;R$ 0,00;R$ 7,45;R$ 0,00;R$ 0,00;R$ 0,00;;R$ 0,00;R$ 0,00;;;;0,0%;;"";;Formento Securitizadora S.A.;AMFI COMPANHIA SECURITIZADORA DE CREDITOS FINANCEIROS I SA;Oferta Pública;Duplicata;Produto Encerrado
Grana.ai Unitoken #5;Unitoken;03/06/2025;-45;R$ 0,00;R$ 24,05;R$ 0,00;R$ 0,00;R$ 0,00;;R$ 0,00;R$ 0,00;;;;0,0%;;"";;GRANA.AI TECNOLOGIA LTDA;AMFI COMPANHIA SECURITIZADORA DE CREDITOS FINANCEIROS I SA;Oferta Pública;Recebível de Cartão;Produto Encerrado
BRL Unitoken #3;Unitoken;03/06/2025;-45;R$ 0,00;R$ 0,00;R$ 0,00;R$ 0,00;R$ 0,00;;;R$ 0,00;;;;0,0%;;"";;BRL SECURITIZADORA S.A;AMFI COMPANHIA SECURITIZADORA DE CREDITOS FINANCEIROS I SA;Oferta Pública;Duplicata;Produto Encerrado
Lecapital Unitoken #1;Unitoken;03/06/2025;-45;R$ 0,00;R$ 64,06;R$ 0,00;R$ 0,00;R$ 0,00;;R$ 0,00;R$ 0,00;;;;0,0%;;"";;LECAPITAL SECURITIZADORA S/A;AMFI COMPANHIA SECURITIZADORA DE CREDITOS FINANCEIROS I SA;Oferta Privada;Duplicata;Produto Encerrado
BRL Unitoken #4;Unitoken;03/06/2025;-45;R$ 0,00;R$ 0,03;R$ 0,00;R$ 0,00;R$ 0,00;;R$ 0,00;R$ 0,00;;;;0,0%;;"";;BRL SECURITIZADORA S.A;AMFI COMPANHIA SECURITIZADORA DE CREDITOS FINANCEIROS I SA;Oferta Pública;Duplicata;Produto Encerrado
BRL Unitoken #5;Unitoken;03/06/2025;-45;R$ 0,00;R$ 0,00;R$ 0,00;R$ 0,00;R$ 0,00;;R$ 0,00;R$ 0,00;;;;0,0%;;"";;BRL SECURITIZADORA S.A;AMFI COMPANHIA SECURITIZADORA DE CREDITOS FINANCEIROS I SA;Oferta Pública;Duplicata;Produto Encerrado
OUB CAPITAL Unitoken #10;Unitoken;04/06/2025;-44;R$ 0,00;R$ 0,00;R$ 0,00;R$ 0,00;R$ 0,00;;;R$ 0,00;;;;0,0%;;"";;OUB CAPITAL SA;AMFI COMPANHIA SECURITIZADORA DE CREDITOS FINANCEIROS I SA;Oferta Pública;Duplicata;Produto Encerrado
Formento Unitoken #95;Unitoken;04/06/2025;-44;R$ 0,00;R$ 5,82;R$ 0,00;R$ 0,00;R$ 0,00;;R$ 0,00;R$ 0,00;;;;0,0%;;"";;Formento Securitizadora S.A.;AMFI COMPANHIA SECURITIZADORA DE CREDITOS FINANCEIROS I SA;Oferta Pública;Duplicata;Produto Encerrado
Formento Unitoken #79;Unitoken;04/06/2025;-44;R$ 0,00;R$ 0,00;R$ 0,00;R$ 0,00;R$ 0,00;;;R$ 0,00;;;;0,0%;;"";;Formento Securitizadora S.A.;AMFI COMPANHIA SECURITIZADORA DE CREDITOS FINANCEIROS I SA;Oferta Pública;Duplicata;Produto Encerrado
C4 Unitoken #50;Unitoken;04/06/2025;-44;R$ 0,00;R$ 0,04;R$ 0,00;R$ 0,00;R$ 0,00;;R$ 0,00;R$ 0,00;;;;0,0%;;"";;C4 CAPITAL SECURITIZADORA S/A;AMFI COMPANHIA SECURITIZADORA DE CREDITOS FINANCEIROS I SA;Oferta Pública;Duplicata;Produto Encerrado
OUB CAPITAL Unitoken #7;Unitoken;05/06/2025;-43;R$ 0,00;R$ 0,00;R$ 0,00;R$ 0,00;R$ 0,00;;;R$ 0,00;;;;0,0%;;"";;OUB CAPITAL SA;AMFI COMPANHIA SECURITIZADORA DE CREDITOS FINANCEIROS I SA;Oferta Pública;Duplicata;Produto Encerrado
Syntheo Unitoken #88;Unitoken;05/06/2025;-43;R$ 0,00;R$ 0,10;R$ 0,00;R$ 0,00;R$ 0,00;;R$ 0,00;R$ 0,00;;;;0,0%;;"";;SYNTHÉO SECURITIZADORA DE CRÉDITOS S.A.;AMFI COMPANHIA SECURITIZADORA DE CREDITOS FINANCEIROS I SA;Oferta Pública;Duplicata;Produto Encerrado
Wynvest Unitoken #1;Unitoken;06/06/2025;-42;R$ 0,00;R$ 0,11;R$ 0,00;R$ 0,00;R$ 0,00;;R$ 0,00;R$ 0,00;;;;0,0%;;"";;WYNVEST SECURITIZADORA DE CRÉDITO S.A;AMFI COMPANHIA SECURITIZADORA DE CREDITOS FINANCEIROS I SA;Oferta Pública;Duplicata;Produto Encerrado
Baru Unitoken #4;Unitoken;06/06/2025;-42;R$ 0,00;R$ 0,00;R$ 0,00;R$ 0,00;R$ 0,00;;;R$ 0,00;;;;0,0%;;"";;GRIFFIN CAPITAL S.A. SECURITIZADORA;AMFI COMPANHIA SECURITIZADORA DE CREDITOS FINANCEIROS I SA;Oferta Pública;Duplicata;Produto Encerrado
Conecta Lá Unitoken #127;Unitoken;06/06/2025;-42;R$ 0,00;R$ 66,87;R$ 0,00;R$ 0,00;R$ 0,00;;R$ 0,00;R$ 0,00;;;;0,0%;;"";;FULL NINE DIGITAL CONSULTORIA S.A.;AMFI COMPANHIA SECURITIZADORA DE CREDITOS FINANCEIROS I SA;Oferta Pública;Duplicata;Produto Encerrado
Click Antecipa Unitoken #99;Unitoken;06/06/2025;-42;R$ 0,00;R$ 0,12;R$ 0,00;R$ 0,00;R$ 0,00;;R$ 0,00;R$ 0,00;;;;0,0%;;"";;CLICK SECURITIZADORA S.A.;AMFI COMPANHIA SECURITIZADORA DE CREDITOS FINANCEIROS I SA;Oferta Pública;Duplicata;Produto Encerrado
Chronos Unitoken #6;Unitoken;06/06/2025;-42;R$ 0,00;R$ 0,00;R$ 0,00;R$ 0,00;R$ 0,00;;;R$ 0,00;;;;0,0%;;"";;CHRONOS SECURITIZADORA S/A;AMFI COMPANHIA SECURITIZADORA DE CREDITOS FINANCEIROS I SA;Oferta Pública;Duplicata;Produto Encerrado
Syntheo Unitoken #76;Unitoken;06/06/2025;-42;R$ 0,00;R$ 0,00;R$ 0,00;R$ 0,00;R$ 0,00;;;R$ 0,00;;;;0,0%;;"";;SYNTHÉO SECURITIZADORA DE CRÉDITOS S.A.;AMFI COMPANHIA SECURITIZADORA DE CREDITOS FINANCEIROS I SA;Oferta Pública;Duplicata;Produto Encerrado
Lebasq Unitoken #35;Unitoken;08/06/2025;-40;R$ 0,00;R$ 6,48;R$ 0,00;R$ 0,00;R$ 0,00;;R$ 0,00;R$ 0,00;;;;0,0%;;"";;LEBASQ SECURITIZAÇÃO DE CRÉDITOS SA;AMFI COMPANHIA SECURITIZADORA DE CREDITOS FINANCEIROS I SA;Oferta Pública;Duplicata;Produto Encerrado
Click Antecipa Unitoken #101;Unitoken;09/06/2025;-39;R$ 0,00;R$ 0,00;R$ 0,00;R$ 0,00;R$ 0,00;;;R$ 0,00;;;;0,0%;;"";;CLICK SECURITIZADORA S.A.;AMFI COMPANHIA SECURITIZADORA DE CREDITOS FINANCEIROS I SA;Oferta Pública;Duplicata;Produto Encerrado
Syntheo Unitoken #87;Unitoken;09/06/2025;-39;R$ 0,00;R$ 41,99;R$ 0,00;R$ 0,00;R$ 0,00;;R$ 0,00;R$ 0,00;;;;0,0%;;"";;SYNTHÉO SECURITIZADORA DE CRÉDITOS S.A.;AMFI COMPANHIA SECURITIZADORA DE CREDITOS FINANCEIROS I SA;Oferta Pública;Duplicata;Produto Encerrado
Formento Unitoken #103;Unitoken;10/06/2025;-38;R$ 0,00;R$ 0,00;R$ 0,00;R$ 0,00;R$ 0,00;;;R$ 0,00;;;;0,0%;;"";;Formento Securitizadora S.A.;AMFI COMPANHIA SECURITIZADORA DE CREDITOS FINANCEIROS I SA;Oferta Pública;Duplicata;Produto Encerrado
Conecta Lá Unitoken #129;Unitoken;10/06/2025;-38;R$ 0,00;R$ 0,00;R$ 0,00;R$ 0,00;R$ 0,00;;;R$ 0,00;;;;0,0%;;"";;FULL NINE DIGITAL CONSULTORIA S.A.;AMFI COMPANHIA SECURITIZADORA DE CREDITOS FINANCEIROS I SA;Oferta Pública;Duplicata;Produto Encerrado
Chronos Unitoken #7;Unitoken;10/06/2025;-38;R$ 0,00;R$ 0,00;R$ 0,00;R$ 0,00;R$ 0,00;;;R$ 0,00;;;;0,0%;;"";;CHRONOS SECURITIZADORA S/A;AMFI COMPANHIA SECURITIZADORA DE CREDITOS FINANCEIROS I SA;Oferta Pública;Duplicata;Produto Encerrado
Faighus Unitoken #15;Unitoken;10/06/2025;-38;R$ 0,00;R$ 0,03;R$ 0,00;R$ 0,00;R$ 0,00;;R$ 0,00;R$ 0,00;;;;0,0%;;"";;FAIGHUS SECURITIZADORA S.A.;AMFI COMPANHIA SECURITIZADORA DE CREDITOS FINANCEIROS I SA;Oferta Pública;Duplicata;Produto Encerrado
Formento Unitoken #104;Unitoken;10/06/2025;-38;R$ 0,00;R$ 5,43;R$ 0,00;R$ 0,00;R$ 0,00;;R$ 0,00;R$ 0,00;;;;0,0%;;"";;Formento Securitizadora S.A.;AMFI COMPANHIA SECURITIZADORA DE CREDITOS FINANCEIROS I SA;Oferta Pública;Duplicata;Produto Encerrado
Formento Unitoken #100;Unitoken;10/06/2025;-38;R$ 0,00;R$ 11,87;R$ 0,00;R$ 0,00;R$ 0,00;;R$ 0,00;R$ 0,00;;;;0,0%;;"";;Formento Securitizadora S.A.;AMFI COMPANHIA SECURITIZADORA DE CREDITOS FINANCEIROS I SA;Oferta Pública;Duplicata;Produto Encerrado
Formento Unitoken #80;Unitoken;11/06/2025;-37;R$ 0,00;R$ 14,82;R$ 0,00;R$ 0,00;R$ 0,00;;R$ 0,00;R$ 0,00;;;;0,0%;;"";;Formento Securitizadora S.A.;AMFI COMPANHIA SECURITIZADORA DE CREDITOS FINANCEIROS I SA;Oferta Pública;Duplicata;Produto Encerrado
Formento Unitoken #66;Unitoken;11/06/2025;-37;R$ 0,00;R$ 8,68;R$ 0,00;R$ 0,00;R$ 0,00;;R$ 0,00;R$ 0,00;;;;0,0%;;"";;Formento Securitizadora S.A.;AMFI COMPANHIA SECURITIZADORA DE CREDITOS FINANCEIROS I SA;Oferta Pública;Duplicata;Produto Encerrado
Click Antecipa Unitoken #108;Unitoken;11/06/2025;-37;R$ 0,00;R$ 0,21;R$ 0,00;R$ 0,00;R$ 0,00;;R$ 0,00;R$ 0,00;;;;0,0%;;"";;CLICK SECURITIZADORA S.A.;AMFI COMPANHIA SECURITIZADORA DE CREDITOS FINANCEIROS I SA;Oferta Pública;Duplicata;Produto Encerrado
Syntheo Unitoken #78;Unitoken;11/06/2025;-37;R$ 0,00;R$ 3,91;R$ 0,00;R$ 0,00;R$ 0,00;;R$ 0,00;R$ 0,00;;;;0,0%;;"";;SYNTHÉO SECURITIZADORA DE CRÉDITOS S.A.;AMFI COMPANHIA SECURITIZADORA DE CREDITOS FINANCEIROS I SA;Oferta Pública;Duplicata;Produto Encerrado
Formento Unitoken #96;Unitoken;11/06/2025;-37;R$ 0,00;R$ 8,24;R$ 0,00;R$ 0,00;R$ 0,00;;R$ 0,00;R$ 0,00;;;;0,0%;;"";;Formento Securitizadora S.A.;AMFI COMPANHIA SECURITIZADORA DE CREDITOS FINANCEIROS I SA;Oferta Pública;Duplicata;Produto Encerrado
Formento Unitoken #74;Unitoken;11/06/2025;-37;R$ 0,00;R$ 15,00;R$ 0,00;R$ 0,00;R$ 0,00;;R$ 0,00;R$ 0,00;;;;0,0%;;"";;Formento Securitizadora S.A.;AMFI COMPANHIA SECURITIZADORA DE CREDITOS FINANCEIROS I SA;Oferta Pública;Duplicata;Produto Encerrado
Syntheo Unitoken #79;Unitoken;11/06/2025;-37;R$ 0,00;R$ 8,33;R$ 0,00;R$ 0,00;R$ 0,00;;R$ 0,00;R$ 0,00;;;;0,0%;;"";;SYNTHÉO SECURITIZADORA DE CRÉDITOS S.A.;AMFI COMPANHIA SECURITIZADORA DE CREDITOS FINANCEIROS I SA;Oferta Pública;Duplicata;Produto Encerrado
Learnbase Unitoken #52;Unitoken;11/06/2025;-37;R$ 0,00;R$ 0,00;R$ 0,00;R$ 0,00;R$ 0,00;;;R$ 0,00;;;;0,0%;;"";;Learnbase Gestão e Consultoria Educacional S.A.;AMFI COMPANHIA SECURITIZADORA DE CREDITOS FINANCEIROS I SA;Oferta Pública;Duplicata;Produto Encerrado
Click Antecipa Unitoken #110;Unitoken;11/06/2025;-37;R$ 0,00;R$ 0,00;R$ 0,00;R$ 0,00;R$ 0,00;;;R$ 0,00;;;;0,0%;;"";;CLICK SECURITIZADORA S.A.;AMFI COMPANHIA SECURITIZADORA DE CREDITOS FINANCEIROS I SA;Oferta Pública;Duplicata;Produto Encerrado
Click Antecipa Unitoken #112;Unitoken;12/06/2025;-36;R$ 0,00;R$ 0,00;R$ 0,00;R$ 0,00;R$ 0,00;;;R$ 0,00;;;;0,0%;;"";;CLICK SECURITIZADORA S.A.;AMFI COMPANHIA SECURITIZADORA DE CREDITOS FINANCEIROS I SA;Oferta Pública;Duplicata;Produto Encerrado
Grana.ai Unitoken #6;Unitoken;12/06/2025;-36;R$ 0,00;R$ 11,87;R$ 0,00;R$ 0,00;R$ 0,00;;R$ 0,00;R$ 0,00;;;;0,0%;;"";;GRANA.AI TECNOLOGIA LTDA;AMFI COMPANHIA SECURITIZADORA DE CREDITOS FINANCEIROS I SA;Oferta Pública;Recebível de Cartão;Produto Encerrado
Wynvest Unitoken #2;Unitoken;13/06/2025;-35;R$ 0,00;R$ 117,62;R$ 0,00;R$ 0,00;R$ 0,00;;R$ 0,00;R$ 0,00;;;;0,0%;;"";;WYNVEST SECURITIZADORA DE CRÉDITO S.A;AMFI COMPANHIA SECURITIZADORA DE CREDITOS FINANCEIROS I SA;Oferta Pública;Duplicata;Produto Encerrado
Formento Unitoken #114;Unitoken;13/06/2025;-35;R$ 0,00;R$ 0,09;R$ 0,00;R$ 0,00;R$ 0,00;;R$ 0,00;R$ 0,00;;;;0,0%;;"";;Formento Securitizadora S.A.;AMFI COMPANHIA SECURITIZADORA DE CREDITOS FINANCEIROS I SA;Oferta Pública;Duplicata;Produto Encerrado
Baru Unitoken #7;Unitoken;13/06/2025;-35;R$ 0,00;R$ 0,00;R$ 0,00;R$ 0,00;R$ 0,00;;;R$ 0,00;;;;0,0%;;"";;GRIFFIN CAPITAL S.A. SECURITIZADORA;AMFI COMPANHIA SECURITIZADORA DE CREDITOS FINANCEIROS I SA;Oferta Pública;Duplicata;Produto Encerrado
Flowins Café Pool #1;Pool;14/06/2025;-34;R$ 0,04;R$ 0,00;R$ 0,04;R$ 0,00;R$ 0,04;R$ 0,00;;R$ 0,00;;;;0,0%;;Concentração máx por sacado;;Flowins;;;CCB;
BMDC Unitoken #2;Unitoken;15/06/2025;-33;R$ 0,00;R$ 0,00;R$ 0,00;R$ 0,00;R$ 0,00;;;R$ 0,00;;;;0,0%;;"";;BMDC SECURITIZADORA SA;AMFI COMPANHIA SECURITIZADORA DE CREDITOS FINANCEIROS I SA;;CCB;
Conecta Lá Unitoken #130;Unitoken;16/06/2025;-32;R$ 0,00;R$ 0,00;R$ 0,00;R$ 0,00;R$ 0,00;;;R$ 0,00;;;;0,0%;;"";;FULL NINE DIGITAL CONSULTORIA S.A.;AMFI COMPANHIA SECURITIZADORA DE CREDITOS FINANCEIROS I SA;Oferta Pública;Duplicata;Produto Encerrado
Conecta Lá Unitoken #137;Unitoken;16/06/2025;-32;R$ 0,00;R$ 0,03;R$ 0,00;R$ 0,00;R$ 0,00;;R$ 0,00;R$ 0,00;;;;0,0%;;"";;FULL NINE DIGITAL CONSULTORIA S.A.;AMFI COMPANHIA SECURITIZADORA DE CREDITOS FINANCEIROS I SA;Oferta Pública;Duplicata;Produto Encerrado
Conecta Lá Unitoken #133;Unitoken;16/06/2025;-32;R$ 0,00;R$ 10,84;R$ 0,00;R$ 0,00;R$ 0,00;;R$ 0,00;R$ 0,00;;;;0,0%;;"";;FULL NINE DIGITAL CONSULTORIA S.A.;AMFI COMPANHIA SECURITIZADORA DE CREDITOS FINANCEIROS I SA;Oferta Pública;Duplicata;Produto Encerrado
AFA CONSULTORIA DE CREDITO Unitoken #31;Unitoken;16/06/2025;-32;R$ 0,00;R$ 0,00;R$ 0,00;R$ 0,00;R$ 0,00;;;R$ 0,00;;;;0,0%;;"";;AFA CONSULTORIA DE CREDITO UNIPESSOAL LTDA;AMFI COMPANHIA SECURITIZADORA DE CREDITOS FINANCEIROS I SA;Oferta Pública;Duplicata;Produto Encerrado
C4 Unitoken #49;Unitoken;16/06/2025;-32;R$ 0,00;R$ 0,34;R$ 0,00;R$ 0,00;R$ 0,00;;R$ 0,00;R$ 0,00;;;;0,0%;;"";;C4 CAPITAL SECURITIZADORA S/A;AMFI COMPANHIA SECURITIZADORA DE CREDITOS FINANCEIROS I SA;Oferta Pública;Duplicata;Produto Encerrado
C4 Unitoken #45;Unitoken;16/06/2025;-32;R$ 0,00;R$ 1,55;R$ 0,00;R$ 0,00;R$ 0,00;;R$ 0,00;R$ 0,00;;;;0,0%;;"";;C4 CAPITAL SECURITIZADORA S/A;AMFI COMPANHIA SECURITIZADORA DE CREDITOS FINANCEIROS I SA;Oferta Pública;Duplicata;Produto Encerrado
Wynvest Unitoken #3;Unitoken;17/06/2025;-31;R$ 0,00;R$ 0,05;R$ 0,00;R$ 0,00;R$ 0,00;;R$ 0,00;R$ 0,00;;;;0,0%;;"";;WYNVEST SECURITIZADORA DE CRÉDITO S.A;AMFI COMPANHIA SECURITIZADORA DE CREDITOS FINANCEIROS I SA;Oferta Pública;Duplicata;Produto Encerrado
Faighus Unitoken #17;Unitoken;17/06/2025;-31;R$ 0,00;R$ 0,00;R$ 0,00;R$ 0,00;R$ 0,00;;;R$ 0,00;;;;0,0%;;"";;FAIGHUS SECURITIZADORA S.A.;AMFI COMPANHIA SECURITIZADORA DE CREDITOS FINANCEIROS I SA;Oferta Pública;Duplicata;Produto Encerrado
Lebasq Unitoken #46;Unitoken;17/06/2025;-31;R$ 0,00;R$ 0,46;R$ 0,00;R$ 0,00;R$ 0,00;;R$ 0,00;R$ 0,00;;;;0,0%;;"";;LEBASQ SECURITIZAÇÃO DE CRÉDITOS SA;AMFI COMPANHIA SECURITIZADORA DE CREDITOS FINANCEIROS I SA;Oferta Pública;Duplicata;Produto Encerrado
AFA CONSULTORIA DE CREDITO Unitoken #11;Unitoken;17/06/2025;-31;R$ 0,00;R$ 128,43;R$ 0,00;R$ 0,00;R$ 0,00;;R$ 0,00;R$ 0,00;;;;0,0%;;"";;AFA CONSULTORIA DE CREDITO UNIPESSOAL LTDA;AMFI COMPANHIA SECURITIZADORA DE CREDITOS FINANCEIROS I SA;Oferta Pública;Duplicata;Produto Encerrado
Formento Unitoken #88;Unitoken;18/06/2025;-30;R$ 0,00;R$ 5,79;R$ 0,00;R$ 0,00;R$ 0,00;;R$ 0,00;R$ 0,00;;;;0,0%;;"";;Formento Securitizadora S.A.;AMFI COMPANHIA SECURITIZADORA DE CREDITOS FINANCEIROS I SA;Oferta Pública;Duplicata;Produto Encerrado
Wynvest Unitoken #4;Unitoken;18/06/2025;-30;R$ 0,00;R$ 0,06;R$ 0,00;R$ 0,00;R$ 0,00;;R$ 0,00;R$ 0,00;;;;0,0%;;"";;WYNVEST SECURITIZADORA DE CRÉDITO S.A;AMFI COMPANHIA SECURITIZADORA DE CREDITOS FINANCEIROS I SA;Oferta Pública;Duplicata;Produto Encerrado
Formento Unitoken #83;Unitoken;18/06/2025;-30;R$ 0,00;R$ 0,00;R$ 0,00;R$ 0,00;R$ 0,00;;;R$ 0,00;;;;0,0%;;"";;Formento Securitizadora S.A.;AMFI COMPANHIA SECURITIZADORA DE CREDITOS FINANCEIROS I SA;Oferta Pública;Duplicata;Produto Encerrado
Syntheo Unitoken #80;Unitoken;18/06/2025;-30;R$ 0,00;R$ 17,34;R$ 0,00;R$ 0,00;R$ 0,00;;R$ 0,00;R$ 0,00;;;;0,0%;;"";;SYNTHÉO SECURITIZADORA DE CRÉDITOS S.A.;AMFI COMPANHIA SECURITIZADORA DE CREDITOS FINANCEIROS I SA;Oferta Pública;Duplicata;Produto Encerrado
Syntheo Unitoken #101;Unitoken;20/06/2025;-28;R$ 0,00;R$ 30,19;R$ 0,00;R$ 0,00;R$ 0,00;;R$ 0,00;R$ 0,00;;;;0,0%;;"";;SYNTHÉO SECURITIZADORA DE CRÉDITOS S.A.;AMFI COMPANHIA SECURITIZADORA DE CREDITOS FINANCEIROS I SA;Oferta Pública;Duplicata;Produto Encerrado
Conecta Lá Unitoken #132;Unitoken;20/06/2025;-28;R$ 0,00;R$ 0,00;R$ 0,00;R$ 0,00;R$ 0,00;;;R$ 0,00;;;;0,0%;;"";;FULL NINE DIGITAL CONSULTORIA S.A.;AMFI COMPANHIA SECURITIZADORA DE CREDITOS FINANCEIROS I SA;Oferta Pública;Duplicata;Produto Encerrado
Conecta Lá Unitoken #139;Unitoken;20/06/2025;-28;R$ 0,00;R$ 59,77;R$ 0,00;R$ 0,00;R$ 0,00;;R$ 0,00;R$ 0,00;;;;0,0%;;"";;FULL NINE DIGITAL CONSULTORIA S.A.;AMFI COMPANHIA SECURITIZADORA DE CREDITOS FINANCEIROS I SA;Oferta Pública;Duplicata;Produto Encerrado
Syntheo Unitoken #95;Unitoken;20/06/2025;-28;R$ 0,00;R$ 29,48;R$ 0,00;R$ 0,00;R$ 0,00;;R$ 0,00;R$ 0,00;;;;0,0%;;"";;SYNTHÉO SECURITIZADORA DE CRÉDITOS S.A.;AMFI COMPANHIA SECURITIZADORA DE CREDITOS FINANCEIROS I SA;Oferta Pública;Duplicata;Produto Encerrado
Grana.ai Unitoken #7;Unitoken;20/06/2025;-28;R$ 0,00;R$ 0,00;R$ 0,00;R$ 0,00;R$ 0,00;;;R$ 0,00;;;;0,0%;;"";;GRANA.AI TECNOLOGIA LTDA;AMFI COMPANHIA SECURITIZADORA DE CREDITOS FINANCEIROS I SA;Oferta Pública;Recebível de Cartão;Produto Encerrado
Conecta Lá Unitoken #131;Unitoken;20/06/2025;-28;R$ 0,00;R$ 42,60;R$ 0,00;R$ 0,00;R$ 0,00;;R$ 0,00;R$ 0,00;;;;0,0%;;"";;FULL NINE DIGITAL CONSULTORIA S.A.;AMFI COMPANHIA SECURITIZADORA DE CREDITOS FINANCEIROS I SA;Oferta Pública;Duplicata;Produto Encerrado
Formento Unitoken #112;Unitoken;20/06/2025;-28;R$ 0,00;R$ 0,00;R$ 0,00;R$ 0,00;R$ 0,00;;;R$ 0,00;;;;0,0%;;"";;Formento Securitizadora S.A.;AMFI COMPANHIA SECURITIZADORA DE CREDITOS FINANCEIROS I SA;Oferta Pública;Duplicata;Produto Encerrado
Conecta Lá Unitoken #136;Unitoken;20/06/2025;-28;R$ 0,00;R$ 0,00;R$ 0,00;R$ 0,00;R$ 0,00;;;R$ 0,00;;;;0,0%;;"";;FULL NINE DIGITAL CONSULTORIA S.A.;AMFI COMPANHIA SECURITIZADORA DE CREDITOS FINANCEIROS I SA;Oferta Pública;Duplicata;Produto Encerrado
Chronos Unitoken #11;Unitoken;23/06/2025;-25;R$ 0,00;R$ 0,09;R$ 0,00;R$ 0,00;R$ 0,00;;R$ 0,00;R$ 0,00;;;;0,0%;;"";;CHRONOS SECURITIZADORA S/A;AMFI COMPANHIA SECURITIZADORA DE CREDITOS FINANCEIROS I SA;Oferta Pública;Duplicata;Produto Encerrado
Syntheo Unitoken #81;Unitoken;23/06/2025;-25;R$ 0,00;R$ 12,47;R$ 0,00;R$ 0,00;R$ 0,00;;R$ 0,00;R$ 0,00;;;;0,0%;;"";;SYNTHÉO SECURITIZADORA DE CRÉDITOS S.A.;AMFI COMPANHIA SECURITIZADORA DE CREDITOS FINANCEIROS I SA;Oferta Pública;Duplicata;Produto Encerrado
Conecta Lá Unitoken #150;Unitoken;23/06/2025;-25;R$ 0,00;R$ 55,27;R$ 0,00;R$ 0,00;R$ 0,00;;R$ 0,00;R$ 0,00;;;;0,0%;;"";;FULL NINE DIGITAL CONSULTORIA S.A.;AMFI COMPANHIA SECURITIZADORA DE CREDITOS FINANCEIROS I SA;Oferta Pública;Duplicata;Produto Encerrado
Syntheo Unitoken #85;Unitoken;23/06/2025;-25;R$ 0,00;R$ 14,35;R$ 0,00;R$ 0,00;R$ 0,00;;R$ 0,00;R$ 0,00;;;;0,0%;;"";;SYNTHÉO SECURITIZADORA DE CRÉDITOS S.A.;AMFI COMPANHIA SECURITIZADORA DE CREDITOS FINANCEIROS I SA;Oferta Pública;Duplicata;Produto Encerrado
Lebasq Unitoken #47;Unitoken;23/06/2025;-25;R$ 0,00;R$ 1,84;R$ 0,00;R$ 0,00;R$ 0,00;;R$ 0,00;R$ 0,00;;;;0,0%;;"";;LEBASQ SECURITIZAÇÃO DE CRÉDITOS SA;AMFI COMPANHIA SECURITIZADORA DE CREDITOS FINANCEIROS I SA;Oferta Pública;Duplicata;Produto Encerrado
Girubank Unitoken #12;Unitoken;23/06/2025;-25;R$ 0,00;R$ 0,00;R$ 0,00;R$ 0,00;R$ 0,00;;;R$ 0,00;;;;0,0%;;"";;Girubank Securitizadora SA;AMFI COMPANHIA SECURITIZADORA DE CREDITOS FINANCEIROS I SA;Oferta Pública;Duplicata;Produto Encerrado
OUB CAPITAL Unitoken #15;Unitoken;23/06/2025;-25;R$ 0,00;R$ 0,01;R$ 0,00;R$ 0,00;R$ 0,00;;R$ 0,00;R$ 0,00;;;;0,0%;;"";;OUB CAPITAL SA;AMFI COMPANHIA SECURITIZADORA DE CREDITOS FINANCEIROS I SA;Oferta Pública;Duplicata;Produto Encerrado
Formento Unitoken #86;Unitoken;24/06/2025;-24;R$ 0,00;R$ 0,00;R$ 0,00;R$ 0,00;R$ 0,00;;;R$ 0,00;;;;0,0%;;"";;Formento Securitizadora S.A.;AMFI COMPANHIA SECURITIZADORA DE CREDITOS FINANCEIROS I SA;Oferta Pública;Duplicata;Produto Encerrado
Conecta Lá Unitoken #32;Unitoken;24/06/2025;-24;R$ 0,00;R$ 0,00;R$ 0,00;R$ 0,00;R$ 0,00;;;R$ 0,00;;;;0,0%;;"";;FULL NINE DIGITAL CONSULTORIA S.A.;AMFI COMPANHIA SECURITIZADORA DE CREDITOS FINANCEIROS I SA;;Duplicata;
Formento Unitoken #99;Unitoken;24/06/2025;-24;R$ 0,00;R$ 0,00;R$ 0,00;R$ 0,00;R$ 0,00;;;R$ 0,00;;;;0,0%;;"";;Formento Securitizadora S.A.;AMFI COMPANHIA SECURITIZADORA DE CREDITOS FINANCEIROS I SA;Oferta Pública;Duplicata;Produto Encerrado
AFA CONSULTORIA DE CREDITO Unitoken #12;Unitoken;24/06/2025;-24;R$ 0,00;R$ 7,90;R$ 0,00;R$ 0,00;R$ 0,00;;R$ 0,00;R$ 0,00;;;;0,0%;;"";;AFA CONSULTORIA DE CREDITO UNIPESSOAL LTDA;AMFI COMPANHIA SECURITIZADORA DE CREDITOS FINANCEIROS I SA;Oferta Pública;Duplicata;Produto Encerrado
BRL Unitoken #7;Unitoken;24/06/2025;-24;R$ 0,00;R$ 0,13;R$ 0,00;R$ 0,00;R$ 0,00;;R$ 0,00;R$ 0,00;;;;0,0%;;"";;BRL SECURITIZADORA S.A;AMFI COMPANHIA SECURITIZADORA DE CREDITOS FINANCEIROS I SA;Oferta Pública;Duplicata;Produto Encerrado
Syntheo Unitoken #83;Unitoken;24/06/2025;-24;R$ 0,00;R$ 0,26;R$ 0,00;R$ 0,00;R$ 0,00;;R$ 0,00;R$ 0,00;;;;0,0%;;"";;SYNTHÉO SECURITIZADORA DE CRÉDITOS S.A.;AMFI COMPANHIA SECURITIZADORA DE CREDITOS FINANCEIROS I SA;Oferta Pública;Duplicata;Produto Encerrado
BRL Unitoken #6;Unitoken;24/06/2025;-24;R$ 0,00;R$ 0,00;R$ 0,00;R$ 0,00;R$ 0,00;;;R$ 0,00;;;;0,0%;;"";;BRL SECURITIZADORA S.A;AMFI COMPANHIA SECURITIZADORA DE CREDITOS FINANCEIROS I SA;Oferta Pública;Duplicata;Produto Encerrado
Formento Unitoken #94;Unitoken;25/06/2025;-23;R$ 0,00;R$ 0,00;R$ 0,00;R$ 0,00;R$ 0,00;;R$ 0,00;R$ 0,00;;;;0,0%;;"";;Formento Securitizadora S.A.;AMFI COMPANHIA SECURITIZADORA DE CREDITOS FINANCEIROS I SA;Oferta Pública;Duplicata;Produto Encerrado
Conecta Lá Unitoken #140;Unitoken;25/06/2025;-23;R$ 0,00;R$ 24,86;R$ 0,00;R$ 0,00;R$ 0,00;;R$ 0,00;R$ 0,00;;;;0,0%;;"";;FULL NINE DIGITAL CONSULTORIA S.A.;AMFI COMPANHIA SECURITIZADORA DE CREDITOS FINANCEIROS I SA;Oferta Pública;Duplicata;Produto Encerrado
Conecta Lá Unitoken #121;Unitoken;25/06/2025;-23;R$ 0,00;R$ 29,77;R$ 0,00;R$ 0,00;R$ 0,00;;R$ 0,00;R$ 0,00;;;;0,0%;;"";;FULL NINE DIGITAL CONSULTORIA S.A.;AMFI COMPANHIA SECURITIZADORA DE CREDITOS FINANCEIROS I SA;Oferta Pública;Duplicata;Produto Encerrado
B. Invest Unitoken #1;Unitoken;26/06/2025;-22;R$ 0,00;R$ 52,82;R$ 0,00;R$ 0,00;R$ 0,00;;R$ 0,00;R$ 0,00;;;;0,0%;;"";;B.Invest Securitizadora de Créditos S.A.;AMFI COMPANHIA SECURITIZADORA DE CREDITOS FINANCEIROS I SA;Oferta Pública;Duplicata;Produto Encerrado
B.Invest Unitoken #4;Unitoken;26/06/2025;-22;R$ 0,00;R$ 0,00;R$ 0,00;R$ 0,00;R$ 0,00;;;R$ 0,00;;;;0,0%;;"";;B.Invest Securitizadora de Créditos S.A.;AMFI COMPANHIA SECURITIZADORA DE CREDITOS FINANCEIROS I SA;Oferta Pública;Duplicata;Produto Encerrado
Grana.ai Unitoken #8;Unitoken;26/06/2025;-22;R$ 0,00;R$ 0,00;R$ 0,00;R$ 0,00;R$ 0,00;;;R$ 0,00;;;;0,0%;;"";;GRANA.AI TECNOLOGIA LTDA;AMFI COMPANHIA SECURITIZADORA DE CREDITOS FINANCEIROS I SA;Oferta Pública;Recebível de Cartão;Produto Encerrado
Click Antecipa Unitoken #105;Unitoken;26/06/2025;-22;R$ 0,00;R$ 0,30;R$ 0,00;R$ 0,00;R$ 0,00;;R$ 0,00;R$ 0,00;;;;0,0%;;"";;CLICK SECURITIZADORA S.A.;AMFI COMPANHIA SECURITIZADORA DE CREDITOS FINANCEIROS I SA;Oferta Pública;Duplicata;Produto Encerrado
Girubank Unitoken #6;Unitoken;26/06/2025;-22;R$ 0,00;R$ 0,00;R$ 0,00;R$ 0,00;R$ 0,00;;;R$ 0,00;;;;0,0%;;"";;Girubank Securitizadora SA;AMFI COMPANHIA SECURITIZADORA DE CREDITOS FINANCEIROS I SA;Oferta Pública;Duplicata;Produto Encerrado
Chronos Unitoken #12;Unitoken;27/06/2025;-21;R$ 0,00;R$ 0,03;R$ 0,00;R$ 0,00;R$ 0,00;;R$ 0,00;R$ 0,00;;;;0,0%;;"";;CHRONOS SECURITIZADORA S/A;AMFI COMPANHIA SECURITIZADORA DE CREDITOS FINANCEIROS I SA;Oferta Pública;Duplicata;Produto Encerrado
Click Antecipa Unitoken #114;Unitoken;27/06/2025;-21;R$ 0,00;R$ 0,00;R$ 0,00;R$ 0,00;R$ 0,00;;;R$ 0,00;;;;0,0%;;"";;CLICK SECURITIZADORA S.A.;AMFI COMPANHIA SECURITIZADORA DE CREDITOS FINANCEIROS I SA;Oferta Pública;Duplicata;Produto Encerrado
BRL Unitoken #9;Unitoken;27/06/2025;-21;R$ 0,00;R$ 0,00;R$ 0,00;R$ 0,00;R$ 0,00;;;R$ 0,00;;;;0,0%;;"";;BRL SECURITIZADORA S.A;AMFI COMPANHIA SECURITIZADORA DE CREDITOS FINANCEIROS I SA;Oferta Pública;Duplicata;Produto Encerrado
Lebasq Unitoken #29;Unitoken;27/06/2025;-21;R$ 0,00;R$ 0,00;R$ 0,00;R$ 0,00;R$ 0,00;;;R$ 0,00;;;;0,0%;;"";;LEBASQ SECURITIZAÇÃO DE CRÉDITOS SA;AMFI COMPANHIA SECURITIZADORA DE CREDITOS FINANCEIROS I SA;Oferta Pública;Duplicata;Produto Encerrado
Stockash - Equity Flex - EdTech;Unitoken;28/06/2025;-20;R$ 158.355,34;R$ 0,00;R$ 158.355,34;R$ 158.355,34;R$ 0,00;R$ 0,00;;R$ 0,00;100,0%;0,0%;100,0%;0,0%;2,0%;"";;Stockash Consultoria em Credito LTDA;AMFI COMPANHIA SECURITIZADORA DE CREDITOS FINANCEIROS I SA;Oferta Privada;Nota Comercial / CCB;Captação finalizada
Lebasq Unitoken #33;Unitoken;28/06/2025;-20;R$ 0,00;R$ 5,06;R$ 0,00;R$ 0,00;R$ 0,00;;R$ 0,00;R$ 0,00;;;;0,0%;;"";;LEBASQ SECURITIZAÇÃO DE CRÉDITOS SA;AMFI COMPANHIA SECURITIZADORA DE CREDITOS FINANCEIROS I SA;Oferta Pública;Duplicata;Produto Encerrado
B.Invest Unitoken #2;Unitoken;30/06/2025;-18;R$ 0,00;R$ 0,00;R$ 0,00;R$ 0,00;R$ 0,00;;;R$ 0,00;;;;0,0%;;"";;B.Invest Securitizadora de Créditos S.A.;AMFI COMPANHIA SECURITIZADORA DE CREDITOS FINANCEIROS I SA;Oferta Pública;Duplicata;Produto Encerrado
AFA CONSULTORIA DE CREDITO Unitoken #13;Unitoken;30/06/2025;-18;R$ 0,00;R$ 0,00;R$ 0,00;R$ 0,00;R$ 0,00;;;R$ 0,00;;;;0,0%;;"";;AFA CONSULTORIA DE CREDITO UNIPESSOAL LTDA;AMFI COMPANHIA SECURITIZADORA DE CREDITOS FINANCEIROS I SA;Oferta Pública;Duplicata;Produto Encerrado
Formento Unitoken #90;Unitoken;30/06/2025;-18;R$ 0,00;R$ 0,18;R$ 0,00;R$ 0,00;R$ 0,00;;R$ 0,00;R$ 0,00;;;;0,0%;;"";;Formento Securitizadora S.A.;AMFI COMPANHIA SECURITIZADORA DE CREDITOS FINANCEIROS I SA;Oferta Pública;Duplicata;Produto Encerrado
Formento Unitoken #123;Unitoken;30/06/2025;-18;R$ 0,00;R$ 0,00;R$ 0,00;R$ 0,00;R$ 0,00;;;R$ 0,00;;;;0,0%;;"";;Formento Securitizadora S.A.;AMFI COMPANHIA SECURITIZADORA DE CREDITOS FINANCEIROS I SA;Oferta Pública;Duplicata;Produto Encerrado
Syntheo Unitoken #97;Unitoken;30/06/2025;-18;R$ 0,00;R$ 0,00;R$ 0,00;R$ 0,00;R$ 0,00;;;R$ 0,00;;;;0,0%;;"";;SYNTHÉO SECURITIZADORA DE CRÉDITOS S.A.;AMFI COMPANHIA SECURITIZADORA DE CREDITOS FINANCEIROS I SA;Oferta Pública;Duplicata;Produto Encerrado
Click Antecipa Unitoken #106;Unitoken;30/06/2025;-18;R$ 0,00;R$ 0,45;R$ 0,00;R$ 0,00;R$ 0,00;;R$ 0,00;R$ 0,00;;;;0,0%;;"";;CLICK SECURITIZADORA S.A.;AMFI COMPANHIA SECURITIZADORA DE CREDITOS FINANCEIROS I SA;Oferta Pública;Duplicata;Produto Encerrado
Formento Unitoken #64;Unitoken;30/06/2025;-18;R$ 0,00;R$ 28,59;R$ 0,00;R$ 0,00;R$ 0,00;;R$ 0,00;R$ 0,00;;;;0,0%;;"";;Formento Securitizadora S.A.;AMFI COMPANHIA SECURITIZADORA DE CREDITOS FINANCEIROS I SA;Oferta Pública;Duplicata;Produto Encerrado
Formento Unitoken #78;Unitoken;30/06/2025;-18;R$ 0,00;R$ 31,35;R$ 0,00;R$ 0,00;R$ 0,00;;R$ 0,00;R$ 0,00;;;;0,0%;;"";;Formento Securitizadora S.A.;AMFI COMPANHIA SECURITIZADORA DE CREDITOS FINANCEIROS I SA;Oferta Pública;Duplicata;Produto Encerrado
BRL Unitoken #8;Unitoken;30/06/2025;-18;R$ 0,00;R$ 0,00;R$ 0,00;R$ 0,00;R$ 0,00;;;R$ 0,00;;;;0,0%;;"";;BRL SECURITIZADORA S.A;AMFI COMPANHIA SECURITIZADORA DE CREDITOS FINANCEIROS I SA;Oferta Pública;Duplicata;Produto Encerrado
Click Antecipa Unitoken #107;Unitoken;30/06/2025;-18;R$ 0,00;R$ 0,18;R$ 0,00;R$ 0,00;R$ 0,00;;R$ 0,00;R$ 0,00;;;;0,0%;;"";;CLICK SECURITIZADORA S.A.;AMFI COMPANHIA SECURITIZADORA DE CREDITOS FINANCEIROS I SA;Oferta Pública;Duplicata;Produto Encerrado
Formento Unitoken #91;Unitoken;01/07/2025;-17;R$ 0,00;R$ 0,00;R$ 0,00;R$ 0,00;R$ 0,00;;;R$ 0,00;;;;0,0%;;"";;Formento Securitizadora S.A.;AMFI COMPANHIA SECURITIZADORA DE CREDITOS FINANCEIROS I SA;Oferta Pública;Duplicata;Produto Encerrado
Click Antecipa Unitoken #111;Unitoken;01/07/2025;-17;R$ 0,00;R$ 0,20;R$ 0,00;R$ 0,00;R$ 0,00;;R$ 0,00;R$ 0,00;;;;0,0%;;"";;CLICK SECURITIZADORA S.A.;AMFI COMPANHIA SECURITIZADORA DE CREDITOS FINANCEIROS I SA;Oferta Pública;Duplicata;Produto Encerrado
Fintrust  Unitoken #6;Unitoken;01/07/2025;-17;R$ 0,00;R$ 0,00;R$ 0,00;R$ 0,00;R$ 0,00;;;R$ 0,00;;;;0,0%;;"";;Fintrust Securitizadora;AMFI COMPANHIA SECURITIZADORA DE CREDITOS FINANCEIROS I SA;Oferta Pública;Duplicata;Produto Encerrado
Learnbase Unitoken #44;Unitoken;01/07/2025;-17;R$ 0,00;R$ 0,00;R$ 0,00;R$ 0,00;R$ 0,00;;;R$ 0,00;;;;0,0%;;"";;Learnbase Gestão e Consultoria Educacional S.A.;AMFI COMPANHIA SECURITIZADORA DE CREDITOS FINANCEIROS I SA;Oferta Pública;Duplicata;Produto Encerrado
Learnbase Unitoken #58;Unitoken;02/07/2025;-16;R$ 0,00;R$ 0,00;R$ 0,00;R$ 0,00;R$ 0,00;;;R$ 0,00;;;;0,0%;;"";;Learnbase Gestão e Consultoria Educacional S.A.;AMFI COMPANHIA SECURITIZADORA DE CREDITOS FINANCEIROS I SA;Oferta Pública;Duplicata;Produto Encerrado
Syntheo Unitoken #84;Unitoken;03/07/2025;-15;R$ 0,00;R$ 49,52;R$ 0,00;R$ 0,00;R$ 0,00;;R$ 0,00;R$ 0,00;;;;0,0%;;"";;SYNTHÉO SECURITIZADORA DE CRÉDITOS S.A.;AMFI COMPANHIA SECURITIZADORA DE CREDITOS FINANCEIROS I SA;Oferta Pública;Duplicata;Produto Encerrado
Formento Unitoken #92;Unitoken;03/07/2025;-15;R$ 0,00;R$ 0,01;R$ 0,00;R$ 0,00;R$ 0,00;;R$ 0,00;R$ 0,00;;;;0,0%;;"";;Formento Securitizadora S.A.;AMFI COMPANHIA SECURITIZADORA DE CREDITOS FINANCEIROS I SA;Oferta Pública;Duplicata;Produto Encerrado
Syntheo Unitoken #90;Unitoken;03/07/2025;-15;R$ 0,00;R$ 0,05;R$ 0,00;R$ 0,00;R$ 0,00;;R$ 0,00;R$ 0,00;;;;0,0%;;"";;SYNTHÉO SECURITIZADORA DE CRÉDITOS S.A.;AMFI COMPANHIA SECURITIZADORA DE CREDITOS FINANCEIROS I SA;Oferta Pública;Duplicata;Produto Encerrado
Formento Unitoken #81;Unitoken;04/07/2025;-14;R$ 0,00;R$ 0,00;R$ 0,00;R$ 0,00;R$ 0,00;;;R$ 0,00;;;;0,0%;;"";;Formento Securitizadora S.A.;AMFI COMPANHIA SECURITIZADORA DE CREDITOS FINANCEIROS I SA;Oferta Pública;Duplicata;Produto Encerrado
Formento Unitoken #93;Unitoken;04/07/2025;-14;R$ 0,00;R$ 0,00;R$ 0,00;R$ 0,00;R$ 0,00;;;R$ 0,00;;;;0,0%;;"";;Formento Securitizadora S.A.;AMFI COMPANHIA SECURITIZADORA DE CREDITOS FINANCEIROS I SA;Oferta Pública;Duplicata;Produto Encerrado
Syntheo Unitoken #86;Unitoken;04/07/2025;-14;R$ 0,00;R$ 0,00;R$ 0,00;R$ 0,00;R$ 0,00;;;R$ 0,00;;;;0,0%;;"";;SYNTHÉO SECURITIZADORA DE CRÉDITOS S.A.;AMFI COMPANHIA SECURITIZADORA DE CREDITOS FINANCEIROS I SA;Oferta Pública;Duplicata;Produto Encerrado
Grana.ai Unitoken #9;Unitoken;04/07/2025;-14;R$ 0,00;R$ 0,00;R$ 0,00;R$ 0,00;R$ 0,00;;;R$ 0,00;;;;0,0%;;"";;GRANA.AI TECNOLOGIA LTDA;AMFI COMPANHIA SECURITIZADORA DE CREDITOS FINANCEIROS I SA;Oferta Pública;Recebível de Cartão;Produto Encerrado
Chronos Unitoken #10;Unitoken;04/07/2025;-14;R$ 0,00;R$ 0,00;R$ 0,00;R$ 0,00;R$ 0,00;;;R$ 0,00;;;;0,0%;;"";;CHRONOS SECURITIZADORA S/A;AMFI COMPANHIA SECURITIZADORA DE CREDITOS FINANCEIROS I SA;Oferta Pública;Duplicata;Produto Encerrado
Click Antecipa Unitoken #102;Unitoken;07/07/2025;-11;R$ 0,00;R$ 0,00;R$ 0,00;R$ 0,00;R$ 0,00;;;R$ 0,00;;;;0,0%;;"";;CLICK SECURITIZADORA S.A.;AMFI COMPANHIA SECURITIZADORA DE CREDITOS FINANCEIROS I SA;Oferta Pública;Duplicata;Produto Encerrado
Syntheo Unitoken #103;Unitoken;07/07/2025;-11;R$ 0,00;R$ 9,93;R$ 0,00;R$ 0,00;R$ 0,00;;R$ 0,00;R$ 0,00;;;;0,0%;;"";;SYNTHÉO SECURITIZADORA DE CRÉDITOS S.A.;AMFI COMPANHIA SECURITIZADORA DE CREDITOS FINANCEIROS I SA;Oferta Pública;Duplicata;Produto Encerrado
Conecta Lá Unitoken #148;Unitoken;07/07/2025;-11;R$ 0,00;R$ 0,00;R$ 0,00;R$ 0,00;R$ 0,00;;;R$ 0,00;;;;0,0%;;"";;FULL NINE DIGITAL CONSULTORIA S.A.;AMFI COMPANHIA SECURITIZADORA DE CREDITOS FINANCEIROS I SA;Oferta Pública;Duplicata;Produto Encerrado
Conecta Lá Unitoken #134;Unitoken;07/07/2025;-11;R$ 0,00;R$ 0,00;R$ 0,00;R$ 0,00;R$ 0,00;;;R$ 0,00;;;;0,0%;;"";;FULL NINE DIGITAL CONSULTORIA S.A.;AMFI COMPANHIA SECURITIZADORA DE CREDITOS FINANCEIROS I SA;Oferta Pública;Duplicata;Produto Encerrado
Syntheo Unitoken #98;Unitoken;08/07/2025;-10;R$ 0,00;R$ 0,00;R$ 0,00;R$ 0,00;R$ 0,00;;;R$ 0,00;;;;0,0%;;"";;SYNTHÉO SECURITIZADORA DE CRÉDITOS S.A.;AMFI COMPANHIA SECURITIZADORA DE CREDITOS FINANCEIROS I SA;Oferta Pública;Duplicata;Produto Encerrado
Baru Unitoken #13;Unitoken;08/07/2025;-10;R$ 0,00;R$ 0,00;R$ 0,00;R$ 0,00;R$ 0,00;;;R$ 0,00;;;;0,0%;;"";;GRIFFIN CAPITAL S.A. SECURITIZADORA;AMFI COMPANHIA SECURITIZADORA DE CREDITOS FINANCEIROS I SA;Oferta Pública;Duplicata;Produto Encerrado
B.Invest Unitoken #5;Unitoken;08/07/2025;-10;R$ 0,00;R$ 0,00;R$ 0,00;R$ 0,00;R$ 0,00;;;R$ 0,00;;;;0,0%;;"";;B.Invest Securitizadora de Créditos S.A.;AMFI COMPANHIA SECURITIZADORA DE CREDITOS FINANCEIROS I SA;Oferta Pública;Duplicata;Produto Encerrado
Faighus Unitoken #18;Unitoken;08/07/2025;-10;R$ 0,00;R$ 0,00;R$ 0,00;R$ 0,00;R$ 0,00;;;R$ 0,00;;;;0,0%;;"";;FAIGHUS SECURITIZADORA S.A.;AMFI COMPANHIA SECURITIZADORA DE CREDITOS FINANCEIROS I SA;Oferta Pública;Duplicata;Produto Encerrado
Click Antecipa Unitoken #113;Unitoken;08/07/2025;-10;R$ 0,00;R$ 0,00;R$ 0,00;R$ 0,00;R$ 0,00;;;R$ 0,00;;;;0,0%;;"";;CLICK SECURITIZADORA S.A.;AMFI COMPANHIA SECURITIZADORA DE CREDITOS FINANCEIROS I SA;Oferta Pública;Duplicata;Produto Encerrado
Formento Unitoken #97;Unitoken;08/07/2025;-10;R$ 0,00;R$ 0,22;R$ 0,00;R$ 0,00;R$ 0,00;;R$ 0,00;R$ 0,00;;;;0,0%;;"";;Formento Securitizadora S.A.;AMFI COMPANHIA SECURITIZADORA DE CREDITOS FINANCEIROS I SA;Oferta Pública;Duplicata;Produto Encerrado
Formento Unitoken #68;Unitoken;08/07/2025;-10;R$ 0,00;R$ 4,96;R$ 0,00;R$ 0,00;R$ 0,00;;R$ 0,00;R$ 0,00;;;;0,0%;;"";;Formento Securitizadora S.A.;AMFI COMPANHIA SECURITIZADORA DE CREDITOS FINANCEIROS I SA;Oferta Pública;Duplicata;Produto Encerrado
Formento Unitoken #125;Unitoken;09/07/2025;-9;R$ 0,00;R$ 0,00;R$ 0,00;R$ 0,00;R$ 0,00;;;R$ 0,00;;;;0,0%;;"";;Formento Securitizadora S.A.;AMFI COMPANHIA SECURITIZADORA DE CREDITOS FINANCEIROS I SA;Oferta Pública;Duplicata;Produto Encerrado
Syntheo Unitoken #89;Unitoken;09/07/2025;-9;R$ 0,00;R$ 0,00;R$ 0,00;R$ 0,00;R$ 0,00;;;R$ 0,00;;;;0,0%;;"";;SYNTHÉO SECURITIZADORA DE CRÉDITOS S.A.;AMFI COMPANHIA SECURITIZADORA DE CREDITOS FINANCEIROS I SA;Oferta Pública;Duplicata;Produto Encerrado
BRL Unitoken #10;Unitoken;09/07/2025;-9;R$ 0,00;R$ 0,00;R$ 0,00;R$ 0,00;R$ 0,00;;;R$ 0,00;;;;0,0%;;"";;BRL SECURITIZADORA S.A;AMFI COMPANHIA SECURITIZADORA DE CREDITOS FINANCEIROS I SA;Oferta Pública;Duplicata;Produto Encerrado
Syntheo Unitoken #93;Unitoken;09/07/2025;-9;R$ 0,00;R$ 0,00;R$ 0,00;R$ 0,00;R$ 0,00;;;R$ 0,00;;;;0,0%;;"";;SYNTHÉO SECURITIZADORA DE CRÉDITOS S.A.;AMFI COMPANHIA SECURITIZADORA DE CREDITOS FINANCEIROS I SA;Oferta Pública;Duplicata;Produto Encerrado
Syntheo Unitoken #104;Unitoken;09/07/2025;-9;R$ 0,00;R$ 0,00;R$ 0,00;R$ 0,00;R$ 0,00;;;R$ 0,00;;;;0,0%;;"";;SYNTHÉO SECURITIZADORA DE CRÉDITOS S.A.;AMFI COMPANHIA SECURITIZADORA DE CREDITOS FINANCEIROS I SA;Oferta Pública;Duplicata;Produto Encerrado
Lecapital Unitoken #3;Unitoken;09/07/2025;-9;R$ 0,00;R$ 0,00;R$ 0,00;R$ 0,00;R$ 0,00;;;R$ 0,00;;;;0,0%;;"";;LECAPITAL SECURITIZADORA S/A;AMFI COMPANHIA SECURITIZADORA DE CREDITOS FINANCEIROS I SA;Oferta Pública;Duplicata;Produto Encerrado
Syntheo Unitoken #99;Unitoken;09/07/2025;-9;R$ 0,00;R$ 0,00;R$ 0,00;R$ 0,00;R$ 0,00;;;R$ 0,00;;;;0,0%;;"";;SYNTHÉO SECURITIZADORA DE CRÉDITOS S.A.;AMFI COMPANHIA SECURITIZADORA DE CREDITOS FINANCEIROS I SA;Oferta Pública;Duplicata;Produto Encerrado
Wynvest Unitoken #6;Unitoken;10/07/2025;-8;R$ 0,00;R$ 0,89;R$ 0,00;R$ 0,00;R$ 0,00;;R$ 0,00;R$ 0,00;;;;0,0%;;"";;WYNVEST SECURITIZADORA DE CRÉDITO S.A;AMFI COMPANHIA SECURITIZADORA DE CREDITOS FINANCEIROS I SA;Oferta Pública;Duplicata;Produto Encerrado
C4 Unitoken #61;Unitoken;10/07/2025;-8;R$ 0,00;R$ 0,00;R$ 0,00;R$ 0,00;R$ 0,00;;;R$ 0,00;;;;0,0%;;"";;C4 CAPITAL SECURITIZADORA S/A;AMFI COMPANHIA SECURITIZADORA DE CREDITOS FINANCEIROS I SA;Oferta Pública;Duplicata;Produto Encerrado
Lebasq Unitoken #51;Unitoken;10/07/2025;-8;R$ 0,00;R$ 0,00;R$ 0,00;R$ 0,00;R$ 0,00;;;R$ 0,00;;;;0,0%;;"";;LEBASQ SECURITIZAÇÃO DE CRÉDITOS SA;AMFI COMPANHIA SECURITIZADORA DE CREDITOS FINANCEIROS I SA;Oferta Pública;Duplicata;Produto Encerrado
a55  Unitoken #32;Unitoken;10/07/2025;-8;R$ 3.224,12;R$ 0,00;R$ 3.224,12;R$ 3.224,12;R$ 0,00;;;R$ 0,00;;;100,0%;0,0%;1,4%;"";;a55 SECURITIZADORA S.A.;a55 SECURITIZADORA S.A.;Oferta Pública;CCB;Captação finalizada
Grana.ai Unitoken #10;Unitoken;10/07/2025;-8;R$ 0,00;R$ 578,24;R$ 0,00;R$ 0,00;R$ 0,00;;R$ 0,00;R$ 0,00;;;;0,0%;;"";;GRANA.AI TECNOLOGIA LTDA;AMFI COMPANHIA SECURITIZADORA DE CREDITOS FINANCEIROS I SA;Oferta Pública;Recebível de Cartão;Produto Encerrado
Click Antecipa Unitoken #115;Unitoken;10/07/2025;-8;R$ 0,00;R$ 0,17;R$ 0,00;R$ 0,00;R$ 0,00;;R$ 0,00;R$ 0,00;;;;0,0%;;"";;CLICK SECURITIZADORA S.A.;AMFI COMPANHIA SECURITIZADORA DE CREDITOS FINANCEIROS I SA;Oferta Pública;Duplicata;Produto Encerrado
B.Invest Unitoken #3;Unitoken;11/07/2025;-7;R$ 0,00;R$ 0,00;R$ 0,00;R$ 0,00;R$ 0,00;;;R$ 0,00;;;;0,0%;;"";;B.Invest Securitizadora de Créditos S.A.;AMFI COMPANHIA SECURITIZADORA DE CREDITOS FINANCEIROS I SA;Oferta Pública;Duplicata;Produto Encerrado
Formento Unitoken #84;Unitoken;11/07/2025;-7;R$ 0,00;R$ 0,00;R$ 0,00;R$ 0,00;R$ 0,00;;;R$ 0,00;;;;0,0%;;"";;Formento Securitizadora S.A.;AMFI COMPANHIA SECURITIZADORA DE CREDITOS FINANCEIROS I SA;Oferta Pública;Duplicata;Produto Encerrado
Chronos Unitoken #14;Unitoken;14/07/2025;-4;R$ 0,00;R$ 0,00;R$ 0,00;R$ 0,00;R$ 0,00;;;R$ 0,00;;;;0,0%;;"";;CHRONOS SECURITIZADORA S/A;AMFI COMPANHIA SECURITIZADORA DE CREDITOS FINANCEIROS I SA;Oferta Pública;Duplicata;Produto Encerrado
Click Antecipa Unitoken #104;Unitoken;14/07/2025;-4;R$ 0,00;R$ 0,00;R$ 0,00;R$ 0,00;R$ 0,00;;;R$ 0,00;;;;0,0%;;"";;CLICK SECURITIZADORA S.A.;AMFI COMPANHIA SECURITIZADORA DE CREDITOS FINANCEIROS I SA;Oferta Pública;Duplicata;Produto Encerrado
Lebasq Unitoken #44;Unitoken;14/07/2025;-4;R$ 0,00;R$ 0,00;R$ 0,00;R$ 0,00;R$ 0,00;;;R$ 0,00;;;;0,0%;;"";;LEBASQ SECURITIZAÇÃO DE CRÉDITOS SA;AMFI COMPANHIA SECURITIZADORA DE CREDITOS FINANCEIROS I SA;Oferta Pública;Duplicata;Produto Encerrado
Conecta Lá Unitoken #147;Unitoken;15/07/2025;-3;R$ 0,00;R$ 0,00;R$ 0,00;R$ 0,00;R$ 0,00;;;R$ 0,00;;;;0,0%;;"";;FULL NINE DIGITAL CONSULTORIA S.A.;AMFI COMPANHIA SECURITIZADORA DE CREDITOS FINANCEIROS I SA;Oferta Pública;Duplicata;Produto Encerrado
C4 Unitoken #58;Unitoken;15/07/2025;-3;R$ 0,00;R$ 0,00;R$ 0,00;R$ 0,00;R$ 0,00;;;R$ 0,00;;;;0,0%;;"";;C4 CAPITAL SECURITIZADORA S/A;AMFI COMPANHIA SECURITIZADORA DE CREDITOS FINANCEIROS I SA;Oferta Pública;Duplicata;Produto Encerrado
Faighus Unitoken #24;Unitoken;15/07/2025;-3;R$ 0,00;R$ 0,00;R$ 0,00;R$ 0,00;R$ 0,00;;;R$ 0,00;;;;0,0%;;"";;FAIGHUS SECURITIZADORA S.A.;AMFI COMPANHIA SECURITIZADORA DE CREDITOS FINANCEIROS I SA;Oferta Pública;Duplicata;Produto Encerrado
Conecta Lá Unitoken #155;Unitoken;15/07/2025;-3;R$ 0,00;R$ 0,00;R$ 0,00;R$ 0,00;R$ 0,00;;;R$ 0,00;;;;0,0%;;"";;FULL NINE DIGITAL CONSULTORIA S.A.;AMFI COMPANHIA SECURITIZADORA DE CREDITOS FINANCEIROS I SA;Oferta Pública;Duplicata;Produto Encerrado
Conecta Lá Unitoken #135;Unitoken;15/07/2025;-3;R$ 0,00;R$ 8,62;R$ 0,00;R$ 0,00;R$ 0,00;;R$ 0,00;R$ 0,00;;;;0,0%;;"";;FULL NINE DIGITAL CONSULTORIA S.A.;AMFI COMPANHIA SECURITIZADORA DE CREDITOS FINANCEIROS I SA;Oferta Pública;Duplicata;Produto Encerrado
OUB CAPITAL Unitoken #12;Unitoken;15/07/2025;-3;R$ 0,00;R$ 0,00;R$ 0,00;R$ 0,00;R$ 0,00;;;R$ 0,00;;;;0,0%;;"";;OUB CAPITAL SA;AMFI COMPANHIA SECURITIZADORA DE CREDITOS FINANCEIROS I SA;Oferta Pública;Duplicata;Produto Encerrado
Conecta Lá Unitoken #146;Unitoken;15/07/2025;-3;R$ 0,00;R$ 0,00;R$ 0,00;R$ 0,00;R$ 0,00;;;R$ 0,00;;;;0,0%;;"";;FULL NINE DIGITAL CONSULTORIA S.A.;AMFI COMPANHIA SECURITIZADORA DE CREDITOS FINANCEIROS I SA;Oferta Pública;Duplicata;Produto Encerrado
Learnbase Unitoken #59;Unitoken;15/07/2025;-3;R$ 0,00;R$ 0,00;R$ 0,00;R$ 0,00;R$ 0,00;;;R$ 0,00;;;;0,0%;;"";;Learnbase Gestão e Consultoria Educacional S.A.;AMFI COMPANHIA SECURITIZADORA DE CREDITOS FINANCEIROS I SA;Oferta Pública;Duplicata;Produto Encerrado
C4 Unitoken #55;Unitoken;15/07/2025;-3;R$ 0,00;R$ 0,00;R$ 0,00;R$ 0,00;R$ 0,00;;;R$ 0,00;;;;0,0%;;"";;C4 CAPITAL SECURITIZADORA S/A;AMFI COMPANHIA SECURITIZADORA DE CREDITOS FINANCEIROS I SA;Oferta Pública;Duplicata;Produto Encerrado
Syntheo Unitoken #94;Unitoken;15/07/2025;-3;R$ 0,00;R$ 4,27;R$ 0,00;R$ 0,00;R$ 0,00;;R$ 0,00;R$ 0,00;;;;0,0%;;"";;SYNTHÉO SECURITIZADORA DE CRÉDITOS S.A.;AMFI COMPANHIA SECURITIZADORA DE CREDITOS FINANCEIROS I SA;Oferta Pública;Duplicata;Produto Encerrado
BMDC Unitoken #3;Unitoken;15/07/2025;-3;R$ 0,00;R$ 0,00;R$ 0,00;R$ 0,00;R$ 0,00;;;R$ 0,00;;;;0,0%;;"";;BMDC SECURITIZADORA SA;AMFI COMPANHIA SECURITIZADORA DE CREDITOS FINANCEIROS I SA;;CCB;
BRL Unitoken #11;Unitoken;15/07/2025;-3;R$ 0,00;R$ 0,00;R$ 0,00;R$ 0,00;R$ 0,00;;;R$ 0,00;;;;0,0%;;"";;BRL SECURITIZADORA S.A;AMFI COMPANHIA SECURITIZADORA DE CREDITOS FINANCEIROS I SA;Oferta Pública;Duplicata;Produto Encerrado
C4 Unitoken #53;Unitoken;15/07/2025;-3;R$ 0,00;R$ 0,00;R$ 0,00;R$ 0,00;R$ 0,00;;;R$ 0,00;;;;0,0%;;"";;C4 CAPITAL SECURITIZADORA S/A;AMFI COMPANHIA SECURITIZADORA DE CREDITOS FINANCEIROS I SA;Oferta Pública;Duplicata;Produto Encerrado
Wynvest Unitoken #8;Unitoken;16/07/2025;-2;R$ 0,00;R$ 0,00;R$ 0,00;R$ 0,00;R$ 0,00;;;R$ 0,00;;;;0,0%;;"";;WYNVEST SECURITIZADORA DE CRÉDITO S.A;AMFI COMPANHIA SECURITIZADORA DE CREDITOS FINANCEIROS I SA;Oferta Pública;Duplicata;Produto Encerrado
Lebasq Unitoken #45;Unitoken;16/07/2025;-2;R$ 0,00;R$ 0,00;R$ 0,00;R$ 0,00;R$ 0,00;;;R$ 0,00;;;;0,0%;;"";;LEBASQ SECURITIZAÇÃO DE CRÉDITOS SA;AMFI COMPANHIA SECURITIZADORA DE CREDITOS FINANCEIROS I SA;Oferta Pública;Duplicata;Produto Encerrado
AFA CONSULTORIA DE CREDITO Unitoken #27;Unitoken;17/07/2025;-1;R$ 35.000,00;R$ 35.015,49;R$ 0,00;R$ 35.000,00;R$ 0,00;;R$ 1,00;R$ 0,00;;;100,0%;0,0%;1,4%;"";;AFA CONSULTORIA DE CREDITO UNIPESSOAL LTDA;AMFI COMPANHIA SECURITIZADORA DE CREDITOS FINANCEIROS I SA;Oferta Pública;Duplicata;Captação finalizada
C4 Unitoken #52;Unitoken;17/07/2025;-1;R$ 0,00;R$ 0,00;R$ 0,00;R$ 0,00;R$ 0,00;;;R$ 0,00;;;;0,0%;;"";;C4 CAPITAL SECURITIZADORA S/A;AMFI COMPANHIA SECURITIZADORA DE CREDITOS FINANCEIROS I SA;Oferta Pública;Duplicata;Produto Encerrado
Faighus Unitoken #19;Unitoken;18/07/2025;0;R$ 18.443,32;R$ 18.443,29;R$ 0,03;R$ 18.443,32;R$ 0,00;;R$ 1,00;R$ 0,00;;;;0,0%;1,6%;"";18/07/2025;FAIGHUS SECURITIZADORA S.A.;AMFI COMPANHIA SECURITIZADORA DE CREDITOS FINANCEIROS I SA;Oferta Pública;Duplicata;Captação finalizada
Formento Unitoken #121;Unitoken;18/07/2025;0;R$ 0,00;R$ 0,00;R$ 0,00;R$ 0,00;R$ 0,00;;;R$ 0,00;;;;0,0%;;"";18/07/2025;Formento Securitizadora S.A.;AMFI COMPANHIA SECURITIZADORA DE CREDITOS FINANCEIROS I SA;Oferta Pública;Duplicata;Produto Encerrado
Lebasq Unitoken #49;Unitoken;18/07/2025;0;R$ 1.111,99;R$ 1.092,17;R$ 19,82;R$ 1.111,99;R$ 0,00;;R$ 1,02;R$ 0,00;;;;0,0%;1,3%;"";18/07/2025;LEBASQ SECURITIZAÇÃO DE CRÉDITOS SA;AMFI COMPANHIA SECURITIZADORA DE CREDITOS FINANCEIROS I SA;Oferta Pública;Duplicata;Captação finalizada
Syntheo Unitoken #96;Unitoken;21/07/2025;3;R$ 21.381,51;R$ 21.406,53;R$ 0,00;R$ 21.381,51;R$ 0,00;;R$ 1,00;R$ 0,00;;;;0,0%;1,6%;"";21/07/2025;SYNTHÉO SECURITIZADORA DE CRÉDITOS S.A.;AMFI COMPANHIA SECURITIZADORA DE CREDITOS FINANCEIROS I SA;Oferta Pública;Duplicata;Captação finalizada
Conecta Lá Unitoken #164;Unitoken;21/07/2025;3;R$ 35.371,58;R$ 35.352,39;R$ 19,19;R$ 35.371,58;R$ 0,00;;R$ 1,00;R$ 0,00;;;;0,0%;1,8%;"";21/07/2025;FULL NINE DIGITAL CONSULTORIA S.A.;AMFI COMPANHIA SECURITIZADORA DE CREDITOS FINANCEIROS I SA;Oferta Pública;Duplicata;Captação finalizada
Learnbase Unitoken #61;Unitoken;21/07/2025;3;R$ 23.852,94;R$ 23.808,58;R$ 44,36;R$ 23.852,94;R$ 0,00;;R$ 1,00;R$ 0,00;;;;0,0%;2,0%;"";21/07/2025;Learnbase Gestão e Consultoria Educacional S.A.;AMFI COMPANHIA SECURITIZADORA DE CREDITOS FINANCEIROS I SA;Oferta Pública;Duplicata;Captação finalizada
Conecta Lá Unitoken #141;Unitoken;21/07/2025;3;R$ 0,00;R$ 0,00;R$ 0,00;R$ 0,00;R$ 0,00;;;R$ 0,00;;;;0,0%;;"";21/07/2025;FULL NINE DIGITAL CONSULTORIA S.A.;AMFI COMPANHIA SECURITIZADORA DE CREDITOS FINANCEIROS I SA;Oferta Pública;Duplicata;Produto Encerrado
Wynvest Unitoken #7;Unitoken;21/07/2025;3;R$ 122.252,49;R$ 122.189,53;R$ 62,96;R$ 122.252,49;R$ 0,00;;R$ 1,00;R$ 0,00;;;;0,0%;1,6%;"";21/07/2025;WYNVEST SECURITIZADORA DE CRÉDITO S.A;AMFI COMPANHIA SECURITIZADORA DE CREDITOS FINANCEIROS I SA;Oferta Pública;Duplicata;Captação finalizada
C4 Unitoken #56;Unitoken;21/07/2025;3;R$ 4.164,92;R$ 4.164,84;R$ 0,08;R$ 4.164,92;R$ 0,00;;R$ 1,00;R$ 0,00;;;;0,0%;1,7%;"";21/07/2025;C4 CAPITAL SECURITIZADORA S/A;AMFI COMPANHIA SECURITIZADORA DE CREDITOS FINANCEIROS I SA;Oferta Pública;Duplicata;Captação finalizada
Conecta Lá Unitoken #143;Unitoken;21/07/2025;3;R$ 109.876,66;R$ 109.816,74;R$ 59,92;R$ 109.876,66;R$ 0,00;;R$ 1,00;R$ 0,00;;;;0,0%;1,7%;"";21/07/2025;FULL NINE DIGITAL CONSULTORIA S.A.;AMFI COMPANHIA SECURITIZADORA DE CREDITOS FINANCEIROS I SA;Oferta Pública;Duplicata;Captação finalizada
Conecta Lá Unitoken #145;Unitoken;21/07/2025;3;R$ 0,00;R$ 0,00;R$ 0,00;R$ 0,00;R$ 0,00;;;R$ 0,00;;;;0,0%;;"";21/07/2025;FULL NINE DIGITAL CONSULTORIA S.A.;AMFI COMPANHIA SECURITIZADORA DE CREDITOS FINANCEIROS I SA;Oferta Pública;Duplicata;Produto Encerrado
Conecta Lá Unitoken #160;Unitoken;21/07/2025;3;R$ 0,00;R$ 0,00;R$ 0,00;R$ 0,00;R$ 0,00;;;R$ 0,00;;;;0,0%;;"";21/07/2025;FULL NINE DIGITAL CONSULTORIA S.A.;AMFI COMPANHIA SECURITIZADORA DE CREDITOS FINANCEIROS I SA;Oferta Pública;Duplicata;Produto Encerrado
Grana.ai Unitoken #11;Unitoken;21/07/2025;3;R$ 7.603,15;R$ 7.614,70;R$ 0,00;R$ 7.603,15;R$ 0,00;;R$ 1,00;R$ 0,00;;;28,6%;0,0%;1,6%;"";18/07/2025;GRANA.AI TECNOLOGIA LTDA;AMFI COMPANHIA SECURITIZADORA DE CREDITOS FINANCEIROS I SA;Oferta Pública;Recebível de Cartão;Captação finalizada
Formento Unitoken #105;Unitoken;22/07/2025;4;R$ 22.263,38;R$ 22.226,53;R$ 36,85;R$ 22.263,38;R$ 0,00;;R$ 1,00;R$ 0,00;;;;0,0%;1,6%;"";21/07/2025;Formento Securitizadora S.A.;AMFI COMPANHIA SECURITIZADORA DE CREDITOS FINANCEIROS I SA;Oferta Pública;Duplicata;Captação finalizada
Learnbase Unitoken #62;Unitoken;22/07/2025;4;R$ 26.729,75;R$ 26.714,65;R$ 15,10;R$ 26.729,75;R$ 0,00;;R$ 1,00;R$ 0,00;;;;0,0%;1,9%;"";22/07/2025;Learnbase Gestão e Consultoria Educacional S.A.;AMFI COMPANHIA SECURITIZADORA DE CREDITOS FINANCEIROS I SA;Oferta Pública;Duplicata;Captação finalizada
Syntheo Unitoken #92;Unitoken;22/07/2025;4;R$ 41.479,78;R$ 41.488,40;R$ 0,00;R$ 41.479,78;R$ 0,00;;R$ 1,00;R$ 0,00;;;;0,0%;1,6%;"";18/07/2025;SYNTHÉO SECURITIZADORA DE CRÉDITOS S.A.;AMFI COMPANHIA SECURITIZADORA DE CREDITOS FINANCEIROS I SA;Oferta Pública;Duplicata;Captação finalizada
Faighus Unitoken #21;Unitoken;22/07/2025;4;R$ 13.000,12;R$ 13.000,10;R$ 0,02;R$ 13.000,12;R$ 0,00;;R$ 1,00;R$ 0,00;;;;0,0%;1,6%;"";22/07/2025;FAIGHUS SECURITIZADORA S.A.;AMFI COMPANHIA SECURITIZADORA DE CREDITOS FINANCEIROS I SA;Oferta Pública;Duplicata;Captação finalizada
Faighus Unitoken #20;Unitoken;22/07/2025;4;R$ 14.488,22;R$ 14.488,20;R$ 0,02;R$ 14.488,22;R$ 0,00;;R$ 1,00;R$ 0,00;;;;0,0%;1,6%;"";22/07/2025;FAIGHUS SECURITIZADORA S.A.;AMFI COMPANHIA SECURITIZADORA DE CREDITOS FINANCEIROS I SA;Oferta Pública;Duplicata;Captação finalizada
Learnbase Unitoken #60;Unitoken;22/07/2025;4;R$ 21.736,82;R$ 21.724,28;R$ 12,54;R$ 21.736,82;R$ 0,00;;R$ 1,00;R$ 0,00;;;;0,0%;1,9%;"";22/07/2025;Learnbase Gestão e Consultoria Educacional S.A.;AMFI COMPANHIA SECURITIZADORA DE CREDITOS FINANCEIROS I SA;Oferta Pública;Duplicata;Captação finalizada
Faighus Unitoken #22;Unitoken;22/07/2025;4;R$ 21.235,76;R$ 21.235,74;R$ 0,02;R$ 21.235,76;R$ 0,00;;R$ 1,00;R$ 0,00;;;;0,0%;1,6%;"";22/07/2025;FAIGHUS SECURITIZADORA S.A.;AMFI COMPANHIA SECURITIZADORA DE CREDITOS FINANCEIROS I SA;Oferta Pública;Duplicata;Captação finalizada
OUB CAPITAL Unitoken #9;Unitoken;22/07/2025;4;R$ 7.189,34;R$ 7.043,91;R$ 145,43;R$ 7.189,34;R$ 0,00;;R$ 1,02;R$ 0,00;;;;0,0%;1,5%;"";22/07/2025;OUB CAPITAL SA;AMFI COMPANHIA SECURITIZADORA DE CREDITOS FINANCEIROS I SA;Oferta Pública;Duplicata;Captação finalizada
Formento Unitoken #98;Unitoken;23/07/2025;5;R$ 16.364,60;R$ 16.353,69;R$ 10,91;R$ 16.364,60;R$ 0,00;;R$ 1,00;R$ 0,00;;;;0,0%;1,5%;"";23/07/2025;Formento Securitizadora S.A.;AMFI COMPANHIA SECURITIZADORA DE CREDITOS FINANCEIROS I SA;Oferta Pública;Duplicata;Captação finalizada
Wynvest Unitoken #11;Unitoken;23/07/2025;5;R$ 219.595,50;R$ 116.562,57;R$ 103.032,93;R$ 154.994,22;R$ 64.601,28;;R$ 1,33;R$ 0,00;;;;0,0%;1,6%;"";23/07/2025;WYNVEST SECURITIZADORA DE CRÉDITO S.A;AMFI COMPANHIA SECURITIZADORA DE CREDITOS FINANCEIROS I SA;Oferta Pública;Duplicata;Em captação
AFA CONSULTORIA DE CREDITO Unitoken #15;Unitoken;24/07/2025;6;R$ 17.452,08;R$ 17.452,05;R$ 0,03;R$ 17.452,08;R$ 0,00;;R$ 1,00;R$ 0,00;;;;0,0%;1,4%;"";24/07/2025;AFA CONSULTORIA DE CREDITO UNIPESSOAL LTDA;AMFI COMPANHIA SECURITIZADORA DE CREDITOS FINANCEIROS I SA;Oferta Pública;Duplicata;Captação finalizada
Syntheo Unitoken #100;Unitoken;24/07/2025;6;R$ 26.749,47;R$ 26.773,35;R$ 0,00;R$ 26.749,47;R$ 0,00;;R$ 1,00;R$ 0,00;;;;0,0%;1,6%;"";24/07/2025;SYNTHÉO SECURITIZADORA DE CRÉDITOS S.A.;AMFI COMPANHIA SECURITIZADORA DE CREDITOS FINANCEIROS I SA;Oferta Pública;Duplicata;Captação finalizada
Conecta Lá Unitoken #144;Unitoken;25/07/2025;7;R$ 25.798,50;R$ 25.798,46;R$ 0,04;R$ 25.798,50;R$ 0,00;;R$ 1,00;R$ 0,00;;;;0,0%;1,7%;"";25/07/2025;FULL NINE DIGITAL CONSULTORIA S.A.;AMFI COMPANHIA SECURITIZADORA DE CREDITOS FINANCEIROS I SA;Oferta Pública;Duplicata;Captação finalizada
Conecta Lá Unitoken #149;Unitoken;25/07/2025;7;R$ 27.948,09;R$ 27.948,06;R$ 0,03;R$ 27.948,09;R$ 0,00;;R$ 1,00;R$ 0,00;;;;0,0%;1,7%;"";25/07/2025;FULL NINE DIGITAL CONSULTORIA S.A.;AMFI COMPANHIA SECURITIZADORA DE CREDITOS FINANCEIROS I SA;Oferta Pública;Duplicata;Captação finalizada
Syntheo Unitoken #108;Unitoken;25/07/2025;7;R$ 53.205,37;R$ 53.205,30;R$ 0,07;R$ 53.205,37;R$ 0,00;;R$ 1,00;R$ 0,00;;;;0,0%;1,6%;"";25/07/2025;SYNTHÉO SECURITIZADORA DE CRÉDITOS S.A.;AMFI COMPANHIA SECURITIZADORA DE CREDITOS FINANCEIROS I SA;Oferta Pública;Duplicata;Captação finalizada
C4 Unitoken #62;Unitoken;25/07/2025;7;R$ 27.267,63;R$ 27.267,49;R$ 0,14;R$ 27.267,63;R$ 0,00;;R$ 1,00;R$ 0,00;;;;0,0%;1,6%;"";25/07/2025;C4 CAPITAL SECURITIZADORA S/A;AMFI COMPANHIA SECURITIZADORA DE CREDITOS FINANCEIROS I SA;Oferta Pública;Duplicata;Captação finalizada
C4 Unitoken #60;Unitoken;25/07/2025;7;R$ 3.003,87;R$ 3.003,72;R$ 0,15;R$ 3.003,87;R$ 0,00;;R$ 1,00;R$ 0,00;;;;0,0%;1,6%;"";25/07/2025;C4 CAPITAL SECURITIZADORA S/A;AMFI COMPANHIA SECURITIZADORA DE CREDITOS FINANCEIROS I SA;Oferta Pública;Duplicata;Captação finalizada
Faighus Unitoken #23;Unitoken;25/07/2025;7;R$ 11.103,05;R$ 11.103,03;R$ 0,02;R$ 11.103,05;R$ 0,00;;R$ 1,00;R$ 0,00;;;;0,0%;1,6%;"";25/07/2025;FAIGHUS SECURITIZADORA S.A.;AMFI COMPANHIA SECURITIZADORA DE CREDITOS FINANCEIROS I SA;Oferta Pública;Duplicata;Captação finalizada
Blipay Pool #1;Pool;26/07/2025;8;R$ 4.252.574,70;R$ 1.589.980,62;R$ 2.662.594,08;R$ 7.171.232,79;R$ 1.710.424,61;R$ 5.000,00;R$ 4,51;R$ 0,00;62,6%;30,0%;168,6%;4.292.435,2%;40,9%;"";26/07/2025;BLIPAY INTERMEDIACAO DE NEGOCIOS E TECNOLOGIA LTDA;AMFI COMPANHIA SECURITIZADORA DE CREDITOS FINANCEIROS I SA;Oferta Pública;CCB;Captação finalizada
Lebasq Unitoken #37;Unitoken;26/07/2025;8;R$ 340,03;R$ 303,06;R$ 36,97;R$ 340,03;R$ 0,00;;R$ 1,13;R$ 0,00;;;;0,0%;1,3%;"";26/07/2025;LEBASQ SECURITIZAÇÃO DE CRÉDITOS SA;AMFI COMPANHIA SECURITIZADORA DE CREDITOS FINANCEIROS I SA;Oferta Pública;Duplicata;Captação finalizada
Syntheo Unitoken #91;Unitoken;28/07/2025;10;R$ 7.558,22;R$ 7.566,67;R$ 0,00;R$ 7.558,22;R$ 0,00;;R$ 1,00;R$ 0,00;;;;0,0%;1,6%;"";28/07/2025;SYNTHÉO SECURITIZADORA DE CRÉDITOS S.A.;AMFI COMPANHIA SECURITIZADORA DE CREDITOS FINANCEIROS I SA;Oferta Pública;Duplicata;Captação finalizada
Formento Unitoken #102;Unitoken;28/07/2025;10;R$ 6.226,92;R$ 6.200,14;R$ 26,78;R$ 6.226,92;R$ 0,00;;R$ 1,01;R$ 0,00;;;;0,0%;1,6%;"";28/07/2025;Formento Securitizadora S.A.;AMFI COMPANHIA SECURITIZADORA DE CREDITOS FINANCEIROS I SA;Oferta Pública;Duplicata;Captação finalizada
Grana.ai Unitoken #12;Unitoken;28/07/2025;10;R$ 17.920,24;R$ 17.920,40;R$ 0,00;R$ 17.920,24;R$ 0,00;;R$ 1,00;R$ 0,00;;;;0,0%;1,6%;"";21/07/2025;GRANA.AI TECNOLOGIA LTDA;AMFI COMPANHIA SECURITIZADORA DE CREDITOS FINANCEIROS I SA;Oferta Pública;Recebível de Cartão;Captação finalizada
Lebasq Unitoken #50;Unitoken;28/07/2025;10;R$ 2.586,59;R$ 2.574,02;R$ 12,57;R$ 2.586,59;R$ 0,00;;R$ 1,01;R$ 0,00;;;;0,0%;1,3%;"";23/07/2025;LEBASQ SECURITIZAÇÃO DE CRÉDITOS SA;AMFI COMPANHIA SECURITIZADORA DE CREDITOS FINANCEIROS I SA;Oferta Pública;Duplicata;Captação finalizada
Conecta Lá Unitoken #108;Unitoken;28/07/2025;10;R$ 12.945,64;R$ 12.967,20;R$ 0,00;R$ 12.945,64;R$ 0,00;;R$ 1,00;R$ 0,00;;;;0,0%;1,6%;"";28/07/2025;FULL NINE DIGITAL CONSULTORIA S.A.;AMFI COMPANHIA SECURITIZADORA DE CREDITOS FINANCEIROS I SA;Oferta Pública;Duplicata;Captação finalizada
Formento Unitoken #109;Unitoken;29/07/2025;11;R$ 14.972,75;R$ 14.952,52;R$ 20,23;R$ 14.972,75;R$ 0,00;;R$ 1,01;R$ 0,00;;;;0,0%;1,6%;"";29/07/2025;Formento Securitizadora S.A.;AMFI COMPANHIA SECURITIZADORA DE CREDITOS FINANCEIROS I SA;Oferta Pública;Duplicata;Captação finalizada
Faighus Unitoken #26;Unitoken;29/07/2025;11;R$ 16.516,05;R$ 16.516,04;R$ 0,01;R$ 16.516,05;R$ 0,00;;R$ 1,01;R$ 0,00;;;;0,0%;1,6%;"";29/07/2025;FAIGHUS SECURITIZADORA S.A.;AMFI COMPANHIA SECURITIZADORA DE CREDITOS FINANCEIROS I SA;Oferta Pública;Duplicata;Captação finalizada
Faighus Unitoken #25;Unitoken;29/07/2025;11;R$ 16.764,26;R$ 16.764,25;R$ 0,01;R$ 16.764,26;R$ 0,00;;R$ 1,01;R$ 0,00;;;;0,0%;1,6%;"";29/07/2025;FAIGHUS SECURITIZADORA S.A.;AMFI COMPANHIA SECURITIZADORA DE CREDITOS FINANCEIROS I SA;Oferta Pública;Duplicata;Captação finalizada
Lebasq Unitoken #38;Unitoken;29/07/2025;11;R$ 1.973,04;R$ 1.978,24;R$ 0,00;R$ 1.973,04;R$ 0,00;;R$ 1,00;R$ 0,00;;;;0,0%;1,3%;"";29/07/2025;LEBASQ SECURITIZAÇÃO DE CRÉDITOS SA;AMFI COMPANHIA SECURITIZADORA DE CREDITOS FINANCEIROS I SA;Oferta Pública;Duplicata;Captação finalizada
Formento Unitoken #107;Unitoken;29/07/2025;11;R$ 50.940,41;R$ 50.891,17;R$ 49,24;R$ 50.940,41;R$ 0,00;;R$ 1,00;R$ 0,00;;;;0,0%;1,6%;"";23/07/2025;Formento Securitizadora S.A.;AMFI COMPANHIA SECURITIZADORA DE CREDITOS FINANCEIROS I SA;Oferta Pública;Duplicata;Captação finalizada
Formento Unitoken #108;Unitoken;29/07/2025;11;R$ 22.220,68;R$ 22.202,04;R$ 18,64;R$ 22.220,68;R$ 0,00;;R$ 1,00;R$ 0,00;;;;0,0%;1,6%;"";25/07/2025;Formento Securitizadora S.A.;AMFI COMPANHIA SECURITIZADORA DE CREDITOS FINANCEIROS I SA;Oferta Pública;Duplicata;Captação finalizada
Click Antecipa Unitoken #116;Unitoken;29/07/2025;11;R$ 17.384,55;R$ 17.335,81;R$ 48,74;R$ 17.384,55;R$ 0,00;;R$ 1,01;R$ 0,00;;;;0,0%;1,6%;"";24/07/2025;CLICK SECURITIZADORA S.A.;AMFI COMPANHIA SECURITIZADORA DE CREDITOS FINANCEIROS I SA;Oferta Pública;Duplicata;Captação finalizada
BRL Unitoken #12;Unitoken;29/07/2025;11;R$ 33.508,21;R$ 33.532,05;R$ 0,00;R$ 33.508,21;R$ 0,00;;R$ 1,00;R$ 0,00;;;;0,0%;1,9%;"";18/07/2025;BRL SECURITIZADORA S.A;AMFI COMPANHIA SECURITIZADORA DE CREDITOS FINANCEIROS I SA;Oferta Pública;Duplicata;Captação finalizada
OUB CAPITAL Unitoken #13;Unitoken;29/07/2025;11;R$ 9.931,70;R$ 9.685,76;R$ 245,94;R$ 9.931,70;R$ 0,00;;R$ 1,03;R$ 0,00;;;;0,0%;1,6%;"";29/07/2025;OUB CAPITAL SA;AMFI COMPANHIA SECURITIZADORA DE CREDITOS FINANCEIROS I SA;Oferta Pública;Duplicata;Captação finalizada
AFA CONSULTORIA DE CREDITO Unitoken #26;Unitoken;29/07/2025;11;R$ 17.413,82;R$ 17.413,90;R$ 0,00;R$ 17.413,82;R$ 0,00;;R$ 1,00;R$ 0,00;;;;0,0%;1,4%;"";29/07/2025;AFA CONSULTORIA DE CREDITO UNIPESSOAL LTDA;AMFI COMPANHIA SECURITIZADORA DE CREDITOS FINANCEIROS I SA;Oferta Pública;Duplicata;Captação finalizada
Lebasq Unitoken #39;Unitoken;29/07/2025;11;R$ 760,37;R$ 727,72;R$ 32,65;R$ 760,37;R$ 0,00;;R$ 1,05;R$ 0,00;;;;0,0%;1,3%;"";29/07/2025;LEBASQ SECURITIZAÇÃO DE CRÉDITOS SA;AMFI COMPANHIA SECURITIZADORA DE CREDITOS FINANCEIROS I SA;Oferta Pública;Duplicata;Captação finalizada
OUB CAPITAL Unitoken #16;Unitoken;29/07/2025;11;R$ 38.739,97;R$ 38.727,00;R$ 12,97;R$ 38.739,97;R$ 0,00;;R$ 1,01;R$ 0,00;;;;0,0%;1,7%;"";29/07/2025;OUB CAPITAL SA;AMFI COMPANHIA SECURITIZADORA DE CREDITOS FINANCEIROS I SA;Oferta Pública;Duplicata;Captação finalizada
Lebasq Unitoken #41;Unitoken;30/07/2025;12;R$ 620,41;R$ 607,93;R$ 12,48;R$ 620,41;R$ 0,00;;R$ 1,03;R$ 0,00;;;;0,0%;1,3%;"";30/07/2025;LEBASQ SECURITIZAÇÃO DE CRÉDITOS SA;AMFI COMPANHIA SECURITIZADORA DE CREDITOS FINANCEIROS I SA;Oferta Pública;Duplicata;Captação finalizada
C4 Unitoken #54;Unitoken;30/07/2025;12;R$ 42.804,81;R$ 42.804,61;R$ 0,20;R$ 42.804,81;R$ 0,00;;R$ 1,01;R$ 0,00;;;;0,0%;1,6%;"";30/07/2025;C4 CAPITAL SECURITIZADORA S/A;AMFI COMPANHIA SECURITIZADORA DE CREDITOS FINANCEIROS I SA;Oferta Pública;Duplicata;Captação finalizada
Formento Unitoken #89;Unitoken;30/07/2025;12;R$ 34.794,47;R$ 34.778,82;R$ 15,65;R$ 34.794,47;R$ 0,00;;R$ 1,01;R$ 0,00;;;;0,0%;1,5%;"";30/07/2025;Formento Securitizadora S.A.;AMFI COMPANHIA SECURITIZADORA DE CREDITOS FINANCEIROS I SA;Oferta Pública;Duplicata;Captação finalizada
Formento Unitoken #110;Unitoken;30/07/2025;12;R$ 17.112,49;R$ 17.105,11;R$ 7,38;R$ 17.112,49;R$ 0,00;;R$ 1,01;R$ 0,00;;;;0,0%;1,6%;"";29/07/2025;Formento Securitizadora S.A.;AMFI COMPANHIA SECURITIZADORA DE CREDITOS FINANCEIROS I SA;Oferta Pública;Duplicata;Captação finalizada
BRL Unitoken #13;Unitoken;31/07/2025;13;R$ 278.078,65;R$ 277.910,97;R$ 167,68;R$ 278.078,65;R$ 0,00;;R$ 1,01;R$ 0,00;;;;0,0%;1,9%;"";23/07/2025;BRL SECURITIZADORA S.A;AMFI COMPANHIA SECURITIZADORA DE CREDITOS FINANCEIROS I SA;Oferta Pública;Duplicata;Captação finalizada
Baru Unitoken #9;Unitoken;31/07/2025;13;R$ 42.768,11;R$ 42.685,26;R$ 82,85;R$ 42.768,11;R$ 0,00;;R$ 1,00;R$ 0,00;;;;0,0%;1,6%;"";18/07/2025;GRIFFIN CAPITAL S.A. SECURITIZADORA;AMFI COMPANHIA SECURITIZADORA DE CREDITOS FINANCEIROS I SA;Oferta Pública;Ativo Judicial;Captação finalizada
Grana.ai Unitoken #13;Unitoken;01/08/2025;14;R$ 11.821,43;R$ 11.821,50;R$ 0,00;R$ 11.821,43;R$ 0,00;;R$ 1,01;R$ 0,00;;;;0,0%;1,6%;"";28/07/2025;GRANA.AI TECNOLOGIA LTDA;AMFI COMPANHIA SECURITIZADORA DE CREDITOS FINANCEIROS I SA;Oferta Pública;Recebível de Cartão;Captação finalizada
Lebasq Unitoken #52;Unitoken;01/08/2025;14;R$ 1.425,30;R$ 1.400,82;R$ 24,48;R$ 1.425,30;R$ 0,00;;R$ 1,02;R$ 0,00;;;;0,0%;1,4%;"";01/08/2025;LEBASQ SECURITIZAÇÃO DE CRÉDITOS SA;AMFI COMPANHIA SECURITIZADORA DE CREDITOS FINANCEIROS I SA;Oferta Pública;Duplicata;Captação finalizada
C4 Unitoken #51;Unitoken;01/08/2025;14;R$ 16.435,09;R$ 16.434,83;R$ 0,26;R$ 16.435,09;R$ 0,00;;R$ 1,01;R$ 0,00;;;;0,0%;1,6%;"";01/08/2025;C4 CAPITAL SECURITIZADORA S/A;AMFI COMPANHIA SECURITIZADORA DE CREDITOS FINANCEIROS I SA;Oferta Pública;Duplicata;Captação finalizada
Wynvest Unitoken #10;Unitoken;04/08/2025;17;R$ 83.362,30;R$ 0,00;R$ 83.362,30;R$ 83.362,30;R$ 0,00;;;R$ 0,00;;;;0,0%;1,6%;"";04/08/2025;WYNVEST SECURITIZADORA DE CRÉDITO S.A;AMFI COMPANHIA SECURITIZADORA DE CREDITOS FINANCEIROS I SA;Oferta Pública;Duplicata;Em captação
Formento Unitoken #116;Unitoken;04/08/2025;17;R$ 13.725,95;R$ 13.715,81;R$ 10,14;R$ 13.725,95;R$ 0,00;;R$ 1,00;R$ 0,00;;;;0,0%;1,6%;"";22/07/2025;Formento Securitizadora S.A.;AMFI COMPANHIA SECURITIZADORA DE CREDITOS FINANCEIROS I SA;Oferta Pública;Duplicata;Captação finalizada
Formento Unitoken #115;Unitoken;05/08/2025;18;R$ 63.298,96;R$ 63.237,12;R$ 61,84;R$ 63.298,96;R$ 0,00;;R$ 1,01;R$ 0,00;;;;0,0%;1,6%;"";29/07/2025;Formento Securitizadora S.A.;AMFI COMPANHIA SECURITIZADORA DE CREDITOS FINANCEIROS I SA;Oferta Pública;Duplicata;Captação finalizada
Lebasq Unitoken #54;Unitoken;05/08/2025;18;R$ 3.702,29;R$ 3.692,71;R$ 9,58;R$ 3.702,29;R$ 0,00;;R$ 1,01;R$ 0,00;;;;0,0%;1,4%;"";25/07/2025;LEBASQ SECURITIZAÇÃO DE CRÉDITOS SA;AMFI COMPANHIA SECURITIZADORA DE CREDITOS FINANCEIROS I SA;Oferta Pública;Duplicata;Captação finalizada
Conecta Lá Unitoken #165;Unitoken;05/08/2025;18;R$ 21.774,15;R$ 21.774,09;R$ 0,06;R$ 21.774,15;R$ 0,00;;R$ 1,01;R$ 0,00;;;;0,0%;1,7%;"";05/08/2025;FULL NINE DIGITAL CONSULTORIA S.A.;AMFI COMPANHIA SECURITIZADORA DE CREDITOS FINANCEIROS I SA;Oferta Pública;Duplicata;Captação finalizada
Learnbase Unitoken #53;Unitoken;05/08/2025;18;R$ 27.187,07;R$ 27.174,35;R$ 12,72;R$ 27.187,07;R$ 0,00;;R$ 1,01;R$ 0,00;;;;0,0%;1,9%;"";05/08/2025;Learnbase Gestão e Consultoria Educacional S.A.;AMFI COMPANHIA SECURITIZADORA DE CREDITOS FINANCEIROS I SA;Oferta Pública;Duplicata;Captação finalizada
BRL Unitoken #14;Unitoken;05/08/2025;18;R$ 253.631,67;R$ 253.559,63;R$ 72,04;R$ 253.631,67;R$ 0,00;;R$ 1,01;R$ 0,00;;;;0,0%;1,9%;"";31/07/2025;BRL SECURITIZADORA S.A;AMFI COMPANHIA SECURITIZADORA DE CREDITOS FINANCEIROS I SA;Oferta Pública;Duplicata;Captação finalizada
Conecta Lá Unitoken #151;Unitoken;05/08/2025;18;R$ 12.704,07;R$ 12.704,06;R$ 0,01;R$ 12.704,07;R$ 0,00;;R$ 1,01;R$ 0,00;;;;0,0%;1,7%;"";05/08/2025;FULL NINE DIGITAL CONSULTORIA S.A.;AMFI COMPANHIA SECURITIZADORA DE CREDITOS FINANCEIROS I SA;Oferta Pública;Duplicata;Captação finalizada
Learnbase Unitoken #63;Unitoken;05/08/2025;18;R$ 15.410,04;R$ 15.405,25;R$ 4,79;R$ 15.410,04;R$ 0,00;;R$ 1,01;R$ 0,00;;;;0,0%;1,9%;"";05/08/2025;Learnbase Gestão e Consultoria Educacional S.A.;AMFI COMPANHIA SECURITIZADORA DE CREDITOS FINANCEIROS I SA;Oferta Pública;Duplicata;Captação finalizada
Conecta Lá Unitoken #163;Unitoken;05/08/2025;18;R$ 25.634,11;R$ 25.634,04;R$ 0,07;R$ 25.634,11;R$ 0,00;;R$ 1,01;R$ 0,00;;;;0,0%;1,7%;"";05/08/2025;FULL NINE DIGITAL CONSULTORIA S.A.;AMFI COMPANHIA SECURITIZADORA DE CREDITOS FINANCEIROS I SA;Oferta Pública;Duplicata;Captação finalizada
Lebasq Unitoken #53;Unitoken;05/08/2025;18;R$ 752,67;R$ 752,75;R$ 0,00;R$ 752,67;R$ 0,00;;R$ 1,01;R$ 0,00;;;;0,0%;1,4%;"";05/08/2025;LEBASQ SECURITIZAÇÃO DE CRÉDITOS SA;AMFI COMPANHIA SECURITIZADORA DE CREDITOS FINANCEIROS I SA;Oferta Pública;Duplicata;Captação finalizada
Click Antecipa Unitoken #122;Unitoken;05/08/2025;18;R$ 18.075,74;R$ 18.075,67;R$ 0,07;R$ 18.075,74;R$ 0,00;;R$ 1,01;R$ 0,00;;;;0,0%;1,6%;"";05/08/2025;CLICK SECURITIZADORA S.A.;AMFI COMPANHIA SECURITIZADORA DE CREDITOS FINANCEIROS I SA;Oferta Pública;Duplicata;Captação finalizada
Lecapital Unitoken #5;Unitoken;06/08/2025;19;R$ 68.019,38;R$ 67.691,36;R$ 328,02;R$ 68.019,38;R$ 0,00;;R$ 1,01;R$ 0,00;;;;0,0%;1,6%;"";22/07/2025;LECAPITAL SECURITIZADORA S/A;AMFI COMPANHIA SECURITIZADORA DE CREDITOS FINANCEIROS I SA;Oferta Pública;Duplicata;Captação finalizada
CENTURY Unitoken #1;Unitoken;06/08/2025;19;R$ 258.320,18;R$ 258.108,46;R$ 211,72;R$ 258.320,18;R$ 0,00;;R$ 1,02;R$ 0,00;;;;0,0%;2,5%;"";06/08/2025;CENTURY PROJETOS E CONSTRUÇÕES LTDA;AMFI COMPANHIA SECURITIZADORA DE CREDITOS FINANCEIROS I SA;Oferta Pública;Duplicata;Captação finalizada
Wynvest Unitoken #12;Unitoken;07/08/2025;20;R$ 74.912,43;R$ 74.912,44;R$ 0,00;R$ 74.912,43;R$ 0,00;;R$ 1,01;R$ 0,00;;;;0,0%;1,6%;"";07/08/2025;WYNVEST SECURITIZADORA DE CRÉDITO S.A;AMFI COMPANHIA SECURITIZADORA DE CREDITOS FINANCEIROS I SA;Oferta Pública;Duplicata;Captação finalizada
Grana.ai Unitoken #14;Unitoken;07/08/2025;20;R$ 14.094,35;R$ 14.094,43;R$ 0,00;R$ 14.094,35;R$ 0,00;;R$ 1,01;R$ 0,00;;;;0,0%;1,6%;"";04/08/2025;GRANA.AI TECNOLOGIA LTDA;AMFI COMPANHIA SECURITIZADORA DE CREDITOS FINANCEIROS I SA;Oferta Pública;Recebível de Cartão;Captação finalizada
Syntheo Unitoken #102;Unitoken;08/08/2025;21;R$ 34.025,23;R$ 34.025,11;R$ 0,12;R$ 34.025,23;R$ 0,00;;R$ 1,01;R$ 0,00;;;;0,0%;1,6%;"";08/08/2025;SYNTHÉO SECURITIZADORA DE CRÉDITOS S.A.;AMFI COMPANHIA SECURITIZADORA DE CREDITOS FINANCEIROS I SA;Oferta Pública;Duplicata;Captação finalizada
Formento Unitoken #119;Unitoken;08/08/2025;21;R$ 16.581,46;R$ 16.575,03;R$ 6,43;R$ 16.581,46;R$ 0,00;;R$ 1,01;R$ 0,00;;;;0,0%;1,6%;"";07/08/2025;Formento Securitizadora S.A.;AMFI COMPANHIA SECURITIZADORA DE CREDITOS FINANCEIROS I SA;Oferta Pública;Duplicata;Captação finalizada
BRL Unitoken #16;Unitoken;08/08/2025;21;R$ 0,00;;;R$ 0,00;;;;R$ 0,00;;;;0,0%;;"";29/07/2025;BRL SECURITIZADORA S.A;AMFI COMPANHIA SECURITIZADORA DE CREDITOS FINANCEIROS I SA;Oferta Pública;Duplicata;Pré-captação
Conecta Lá Unitoken #154;Unitoken;11/08/2025;24;R$ 15.249,13;R$ 15.242,83;R$ 6,30;R$ 15.249,13;R$ 0,00;;R$ 1,01;R$ 0,00;;;;0,0%;1,7%;"";11/08/2025;FULL NINE DIGITAL CONSULTORIA S.A.;AMFI COMPANHIA SECURITIZADORA DE CREDITOS FINANCEIROS I SA;Oferta Pública;Duplicata;Captação finalizada
Chronos Unitoken #17;Unitoken;11/08/2025;24;R$ 52.260,03;R$ 52.251,11;R$ 8,92;R$ 52.260,03;R$ 0,00;;R$ 1,01;R$ 0,00;;;;0,0%;1,8%;"";01/08/2025;CHRONOS SECURITIZADORA S/A;AMFI COMPANHIA SECURITIZADORA DE CREDITOS FINANCEIROS I SA;Oferta Pública;Duplicata;Captação finalizada
Wynvest Unitoken #5;Unitoken;11/08/2025;24;R$ 393.718,34;R$ 393.604,42;R$ 113,92;R$ 393.718,34;R$ 0,00;;R$ 1,01;R$ 0,00;;;;0,0%;1,6%;"";11/08/2025;WYNVEST SECURITIZADORA DE CRÉDITO S.A;AMFI COMPANHIA SECURITIZADORA DE CREDITOS FINANCEIROS I SA;Oferta Pública;Duplicata;Captação finalizada
Conecta Lá Unitoken #156;Unitoken;11/08/2025;24;R$ 33.997,71;R$ 33.983,85;R$ 13,86;R$ 33.997,71;R$ 0,00;;R$ 1,01;R$ 0,00;;;;0,0%;1,7%;"";11/08/2025;FULL NINE DIGITAL CONSULTORIA S.A.;AMFI COMPANHIA SECURITIZADORA DE CREDITOS FINANCEIROS I SA;Oferta Pública;Duplicata;Captação finalizada
Formento Unitoken #132;Unitoken;11/08/2025;24;R$ 60.038,97;R$ 60.014,94;R$ 24,03;R$ 60.038,97;R$ 0,00;;R$ 1,01;R$ 0,00;;;;0,0%;1,7%;"";04/08/2025;Formento Securitizadora S.A.;AMFI COMPANHIA SECURITIZADORA DE CREDITOS FINANCEIROS I SA;Oferta Pública;Duplicata;Captação finalizada
Learnbase Unitoken #64;Unitoken;11/08/2025;24;R$ 108.951,61;R$ 108.870,53;R$ 81,08;R$ 108.951,61;R$ 0,00;;R$ 1,01;R$ 0,00;;;;0,0%;2,0%;"";11/08/2025;Learnbase Gestão e Consultoria Educacional S.A.;AMFI COMPANHIA SECURITIZADORA DE CREDITOS FINANCEIROS I SA;Oferta Pública;Duplicata;Captação finalizada
Formento Unitoken #122;Unitoken;12/08/2025;25;R$ 50.442,05;R$ 50.410,54;R$ 31,51;R$ 50.442,05;R$ 0,00;;R$ 1,01;R$ 0,00;;;;0,0%;1,6%;"";08/08/2025;Formento Securitizadora S.A.;AMFI COMPANHIA SECURITIZADORA DE CREDITOS FINANCEIROS I SA;Oferta Pública;Duplicata;Captação finalizada
Primer Unitoken #5;Unitoken;12/08/2025;25;R$ 53.707,57;R$ 53.660,76;R$ 46,81;R$ 53.707,57;R$ 0,00;;R$ 1,01;R$ 0,00;;;;0,0%;1,9%;"";24/07/2025;Primer Securitizadora S.A;AMFI COMPANHIA SECURITIZADORA DE CREDITOS FINANCEIROS I SA;Oferta Pública;Duplicata;Captação finalizada
Formento Unitoken #118;Unitoken;12/08/2025;25;R$ 54.421,64;R$ 54.385,55;R$ 36,09;R$ 54.421,64;R$ 0,00;;R$ 1,01;R$ 0,00;;;;0,0%;1,6%;"";06/08/2025;Formento Securitizadora S.A.;AMFI COMPANHIA SECURITIZADORA DE CREDITOS FINANCEIROS I SA;Oferta Pública;Duplicata;Captação finalizada
Girubank Unitoken #27;Unitoken;12/08/2025;25;R$ 29.968,92;R$ 29.967,59;R$ 1,33;R$ 29.968,92;R$ 0,00;;R$ 1,01;R$ 0,00;;;;0,0%;1,9%;"";12/08/2025;Girubank Securitizadora SA;AMFI COMPANHIA SECURITIZADORA DE CREDITOS FINANCEIROS I SA;Oferta Pública;Duplicata;Captação finalizada
Syntheo Unitoken #105;Unitoken;13/08/2025;26;R$ 43.058,77;R$ 43.082,36;R$ 0,00;R$ 43.058,77;R$ 0,00;;R$ 1,00;R$ 0,00;;;;0,0%;1,6%;"";21/07/2025;SYNTHÉO SECURITIZADORA DE CRÉDITOS S.A.;AMFI COMPANHIA SECURITIZADORA DE CREDITOS FINANCEIROS I SA;Oferta Pública;Duplicata;Captação finalizada
Formento Unitoken #120;Unitoken;13/08/2025;26;R$ 68.990,12;R$ 68.998,18;R$ 0,00;R$ 68.990,12;R$ 0,00;;R$ 1,01;R$ 0,00;;;;0,0%;1,6%;"";21/07/2025;Formento Securitizadora S.A.;AMFI COMPANHIA SECURITIZADORA DE CREDITOS FINANCEIROS I SA;Oferta Pública;Duplicata;Captação finalizada
Baru Unitoken #15;Unitoken;14/08/2025;27;R$ 90.179,20;R$ 90.178,76;R$ 0,44;R$ 90.179,20;R$ 0,00;;R$ 1,01;R$ 0,00;;;;0,0%;1,5%;"";04/08/2025;GRIFFIN CAPITAL S.A. SECURITIZADORA;AMFI COMPANHIA SECURITIZADORA DE CREDITOS FINANCEIROS I SA;Oferta Pública;Duplicata;Captação finalizada
Digcap Pool #2;Pool;14/08/2025;27;R$ 1.000.762,11;R$ 438.242,33;R$ 562.519,78;R$ 991.631,82;R$ 0,00;R$ 1.500,00;R$ 3,19;R$ 0,00;56,2%;10,0%;20,7%;0,0%;4,0%;Prazo máximo por ativo (dias), Concentração máx por cedente em percentual;;Digcap Intermediação de Créditos Judiciais Ltda	;;Oferta Privada;Ativo Judicial;Captação finalizada
BRL Unitoken #15;Unitoken;14/08/2025;27;R$ 265.791,53;R$ 265.740,51;R$ 51,02;R$ 265.791,53;R$ 0,00;;R$ 1,01;R$ 0,00;;;;0,0%;2,0%;"";31/07/2025;BRL SECURITIZADORA S.A;AMFI COMPANHIA SECURITIZADORA DE CREDITOS FINANCEIROS I SA;Oferta Pública;Duplicata;Captação finalizada
Syntheo Unitoken #115;Unitoken;14/08/2025;27;R$ 42.441,24;R$ 42.441,27;R$ 0,00;R$ 42.441,24;R$ 0,00;;R$ 1,01;R$ 0,00;;;;0,0%;1,6%;"";06/08/2025;SYNTHÉO SECURITIZADORA DE CRÉDITOS S.A.;AMFI COMPANHIA SECURITIZADORA DE CREDITOS FINANCEIROS I SA;Oferta Pública;Duplicata;Captação finalizada
Conecta Lá Unitoken #152;Unitoken;15/08/2025;28;R$ 24.676,00;R$ 24.675,97;R$ 0,03;R$ 24.676,00;R$ 0,00;;R$ 1,02;R$ 0,00;;;;0,0%;1,7%;"";15/08/2025;FULL NINE DIGITAL CONSULTORIA S.A.;AMFI COMPANHIA SECURITIZADORA DE CREDITOS FINANCEIROS I SA;Oferta Pública;Duplicata;Captação finalizada
Click Antecipa Unitoken #103;Unitoken;15/08/2025;28;R$ 21.448,64;R$ 0,00;R$ 21.448,64;R$ 0,00;R$ 0,00;;;R$ 0,00;;;;0,0%;;"";15/08/2025;CLICK SECURITIZADORA S.A.;AMFI COMPANHIA SECURITIZADORA DE CREDITOS FINANCEIROS I SA;Oferta Pública;Duplicata;Cancelada
BMDC Unitoken #1;Unitoken;15/08/2025;28;R$ 499,65;R$ 0,00;R$ 499,65;R$ 499,65;R$ 0,00;;;R$ 0,00;;;;0,0%;1,7%;"";;BMDC SECURITIZADORA SA;AMFI COMPANHIA SECURITIZADORA DE CREDITOS FINANCEIROS I SA;;CCB;
Conecta Lá Unitoken #153;Unitoken;15/08/2025;28;R$ 25.496,38;R$ 25.496,36;R$ 0,02;R$ 25.496,38;R$ 0,00;;R$ 1,02;R$ 0,00;;;;0,0%;1,7%;"";15/08/2025;FULL NINE DIGITAL CONSULTORIA S.A.;AMFI COMPANHIA SECURITIZADORA DE CREDITOS FINANCEIROS I SA;Oferta Pública;Duplicata;Captação finalizada
C4 Unitoken #57;Unitoken;15/08/2025;28;R$ 177.179,55;R$ 177.179,46;R$ 0,09;R$ 177.179,55;R$ 0,00;;R$ 1,01;R$ 0,00;;;;0,0%;1,7%;"";21/07/2025;C4 CAPITAL SECURITIZADORA S/A;AMFI COMPANHIA SECURITIZADORA DE CREDITOS FINANCEIROS I SA;Oferta Pública;Duplicata;Captação finalizada
BMDC Unitoken #5;Unitoken;15/08/2025;28;R$ 1.583,74;R$ 0,00;R$ 1.583,74;R$ 1.583,74;R$ 0,00;;;R$ 0,00;;;;0,0%;1,7%;"";;BMDC SECURITIZADORA SA;AMFI COMPANHIA SECURITIZADORA DE CREDITOS FINANCEIROS I SA;;CCB;
Grana.ai Unitoken #15;Unitoken;15/08/2025;28;R$ 17.212,90;R$ 17.212,96;R$ 0,00;R$ 17.212,90;R$ 0,00;;R$ 1,01;R$ 0,00;;;;0,0%;1,6%;"";08/08/2025;GRANA.AI TECNOLOGIA LTDA;AMFI COMPANHIA SECURITIZADORA DE CREDITOS FINANCEIROS I SA;Oferta Pública;Recebível de Cartão;Captação finalizada
DS Pool #1;Pool;17/08/2025;30;R$ 308.968,18;R$ 354.400,05;R$ 0,00;R$ 495.180,89;R$ 0,00;R$ 2.500,00;R$ 1,40;R$ 0,00;-14,7%;20,0%;160,3%;186.302,2%;3,5%;Concentração máx por sacado, Nível crítico de Subordinação da tranche Sênior;17/08/2025;COMPANHIA SECURITIZADORA X S.A;;Oferta Pública;Duplicata;Captação finalizada
AFA CONSULTORIA DE CREDITO Unitoken #25;Unitoken;18/08/2025;31;R$ 34.513,29;R$ 34.513,78;R$ 0,00;R$ 34.513,29;R$ 0,00;;R$ 1,01;R$ 0,00;;;;0,0%;1,4%;"";18/08/2025;AFA CONSULTORIA DE CREDITO UNIPESSOAL LTDA;AMFI COMPANHIA SECURITIZADORA DE CREDITOS FINANCEIROS I SA;Oferta Pública;Duplicata;Captação finalizada
Girubank Unitoken #26;Unitoken;18/08/2025;31;R$ 28.509,73;R$ 28.504,67;R$ 5,06;R$ 28.509,73;R$ 0,00;;R$ 1,02;R$ 0,00;;;;0,0%;1,9%;"";12/08/2025;Girubank Securitizadora SA;AMFI COMPANHIA SECURITIZADORA DE CREDITOS FINANCEIROS I SA;Oferta Pública;Duplicata;Captação finalizada
Baru Unitoken #10;Unitoken;18/08/2025;31;R$ 101.936,79;R$ 101.875,54;R$ 61,25;R$ 101.936,79;R$ 0,00;;R$ 1,01;R$ 0,00;;;;0,0%;1,5%;"";04/08/2025;GRIFFIN CAPITAL S.A. SECURITIZADORA;AMFI COMPANHIA SECURITIZADORA DE CREDITOS FINANCEIROS I SA;Oferta Pública;Ativo Judicial;Captação finalizada
Girubank Unitoken #28;Unitoken;18/08/2025;31;R$ 32.147,26;R$ 32.145,67;R$ 1,59;R$ 32.147,26;R$ 0,00;;R$ 1,02;R$ 0,00;;;;0,0%;1,9%;"";12/08/2025;Girubank Securitizadora SA;AMFI COMPANHIA SECURITIZADORA DE CREDITOS FINANCEIROS I SA;Oferta Pública;Duplicata;Captação finalizada
Learnbase Unitoken #65;Unitoken;18/08/2025;31;R$ 37.324,54;R$ 37.317,76;R$ 6,78;R$ 37.324,54;R$ 0,00;;R$ 1,02;R$ 0,00;;;;0,0%;2,1%;"";18/08/2025;Learnbase Gestão e Consultoria Educacional S.A.;AMFI COMPANHIA SECURITIZADORA DE CREDITOS FINANCEIROS I SA;Oferta Pública;Duplicata;Captação finalizada
CENTURY Unitoken #2;Unitoken;19/08/2025;32;R$ 358.837,12;R$ 358.689,89;R$ 147,23;R$ 358.837,12;R$ 0,00;;R$ 1,03;R$ 0,00;;;;0,0%;2,6%;"";19/08/2025;CENTURY PROJETOS E CONSTRUÇÕES LTDA;AMFI COMPANHIA SECURITIZADORA DE CREDITOS FINANCEIROS I SA;Oferta Pública;Duplicata;Captação finalizada
Formento Unitoken #124;Unitoken;19/08/2025;32;R$ 30.475,07;R$ 30.457,98;R$ 17,09;R$ 30.475,07;R$ 0,00;;R$ 1,01;R$ 0,00;;;;0,0%;1,6%;"";29/07/2025;Formento Securitizadora S.A.;AMFI COMPANHIA SECURITIZADORA DE CREDITOS FINANCEIROS I SA;Oferta Pública;Duplicata;Captação finalizada
Conecta Lá Unitoken #159;Unitoken;20/08/2025;33;R$ 19.625,19;R$ 19.625,08;R$ 0,11;R$ 19.625,19;R$ 0,00;;R$ 1,02;R$ 0,00;;;;0,0%;1,7%;"";20/08/2025;FULL NINE DIGITAL CONSULTORIA S.A.;AMFI COMPANHIA SECURITIZADORA DE CREDITOS FINANCEIROS I SA;Oferta Pública;Duplicata;Captação finalizada
Conecta Lá Unitoken #157;Unitoken;20/08/2025;33;R$ 40.736,85;R$ 40.736,82;R$ 0,03;R$ 40.736,85;R$ 0,00;;R$ 1,02;R$ 0,00;;;;0,0%;1,7%;"";20/08/2025;FULL NINE DIGITAL CONSULTORIA S.A.;AMFI COMPANHIA SECURITIZADORA DE CREDITOS FINANCEIROS I SA;Oferta Pública;Duplicata;Captação finalizada
C4 Unitoken #64;Unitoken;20/08/2025;33;R$ 98.245,71;R$ 98.245,51;R$ 0,20;R$ 98.245,71;R$ 0,00;;R$ 1,01;R$ 0,00;;;;0,0%;1,6%;"";04/08/2025;C4 CAPITAL SECURITIZADORA S/A;AMFI COMPANHIA SECURITIZADORA DE CREDITOS FINANCEIROS I SA;Oferta Pública;Duplicata;Captação finalizada
C4 Unitoken #65;Unitoken;20/08/2025;33;R$ 38.457,50;R$ 38.457,44;R$ 0,06;R$ 38.457,50;R$ 0,00;;R$ 1,02;R$ 0,00;;;;0,0%;1,6%;"";20/08/2025;C4 CAPITAL SECURITIZADORA S/A;AMFI COMPANHIA SECURITIZADORA DE CREDITOS FINANCEIROS I SA;Oferta Pública;Duplicata;Captação finalizada
Syntheo Unitoken #107;Unitoken;21/08/2025;34;R$ 73.706,29;R$ 73.694,15;R$ 12,14;R$ 73.706,29;R$ 0,00;;R$ 1,00;R$ 0,00;;;;0,0%;1,6%;"";21/07/2025;SYNTHÉO SECURITIZADORA DE CRÉDITOS S.A.;AMFI COMPANHIA SECURITIZADORA DE CREDITOS FINANCEIROS I SA;Oferta Pública;Duplicata;Captação finalizada
Formento Unitoken #126;Unitoken;21/08/2025;34;R$ 33.647,31;R$ 33.634,24;R$ 13,07;R$ 33.647,31;R$ 0,00;;R$ 1,02;R$ 0,00;;;;0,0%;1,6%;"";30/07/2025;Formento Securitizadora S.A.;AMFI COMPANHIA SECURITIZADORA DE CREDITOS FINANCEIROS I SA;Oferta Pública;Duplicata;Captação finalizada
Click Antecipa Unitoken #118;Unitoken;21/08/2025;34;R$ 15.903,28;R$ 15.890,77;R$ 12,51;R$ 15.903,28;R$ 0,00;;R$ 1,00;R$ 0,00;;;;0,0%;1,7%;"";21/07/2025;CLICK SECURITIZADORA S.A.;AMFI COMPANHIA SECURITIZADORA DE CREDITOS FINANCEIROS I SA;Oferta Pública;Duplicata;Captação finalizada
Girubank Unitoken #13;Unitoken;21/08/2025;34;R$ 4.838,38;R$ 4.773,56;R$ 64,82;R$ 4.838,38;R$ 0,00;;R$ 1,03;R$ 0,00;;;;0,0%;1,8%;"";22/07/2025;Girubank Securitizadora SA;AMFI COMPANHIA SECURITIZADORA DE CREDITOS FINANCEIROS I SA;Oferta Pública;Duplicata;Captação finalizada
Formento Unitoken #117;Unitoken;22/08/2025;35;R$ 7.228,53;R$ 7.223,66;R$ 4,87;R$ 7.228,53;R$ 0,00;;R$ 1,01;R$ 0,00;;;;0,0%;1,6%;"";22/07/2025;Formento Securitizadora S.A.;AMFI COMPANHIA SECURITIZADORA DE CREDITOS FINANCEIROS I SA;Oferta Pública;Duplicata;Captação finalizada
Conecta Lá Unitoken #162;Unitoken;25/08/2025;38;R$ 26.788,92;R$ 26.788,83;R$ 0,09;R$ 26.788,92;R$ 0,00;;R$ 1,02;R$ 0,00;;;;0,0%;1,7%;"";25/08/2025;FULL NINE DIGITAL CONSULTORIA S.A.;AMFI COMPANHIA SECURITIZADORA DE CREDITOS FINANCEIROS I SA;Oferta Pública;Duplicata;Captação finalizada
AFA CONSULTORIA DE CREDITO Unitoken #5;Unitoken;25/08/2025;38;R$ 17.197,46;R$ 17.197,68;R$ 0,00;R$ 17.197,46;R$ 0,00;;R$ 1,02;R$ 0,00;;;;0,0%;1,4%;"";25/08/2025;AFA CONSULTORIA DE CREDITO UNIPESSOAL LTDA;AMFI COMPANHIA SECURITIZADORA DE CREDITOS FINANCEIROS I SA;Oferta Pública;Duplicata;Captação finalizada
Syntheo Unitoken #106;Unitoken;25/08/2025;38;R$ 52.223,41;R$ 52.226,71;R$ 0,00;R$ 52.223,41;R$ 0,00;;R$ 1,01;R$ 0,00;;;;0,0%;1,6%;"";22/07/2025;SYNTHÉO SECURITIZADORA DE CRÉDITOS S.A.;AMFI COMPANHIA SECURITIZADORA DE CREDITOS FINANCEIROS I SA;Oferta Pública;Duplicata;Captação finalizada
Conecta Lá Unitoken #169;Unitoken;25/08/2025;38;R$ 15.883,01;R$ 15.882,97;R$ 0,04;R$ 15.883,01;R$ 0,00;;R$ 1,02;R$ 0,00;;;;0,0%;1,7%;"";25/08/2025;FULL NINE DIGITAL CONSULTORIA S.A.;AMFI COMPANHIA SECURITIZADORA DE CREDITOS FINANCEIROS I SA;Oferta Pública;Duplicata;Captação finalizada
Chronos Unitoken #13;Unitoken;25/08/2025;38;R$ 35.995,17;R$ 35.963,95;R$ 31,22;R$ 35.995,17;R$ 0,00;;R$ 1,02;R$ 0,00;;;;0,0%;1,7%;"";25/08/2025;CHRONOS SECURITIZADORA S/A;AMFI COMPANHIA SECURITIZADORA DE CREDITOS FINANCEIROS I SA;Oferta Pública;Duplicata;Captação finalizada
Conecta Lá Unitoken #158;Unitoken;25/08/2025;38;R$ 72.894,64;R$ 72.894,26;R$ 0,38;R$ 72.894,64;R$ 0,00;;R$ 1,02;R$ 0,00;;;;0,0%;1,7%;"";25/08/2025;FULL NINE DIGITAL CONSULTORIA S.A.;AMFI COMPANHIA SECURITIZADORA DE CREDITOS FINANCEIROS I SA;Oferta Pública;Duplicata;Captação finalizada
Conecta Lá Unitoken #167;Unitoken;25/08/2025;38;R$ 25.341,89;R$ 25.341,83;R$ 0,06;R$ 25.341,89;R$ 0,00;;R$ 1,02;R$ 0,00;;;;0,0%;1,7%;"";25/08/2025;FULL NINE DIGITAL CONSULTORIA S.A.;AMFI COMPANHIA SECURITIZADORA DE CREDITOS FINANCEIROS I SA;Oferta Pública;Duplicata;Captação finalizada
Conecta Lá Unitoken #172;Unitoken;25/08/2025;38;R$ 13.204,69;R$ 13.204,66;R$ 0,03;R$ 13.204,69;R$ 0,00;;R$ 1,02;R$ 0,00;;;;0,0%;1,7%;"";25/08/2025;FULL NINE DIGITAL CONSULTORIA S.A.;AMFI COMPANHIA SECURITIZADORA DE CREDITOS FINANCEIROS I SA;Oferta Pública;Duplicata;Captação finalizada
Up Vendas Unitoken #11;Unitoken;25/08/2025;38;R$ 334.750,89;R$ 334.860,65;R$ 0,00;R$ 334.750,89;R$ 0,00;;R$ 1,01;R$ 0,00;;;;0,0%;1,6%;"";21/07/2025;Up Vendas;AMFI COMPANHIA SECURITIZADORA DE CREDITOS FINANCEIROS I SA;Oferta Pública;Recebível de Cartão;Captação finalizada
Syntheo Unitoken #110;Unitoken;25/08/2025;38;R$ 79.268,72;R$ 79.258,70;R$ 10,02;R$ 79.268,72;R$ 0,00;;R$ 1,01;R$ 0,00;;;;0,0%;1,6%;"";18/07/2025;SYNTHÉO SECURITIZADORA DE CRÉDITOS S.A.;AMFI COMPANHIA SECURITIZADORA DE CREDITOS FINANCEIROS I SA;Oferta Pública;Duplicata;Captação finalizada
Syntheo Unitoken #109;Unitoken;26/08/2025;39;R$ 62.069,38;R$ 62.069,29;R$ 0,09;R$ 62.069,38;R$ 0,00;;R$ 1,01;R$ 0,00;;;;0,0%;1,6%;"";21/07/2025;SYNTHÉO SECURITIZADORA DE CRÉDITOS S.A.;AMFI COMPANHIA SECURITIZADORA DE CREDITOS FINANCEIROS I SA;Oferta Pública;Duplicata;Captação finalizada
OUB CAPITAL Unitoken #14;Unitoken;27/08/2025;40;R$ 2.999,08;R$ 2.995,01;R$ 4,07;R$ 2.999,08;R$ 0,00;;R$ 1,00;R$ 0,00;;;;0,0%;1,7%;"";21/07/2025;OUB CAPITAL SA;AMFI COMPANHIA SECURITIZADORA DE CREDITOS FINANCEIROS I SA;Oferta Pública;Duplicata;Captação finalizada
Formento Unitoken #128;Unitoken;27/08/2025;40;R$ 49.928,08;R$ 49.902,08;R$ 26,00;R$ 49.928,08;R$ 0,00;;R$ 1,02;R$ 0,00;;;;0,0%;1,6%;"";26/08/2025;Formento Securitizadora S.A.;AMFI COMPANHIA SECURITIZADORA DE CREDITOS FINANCEIROS I SA;Oferta Pública;Duplicata;Captação finalizada
Descontanet Unitoken #5;Unitoken;27/08/2025;40;R$ 61.754,16;R$ 61.693,61;R$ 60,55;R$ 61.754,16;R$ 0,00;;R$ 1,01;R$ 0,00;;;;0,0%;1,8%;"";18/07/2025;DESCONTANET SECURITIZADORA S.A.;AMFI COMPANHIA SECURITIZADORA DE CREDITOS FINANCEIROS I SA;Oferta Pública;Duplicata;Captação finalizada
Primer Unitoken #6;Unitoken;27/08/2025;40;R$ 48.555,45;R$ 48.521,33;R$ 34,12;R$ 48.555,45;R$ 0,00;;R$ 1,01;R$ 0,00;;;;0,0%;1,9%;"";21/07/2025;Primer Securitizadora S.A;AMFI COMPANHIA SECURITIZADORA DE CREDITOS FINANCEIROS I SA;Oferta Pública;Duplicata;Captação finalizada
Lecapital Unitoken #6;Unitoken;28/08/2025;41;R$ 104.362,34;R$ 104.303,29;R$ 59,05;R$ 104.362,34;R$ 0,00;;R$ 1,01;R$ 0,00;;;;0,0%;1,6%;"";29/07/2025;LECAPITAL SECURITIZADORA S/A;AMFI COMPANHIA SECURITIZADORA DE CREDITOS FINANCEIROS I SA;Oferta Pública;Duplicata;Captação finalizada
Formento Unitoken #135;Unitoken;28/08/2025;41;R$ 182.891,04;R$ 182.871,89;R$ 19,15;R$ 182.891,04;R$ 0,00;;R$ 1,01;R$ 0,00;;;;0,0%;1,7%;"";04/08/2025;Formento Securitizadora S.A.;AMFI COMPANHIA SECURITIZADORA DE CREDITOS FINANCEIROS I SA;Oferta Pública;Duplicata;Captação finalizada
AFA CONSULTORIA DE CREDITO Unitoken #6;Unitoken;29/08/2025;42;R$ 17.170,40;R$ 17.170,53;R$ 0,00;R$ 17.170,40;R$ 0,00;;R$ 1,02;R$ 0,00;;;;0,0%;1,4%;"";29/08/2025;AFA CONSULTORIA DE CREDITO UNIPESSOAL LTDA;AMFI COMPANHIA SECURITIZADORA DE CREDITOS FINANCEIROS I SA;Oferta Pública;Duplicata;Captação finalizada
Formento Unitoken #111;Unitoken;29/08/2025;42;R$ 24.928,74;R$ 24.920,87;R$ 7,87;R$ 24.928,74;R$ 0,00;;R$ 1,02;R$ 0,00;;;;0,0%;1,6%;"";29/08/2025;Formento Securitizadora S.A.;AMFI COMPANHIA SECURITIZADORA DE CREDITOS FINANCEIROS I SA;Oferta Pública;Duplicata;Captação finalizada
C4 Unitoken #66;Unitoken;01/09/2025;45;R$ 143.855,31;R$ 143.855,16;R$ 0,15;R$ 143.855,31;R$ 0,00;;R$ 1,02;R$ 0,00;;;;0,0%;1,6%;"";20/08/2025;C4 CAPITAL SECURITIZADORA S/A;AMFI COMPANHIA SECURITIZADORA DE CREDITOS FINANCEIROS I SA;Oferta Pública;Duplicata;Captação finalizada
Click Antecipa Unitoken #86;Unitoken;01/09/2025;45;R$ 7.947,47;R$ 7.946,22;R$ 1,25;R$ 7.947,47;R$ 0,00;;R$ 1,01;R$ 0,00;;;;0,0%;1,4%;"";31/07/2025;CLICK SECURITIZADORA S.A.;AMFI COMPANHIA SECURITIZADORA DE CREDITOS FINANCEIROS I SA;Oferta Pública;Duplicata;Captação finalizada
Primer Unitoken #3;Unitoken;01/09/2025;45;R$ 60.710,21;R$ 60.673,70;R$ 36,51;R$ 60.710,21;R$ 0,00;;R$ 1,02;R$ 0,00;;;1,0%;0,0%;1,9%;"";22/07/2025;Primer Securitizadora S.A;AMFI COMPANHIA SECURITIZADORA DE CREDITOS FINANCEIROS I SA;Oferta Pública;Duplicata;Captação finalizada
Lebasq Unitoken #56;Unitoken;01/09/2025;45;R$ 3.454,73;R$ 3.421,05;R$ 33,68;R$ 3.454,73;R$ 0,00;;R$ 1,02;R$ 0,00;;;;0,0%;1,4%;"";30/07/2025;LEBASQ SECURITIZAÇÃO DE CRÉDITOS SA;AMFI COMPANHIA SECURITIZADORA DE CREDITOS FINANCEIROS I SA;Oferta Pública;Duplicata;Captação finalizada
Formento Unitoken #129;Unitoken;01/09/2025;45;R$ 46.552,54;R$ 46.523,23;R$ 29,31;R$ 46.552,54;R$ 0,00;;R$ 1,02;R$ 0,00;;;;0,0%;1,6%;"";04/08/2025;Formento Securitizadora S.A.;AMFI COMPANHIA SECURITIZADORA DE CREDITOS FINANCEIROS I SA;Oferta Pública;Duplicata;Captação finalizada
Wynvest Unitoken #9;Unitoken;01/09/2025;45;R$ 82.150,67;R$ 82.150,68;R$ 0,00;R$ 82.150,67;R$ 0,00;;R$ 1,02;R$ 0,00;;;;0,0%;1,6%;"";01/09/2025;WYNVEST SECURITIZADORA DE CRÉDITO S.A;AMFI COMPANHIA SECURITIZADORA DE CREDITOS FINANCEIROS I SA;Oferta Pública;Duplicata;Captação finalizada
CENTURY Unitoken #3;Unitoken;01/09/2025;45;R$ 173.413,03;R$ 173.358,17;R$ 54,86;R$ 173.413,03;R$ 0,00;;R$ 1,03;R$ 0,00;;;;0,0%;2,1%;"";01/09/2025;CENTURY PROJETOS E CONSTRUÇÕES LTDA;AMFI COMPANHIA SECURITIZADORA DE CREDITOS FINANCEIROS I SA;Oferta Pública;Duplicata;Captação finalizada
Learnbase Unitoken #54;Unitoken;03/09/2025;47;R$ 26.693,62;R$ 26.684,25;R$ 9,37;R$ 26.693,62;R$ 0,00;;R$ 1,03;R$ 0,00;;;;0,0%;1,9%;"";03/09/2025;Learnbase Gestão e Consultoria Educacional S.A.;AMFI COMPANHIA SECURITIZADORA DE CREDITOS FINANCEIROS I SA;Oferta Pública;Duplicata;Captação finalizada
Syntheo Unitoken #117;Unitoken;03/09/2025;47;R$ 0,00;;;R$ 0,00;;;;R$ 0,00;;;;0,0%;;"";06/08/2025;SYNTHÉO SECURITIZADORA DE CRÉDITOS S.A.;AMFI COMPANHIA SECURITIZADORA DE CREDITOS FINANCEIROS I SA;Oferta Pública;Duplicata;Pré-captação
Formento Unitoken #131;Unitoken;03/09/2025;47;R$ 33.961,67;R$ 33.953,09;R$ 8,58;R$ 33.961,67;R$ 0,00;;R$ 1,02;R$ 0,00;;;;0,0%;1,6%;"";04/08/2025;Formento Securitizadora S.A.;AMFI COMPANHIA SECURITIZADORA DE CREDITOS FINANCEIROS I SA;Oferta Pública;Duplicata;Captação finalizada
Syntheo Unitoken #112;Unitoken;03/09/2025;47;R$ 100.953,99;R$ 100.953,95;R$ 0,04;R$ 100.953,99;R$ 0,00;;R$ 1,01;R$ 0,00;;;;0,0%;1,6%;"";29/07/2025;SYNTHÉO SECURITIZADORA DE CRÉDITOS S.A.;AMFI COMPANHIA SECURITIZADORA DE CREDITOS FINANCEIROS I SA;Oferta Pública;Duplicata;Captação finalizada
Up Vendas Unitoken #3;Unitoken;03/09/2025;47;R$ 257.614,57;R$ 257.614,27;R$ 0,30;R$ 257.614,57;R$ 0,00;;R$ 1,02;R$ 0,00;;;;0,0%;1,6%;"";08/08/2025;Up Vendas;AMFI COMPANHIA SECURITIZADORA DE CREDITOS FINANCEIROS I SA;Oferta Pública;Recebível de Cartão;Captação finalizada
Baru Unitoken #11;Unitoken;04/09/2025;48;R$ 100.210,66;R$ 100.154,60;R$ 56,06;R$ 100.210,66;R$ 0,00;;R$ 1,02;R$ 0,00;;;;0,0%;1,6%;"";18/08/2025;GRIFFIN CAPITAL S.A. SECURITIZADORA;AMFI COMPANHIA SECURITIZADORA DE CREDITOS FINANCEIROS I SA;Oferta Pública;Ativo Judicial;Captação finalizada
Formento Unitoken #101;Unitoken;04/09/2025;48;R$ 11.979,83;R$ 11.976,13;R$ 3,70;R$ 11.979,83;R$ 0,00;;R$ 1,02;R$ 0,00;;;;0,0%;1,6%;"";05/08/2025;Formento Securitizadora S.A.;AMFI COMPANHIA SECURITIZADORA DE CREDITOS FINANCEIROS I SA;Oferta Pública;Duplicata;Captação finalizada
Up Vendas Unitoken #10;Unitoken;05/09/2025;49;R$ 88.057,27;R$ 88.203,62;R$ 0,00;R$ 88.057,27;R$ 0,00;;R$ 1,01;R$ 0,00;;;;0,0%;1,6%;"";11/08/2025;Up Vendas;AMFI COMPANHIA SECURITIZADORA DE CREDITOS FINANCEIROS I SA;Oferta Pública;Recebível de Cartão;Captação finalizada
Conecta Lá Unitoken #174;Unitoken;05/09/2025;49;R$ 7.778,40;R$ 7.778,38;R$ 0,02;R$ 7.778,40;R$ 0,00;;R$ 1,03;R$ 0,00;;;;0,0%;1,7%;"";05/09/2025;FULL NINE DIGITAL CONSULTORIA S.A.;AMFI COMPANHIA SECURITIZADORA DE CREDITOS FINANCEIROS I SA;Oferta Pública;Duplicata;Captação finalizada
Descontanet Unitoken #6;Unitoken;05/09/2025;49;R$ 73.978,62;R$ 73.959,88;R$ 18,74;R$ 73.978,62;R$ 0,00;;R$ 1,02;R$ 0,00;;;;0,0%;1,8%;"";25/07/2025;DESCONTANET SECURITIZADORA S.A.;AMFI COMPANHIA SECURITIZADORA DE CREDITOS FINANCEIROS I SA;Oferta Pública;Duplicata;Captação finalizada
Conecta Lá Unitoken #168;Unitoken;05/09/2025;49;R$ 23.821,37;R$ 23.821,32;R$ 0,05;R$ 23.821,37;R$ 0,00;;R$ 1,03;R$ 0,00;;;;0,0%;1,7%;"";05/09/2025;FULL NINE DIGITAL CONSULTORIA S.A.;AMFI COMPANHIA SECURITIZADORA DE CREDITOS FINANCEIROS I SA;Oferta Pública;Duplicata;Captação finalizada
Conecta Lá Unitoken #161;Unitoken;05/09/2025;49;R$ 12.477,53;R$ 12.477,48;R$ 0,05;R$ 12.477,53;R$ 0,00;;R$ 1,03;R$ 0,00;;;;0,0%;1,7%;"";05/09/2025;FULL NINE DIGITAL CONSULTORIA S.A.;AMFI COMPANHIA SECURITIZADORA DE CREDITOS FINANCEIROS I SA;Oferta Pública;Duplicata;Captação finalizada
Girubank Unitoken #10;Unitoken;08/09/2025;52;R$ 15.976,88;R$ 15.847,43;R$ 129,45;R$ 15.976,88;R$ 0,00;;R$ 1,02;R$ 0,00;;;;0,0%;1,7%;"";22/07/2025;Girubank Securitizadora SA;AMFI COMPANHIA SECURITIZADORA DE CREDITOS FINANCEIROS I SA;Oferta Pública;Duplicata;Captação finalizada
Lecapital Unitoken #7;Unitoken;08/09/2025;52;R$ 44.057,55;R$ 44.033,69;R$ 23,86;R$ 44.057,55;R$ 0,00;;R$ 1,01;R$ 0,00;;;;0,0%;1,6%;"";22/07/2025;LECAPITAL SECURITIZADORA S/A;AMFI COMPANHIA SECURITIZADORA DE CREDITOS FINANCEIROS I SA;Oferta Pública;Duplicata;Captação finalizada
Up Vendas Unitoken #2;Unitoken;08/09/2025;52;R$ 134.892,64;R$ 134.892,48;R$ 0,16;R$ 134.892,64;R$ 0,00;;R$ 1,02;R$ 0,00;;;;0,0%;1,6%;"";25/08/2025;Up Vendas;AMFI COMPANHIA SECURITIZADORA DE CREDITOS FINANCEIROS I SA;Oferta Pública;Recebível de Cartão;Captação finalizada
Click Antecipa Unitoken #121;Unitoken;08/09/2025;52;R$ 53.419,46;R$ 53.405,40;R$ 14,06;R$ 53.419,46;R$ 0,00;;R$ 1,02;R$ 0,00;;;;0,0%;1,6%;"";25/07/2025;CLICK SECURITIZADORA S.A.;AMFI COMPANHIA SECURITIZADORA DE CREDITOS FINANCEIROS I SA;Oferta Pública;Duplicata;Captação finalizada
Syntheo Unitoken #114;Unitoken;08/09/2025;52;R$ 41.452,69;R$ 41.450,41;R$ 2,28;R$ 41.452,69;R$ 0,00;;R$ 1,02;R$ 0,00;;;;0,0%;1,6%;"";08/08/2025;SYNTHÉO SECURITIZADORA DE CRÉDITOS S.A.;AMFI COMPANHIA SECURITIZADORA DE CREDITOS FINANCEIROS I SA;Oferta Pública;Duplicata;Captação finalizada
C4 Unitoken #63;Unitoken;10/09/2025;54;R$ 149.737,81;R$ 149.737,28;R$ 0,53;R$ 149.737,81;R$ 0,00;;R$ 1,03;R$ 0,00;;;;0,0%;1,6%;"";10/09/2025;C4 CAPITAL SECURITIZADORA S/A;AMFI COMPANHIA SECURITIZADORA DE CREDITOS FINANCEIROS I SA;Oferta Pública;Duplicata;Captação finalizada
Conecta Lá Unitoken #171;Unitoken;10/09/2025;54;R$ 12.557,36;R$ 12.557,34;R$ 0,02;R$ 12.557,36;R$ 0,00;;R$ 1,03;R$ 0,00;;;;0,0%;1,7%;"";10/09/2025;FULL NINE DIGITAL CONSULTORIA S.A.;AMFI COMPANHIA SECURITIZADORA DE CREDITOS FINANCEIROS I SA;Oferta Pública;Duplicata;Captação finalizada
Chronos Unitoken #16;Unitoken;10/09/2025;54;R$ 28.041,28;R$ 28.040,19;R$ 1,09;R$ 28.041,28;R$ 0,00;;R$ 1,03;R$ 0,00;;;;0,0%;1,7%;"";10/09/2025;CHRONOS SECURITIZADORA S/A;AMFI COMPANHIA SECURITIZADORA DE CREDITOS FINANCEIROS I SA;Oferta Pública;Duplicata;Captação finalizada
Click Antecipa Unitoken #117;Unitoken;11/09/2025;55;R$ 8.676,99;R$ 8.677,85;R$ 0,00;R$ 8.676,99;R$ 0,00;;R$ 1,01;R$ 0,00;;;;0,0%;1,6%;"";31/07/2025;CLICK SECURITIZADORA S.A.;AMFI COMPANHIA SECURITIZADORA DE CREDITOS FINANCEIROS I SA;Oferta Pública;Duplicata;Captação finalizada
Up Vendas Unitoken #9;Unitoken;11/09/2025;55;R$ 127.234,88;R$ 127.234,78;R$ 0,10;R$ 127.234,88;R$ 0,00;;R$ 1,03;R$ 0,00;;;;0,0%;1,6%;"";08/09/2025;Up Vendas;AMFI COMPANHIA SECURITIZADORA DE CREDITOS FINANCEIROS I SA;Oferta Pública;Recebível de Cartão;Captação finalizada
Syntheo Unitoken #116;Unitoken;11/09/2025;55;R$ 72.836,94;R$ 72.836,96;R$ 0,00;R$ 72.836,94;R$ 0,00;;R$ 1,01;R$ 0,00;;;;0,0%;1,6%;"";30/07/2025;SYNTHÉO SECURITIZADORA DE CRÉDITOS S.A.;AMFI COMPANHIA SECURITIZADORA DE CREDITOS FINANCEIROS I SA;Oferta Pública;Duplicata;Captação finalizada
Click Antecipa Unitoken #123;Unitoken;12/09/2025;56;R$ 37.812,58;R$ 37.804,63;R$ 7,95;R$ 37.812,58;R$ 0,00;;R$ 1,01;R$ 0,00;;;;0,0%;1,7%;"";21/07/2025;CLICK SECURITIZADORA S.A.;AMFI COMPANHIA SECURITIZADORA DE CREDITOS FINANCEIROS I SA;Oferta Pública;Duplicata;Captação finalizada
C4 Unitoken #67;Unitoken;12/09/2025;56;R$ 404.520,77;R$ 404.520,45;R$ 0,32;R$ 404.520,77;R$ 0,00;;R$ 1,01;R$ 0,00;;;;0,0%;1,6%;"";01/08/2025;C4 CAPITAL SECURITIZADORA S/A;AMFI COMPANHIA SECURITIZADORA DE CREDITOS FINANCEIROS I SA;Oferta Pública;Duplicata;Captação finalizada
Up Vendas Unitoken #4;Unitoken;12/09/2025;56;R$ 346.880,69;R$ 346.880,30;R$ 0,39;R$ 346.880,69;R$ 0,00;;R$ 1,01;R$ 0,00;;;;0,0%;1,6%;"";28/07/2025;Up Vendas;AMFI COMPANHIA SECURITIZADORA DE CREDITOS FINANCEIROS I SA;Oferta Pública;Recebível de Cartão;Captação finalizada
a55 Pool #2;Pool;13/09/2025;57;R$ 152,78;R$ 0,00;R$ 152,78;R$ 358.969,61;R$ 0,00;R$ 2.000,00;R$ 817.405.474,22;R$ 0,00;100,0%;20,0%;234.955,9%;358.969,6%;5,0%;Concentração máx por sacado, Concentração máx por cedente em percentual, Inadimplência percentual máxima da carteira;12/09/2025;a55 Consultoria em Credito Ltda.;AMFI COMPANHIA SECURITIZADORA DE CREDITOS FINANCEIROS I SA;Oferta Pública;Duplicata;Captação finalizada
Click Antecipa Unitoken #125;Unitoken;15/09/2025;59;R$ 93.231,09;R$ 93.220,30;R$ 10,79;R$ 93.231,09;R$ 0,00;;R$ 1,01;R$ 0,00;;;;0,0%;1,6%;"";21/07/2025;CLICK SECURITIZADORA S.A.;AMFI COMPANHIA SECURITIZADORA DE CREDITOS FINANCEIROS I SA;Oferta Pública;Duplicata;Captação finalizada
Lebasq Unitoken #58;Unitoken;15/09/2025;59;R$ 12.501,85;R$ 12.437,97;R$ 63,88;R$ 12.501,85;R$ 0,00;;R$ 1,02;R$ 0,00;;;;0,0%;1,4%;"";21/07/2025;LEBASQ SECURITIZAÇÃO DE CRÉDITOS SA;AMFI COMPANHIA SECURITIZADORA DE CREDITOS FINANCEIROS I SA;Oferta Pública;Duplicata;Captação finalizada
Conecta Lá Unitoken #178;Unitoken;15/09/2025;59;R$ 14.766,03;R$ 14.766,01;R$ 0,02;R$ 14.766,03;R$ 0,00;;R$ 1,03;R$ 0,00;;;;0,0%;1,7%;"";15/09/2025;FULL NINE DIGITAL CONSULTORIA S.A.;AMFI COMPANHIA SECURITIZADORA DE CREDITOS FINANCEIROS I SA;Oferta Pública;Duplicata;Captação finalizada
Conecta Lá Unitoken #173;Unitoken;15/09/2025;59;R$ 48.337,15;R$ 48.254,01;R$ 83,14;R$ 48.337,15;R$ 0,00;;R$ 1,04;R$ 0,00;;;;0,0%;1,7%;"";15/09/2025;FULL NINE DIGITAL CONSULTORIA S.A.;AMFI COMPANHIA SECURITIZADORA DE CREDITOS FINANCEIROS I SA;Oferta Pública;Duplicata;Captação finalizada
Afinz Unitoken #3;Unitoken;16/09/2025;60;R$ 2.345,70;R$ 2.350,23;R$ 0,00;R$ 2.345,70;R$ 0,00;;R$ 1,02;R$ 0,00;;;;0,0%;1,7%;"";16/08/2025;BANCO AFINZ S.A. – BANCO MÚLTIPLO;AMFI COMPANHIA SECURITIZADORA DE CREDITOS FINANCEIROS I SA;Oferta Pública;CCB;Captação finalizada
Afinz Unitoken #2;Unitoken;16/09/2025;60;R$ 2.478,90;R$ 2.483,72;R$ 0,00;R$ 2.478,90;R$ 0,00;;R$ 1,02;R$ 0,00;;;;0,0%;1,7%;"";16/08/2025;BANCO AFINZ S.A. – BANCO MÚLTIPLO;AMFI COMPANHIA SECURITIZADORA DE CREDITOS FINANCEIROS I SA;Oferta Pública;CCB;Captação finalizada
Formento Unitoken #113;Unitoken;17/09/2025;61;R$ 11.231,55;R$ 11.221,37;R$ 10,18;R$ 11.231,55;R$ 0,00;;R$ 1,02;R$ 0,00;;;;0,0%;1,6%;"";19/08/2025;Formento Securitizadora S.A.;AMFI COMPANHIA SECURITIZADORA DE CREDITOS FINANCEIROS I SA;Oferta Pública;Duplicata;Captação finalizada
Syntheo Unitoken #111;Unitoken;17/09/2025;61;R$ 38.902,64;R$ 38.892,07;R$ 10,57;R$ 38.902,64;R$ 0,00;;R$ 1,01;R$ 0,00;;;;0,0%;1,7%;"";21/07/2025;SYNTHÉO SECURITIZADORA DE CRÉDITOS S.A.;AMFI COMPANHIA SECURITIZADORA DE CREDITOS FINANCEIROS I SA;Oferta Pública;Duplicata;Captação finalizada
Afinz Unitoken #4;Unitoken;17/09/2025;61;R$ 2.452,10;R$ 2.455,18;R$ 0,00;R$ 2.452,10;R$ 0,00;;R$ 1,02;R$ 0,00;;;;0,0%;1,7%;"";17/08/2025;BANCO AFINZ S.A. – BANCO MÚLTIPLO;AMFI COMPANHIA SECURITIZADORA DE CREDITOS FINANCEIROS I SA;Oferta Pública;CCB;Captação finalizada
AFA CONSULTORIA DE CREDITO Unitoken #8;Unitoken;17/09/2025;61;R$ 34.041,94;R$ 34.042,34;R$ 0,00;R$ 34.041,94;R$ 0,00;;R$ 1,03;R$ 0,00;;;;0,0%;1,4%;"";17/09/2025;AFA CONSULTORIA DE CREDITO UNIPESSOAL LTDA;AMFI COMPANHIA SECURITIZADORA DE CREDITOS FINANCEIROS I SA;Oferta Pública;Duplicata;Captação finalizada
Click Antecipa Unitoken #124;Unitoken;17/09/2025;61;R$ 51.232,42;R$ 51.226,41;R$ 6,01;R$ 51.232,42;R$ 0,00;;R$ 1,01;R$ 0,00;;;;0,0%;1,6%;"";21/07/2025;CLICK SECURITIZADORA S.A.;AMFI COMPANHIA SECURITIZADORA DE CREDITOS FINANCEIROS I SA;Oferta Pública;Duplicata;Captação finalizada
Afinz Unitoken #5;Unitoken;18/09/2025;62;R$ 3.545,28;R$ 3.551,78;R$ 0,00;R$ 3.545,28;R$ 0,00;;R$ 1,02;R$ 0,00;;;;0,0%;1,7%;"";18/07/2025;BANCO AFINZ S.A. – BANCO MÚLTIPLO;AMFI COMPANHIA SECURITIZADORA DE CREDITOS FINANCEIROS I SA;Oferta Pública;CCB;Captação finalizada
C4 Unitoken #59;Unitoken;18/09/2025;62;R$ 248.982,84;R$ 248.982,73;R$ 0,11;R$ 248.982,84;R$ 0,00;;R$ 1,01;R$ 0,00;;;;0,0%;1,7%;"";21/07/2025;C4 CAPITAL SECURITIZADORA S/A;AMFI COMPANHIA SECURITIZADORA DE CREDITOS FINANCEIROS I SA;Oferta Pública;Duplicata;Captação finalizada
Click Antecipa Unitoken #120;Unitoken;18/09/2025;62;R$ 34.673,35;R$ 34.670,16;R$ 3,19;R$ 34.673,35;R$ 0,00;;R$ 1,01;R$ 0,00;;;;0,0%;1,6%;"";21/07/2025;CLICK SECURITIZADORA S.A.;AMFI COMPANHIA SECURITIZADORA DE CREDITOS FINANCEIROS I SA;Oferta Pública;Duplicata;Captação finalizada
Afinz Unitoken #1;Unitoken;20/09/2025;64;R$ 3.565,55;R$ 3.569,27;R$ 0,00;R$ 3.565,55;R$ 0,00;;R$ 1,02;R$ 0,00;;;;0,0%;1,7%;"";20/07/2025;BANCO AFINZ S.A. – BANCO MÚLTIPLO;AMFI COMPANHIA SECURITIZADORA DE CREDITOS FINANCEIROS I SA;Oferta Pública;CCB;Captação finalizada
Conecta Lá Unitoken #183;Unitoken;22/09/2025;66;R$ 8.666,14;R$ 8.665,84;R$ 0,30;R$ 8.666,14;R$ 0,00;;R$ 1,04;R$ 0,00;;;;0,0%;1,8%;"";22/09/2025;FULL NINE DIGITAL CONSULTORIA S.A.;AMFI COMPANHIA SECURITIZADORA DE CREDITOS FINANCEIROS I SA;Oferta Pública;Duplicata;Captação finalizada
Lebasq Unitoken #55;Unitoken;22/09/2025;66;R$ 10.477,74;R$ 10.445,80;R$ 31,94;R$ 10.477,74;R$ 0,00;;R$ 1,02;R$ 0,00;;;;0,0%;1,4%;"";22/07/2025;LEBASQ SECURITIZAÇÃO DE CRÉDITOS SA;AMFI COMPANHIA SECURITIZADORA DE CREDITOS FINANCEIROS I SA;Oferta Pública;Duplicata;Captação finalizada
Conecta Lá Unitoken #187;Unitoken;22/09/2025;66;R$ 43.518,89;R$ 18.590,74;R$ 24.928,15;R$ 24.938,80;R$ 18.580,09;;R$ 1,39;R$ 0,00;;;;0,0%;1,8%;"";22/09/2025;FULL NINE DIGITAL CONSULTORIA S.A.;AMFI COMPANHIA SECURITIZADORA DE CREDITOS FINANCEIROS I SA;Oferta Pública;Duplicata;Em captação
Conecta Lá Unitoken #170;Unitoken;22/09/2025;66;R$ 25.430,11;R$ 25.422,35;R$ 7,76;R$ 25.430,11;R$ 0,00;;R$ 1,04;R$ 0,00;;;;0,0%;1,8%;"";22/09/2025;FULL NINE DIGITAL CONSULTORIA S.A.;AMFI COMPANHIA SECURITIZADORA DE CREDITOS FINANCEIROS I SA;Oferta Pública;Duplicata;Captação finalizada
CENTURY Unitoken #4;Unitoken;23/09/2025;67;R$ 178.408,99;R$ 178.398,27;R$ 10,72;R$ 178.408,99;R$ 0,00;;R$ 1,05;R$ 0,00;;;;0,0%;2,1%;"";23/09/2025;CENTURY PROJETOS E CONSTRUÇÕES LTDA;AMFI COMPANHIA SECURITIZADORA DE CREDITOS FINANCEIROS I SA;Oferta Pública;Duplicata;Captação finalizada
Chronos Unitoken #8;Unitoken;23/09/2025;67;R$ 44.293,03;R$ 44.277,05;R$ 15,98;R$ 44.293,03;R$ 0,00;;R$ 1,02;R$ 0,00;;;;0,0%;1,6%;"";23/07/2025;CHRONOS SECURITIZADORA S/A;AMFI COMPANHIA SECURITIZADORA DE CREDITOS FINANCEIROS I SA;Oferta Pública;Duplicata;Captação finalizada
Conecta Lá Unitoken #45;Unitoken;24/09/2025;68;R$ 58.952,01;R$ 58.951,76;R$ 0,25;R$ 58.952,01;R$ 0,00;;R$ 1,02;R$ 0,00;;;;0,0%;1,4%;"";24/07/2025;FULL NINE DIGITAL CONSULTORIA S.A.;AMFI COMPANHIA SECURITIZADORA DE CREDITOS FINANCEIROS I SA;Oferta Pública;Duplicata;Captação finalizada
LC INVESTE UNITOKEN #3;Unitoken;24/09/2025;68;R$ 3.499,27;R$ 0,00;R$ 3.499,27;R$ 3.499,27;R$ 0,00;;;R$ 0,00;;;;0,0%;2,5%;"";;LC Investe LTDA;AMFI COMPANHIA SECURITIZADORA DE CREDITOS FINANCEIROS I SA;;Ativo Judicial;
AFA CONSULTORIA DE CREDITO Unitoken #28;Unitoken;24/09/2025;68;R$ 16.958,91;R$ 16.958,80;R$ 0,11;R$ 16.958,91;R$ 0,00;;R$ 1,03;R$ 0,00;;;;0,0%;1,4%;"";24/09/2025;AFA CONSULTORIA DE CREDITO UNIPESSOAL LTDA;AMFI COMPANHIA SECURITIZADORA DE CREDITOS FINANCEIROS I SA;Oferta Pública;Duplicata;Captação finalizada
Conecta Lá Unitoken #166;Unitoken;25/09/2025;69;R$ 48.159,84;R$ 48.159,72;R$ 0,12;R$ 48.159,84;R$ 0,00;;R$ 1,04;R$ 0,00;;;;0,0%;1,7%;"";25/09/2025;FULL NINE DIGITAL CONSULTORIA S.A.;AMFI COMPANHIA SECURITIZADORA DE CREDITOS FINANCEIROS I SA;Oferta Pública;Duplicata;Captação finalizada
Conecta Lá Unitoken #177;Unitoken;25/09/2025;69;R$ 17.355,66;R$ 17.355,64;R$ 0,02;R$ 17.355,66;R$ 0,00;;R$ 1,04;R$ 0,00;;;;0,0%;1,7%;"";25/09/2025;FULL NINE DIGITAL CONSULTORIA S.A.;AMFI COMPANHIA SECURITIZADORA DE CREDITOS FINANCEIROS I SA;Oferta Pública;Duplicata;Captação finalizada
Conecta Lá Unitoken #182;Unitoken;25/09/2025;69;R$ 26.317,06;R$ 26.317,06;R$ 0,00;R$ 26.317,06;R$ 0,00;;R$ 1,04;R$ 0,00;;;;0,0%;1,7%;"";25/09/2025;FULL NINE DIGITAL CONSULTORIA S.A.;AMFI COMPANHIA SECURITIZADORA DE CREDITOS FINANCEIROS I SA;Oferta Pública;Duplicata;Captação finalizada
Conecta Lá Unitoken #175;Unitoken;25/09/2025;69;R$ 12.972,09;R$ 12.972,07;R$ 0,02;R$ 12.972,09;R$ 0,00;;R$ 1,04;R$ 0,00;;;;0,0%;1,7%;"";25/09/2025;FULL NINE DIGITAL CONSULTORIA S.A.;AMFI COMPANHIA SECURITIZADORA DE CREDITOS FINANCEIROS I SA;Oferta Pública;Duplicata;Captação finalizada
Click Antecipa Unitoken #119;Unitoken;29/09/2025;73;R$ 58.084,48;R$ 58.070,14;R$ 14,34;R$ 58.084,48;R$ 0,00;;R$ 1,02;R$ 0,00;;;;0,0%;1,7%;"";21/07/2025;CLICK SECURITIZADORA S.A.;AMFI COMPANHIA SECURITIZADORA DE CREDITOS FINANCEIROS I SA;Oferta Pública;Duplicata;Captação finalizada
AFA CONSULTORIA DE CREDITO Unitoken #24;Unitoken;29/09/2025;73;R$ 16.930,31;R$ 16.930,53;R$ 0,00;R$ 16.930,31;R$ 0,00;;R$ 1,03;R$ 0,00;;;;0,0%;1,4%;"";29/09/2025;AFA CONSULTORIA DE CREDITO UNIPESSOAL LTDA;AMFI COMPANHIA SECURITIZADORA DE CREDITOS FINANCEIROS I SA;Oferta Pública;Duplicata;Captação finalizada
Syntheo Unitoken #113;Unitoken;29/09/2025;73;R$ 99.944,03;R$ 99.937,92;R$ 6,11;R$ 99.944,03;R$ 0,00;;R$ 1,01;R$ 0,00;;;;0,0%;1,6%;"";23/07/2025;SYNTHÉO SECURITIZADORA DE CRÉDITOS S.A.;AMFI COMPANHIA SECURITIZADORA DE CREDITOS FINANCEIROS I SA;Oferta Pública;Duplicata;Captação finalizada
B.Invest Unitoken #6;Unitoken;30/09/2025;74;R$ 295.510,68;R$ 295.411,34;R$ 99,34;R$ 295.510,68;R$ 0,00;;R$ 1,03;R$ 0,00;;;;0,0%;1,7%;"";01/09/2025;B.Invest Securitizadora de Créditos S.A.;AMFI COMPANHIA SECURITIZADORA DE CREDITOS FINANCEIROS I SA;Oferta Pública;Duplicata;Captação finalizada
AFA CONSULTORIA DE CREDITO Unitoken #33;Unitoken;30/09/2025;74;R$ 66.484,79;R$ 66.192,91;R$ 291,88;R$ 66.484,79;R$ 0,00;;R$ 1,03;R$ 0,00;;;;0,0%;2,0%;"";30/07/2025;AFA CONSULTORIA DE CREDITO UNIPESSOAL LTDA;AMFI COMPANHIA SECURITIZADORA DE CREDITOS FINANCEIROS I SA;Oferta Pública;Duplicata;Captação finalizada
Girubank Unitoken #3;Unitoken;30/09/2025;74;R$ 19.594,53;R$ 19.536,47;R$ 58,06;R$ 19.594,53;R$ 0,00;;R$ 1,03;R$ 0,00;;;;0,0%;1,7%;"";21/07/2025;Girubank Securitizadora SA;AMFI COMPANHIA SECURITIZADORA DE CREDITOS FINANCEIROS I SA;Oferta Pública;Duplicata;Captação finalizada
Learnbase Unitoken #55;Unitoken;06/10/2025;80;R$ 26.165,04;R$ 26.144,06;R$ 20,98;R$ 26.165,04;R$ 0,00;;R$ 1,05;R$ 0,00;;;;0,0%;1,9%;"";06/10/2025;Learnbase Gestão e Consultoria Educacional S.A.;AMFI COMPANHIA SECURITIZADORA DE CREDITOS FINANCEIROS I SA;Oferta Pública;Duplicata;Captação finalizada
Conecta Lá Unitoken #176;Unitoken;06/10/2025;80;R$ 23.403,79;R$ 23.401,74;R$ 2,05;R$ 23.403,79;R$ 0,00;;R$ 1,05;R$ 0,00;;;;0,0%;1,8%;"";06/10/2025;FULL NINE DIGITAL CONSULTORIA S.A.;AMFI COMPANHIA SECURITIZADORA DE CREDITOS FINANCEIROS I SA;Oferta Pública;Duplicata;Captação finalizada
Conecta Lá Unitoken #179;Unitoken;06/10/2025;80;R$ 9.552,17;R$ 9.551,73;R$ 0,44;R$ 9.552,17;R$ 0,00;;R$ 1,05;R$ 0,00;;;;0,0%;1,8%;"";06/10/2025;FULL NINE DIGITAL CONSULTORIA S.A.;AMFI COMPANHIA SECURITIZADORA DE CREDITOS FINANCEIROS I SA;Oferta Pública;Duplicata;Captação finalizada
Conecta Lá Unitoken #180;Unitoken;06/10/2025;80;R$ 8.596,95;R$ 8.596,57;R$ 0,38;R$ 8.596,95;R$ 0,00;;R$ 1,05;R$ 0,00;;;;0,0%;1,8%;"";06/10/2025;FULL NINE DIGITAL CONSULTORIA S.A.;AMFI COMPANHIA SECURITIZADORA DE CREDITOS FINANCEIROS I SA;Oferta Pública;Duplicata;Captação finalizada
Lecapital Unitoken #8;Unitoken;07/10/2025;81;R$ 88.946,39;R$ 88.906,54;R$ 39,85;R$ 88.946,39;R$ 0,00;;R$ 1,12;R$ 0,00;;;;0,0%;4,5%;"";07/10/2025;LECAPITAL SECURITIZADORA S/A;AMFI COMPANHIA SECURITIZADORA DE CREDITOS FINANCEIROS I SA;Oferta Privada;Duplicata;Captação finalizada
Chronos Unitoken #15;Unitoken;10/10/2025;84;R$ 65.675,75;R$ 65.669,46;R$ 6,29;R$ 65.675,75;R$ 0,00;;R$ 1,03;R$ 0,00;;;;0,0%;1,7%;"";08/08/2025;CHRONOS SECURITIZADORA S/A;AMFI COMPANHIA SECURITIZADORA DE CREDITOS FINANCEIROS I SA;Oferta Pública;Duplicata;Captação finalizada
Click Antecipa Unitoken #129;Unitoken;10/10/2025;84;R$ 125.090,25;R$ 125.065,62;R$ 24,63;R$ 125.090,25;R$ 0,00;;R$ 1,02;R$ 0,00;;;;0,0%;1,8%;"";31/07/2025;CLICK SECURITIZADORA S.A.;AMFI COMPANHIA SECURITIZADORA DE CREDITOS FINANCEIROS I SA;Oferta Pública;Duplicata;Captação finalizada
Conecta Lá Unitoken #184;Unitoken;10/10/2025;84;R$ 24.682,35;R$ 24.682,35;R$ 0,00;R$ 24.682,35;R$ 0,00;;R$ 1,05;R$ 0,00;;;;0,0%;1,7%;"";10/10/2025;FULL NINE DIGITAL CONSULTORIA S.A.;AMFI COMPANHIA SECURITIZADORA DE CREDITOS FINANCEIROS I SA;Oferta Pública;Duplicata;Captação finalizada
Formento Unitoken #136;Unitoken;10/10/2025;84;R$ 180.363,61;R$ 180.358,27;R$ 5,34;R$ 180.363,61;R$ 0,00;;R$ 1,03;R$ 0,00;;;;0,0%;1,6%;"";06/08/2025;Formento Securitizadora S.A.;AMFI COMPANHIA SECURITIZADORA DE CREDITOS FINANCEIROS I SA;Oferta Pública;Duplicata;Captação finalizada
Conecta Lá Unitoken #181;Unitoken;10/10/2025;84;R$ 9.434,56;R$ 9.434,56;R$ 0,00;R$ 9.434,56;R$ 0,00;;R$ 1,05;R$ 0,00;;;;0,0%;1,7%;"";10/10/2025;FULL NINE DIGITAL CONSULTORIA S.A.;AMFI COMPANHIA SECURITIZADORA DE CREDITOS FINANCEIROS I SA;Oferta Pública;Duplicata;Captação finalizada
Girubank Unitoken #19;Unitoken;13/10/2025;87;R$ 5.066,35;R$ 5.044,30;R$ 22,05;R$ 5.066,35;R$ 0,00;;R$ 1,04;R$ 0,00;;;;0,0%;1,8%;"";12/08/2025;Girubank Securitizadora SA;AMFI COMPANHIA SECURITIZADORA DE CREDITOS FINANCEIROS I SA;Oferta Pública;Duplicata;Captação finalizada
OUB CAPITAL Unitoken #17;Unitoken;13/10/2025;87;R$ 45.293,46;R$ 45.289,24;R$ 4,22;R$ 45.293,46;R$ 0,00;;R$ 1,03;R$ 0,00;;;;0,0%;1,7%;"";08/08/2025;OUB CAPITAL SA;AMFI COMPANHIA SECURITIZADORA DE CREDITOS FINANCEIROS I SA;Oferta Pública;Duplicata;Captação finalizada
Formento Unitoken #134;Unitoken;14/10/2025;88;R$ 167.019,10;R$ 167.001,27;R$ 17,83;R$ 167.019,10;R$ 0,00;;R$ 1,03;R$ 0,00;;;;0,0%;1,6%;"";25/07/2025;Formento Securitizadora S.A.;AMFI COMPANHIA SECURITIZADORA DE CREDITOS FINANCEIROS I SA;Oferta Pública;Duplicata;Captação finalizada
Chronos Unitoken #9;Unitoken;15/10/2025;89;R$ 81.893,99;R$ 81.867,83;R$ 26,16;R$ 81.893,99;R$ 0,00;;R$ 1,03;R$ 0,00;;;;0,0%;1,6%;"";08/08/2025;CHRONOS SECURITIZADORA S/A;AMFI COMPANHIA SECURITIZADORA DE CREDITOS FINANCEIROS I SA;Oferta Pública;Duplicata;Captação finalizada
Lecapital Unitoken #4;Unitoken;17/10/2025;91;R$ 94.545,96;R$ 94.528,56;R$ 17,40;R$ 94.545,96;R$ 0,00;;R$ 1,05;R$ 0,00;;;;0,0%;1,5%;"";17/10/2025;LECAPITAL SECURITIZADORA S/A;AMFI COMPANHIA SECURITIZADORA DE CREDITOS FINANCEIROS I SA;Oferta Pública;Duplicata;Captação finalizada
AFA CONSULTORIA DE CREDITO Unitoken #23;Unitoken;17/10/2025;91;R$ 33.573,43;R$ 33.573,00;R$ 0,43;R$ 33.573,43;R$ 0,00;;R$ 1,04;R$ 0,00;;;;0,0%;1,4%;"";17/10/2025;AFA CONSULTORIA DE CREDITO UNIPESSOAL LTDA;AMFI COMPANHIA SECURITIZADORA DE CREDITOS FINANCEIROS I SA;Oferta Pública;Duplicata;Captação finalizada
Pool M2 #1;Pool;19/10/2025;93;R$ 0,00;;;R$ 0,00;;R$ 0,00;;R$ 0,00;;;;0,0%;;"";;AMFI CONSULTING LTDA;;;"";
Formento Unitoken #133;Unitoken;20/10/2025;94;R$ 390.666,26;R$ 390.585,81;R$ 80,45;R$ 390.666,26;R$ 0,00;;R$ 1,02;R$ 0,00;;;;0,0%;1,7%;"";29/07/2025;Formento Securitizadora S.A.;AMFI COMPANHIA SECURITIZADORA DE CREDITOS FINANCEIROS I SA;Oferta Pública;Duplicata;Captação finalizada
Conecta Lá Unitoken #185;Unitoken;20/10/2025;94;R$ 33.055,81;R$ 33.055,81;R$ 0,00;R$ 33.055,81;R$ 0,00;;R$ 1,06;R$ 0,00;;;;0,0%;1,7%;"";20/10/2025;FULL NINE DIGITAL CONSULTORIA S.A.;AMFI COMPANHIA SECURITIZADORA DE CREDITOS FINANCEIROS I SA;Oferta Pública;Duplicata;Captação finalizada
Conecta Lá Unitoken #186;Unitoken;20/10/2025;94;R$ 33.724,95;R$ 33.724,95;R$ 0,00;R$ 33.724,95;R$ 0,00;;R$ 1,06;R$ 0,00;;;;0,0%;1,7%;"";20/10/2025;FULL NINE DIGITAL CONSULTORIA S.A.;AMFI COMPANHIA SECURITIZADORA DE CREDITOS FINANCEIROS I SA;Oferta Pública;Duplicata;Captação finalizada
Lebasq Unitoken #57;Unitoken;20/10/2025;94;R$ 13.109,73;R$ 13.024,58;R$ 85,15;R$ 13.109,73;R$ 0,00;;R$ 1,02;R$ 0,00;;;;0,0%;1,4%;"";21/07/2025;LEBASQ SECURITIZAÇÃO DE CRÉDITOS SA;AMFI COMPANHIA SECURITIZADORA DE CREDITOS FINANCEIROS I SA;Oferta Pública;Duplicata;Captação finalizada
Formento Unitoken #127;Unitoken;21/10/2025;95;R$ 32.223,82;R$ 32.206,28;R$ 17,54;R$ 32.240,98;R$ 0,00;;R$ 1,03;R$ 0,00;;;;0,0%;1,6%;"";22/07/2025;Formento Securitizadora S.A.;AMFI COMPANHIA SECURITIZADORA DE CREDITOS FINANCEIROS I SA;Oferta Pública;Duplicata;Captação finalizada
Baru Unitoken #12;Unitoken;23/10/2025;97;R$ 196.668,89;R$ 196.602,69;R$ 66,20;R$ 196.668,89;R$ 0,00;;R$ 1,04;R$ 0,00;;;;0,0%;1,6%;"";04/09/2025;GRIFFIN CAPITAL S.A. SECURITIZADORA;AMFI COMPANHIA SECURITIZADORA DE CREDITOS FINANCEIROS I SA;Oferta Pública;Ativo Judicial;Captação finalizada
Conecta Lá Unitoken #57;Unitoken;24/10/2025;98;R$ 19.084,32;R$ 19.084,24;R$ 0,08;R$ 19.084,32;R$ 0,00;;R$ 1,05;R$ 0,00;;;;0,0%;1,4%;"";24/10/2025;FULL NINE DIGITAL CONSULTORIA S.A.;AMFI COMPANHIA SECURITIZADORA DE CREDITOS FINANCEIROS I SA;Oferta Pública;Duplicata;Captação finalizada
AFA CONSULTORIA DE CREDITO Unitoken #22;Unitoken;24/10/2025;98;R$ 16.722,34;R$ 16.722,47;R$ 0,00;R$ 16.722,34;R$ 0,00;;R$ 1,05;R$ 0,00;;;;0,0%;1,4%;"";24/10/2025;AFA CONSULTORIA DE CREDITO UNIPESSOAL LTDA;AMFI COMPANHIA SECURITIZADORA DE CREDITOS FINANCEIROS I SA;Oferta Pública;Duplicata;Captação finalizada
Baru Unitoken #16;Unitoken;29/10/2025;103;R$ 118.172,74;R$ 4.874,04;R$ 113.298,70;R$ 118.172,74;R$ 0,00;;R$ 25,54;R$ 0,00;;;;0,0%;1,5%;"";29/10/2025;GRIFFIN CAPITAL S.A. SECURITIZADORA;AMFI COMPANHIA SECURITIZADORA DE CREDITOS FINANCEIROS I SA;Oferta Pública;Duplicata;Captação finalizada
AFA CONSULTORIA DE CREDITO Unitoken #17;Unitoken;29/10/2025;103;R$ 16.698,79;R$ 16.698,98;R$ 0,00;R$ 16.698,79;R$ 0,00;;R$ 1,05;R$ 0,00;;;;0,0%;1,4%;"";29/10/2025;AFA CONSULTORIA DE CREDITO UNIPESSOAL LTDA;AMFI COMPANHIA SECURITIZADORA DE CREDITOS FINANCEIROS I SA;Oferta Pública;Duplicata;Captação finalizada
Teddy Hub Pool 1;Pool;30/10/2025;104;R$ 0,00;R$ 0,00;R$ 0,00;R$ 0,00;R$ 0,00;;;R$ 0,00;;20,0%;;0,0%;;"";10/11/2025;TEDDY HUB DIGITAL LTDA;AMFI COMPANHIA SECURITIZADORA DE CREDITOS FINANCEIROS I SA;Oferta Privada;Duplicata;Captação finalizada
AFA CONSULTORIA DE CREDITO Unitoken #32;Unitoken;30/10/2025;104;R$ 38.396,60;R$ 38.396,42;R$ 0,18;R$ 38.396,60;R$ 0,00;;R$ 1,06;R$ 0,00;;;;0,0%;2,0%;"";30/09/2025;AFA CONSULTORIA DE CREDITO UNIPESSOAL LTDA;AMFI COMPANHIA SECURITIZADORA DE CREDITOS FINANCEIROS I SA;Oferta Pública;Duplicata;Captação finalizada
Formento Unitoken #130;Unitoken;31/10/2025;105;R$ 59.633,39;R$ 59.626,22;R$ 7,17;R$ 59.633,39;R$ 0,00;;R$ 1,04;R$ 0,00;;;;0,0%;1,6%;"";08/09/2025;Formento Securitizadora S.A.;AMFI COMPANHIA SECURITIZADORA DE CREDITOS FINANCEIROS I SA;Oferta Pública;Duplicata;Captação finalizada
Denali Tax Unitoken #1;Unitoken;31/10/2025;105;R$ 384.514,58;R$ 0,00;R$ 384.514,58;R$ 384.514,58;R$ 0,00;;;R$ 0,00;;;;0,0%;1,8%;"";;DENALI TAX CONSULTORIA LTDA;AMFI COMPANHIA SECURITIZADORA DE CREDITOS FINANCEIROS I SA;;Ativo Judicial;
C4 Unitoken #68;Unitoken;03/11/2025;108;R$ 263.021,26;R$ 263.014,37;R$ 6,89;R$ 263.021,26;R$ 0,00;;R$ 1,01;R$ 0,00;;;;0,0%;1,6%;"";01/08/2025;C4 CAPITAL SECURITIZADORA S/A;AMFI COMPANHIA SECURITIZADORA DE CREDITOS FINANCEIROS I SA;Oferta Pública;Duplicata;Captação finalizada
Lebasq Unitoken #59;Unitoken;05/11/2025;110;R$ 5.121,43;R$ 5.120,29;R$ 1,14;R$ 5.121,43;R$ 0,00;;R$ 1,03;R$ 0,00;;;;0,0%;1,4%;"";07/08/2025;LEBASQ SECURITIZAÇÃO DE CRÉDITOS SA;AMFI COMPANHIA SECURITIZADORA DE CREDITOS FINANCEIROS I SA;Oferta Pública;Duplicata;Captação finalizada
Lebasq Unitoken #65;Unitoken;05/11/2025;110;R$ 17.737,53;R$ 17.739,34;R$ 0,00;R$ 17.737,53;R$ 0,00;;R$ 1,03;R$ 0,00;;;;0,0%;1,6%;"";05/08/2025;LEBASQ SECURITIZAÇÃO DE CRÉDITOS SA;AMFI COMPANHIA SECURITIZADORA DE CREDITOS FINANCEIROS I SA;Oferta Pública;Duplicata;Captação finalizada
Learnbase Unitoken #56;Unitoken;05/11/2025;110;R$ 25.668,10;R$ 25.662,49;R$ 5,61;R$ 25.668,10;R$ 0,00;;R$ 1,07;R$ 0,00;;;;0,0%;1,9%;"";05/11/2025;Learnbase Gestão e Consultoria Educacional S.A.;AMFI COMPANHIA SECURITIZADORA DE CREDITOS FINANCEIROS I SA;Oferta Pública;Duplicata;Captação finalizada
Click Antecipa Unitoken #126;Unitoken;05/11/2025;110;R$ 83.855,22;R$ 83.849,76;R$ 5,46;R$ 83.855,22;R$ 0,00;;R$ 1,01;R$ 0,00;;;;0,0%;1,6%;"";22/07/2025;CLICK SECURITIZADORA S.A.;AMFI COMPANHIA SECURITIZADORA DE CREDITOS FINANCEIROS I SA;Oferta Pública;Duplicata;Captação finalizada
Click Antecipa Unitoken #128;Unitoken;07/11/2025;112;R$ 135.217,39;R$ 135.191,58;R$ 25,81;R$ 135.217,39;R$ 0,00;;R$ 1,02;R$ 0,00;;;;0,0%;1,8%;"";22/07/2025;CLICK SECURITIZADORA S.A.;AMFI COMPANHIA SECURITIZADORA DE CREDITOS FINANCEIROS I SA;Oferta Pública;Duplicata;Captação finalizada
Tiba Unitoken #2;Unitoken;14/11/2025;119;R$ 5.781,95;R$ 5.873,46;R$ 0,00;R$ 5.781,95;R$ 0,00;;R$ 1,00;R$ 0,00;;;;0,0%;1,6%;"";22/07/2025;TIBA ASSETS LTDA;AMFI COMPANHIA SECURITIZADORA DE CREDITOS FINANCEIROS I SA;Oferta Pública;CCB;Captação finalizada
Teddy  Unitoken #12;Unitoken;15/11/2025;120;R$ 96.009,23;R$ 95.933,51;R$ 75,72;R$ 96.009,23;R$ 0,00;;R$ 1,04;R$ 0,00;;;;0,0%;1,6%;"";15/08/2025;TEDDY HUB DIGITAL LTDA;AMFI COMPANHIA SECURITIZADORA DE CREDITOS FINANCEIROS I SA;Oferta Pública;Duplicata;Captação finalizada
BMDC Unitoken #8;Unitoken;15/11/2025;120;R$ 2.157,64;R$ 0,00;R$ 2.157,64;R$ 2.157,64;R$ 0,00;;;R$ 0,00;;;;0,0%;1,7%;"";;BMDC SECURITIZADORA SA;AMFI COMPANHIA SECURITIZADORA DE CREDITOS FINANCEIROS I SA;;CCB;
Teddy  Unitoken #13;Unitoken;15/11/2025;120;R$ 63.030,72;R$ 50.977,28;R$ 12.053,44;R$ 63.030,72;R$ 0,00;;R$ 1,29;R$ 0,00;;;;0,0%;1,6%;"";15/08/2025;TEDDY HUB DIGITAL LTDA;AMFI COMPANHIA SECURITIZADORA DE CREDITOS FINANCEIROS I SA;Oferta Pública;Duplicata;Captação finalizada
Teddy  Unitoken #11;Unitoken;15/11/2025;120;R$ 96.009,21;R$ 95.933,38;R$ 75,83;R$ 96.009,21;R$ 0,00;;R$ 1,04;R$ 0,00;;;;0,0%;1,6%;"";15/08/2025;TEDDY HUB DIGITAL LTDA;AMFI COMPANHIA SECURITIZADORA DE CREDITOS FINANCEIROS I SA;Oferta Pública;Duplicata;Captação finalizada
AFA CONSULTORIA DE CREDITO Unitoken #21;Unitoken;17/11/2025;122;R$ 33.087,06;R$ 33.087,02;R$ 0,04;R$ 33.102,18;R$ 0,00;;R$ 1,06;R$ 0,00;;;;0,0%;1,4%;"";17/11/2025;AFA CONSULTORIA DE CREDITO UNIPESSOAL LTDA;AMFI COMPANHIA SECURITIZADORA DE CREDITOS FINANCEIROS I SA;Oferta Pública;Duplicata;Captação finalizada
Click Antecipa Unitoken #127;Unitoken;17/11/2025;122;R$ 78.766,57;R$ 78.770,31;R$ 0,00;R$ 78.766,57;R$ 0,00;;R$ 1,02;R$ 0,00;;;;0,0%;1,6%;"";31/07/2025;CLICK SECURITIZADORA S.A.;AMFI COMPANHIA SECURITIZADORA DE CREDITOS FINANCEIROS I SA;Oferta Pública;Duplicata;Captação finalizada
Tiba Unitoken #1;Unitoken;20/11/2025;125;R$ 5.903,95;R$ 5.074,62;R$ 829,33;R$ 5.903,95;R$ 0,00;;R$ 1,18;R$ 0,00;;;;0,0%;1,5%;"";21/07/2025;TIBA ASSETS LTDA;AMFI COMPANHIA SECURITIZADORA DE CREDITOS FINANCEIROS I SA;Oferta Pública;CCB;Captação finalizada
Tiba Unitoken #1 (unitoken cancelado);Unitoken;20/11/2025;125;R$ 0,00;;;R$ 0,00;;;;R$ 0,00;;;;0,0%;;"";21/07/2025;TIBA ASSETS LTDA;AMFI COMPANHIA SECURITIZADORA DE CREDITOS FINANCEIROS I SA;Oferta Pública;CCB;Cancelada
Stockash Equity Flex EdTech#2;Unitoken;21/11/2025;126;R$ 315.249,52;R$ 0,00;R$ 315.249,52;R$ 315.249,52;R$ 0,00;R$ 0,00;;R$ 0,00;;;;0,0%;2,0%;"";;Stockash Consultoria em Credito LTDA;AMFI COMPANHIA SECURITIZADORA DE CREDITOS FINANCEIROS I SA;;Nota Comercial / Duplicata;
Baru Unitoken #14;Unitoken;21/11/2025;126;R$ 152.952,26;R$ 152.948,54;R$ 3,72;R$ 152.952,26;R$ 0,00;;R$ 1,07;R$ 0,00;;;;0,0%;1,7%;"";03/11/2025;GRIFFIN CAPITAL S.A. SECURITIZADORA;AMFI COMPANHIA SECURITIZADORA DE CREDITOS FINANCEIROS I SA;Oferta Pública;Ativo Judicial;Captação finalizada
Girubank Unitoken #17;Unitoken;24/11/2025;129;R$ 957,72;R$ 950,80;R$ 6,92;R$ 957,72;R$ 0,00;;R$ 1,07;R$ 0,00;;;;0,0%;1,8%;"";23/09/2025;Girubank Securitizadora SA;AMFI COMPANHIA SECURITIZADORA DE CREDITOS FINANCEIROS I SA;Oferta Pública;Duplicata;Captação finalizada
AFA CONSULTORIA DE CREDITO Unitoken #20;Unitoken;24/11/2025;129;R$ 16.485,69;R$ 16.485,47;R$ 0,22;R$ 16.485,69;R$ 0,00;;R$ 1,06;R$ 0,00;;;;0,0%;1,4%;"";24/11/2025;AFA CONSULTORIA DE CREDITO UNIPESSOAL LTDA;AMFI COMPANHIA SECURITIZADORA DE CREDITOS FINANCEIROS I SA;Oferta Pública;Duplicata;Captação finalizada
Girubank Unitoken #14;Unitoken;24/11/2025;129;R$ 16.605,44;R$ 16.596,28;R$ 9,16;R$ 16.605,44;R$ 0,00;;R$ 1,03;R$ 0,00;;;;0,0%;1,8%;"";21/08/2025;Girubank Securitizadora SA;AMFI COMPANHIA SECURITIZADORA DE CREDITOS FINANCEIROS I SA;Oferta Pública;Duplicata;Captação finalizada
Conecta Lá Unitoken #109;Unitoken;26/11/2025;131;R$ 49.743,93;R$ 49.751,10;R$ 0,00;R$ 49.743,93;R$ 0,00;;R$ 1,05;R$ 0,00;;;;0,0%;1,6%;"";26/08/2025;FULL NINE DIGITAL CONSULTORIA S.A.;AMFI COMPANHIA SECURITIZADORA DE CREDITOS FINANCEIROS I SA;Oferta Pública;Duplicata;Captação finalizada
Dinie Pool #2;Pool;30/11/2025;135;R$ 847.992,85;R$ 727.712,87;R$ 120.279,98;R$ 651.241,77;R$ 352.068,59;R$ 6.000,00;R$ 0,99;R$ 0,00;14,2%;20,0%;24,7%;160.559,3%;10,9%;Nível crítico de Subordinação da tranche Sênior;31/07/2025;DINIE CORRESPONDENTE BANCÁRIO E MEIOS DE PAGAMENTOS LTDA;AMFI COMPANHIA SECURITIZADORA DE CREDITOS FINANCEIROS I SA;Oferta Pública;CCB;Captação finalizada
AFA CONSULTORIA DE CREDITO Unitoken #19;Unitoken;01/12/2025;136;R$ 16.449,93;R$ 16.450,12;R$ 0,00;R$ 16.449,93;R$ 0,00;;R$ 1,06;R$ 0,00;;;;0,0%;1,4%;"";01/12/2025;AFA CONSULTORIA DE CREDITO UNIPESSOAL LTDA;AMFI COMPANHIA SECURITIZADORA DE CREDITOS FINANCEIROS I SA;Oferta Pública;Duplicata;Captação finalizada
Learnbase Unitoken #57;Unitoken;04/12/2025;139;R$ 25.210,00;R$ 25.205,41;R$ 4,59;R$ 25.210,00;R$ 0,00;;R$ 1,09;R$ 0,00;;;;0,0%;1,9%;"";04/12/2025;Learnbase Gestão e Consultoria Educacional S.A.;AMFI COMPANHIA SECURITIZADORA DE CREDITOS FINANCEIROS I SA;Oferta Pública;Duplicata;Captação finalizada
Lebasq Unitoken #66;Unitoken;05/12/2025;140;R$ 8.605,06;R$ 8.598,98;R$ 6,08;R$ 8.605,06;R$ 0,00;;R$ 1,04;R$ 0,00;;;;0,0%;1,6%;"";05/08/2025;LEBASQ SECURITIZAÇÃO DE CRÉDITOS SA;AMFI COMPANHIA SECURITIZADORA DE CREDITOS FINANCEIROS I SA;Oferta Pública;Duplicata;Captação finalizada
Girubank Unitoken #16;Unitoken;11/12/2025;146;R$ 13.675,26;R$ 13.667,04;R$ 8,22;R$ 13.675,26;R$ 0,00;;R$ 1,08;R$ 0,00;;;;0,0%;1,7%;"";21/08/2025;Girubank Securitizadora SA;AMFI COMPANHIA SECURITIZADORA DE CREDITOS FINANCEIROS I SA;Oferta Pública;Duplicata;Captação finalizada
Plin Unitoken #6;Unitoken;15/12/2025;150;R$ 276.483,94;R$ 276.231,71;R$ 252,23;R$ 276.483,94;R$ 0,00;;R$ 1,06;R$ 0,00;;;;0,0%;1,8%;"";15/09/2025;GARANTIZA SOLUCOES FINANCEIRAS LTDA;AMFI REPRESENTAÇÃO OPERACIONAL LTDA;Oferta Pública;Nota Comercial;Captação finalizada
Lebasq Unitoken #61;Unitoken;15/12/2025;150;R$ 14.939,09;R$ 14.939,77;R$ 0,00;R$ 14.939,09;R$ 0,00;;R$ 1,02;R$ 0,00;;;;0,0%;1,6%;"";29/07/2025;LEBASQ SECURITIZAÇÃO DE CRÉDITOS SA;AMFI COMPANHIA SECURITIZADORA DE CREDITOS FINANCEIROS I SA;Oferta Pública;Duplicata;Captação finalizada
Teddy  Unitoken #14;Unitoken;15/12/2025;150;R$ 119.098,00;R$ 119.049,95;R$ 48,05;R$ 119.098,00;R$ 0,00;;R$ 1,05;R$ 0,00;;;;0,0%;1,6%;"";15/08/2025;TEDDY HUB DIGITAL LTDA;AMFI COMPANHIA SECURITIZADORA DE CREDITOS FINANCEIROS I SA;Oferta Pública;Duplicata;Captação finalizada
AFA CONSULTORIA DE CREDITO Unitoken #18;Unitoken;17/12/2025;152;R$ 32.648,25;R$ 32.648,37;R$ 0,00;R$ 32.648,25;R$ 0,00;;R$ 1,07;R$ 0,00;;;;0,0%;1,4%;"";17/12/2025;AFA CONSULTORIA DE CREDITO UNIPESSOAL LTDA;AMFI COMPANHIA SECURITIZADORA DE CREDITOS FINANCEIROS I SA;Oferta Pública;Duplicata;Captação finalizada
Girubank Unitoken #2;Unitoken;22/12/2025;157;R$ 8.725,07;R$ 8.704,20;R$ 20,87;R$ 8.725,07;R$ 0,00;;R$ 1,05;R$ 0,00;;;;0,0%;1,7%;"";21/07/2025;Girubank Securitizadora SA;AMFI COMPANHIA SECURITIZADORA DE CREDITOS FINANCEIROS I SA;Oferta Pública;Duplicata;Captação finalizada
Up Vendas Unitoken #5;Unitoken;22/12/2025;157;R$ 107.106,19;R$ 107.106,10;R$ 0,09;R$ 107.106,19;R$ 0,00;;R$ 1,06;R$ 0,00;;;;0,0%;1,6%;"";03/09/2025;Up Vendas;AMFI COMPANHIA SECURITIZADORA DE CREDITOS FINANCEIROS I SA;Oferta Pública;Recebível de Cartão;Captação finalizada
Girubank Unitoken #23;Unitoken;23/12/2025;158;R$ 154.854,97;R$ 154.775,67;R$ 79,30;R$ 154.854,97;R$ 0,00;;R$ 1,05;R$ 0,00;;;;0,0%;1,8%;"";22/07/2025;Girubank Securitizadora SA;AMFI COMPANHIA SECURITIZADORA DE CREDITOS FINANCEIROS I SA;Oferta Pública;Duplicata;Captação finalizada
Girubank Unitoken #18;Unitoken;23/12/2025;158;R$ 18.686,78;R$ 18.660,66;R$ 26,12;R$ 18.686,78;R$ 0,00;;R$ 1,05;R$ 0,00;;;;0,0%;1,8%;"";22/07/2025;Girubank Securitizadora SA;AMFI COMPANHIA SECURITIZADORA DE CREDITOS FINANCEIROS I SA;Oferta Pública;Duplicata;Captação finalizada
AFA CONSULTORIA DE CREDITO Unitoken #14;Unitoken;24/12/2025;159;R$ 16.255,84;R$ 16.255,97;R$ 0,00;R$ 16.255,84;R$ 0,00;;R$ 1,08;R$ 0,00;;;;0,0%;1,4%;"";24/12/2025;AFA CONSULTORIA DE CREDITO UNIPESSOAL LTDA;AMFI COMPANHIA SECURITIZADORA DE CREDITOS FINANCEIROS I SA;Oferta Pública;Duplicata;Captação finalizada
UnionNational Pool #4;Pool;25/12/2025;160;R$ 1.164.756,50;R$ 897.461,08;R$ 267.295,42;R$ 1.114.337,27;R$ 40.419,23;R$ 10.000,00;R$ 1,27;R$ 0,00;23,0%;20,0%;;0,0%;2,1%;"";25/12/2025;SECURITIZADORA DE CRÉDITOS FINANCEIROS S.A.;;Oferta Pública;Duplicata;Captação finalizada
Lebasq Unitoken #69;Unitoken;26/12/2025;161;R$ 13.269,39;R$ 13.268,91;R$ 0,48;R$ 13.269,39;R$ 0,00;;R$ 1,04;R$ 0,00;;;;0,0%;1,6%;"";25/07/2025;LEBASQ SECURITIZAÇÃO DE CRÉDITOS SA;AMFI COMPANHIA SECURITIZADORA DE CREDITOS FINANCEIROS I SA;Oferta Pública;Duplicata;Captação finalizada
Lebasq Unitoken #64;Unitoken;26/12/2025;161;R$ 29.268,16;R$ 29.264,33;R$ 3,83;R$ 29.268,16;R$ 0,00;;R$ 1,04;R$ 0,00;;;;0,0%;1,6%;"";21/07/2025;LEBASQ SECURITIZAÇÃO DE CRÉDITOS SA;AMFI COMPANHIA SECURITIZADORA DE CREDITOS FINANCEIROS I SA;Oferta Pública;Duplicata;Captação finalizada
Lebasq Unitoken #60;Unitoken;29/12/2025;164;R$ 129.067,50;R$ 128.962,23;R$ 105,27;R$ 129.067,50;R$ 0,00;;R$ 1,03;R$ 0,00;;;;0,0%;1,6%;"";21/07/2025;LEBASQ SECURITIZAÇÃO DE CRÉDITOS SA;AMFI COMPANHIA SECURITIZADORA DE CREDITOS FINANCEIROS I SA;Oferta Pública;Duplicata;Captação finalizada
AFA CONSULTORIA DE CREDITO Unitoken #16;Unitoken;29/12/2025;164;R$ 16.233,43;R$ 16.233,43;R$ 0,00;R$ 16.240,82;R$ 0,00;;R$ 1,08;R$ 0,00;;;;0,0%;1,4%;"";29/12/2025;AFA CONSULTORIA DE CREDITO UNIPESSOAL LTDA;AMFI COMPANHIA SECURITIZADORA DE CREDITOS FINANCEIROS I SA;Oferta Pública;Duplicata;Captação finalizada
Click Antecipa Unitoken #81 [cancelado];Unitoken;29/12/2025;164;R$ 0,00;;;R$ 0,00;;;;R$ 0,00;;;;0,0%;;"";29/12/2025;CLICK SECURITIZADORA S.A.;AMFI COMPANHIA SECURITIZADORA DE CREDITOS FINANCEIROS I SA;Oferta Pública;Duplicata;Cancelada
MMK Private;Pool;31/12/2025;166;R$ 0,00;;;R$ 0,00;;R$ 0,00;;R$ 0,00;100,0%;1,0%;;0,0%;;"";;MMK Partners;AMFI COMPANHIA SECURITIZADORA DE CREDITOS FINANCEIROS I SA;Oferta Privada;CCB / Nota Comercial;Produto Encerrado
Lebasq Unitoken #67;Unitoken;07/01/2026;173;R$ 17.896,62;R$ 17.895,68;R$ 0,94;R$ 17.896,62;R$ 0,00;;R$ 1,04;R$ 0,00;;;;0,0%;1,6%;"";04/08/2025;LEBASQ SECURITIZAÇÃO DE CRÉDITOS SA;AMFI COMPANHIA SECURITIZADORA DE CREDITOS FINANCEIROS I SA;Oferta Pública;Duplicata;Captação finalizada
Lebasq Unitoken #62;Unitoken;08/01/2026;174;R$ 26.642,22;R$ 26.640,17;R$ 2,05;R$ 26.642,22;R$ 0,00;;R$ 1,04;R$ 0,00;;;;0,0%;1,6%;"";29/07/2025;LEBASQ SECURITIZAÇÃO DE CRÉDITOS SA;AMFI COMPANHIA SECURITIZADORA DE CREDITOS FINANCEIROS I SA;Oferta Pública;Duplicata;Captação finalizada
Girubank Unitoken #1;Unitoken;12/01/2026;178;R$ 16.757,58;R$ 16.732,21;R$ 25,37;R$ 16.757,58;R$ 0,00;;R$ 1,06;R$ 0,00;;;;0,0%;1,7%;"";21/07/2025;Girubank Securitizadora SA;AMFI COMPANHIA SECURITIZADORA DE CREDITOS FINANCEIROS I SA;Oferta Pública;Duplicata;Captação finalizada
Lebasq Unitoken #68;Unitoken;12/01/2026;178;R$ 9.755,99;R$ 9.755,42;R$ 0,57;R$ 9.755,99;R$ 0,00;;R$ 1,05;R$ 0,00;;;;0,0%;1,6%;"";23/07/2025;LEBASQ SECURITIZAÇÃO DE CRÉDITOS SA;AMFI COMPANHIA SECURITIZADORA DE CREDITOS FINANCEIROS I SA;Oferta Pública;Duplicata;Captação finalizada
AmFi Alta Liquidez #3;Pool;14/01/2026;180;R$ 124.846,70;R$ 0,00;R$ 0,00;R$ 0,00;R$ 0,00;R$ 0,00;;R$ 0,00;;30,0%;;0,0%;;"";14/01/2026;AMFI CONSULTING LTDA;;Oferta Privada;CCB / Recebível de Cartão / Nota Comercial / CPR / Duplicata / Ativo Judicial;Captação finalizada
Girubank Unitoken #4;Unitoken;15/01/2026;181;R$ 34.467,28;R$ 34.449,33;R$ 17,95;R$ 34.467,28;R$ 0,00;;R$ 1,05;R$ 0,00;;;;0,0%;1,7%;"";15/08/2025;Girubank Securitizadora SA;AMFI COMPANHIA SECURITIZADORA DE CREDITOS FINANCEIROS I SA;Oferta Pública;Duplicata;Captação finalizada
Girubank Unitoken #5;Unitoken;15/01/2026;181;R$ 27.133,45;R$ 27.109,97;R$ 23,48;R$ 27.133,45;R$ 0,00;;R$ 1,04;R$ 0,00;;;;0,0%;1,7%;"";01/08/2025;Girubank Securitizadora SA;AMFI COMPANHIA SECURITIZADORA DE CREDITOS FINANCEIROS I SA;Oferta Pública;Duplicata;Captação finalizada
Teddy  Unitoken #19;Unitoken;15/01/2026;181;R$ 514.789,90;R$ 514.784,20;R$ 5,70;R$ 514.789,90;R$ 0,00;;R$ 1,09;R$ 0,00;;;;0,0%;2,1%;"";15/08/2025;TEDDY HUB DIGITAL LTDA;AMFI COMPANHIA SECURITIZADORA DE CREDITOS FINANCEIROS I SA;Oferta Pública;Duplicata;Captação finalizada
BMDC Unitoken #6;Unitoken;15/01/2026;181;R$ 3.850,05;R$ 0,00;R$ 3.850,05;R$ 3.850,05;R$ 0,00;;;R$ 0,00;;;;0,0%;1,7%;"";;BMDC SECURITIZADORA SA;AMFI COMPANHIA SECURITIZADORA DE CREDITOS FINANCEIROS I SA;;CCB;
Lebasq Unitoken #73;Unitoken;15/01/2026;181;R$ 9.296,94;R$ 9.296,95;R$ 0,00;R$ 9.296,94;R$ 0,00;;R$ 1,05;R$ 0,00;;;;0,0%;1,6%;"";15/08/2025;LEBASQ SECURITIZAÇÃO DE CRÉDITOS SA;AMFI COMPANHIA SECURITIZADORA DE CREDITOS FINANCEIROS I SA;Oferta Pública;Duplicata;Captação finalizada
Teddy  Unitoken #15;Unitoken;15/01/2026;181;R$ 141.362,26;R$ 140.911,80;R$ 450,46;R$ 141.362,26;R$ 0,00;;R$ 1,06;R$ 0,00;;;;0,0%;1,6%;"";15/08/2025;TEDDY HUB DIGITAL LTDA;AMFI COMPANHIA SECURITIZADORA DE CREDITOS FINANCEIROS I SA;Oferta Pública;Duplicata;Captação finalizada
Girubank Unitoken #9;Unitoken;21/01/2026;187;R$ 17.423,42;R$ 17.306,79;R$ 116,63;R$ 17.423,42;R$ 0,00;;R$ 1,06;R$ 0,00;;;;0,0%;1,7%;"";22/07/2025;Girubank Securitizadora SA;AMFI COMPANHIA SECURITIZADORA DE CREDITOS FINANCEIROS I SA;Oferta Pública;Duplicata;Captação finalizada
Girubank Unitoken #20;Unitoken;21/01/2026;187;R$ 20.215,87;R$ 20.211,73;R$ 4,14;R$ 20.215,87;R$ 0,00;;R$ 1,05;R$ 0,00;;;;0,0%;1,8%;"";16/09/2025;Girubank Securitizadora SA;AMFI COMPANHIA SECURITIZADORA DE CREDITOS FINANCEIROS I SA;Oferta Pública;Duplicata;Captação finalizada
Up Vendas Unitoken #7;Unitoken;26/01/2026;192;R$ 109.523,03;R$ 109.522,52;R$ 0,51;R$ 109.523,03;R$ 0,00;;R$ 1,07;R$ 0,00;;;;0,0%;1,6%;"";05/08/2025;Up Vendas;AMFI COMPANHIA SECURITIZADORA DE CREDITOS FINANCEIROS I SA;Oferta Pública;Recebível de Cartão;Captação finalizada
Conecta Lá Unitoken #142;Unitoken;26/01/2026;192;R$ 13.250,43;R$ 13.252,32;R$ 0,00;R$ 13.250,43;R$ 0,00;;R$ 1,06;R$ 0,00;;;;0,0%;1,7%;"";25/07/2025;FULL NINE DIGITAL CONSULTORIA S.A.;AMFI COMPANHIA SECURITIZADORA DE CREDITOS FINANCEIROS I SA;Oferta Pública;Duplicata;Captação finalizada
Lebasq Unitoken #70;Unitoken;26/01/2026;192;R$ 8.604,63;R$ 8.604,14;R$ 0,49;R$ 8.604,63;R$ 0,00;;R$ 1,05;R$ 0,00;;;;0,0%;1,6%;"";21/07/2025;LEBASQ SECURITIZAÇÃO DE CRÉDITOS SA;AMFI COMPANHIA SECURITIZADORA DE CREDITOS FINANCEIROS I SA;Oferta Pública;Duplicata;Captação finalizada
Lebasq Unitoken #63;Unitoken;26/01/2026;192;R$ 30.084,75;R$ 30.049,55;R$ 35,20;R$ 30.100,74;R$ 0,00;;R$ 1,04;R$ 0,00;;;;0,0%;1,6%;"";18/07/2025;LEBASQ SECURITIZAÇÃO DE CRÉDITOS SA;AMFI COMPANHIA SECURITIZADORA DE CREDITOS FINANCEIROS I SA;Oferta Pública;Duplicata;Captação finalizada
AFA CONSULTORIA DE CREDITO Unitoken #34;Unitoken;26/01/2026;192;R$ 700.893,18;R$ 700.579,04;R$ 314,14;R$ 700.893,18;R$ 0,00;;R$ 1,12;R$ 0,00;;;;0,0%;1,8%;"";26/01/2026;AFA CONSULTORIA DE CREDITO UNIPESSOAL LTDA;AMFI COMPANHIA SECURITIZADORA DE CREDITOS FINANCEIROS I SA;Oferta Pública;Duplicata;Captação finalizada
Girubank Unitoken #8;Unitoken;27/01/2026;193;R$ 48.990,04;R$ 48.956,54;R$ 33,50;R$ 48.990,04;R$ 0,00;;R$ 1,04;R$ 0,00;;;;0,0%;1,7%;"";28/07/2025;Girubank Securitizadora SA;AMFI COMPANHIA SECURITIZADORA DE CREDITOS FINANCEIROS I SA;Oferta Pública;Duplicata;Captação finalizada
AFA CONSULTORIA DE CREDITO Unitoken #3;Unitoken;29/01/2026;195;R$ 16.012,17;R$ 16.012,00;R$ 0,17;R$ 16.012,17;R$ 0,00;;R$ 1,09;R$ 0,00;;;;0,0%;1,4%;"";29/01/2026;AFA CONSULTORIA DE CREDITO UNIPESSOAL LTDA;AMFI COMPANHIA SECURITIZADORA DE CREDITOS FINANCEIROS I SA;Oferta Pública;Duplicata;Captação finalizada
Lebasq Unitoken #71;Unitoken;30/01/2026;196;R$ 53.150,28;R$ 53.148,71;R$ 1,57;R$ 53.150,28;R$ 0,00;;R$ 1,05;R$ 0,00;;;;0,0%;1,6%;"";05/08/2025;LEBASQ SECURITIZAÇÃO DE CRÉDITOS SA;AMFI COMPANHIA SECURITIZADORA DE CREDITOS FINANCEIROS I SA;Oferta Pública;Duplicata;Captação finalizada
Lebasq Unitoken #72;Unitoken;30/01/2026;196;R$ 8.608,47;R$ 8.608,11;R$ 0,36;R$ 8.608,47;R$ 0,00;;R$ 1,05;R$ 0,00;;;;0,0%;1,6%;"";05/08/2025;LEBASQ SECURITIZAÇÃO DE CRÉDITOS SA;AMFI COMPANHIA SECURITIZADORA DE CREDITOS FINANCEIROS I SA;Oferta Pública;Duplicata;Captação finalizada
LC Investe Pool #2;Pool;31/01/2026;197;R$ 994.710,10;R$ 838.542,16;R$ 156.167,94;R$ 848.774,09;R$ 0,00;R$ 4.500,00;R$ 1,13;R$ 66.823,61;15,7%;10,0%;;0,0%;2,2%;Concentração máx por sacado;05/01/2026;LC Investe LTDA;AMFI COMPANHIA SECURITIZADORA DE CREDITOS FINANCEIROS I SA;Oferta Pública;Ativo Judicial;Captação finalizada
Up Vendas #1;Pool;01/02/2026;198;R$ 0,00;R$ 0,01;R$ 0,00;R$ 0,00;R$ 0,00;;R$ 0,00;R$ 0,00;100,0%;20,0%;;0,0%;;"";;Up Vendas;AMFI COMPANHIA SECURITIZADORA DE CREDITOS FINANCEIROS I SA;Oferta Privada;Recebível de Cartão;Produto Encerrado
Girubank Unitoken #7;Unitoken;02/02/2026;199;R$ 53.715,88;R$ 53.681,59;R$ 34,29;R$ 53.715,88;R$ 0,00;;R$ 1,05;R$ 0,00;;;;0,0%;1,7%;"";22/07/2025;Girubank Securitizadora SA;AMFI COMPANHIA SECURITIZADORA DE CREDITOS FINANCEIROS I SA;Oferta Pública;Duplicata;Captação finalizada
Girubank Unitoken #15;Unitoken;02/02/2026;199;R$ 30.192,17;R$ 30.229,59;R$ 0,00;R$ 30.192,17;R$ 0,00;;R$ 1,05;R$ 0,00;;;;0,0%;1,8%;"";11/09/2025;Girubank Securitizadora SA;AMFI COMPANHIA SECURITIZADORA DE CREDITOS FINANCEIROS I SA;Oferta Pública;Duplicata;Captação finalizada
Girubank Unitoken #22;Unitoken;11/02/2026;208;R$ 35.624,41;R$ 35.607,08;R$ 17,33;R$ 35.624,41;R$ 0,00;;R$ 1,05;R$ 0,00;;;;0,0%;1,8%;"";12/08/2025;Girubank Securitizadora SA;AMFI COMPANHIA SECURITIZADORA DE CREDITOS FINANCEIROS I SA;Oferta Pública;Duplicata;Captação finalizada
BMDC Unitoken #9;Unitoken;15/02/2026;212;R$ 2.829,76;R$ 0,00;R$ 2.829,76;R$ 2.829,76;R$ 0,00;;;R$ 0,00;;;;0,0%;1,7%;"";;BMDC SECURITIZADORA SA;AMFI COMPANHIA SECURITIZADORA DE CREDITOS FINANCEIROS I SA;;CCB;
BMDC Unitoken #7;Unitoken;15/02/2026;212;R$ 6.730,11;R$ 0,00;R$ 6.730,11;R$ 6.730,11;R$ 0,00;;;R$ 0,00;;;;0,0%;1,7%;"";;BMDC SECURITIZADORA SA;AMFI COMPANHIA SECURITIZADORA DE CREDITOS FINANCEIROS I SA;;CCB;
BMDC Unitoken #4;Unitoken;15/02/2026;212;R$ 4.881,37;R$ 0,00;R$ 4.881,37;R$ 4.881,37;R$ 0,00;;;R$ 0,00;;;;0,0%;1,7%;"";;BMDC SECURITIZADORA SA;AMFI COMPANHIA SECURITIZADORA DE CREDITOS FINANCEIROS I SA;;CCB;
Girubank Unitoken #21;Unitoken;23/02/2026;220;R$ 5.811,67;R$ 5.803,81;R$ 7,86;R$ 5.811,67;R$ 0,00;;R$ 1,05;R$ 0,00;;;;0,0%;1,8%;"";12/08/2025;Girubank Securitizadora SA;AMFI COMPANHIA SECURITIZADORA DE CREDITOS FINANCEIROS I SA;Oferta Pública;Duplicata;Captação finalizada
Girubank Unitoken #25;Unitoken;23/02/2026;220;R$ 28.158,72;R$ 28.121,24;R$ 37,48;R$ 28.158,72;R$ 0,00;;R$ 1,04;R$ 0,00;;;;0,0%;1,8%;"";22/07/2025;Girubank Securitizadora SA;AMFI COMPANHIA SECURITIZADORA DE CREDITOS FINANCEIROS I SA;Oferta Pública;Duplicata;Captação finalizada
SuperSim Pool #1;Pool;27/02/2026;224;R$ 16.719.999,96;R$ 7.020.999,70;R$ 9.699.000,26;R$ 21.798.486,64;R$ 1.070.382,46;R$ 100.000,00;R$ 3,48;R$ 2.820.655,13;58,0%;35,0%;68,4%;8.134.450,4%;41,7%;"";27/01/2026;SUPERSIM ANÁLISE DE DADOS E CORRESPONDENTE BANCÁRIO LTDA;;Oferta Privada;CCB;Captação finalizada
Stockash (Educbank) Unitoken #3;Unitoken;28/02/2026;225;R$ 554.899,51;R$ 0,00;R$ 554.899,51;R$ 554.899,50;R$ 0,01;;;R$ 0,00;;;;0,0%;2,0%;"";;Stockash Consultoria em Credito LTDA;AMFI COMPANHIA SECURITIZADORA DE CREDITOS FINANCEIROS I SA;;Nota Comercial;
AFA CONSULTORIA DE CREDITO Unitoken #35;Unitoken;02/03/2026;227;R$ 338.476,68;R$ 338.339,37;R$ 137,31;R$ 338.476,68;R$ 0,00;;R$ 1,14;R$ 0,00;;;;0,0%;1,8%;"";02/03/2026;AFA CONSULTORIA DE CREDITO UNIPESSOAL LTDA;AMFI COMPANHIA SECURITIZADORA DE CREDITOS FINANCEIROS I SA;Oferta Pública;Duplicata;Captação finalizada
Mooney Pool #1;Pool;07/03/2026;232;R$ 6.735,16;R$ 0,01;R$ 6.735,15;R$ 69.945,81;R$ 1.735,16;R$ 5.000,00;R$ 9.198.122,91;R$ 0,00;100,0%;15,0%;1.038,5%;69.945,8%;8,8%;"";06/09/2025;Mooney S.A. Companhia Securitizadora;;Oferta Pública;Duplicata;Produto Encerrado
Teddy  Unitoken #17;Unitoken;16/03/2026;241;R$ 263.197,16;R$ 263.136,15;R$ 61,01;R$ 263.197,16;R$ 0,00;;R$ 1,14;R$ 0,00;;;;0,0%;1,6%;"";16/03/2026;TEDDY HUB DIGITAL LTDA;AMFI COMPANHIA SECURITIZADORA DE CREDITOS FINANCEIROS I SA;Oferta Pública;Duplicata;Captação finalizada
Lebasq Unitoken #48;Unitoken;16/03/2026;241;R$ 0,00;;;R$ 0,00;;;;R$ 0,00;;;;0,0%;;"";18/07/2025;LEBASQ SECURITIZAÇÃO DE CRÉDITOS SA;AMFI COMPANHIA SECURITIZADORA DE CREDITOS FINANCEIROS I SA;Oferta Pública;Duplicata;Cancelada
Allya Unitoken #3;Unitoken;18/03/2026;243;R$ 221.142,66;R$ 221.183,26;R$ 0,00;R$ 221.142,66;R$ 0,00;;R$ 1,07;R$ 0,00;;;;0,0%;1,8%;"";18/07/2025;ALLYA SERVIÇOS LTDA;AMFI REPRESENTAÇÃO OPERACIONAL LTDA;Oferta Pública;Nota Comercial;Captação finalizada
Girubank Unitoken #24;Unitoken;23/03/2026;248;R$ 80.728,78;R$ 80.720,48;R$ 8,30;R$ 80.728,78;R$ 0,00;;R$ 1,10;R$ 0,00;;;;0,0%;1,8%;"";16/10/2025;Girubank Securitizadora SA;AMFI COMPANHIA SECURITIZADORA DE CREDITOS FINANCEIROS I SA;Oferta Pública;Duplicata;Captação finalizada
Up Vendas Unitoken #6;Unitoken;31/03/2026;256;R$ 220.942,88;R$ 220.942,01;R$ 0,87;R$ 220.942,88;R$ 0,00;;R$ 1,09;R$ 0,00;;;;0,0%;1,6%;"";07/08/2025;Up Vendas;AMFI COMPANHIA SECURITIZADORA DE CREDITOS FINANCEIROS I SA;Oferta Pública;Recebível de Cartão;Captação finalizada
Tiba Unitoken #3 [Cancelado];Unitoken;13/04/2026;269;R$ 0,00;;;R$ 0,00;;;;R$ 0,00;;;;0,0%;;"";22/07/2025;TIBA ASSETS LTDA;AMFI COMPANHIA SECURITIZADORA DE CREDITOS FINANCEIROS I SA;Oferta Pública;CCB;Cancelada
Tiba Unitoken #3;Unitoken;13/04/2026;269;R$ 265.638,81;R$ 263.731,02;R$ 1.907,79;R$ 265.787,95;R$ 0,00;;R$ 1,06;R$ 0,00;;;;0,0%;1,7%;"";22/07/2025;TIBA ASSETS LTDA;AMFI COMPANHIA SECURITIZADORA DE CREDITOS FINANCEIROS I SA;Oferta Pública;CCB;Captação finalizada
Teddy  Unitoken #18;Unitoken;15/04/2026;271;R$ 258.785,15;R$ 258.782,34;R$ 2,81;R$ 258.785,15;R$ 0,00;;R$ 1,16;R$ 0,00;;;;0,0%;1,6%;"";15/04/2026;TEDDY HUB DIGITAL LTDA;AMFI COMPANHIA SECURITIZADORA DE CREDITOS FINANCEIROS I SA;Oferta Pública;Duplicata;Captação finalizada
Droom Unitoken #1;Unitoken;31/05/2026;317;R$ 274.101,22;R$ 0,00;R$ 274.101,22;R$ 273.826,95;R$ 0,01;;;R$ 0,00;;;;0,0%;1,4%;"";;GOUVEA E GOUVEA SOCIEDADE DE ADVOGADOS;AMFI COMPANHIA SECURITIZADORA DE CREDITOS FINANCEIROS I SA;;Ativo Judicial;
Up Vendas Unitoken #8;Unitoken;01/06/2026;318;R$ 162.205,37;R$ 162.269,40;R$ 0,00;R$ 162.205,37;R$ 0,00;;R$ 1,08;R$ 0,00;;;0,4%;0,0%;1,6%;"";21/07/2025;Up Vendas;AMFI COMPANHIA SECURITIZADORA DE CREDITOS FINANCEIROS I SA;Oferta Pública;Recebível de Cartão;Captação finalizada
Denali Tax Unitoken #2;Unitoken;04/06/2026;321;R$ 411.705,95;R$ 0,00;R$ 411.705,95;R$ 0,00;R$ 0,00;;;R$ 0,00;;;;0,0%;;"";;DENALI TAX CONSULTORIA LTDA;AMFI COMPANHIA SECURITIZADORA DE CREDITOS FINANCEIROS I SA;;Ativo Judicial;
Girubank Unitoken #11;Unitoken;11/06/2026;328;R$ 1.063,95;R$ 716,81;R$ 347,14;R$ 1.063,95;R$ 0,00;;R$ 1,64;R$ 0,00;;;;0,0%;1,7%;"";22/07/2025;Girubank Securitizadora SA;AMFI COMPANHIA SECURITIZADORA DE CREDITOS FINANCEIROS I SA;Oferta Pública;Duplicata;Captação finalizada
UnionNational Pool #3;Pool;18/06/2026;335;R$ 901.086,13;R$ 672.049,87;R$ 229.036,26;R$ 684.257,71;R$ 206.828,42;R$ 10.000,00;R$ 1,04;R$ 0,00;25,4%;20,0%;;0,0%;2,1%;"";18/06/2026;SECURITIZADORA DE CRÉDITOS FINANCEIROS S.A.;;Oferta Pública;Duplicata;Captação finalizada
Allya Unitoken #4;Unitoken;17/07/2026;364;R$ 338.919,52;R$ 338.891,37;R$ 28,15;R$ 338.919,52;R$ 0,00;;R$ 1,12;R$ 0,00;;;;0,0%;1,8%;"";18/08/2025;ALLYA SERVIÇOS LTDA;AMFI REPRESENTAÇÃO OPERACIONAL LTDA;Oferta Pública;Nota Comercial;Captação finalizada
BMDC Pool #1;Pool;22/08/2026;400;R$ 1.175.556,32;R$ 922.928,41;R$ 252.627,91;R$ 1.166.360,31;R$ 196,01;R$ 9.000,00;R$ 1,46;R$ 0,00;21,5%;20,0%;;0,0%;2,1%;"";22/09/2025;BMDC SECURITIZADORA SA;AMFI COMPANHIA SECURITIZADORA DE CREDITOS FINANCEIROS I SA;Oferta Pública;CCB;Captação finalizada
Formento Pool #1;Pool;15/09/2026;424;R$ 0,01;R$ 0,00;R$ 0,01;R$ 0,00;R$ 0,01;R$ 0,00;R$ 0,00;R$ 0,00;65,0%;20,0%;;0,0%;;Concentração máx por sacado;15/09/2026;Formento Securitizadora S.A.;AMFI COMPANHIA SECURITIZADORA DE CREDITOS FINANCEIROS I SA;Oferta Pública;Duplicata;Produto Encerrado
Digcap Pool #3;Pool;03/10/2026;442;R$ 2.256.492,08;R$ 1.393.728,14;R$ 862.763,93;R$ 2.232.221,79;R$ 19.058,14;R$ 5.000,00;R$ 2,00;R$ 0,00;38,2%;15,0%;9,7%;0,0%;4,5%;"";28/03/2026;Digcap Intermediação de Créditos Judiciais Ltda	;;Oferta Pública;Ativo Judicial;Captação finalizada
Formento Pool #2;Pool;23/10/2026;462;R$ 2.263.680,48;R$ 1.758.802,53;R$ 504.877,95;R$ 2.250.185,14;R$ 10.162,01;R$ 3.333,33;R$ 1,33;R$ 0,00;22,3%;20,0%;1,5%;0,0%;2,8%;"";23/10/2026;Formento Securitizadora S.A.;AMFI COMPANHIA SECURITIZADORA DE CREDITOS FINANCEIROS I SA;Oferta Pública;Duplicata;Captação finalizada
Rhino Pool #1;Pool;26/10/2026;465;R$ 0,00;;;R$ 0,00;;R$ 2.700,00;;R$ 0,00;;20,0%;;0,0%;;"";26/10/2026;Rhino Holding & Participacoes S.A;AMFI COMPANHIA SECURITIZADORA DE CREDITOS FINANCEIROS I SA;Oferta Pública;Duplicata;Cancelada
Pool Maralto #1;Pool;26/10/2026;465;R$ 44.023,86;R$ 48.036,27;R$ 0,00;R$ 0,00;R$ 0,01;R$ 0,00;R$ 0,00;R$ 0,00;;0,0%;;0,0%;;"";27/10/2026;AMFI CONSULTING LTDA;;Oferta Privada;Recebível de Cartão / CCB / Nota Comercial / CPR / Duplicata / Ativo Judicial;Captação finalizada
C4 Pool #1;Pool;27/10/2026;466;R$ 0,00;;;R$ 0,00;;R$ 0,00;;R$ 0,00;100,0%;40,0%;;0,0%;;"";23/07/2025;C4 CAPITAL SECURITIZADORA S/A;AMFI COMPANHIA SECURITIZADORA DE CREDITOS FINANCEIROS I SA;Oferta Pública;CCB;Produto Encerrado
DS Pool #2;Pool;11/11/2026;481;R$ 1.054.937,95;R$ 1.594.643,81;R$ 0,00;R$ 2.048.826,49;R$ 0,00;R$ 2.500,00;R$ 1,28;R$ 0,00;-51,2%;20,0%;194,2%;994.029,3%;3,2%;Concentração máx por sacado, Nível crítico de Subordinação da tranche Sênior;11/11/2026;COMPANHIA SECURITIZADORA X S.A;;Oferta Pública;Duplicata;Captação finalizada
Teddy  Unitoken #16;Unitoken;16/11/2026;486;R$ 0,00;;;R$ 0,00;;;;R$ 0,00;;;;0,0%;;"";15/12/2025;TEDDY HUB DIGITAL LTDA;AMFI COMPANHIA SECURITIZADORA DE CREDITOS FINANCEIROS I SA;Oferta Pública;Duplicata;Cancelada
Digcap Unitoken #4;Unitoken;27/11/2026;497;R$ 32.529,03;R$ 32.528,72;R$ 0,31;R$ 32.529,03;R$ 0,00;;R$ 1,38;R$ 0,00;;;;0,0%;2,0%;"";27/11/2026;Digcap Intermediação de Créditos Judiciais Ltda	;;Oferta Pública;Ativo Judicial;Captação finalizada
Zero Paralelo Pool #1;Pool;25/12/2026;525;R$ 47.819,00;R$ 0,00;R$ 0,00;R$ 0,00;R$ 0,00;R$ 0,00;;R$ 0,00;;0,0%;;0,0%;;"";25/12/2026;AMFI CONSULTING LTDA;;Oferta Pública;Recebível de Cartão / CCB / Nota Comercial / CPR / Duplicata / Ativo Judicial;Captação finalizada
Digcap Unitoken #3;Unitoken;30/12/2026;530;R$ 0,00;;;R$ 0,00;;;;R$ 0,00;;;;0,0%;;"";;Digcap Intermediação de Créditos Judiciais Ltda	;;;Ativo Judicial;
Digcap Unitoken #2;Unitoken;30/12/2026;530;R$ 80.926,26;R$ 0,00;R$ 80.926,26;R$ 80.926,26;R$ 0,00;;;R$ 0,00;;;;0,0%;1,8%;"";;Digcap Intermediação de Créditos Judiciais Ltda	;;;Ativo Judicial;
Conecta Lá Unitoken #119;Unitoken;26/01/2027;557;R$ 139.202,53;R$ 139.192,74;R$ 9,79;R$ 139.202,53;R$ 0,00;;R$ 1,21;R$ 0,00;;;;0,0%;1,6%;"";26/01/2026;FULL NINE DIGITAL CONSULTORIA S.A.;AMFI COMPANHIA SECURITIZADORA DE CREDITOS FINANCEIROS I SA;Oferta Pública;Duplicata;Captação finalizada
E-ctare Pool #1;Pool;28/02/2027;590;R$ 10.316.323,21;R$ 8.364.529,74;R$ 1.951.793,47;R$ 7.300.776,09;R$ 3.553.380,10;R$ 25.000,00;R$ 1,01;R$ 0,00;18,9%;20,0%;11,8%;562.833,0%;1,8%;Concentração máx por sacado, Percentual mínimo de garantias;28/07/2025;ECTARE PAY SERVICOS DE GESTAO DE PAGAMENTOS S/A,;;Oferta Privada;CPR / Duplicata;Captação finalizada
Credmei Pool #1;Pool;15/03/2027;605;R$ 20.231.634,54;R$ 18.124.344,52;R$ 2.107.290,02;R$ 18.398.685,51;R$ 0,00;R$ 0,00;R$ 1,04;R$ 0,00;10,4%;10,0%;3,3%;500.197,3%;3,0%;"";13/04/2026;CREDMEI SECURITIZADORA S/A;;Oferta Privada;Duplicata;Captação finalizada
BMDC Unitoken #11;Unitoken;16/03/2027;606;R$ 92.189,24;R$ 92.186,51;R$ 2,73;R$ 92.189,24;R$ 0,00;;R$ 1,21;R$ 0,00;;;;0,0%;1,8%;"";18/08/2025;BMDC SECURITIZADORA SA;AMFI COMPANHIA SECURITIZADORA DE CREDITOS FINANCEIROS I SA;Oferta Pública;CCB;Captação finalizada
Pool Nexo #1;Pool;26/03/2027;616;R$ 144.402,45;R$ 76.516,58;R$ 67.885,88;R$ 0,00;R$ 0,01;R$ 0,00;R$ 0,00;R$ 0,00;;5,0%;;0,0%;;"";26/03/2027;AMFI CONSULTING LTDA;;Oferta Privada;Recebível de Cartão / CCB / Nota Comercial / CPR / Duplicata / Ativo Judicial;Captação finalizada
a55 Cartão Pool #1;Pool;01/04/2027;622;R$ 12.620.881,25;R$ 0,00;R$ 12.620.881,25;R$ 12.339.911,16;R$ 280.875,93;R$ 0,00;;R$ 0,00;100,0%;1,0%;3,5%;0,0%;1,6%;"";;A55 PAYMENTS LTDA;AMFI COMPANHIA SECURITIZADORA DE CREDITOS FINANCEIROS I SA;Oferta Privada;Recebível de Cartão;Captação finalizada
Chronos Pool #1;Pool;14/06/2027;696;R$ 1.336.270,41;R$ 1.013.500,64;R$ 322.769,77;R$ 387.312,43;R$ 925.476,78;R$ 25.000,00;R$ 0,39;R$ 0,00;24,2%;25,0%;22,7%;1.518,8%;9,2%;Concentração máx por cedente em percentual;13/01/2027;CHRONOS SECURITIZADORA S/A;AMFI COMPANHIA SECURITIZADORA DE CREDITOS FINANCEIROS I SA;Oferta Privada;Duplicata;Captação finalizada
Faighus Pool #1;Pool;14/06/2027;696;R$ 1.665.919,27;R$ 1.020.734,88;R$ 645.184,39;R$ 1.626.392,90;R$ 16.270,66;R$ 25.000,00;R$ 1,71;R$ 0,00;38,7%;25,0%;2,3%;1.744,3%;6,6%;"";13/08/2025;FAIGHUS SECURITIZADORA S.A.;AMFI COMPANHIA SECURITIZADORA DE CREDITOS FINANCEIROS I SA;Oferta Privada;Duplicata;Em captação
Price Pool #1 ;Pool;24/06/2027;706;R$ 949.839,58;R$ 760.762,84;R$ 189.076,74;R$ 923.861,87;R$ 2.195,93;R$ 25.000,00;R$ 1,29;R$ 0,00;19,9%;20,0%;21,4%;1.218,2%;6,4%;Concentração máx por sacado, Concentração máx por cedente em percentual;24/07/2025;PRICE SECURITIZADORA S/A;;Oferta Privada;Duplicata;Captação finalizada
LeCapital Pool #2;Pool;08/07/2027;720;R$ 2.599.229,53;R$ 2.006.268,88;R$ 592.960,65;R$ 202.403,53;R$ 2.371.826,00;R$ 25.000,00;R$ 0,11;R$ 0,00;22,8%;20,0%;;0,0%;4,7%;"";08/08/2025;LECAPITAL SECURITIZADORA S/A;AMFI COMPANHIA SECURITIZADORA DE CREDITOS FINANCEIROS I SA;Oferta Privada;Duplicata / Nota Comercial / CCB;Em captação
Blipay Pool #2;Pool;13/07/2027;725;R$ 1.891.278,71;R$ 972.368,84;R$ 918.909,86;R$ 3.307.860,34;R$ 5.207,87;R$ 25.000,00;R$ 4,11;R$ 0,00;48,6%;30,0%;87,4%;1.202.866,3%;33,9%;"";13/02/2027;BLIPAY INTERMEDIACAO DE NEGOCIOS E TECNOLOGIA LTDA;AMFI COMPANHIA SECURITIZADORA DE CREDITOS FINANCEIROS I SA;Oferta Pública;CCB;Captação finalizada
BMDC Unitoken #14;Unitoken;05/08/2027;748;R$ 103.474,76;R$ 103.403,91;R$ 70,85;R$ 103.474,76;R$ 0,00;;R$ 1,26;R$ 0,00;;;;0,0%;1,8%;"";18/08/2025;BMDC SECURITIZADORA SA;AMFI COMPANHIA SECURITIZADORA DE CREDITOS FINANCEIROS I SA;Oferta Pública;CCB;Captação finalizada
Maralto Pool #2;Pool;06/08/2027;749;R$ 1.492.808,31;R$ 1.554.520,28;R$ 0,00;R$ 0,00;R$ 0,01;R$ 0,00;R$ 0,00;R$ 0,00;;0,0%;;0,0%;;"";06/08/2027;AMFI CONSULTING LTDA;;Oferta Privada;Recebível de Cartão / Nota Comercial / CPR / Duplicata / CCB / Ativo Judicial;Em captação
Plin Unitoken #8;Unitoken;18/10/2027;822;R$ 540.082,09;R$ 27.951,50;R$ 512.130,59;R$ 539.075,14;R$ 1.006,95;;R$ 25,72;R$ 0,00;;;;0,0%;1,7%;"";16/01/2026;GARANTIZA SOLUCOES FINANCEIRAS LTDA;AMFI REPRESENTAÇÃO OPERACIONAL LTDA;Oferta Pública;Nota Comercial;Em captação
Plin Unitoken #7;Unitoken;18/10/2027;822;R$ 536.728,59;R$ 536.724,14;R$ 4,45;R$ 536.728,59;R$ 0,00;;R$ 1,35;R$ 0,00;;;;0,0%;1,8%;"";16/01/2026;GARANTIZA SOLUCOES FINANCEIRAS LTDA;AMFI REPRESENTAÇÃO OPERACIONAL LTDA;Oferta Pública;Nota Comercial;Captação finalizada
BMDC Unitoken #15;Unitoken;18/10/2027;822;R$ 114.191,70;R$ 114.190,37;R$ 1,33;R$ 114.191,70;R$ 0,00;;R$ 1,28;R$ 0,00;;;;0,0%;1,8%;"";18/08/2025;BMDC SECURITIZADORA SA;AMFI COMPANHIA SECURITIZADORA DE CREDITOS FINANCEIROS I SA;Oferta Pública;CCB;Captação finalizada
BMDC Unitoken #10;Unitoken;18/10/2027;822;R$ 170.782,69;R$ 170.779,87;R$ 2,82;R$ 170.782,69;R$ 0,00;;R$ 1,26;R$ 0,00;;;;0,0%;1,8%;"";18/08/2025;BMDC SECURITIZADORA SA;AMFI COMPANHIA SECURITIZADORA DE CREDITOS FINANCEIROS I SA;Oferta Pública;CCB;Captação finalizada
Credmei Pool #2;Pool;28/10/2027;832;R$ 23.484.943,49;R$ 20.828.819,70;R$ 2.656.123,80;R$ 23.683.970,21;R$ 0,00;R$ 0,00;R$ 1,18;R$ 0,00;11,3%;10,0%;1,3%;199.026,7%;2,8%;"";14/10/2027;CREDMEI SECURITIZADORA S/A;;Oferta Privada;Duplicata;Captação finalizada
Peak Unitoken #1;Unitoken;15/11/2027;850;R$ 125.922,04;R$ 125.887,67;R$ 34,37;R$ 125.922,04;R$ 0,00;;R$ 1,26;R$ 0,00;;;4,3%;0,0%;1,7%;"";18/08/2025;PEAK SOCIEDADE DE EMPRESTIMO ENTRE PESSOAS;AMFI COMPANHIA SECURITIZADORA DE CREDITOS FINANCEIROS I SA;Oferta Pública;CCB;Captação finalizada
Consignado Público Peak Unitoken #2;Unitoken;15/11/2027;850;R$ 47.853,49;R$ 44.479,54;R$ 3.373,95;R$ 47.853,49;R$ 0,00;;R$ 1,35;R$ 0,00;;;4,3%;0,0%;1,7%;"";18/08/2025;PEAK SOCIEDADE DE EMPRESTIMO ENTRE PESSOAS;AMFI COMPANHIA SECURITIZADORA DE CREDITOS FINANCEIROS I SA;Oferta Pública;CCB;Captação finalizada
AmFi Renda Mensal;Pool;19/11/2027;854;R$ 4.662.748,38;R$ 1.996.141,91;R$ 586.961,87;R$ 0,00;R$ 0,01;R$ 0,00;R$ 0,00;R$ 0,00;;25,0%;;0,0%;;"";21/07/2025;AMFI CONSULTING LTDA;;Oferta Pública;CCB / Recebível de Cartão / Duplicata / Nota Comercial;Captação finalizada
Allya Unitoken #5;Unitoken;19/11/2027;854;R$ 454.657,35;R$ 454.648,72;R$ 8,63;R$ 454.657,35;R$ 0,00;;R$ 1,30;R$ 0,00;;;;0,0%;1,8%;"";19/09/2025;ALLYA SERVIÇOS LTDA;AMFI REPRESENTAÇÃO OPERACIONAL LTDA;Oferta Pública;Duplicata;Captação finalizada
B.Invest Pool #1;Pool;23/11/2027;858;R$ 46.208.116,62;R$ 38.445.781,98;R$ 6.065.863,84;R$ 40.419.450,11;R$ 4.933.545,34;R$ 18.000,00;R$ 1,11;R$ 1.006.751,28;16,8%;15,0%;4,1%;170.052,7%;3,1%;"";21/12/2026;B.Invest Securitizadora de Créditos S.A.;AMFI COMPANHIA SECURITIZADORA DE CREDITOS FINANCEIROS I SA;Oferta Privada;Duplicata;Em captação
Syntheo Pool #1;Pool;30/11/2027;865;R$ 0,00;R$ 0,00;R$ 0,00;R$ 0,00;R$ 0,00;R$ 3.225,00;;R$ 0,00;;30,0%;;0,0%;;"";28/12/2026;SYNTHÉO SECURITIZADORA DE CRÉDITOS S.A.;AMFI COMPANHIA SECURITIZADORA DE CREDITOS FINANCEIROS I SA;Oferta Pública;Duplicata;Cancelada
Formento Pool #4;Pool;02/12/2027;867;R$ 2.584.265,44;R$ 2.051.105,39;R$ 533.160,06;R$ 2.416.478,89;R$ 143.238,28;R$ 25.000,00;R$ 1,22;R$ 0,00;20,6%;20,0%;1,2%;451,7%;4,1%;"";02/08/2025;Formento Securitizadora S.A.;AMFI COMPANHIA SECURITIZADORA DE CREDITOS FINANCEIROS I SA;Oferta Privada;Duplicata;Captação finalizada
Baru Pool #2;Pool;10/12/2027;875;R$ 6.793.294,67;R$ 5.098.540,30;R$ 1.694.754,37;R$ 6.767.909,09;R$ 681,15;R$ 25.000,00;R$ 1,68;R$ 0,00;25,0%;25,0%;0,8%;295,6%;1,9%;Concentração máx por sacado;10/08/2025;GRIFFIN CAPITAL S.A. SECURITIZADORA;AMFI COMPANHIA SECURITIZADORA DE CREDITOS FINANCEIROS I SA;Oferta Privada;CCB;Captação finalizada
Consignado Público Peak Unitoken #3;Unitoken;15/12/2027;880;R$ 63.208,08;R$ 61.632,92;R$ 1.575,16;R$ 63.208,08;R$ 0,00;;R$ 1,30;R$ 0,00;;;4,2%;0,0%;1,7%;"";18/08/2025;PEAK SOCIEDADE DE EMPRESTIMO ENTRE PESSOAS;AMFI COMPANHIA SECURITIZADORA DE CREDITOS FINANCEIROS I SA;Oferta Pública;CCB;Captação finalizada
BMDC Pool #2;Pool;30/12/2027;895;R$ 730.666,31;R$ 530.894,54;R$ 199.771,77;R$ 538.032,48;R$ 167.633,83;R$ 25.000,00;R$ 1,35;R$ 0,00;27,3%;20,0%;;0,0%;2,0%;Concentração máx por sacado;30/12/2027;BMDC SECURITIZADORA SA;AMFI COMPANHIA SECURITIZADORA DE CREDITOS FINANCEIROS I SA;Oferta Pública;CCB;Em captação
UnionNational Pool #5;Pool;03/01/2028;899;R$ 9.832.950,69;R$ 7.669.769,65;R$ 2.163.181,05;R$ 8.066.953,89;R$ 1.747.964,28;R$ 30.000,00;R$ 1,08;R$ 0,00;22,0%;20,0%;1,9%;11.967,5%;2,1%;"";02/02/2027;SECURITIZADORA DE CRÉDITOS FINANCEIROS S.A.;;Oferta Privada;Duplicata;Em captação
Poenatela Pool #1;Pool;03/01/2028;899;R$ 11.397.950,65;R$ 8.236.047,13;R$ 3.161.903,52;R$ 10.433.066,68;R$ 988.292,95;R$ 22.500,00;R$ 1,30;R$ 0,00;27,7%;20,0%;8,7%;45.909,0%;3,7%;"";02/02/2027;RM2 SECURITIZADORA S.A;AMFI COMPANHIA SECURITIZADORA DE CREDITOS FINANCEIROS I SA;Oferta Privada;Duplicata;Captação finalizada
Cia Paulista Pool #1;Pool;11/01/2028;907;R$ 1.940.045,61;R$ 1.500.000,00;R$ 440.045,61;R$ 22.042,33;R$ 1.893.003,28;R$ 25.000,00;R$ 0,02;R$ 0,00;22,7%;20,0%;;0,0%;6,4%;"";11/02/2027;COMPANHIA PAULISTA DE CREDITO SECURITIZADORA s A;Companhia Securitizadora X S.A;Oferta Privada;Duplicata;Pré-captação
Digcap Pool #4;Pool;14/02/2028;941;R$ 1.829.406,53;R$ 1.617.879,31;R$ 211.527,22;R$ 1.823.921,08;R$ 0,00;R$ 15.000,00;R$ 1,79;R$ 0,00;11,6%;10,0%;;0,0%;3,7%;"";14/02/2028;Digcap Intermediação de Créditos Judiciais Ltda	;;Oferta Pública;Ativo Judicial;Captação finalizada
a55 Cartão Pool #2;Pool;14/02/2028;941;R$ 11.870.377,10;R$ 10.691.491,71;R$ 1.178.885,39;R$ 11.546.960,83;R$ 306.512,65;R$ 25.000,00;R$ 1,09;R$ 0,00;9,9%;10,0%;0,2%;10,5%;1,6%;"";14/09/2027;A55 PAYMENTS LTDA;AMFI COMPANHIA SECURITIZADORA DE CREDITOS FINANCEIROS I SA;Oferta Privada;Recebível de Cartão;Captação finalizada
Formento Pool #3;Pool;01/03/2028;957;R$ 2.618.346,83;R$ 2.084.557,96;R$ 533.788,87;R$ 2.596.885,89;R$ 15.210,94;R$ 6.250,00;R$ 1,28;R$ 0,00;20,4%;20,0%;1,9%;0,0%;2,3%;"";30/09/2025;Formento Securitizadora S.A.;AMFI COMPANHIA SECURITIZADORA DE CREDITOS FINANCEIROS I SA;Oferta Privada;Duplicata;Captação finalizada
AFA Pool #1;Pool;07/03/2028;963;R$ 27.091.081,59;R$ 21.328.249,66;R$ 2.002.694,71;R$ 5.202.640,27;R$ 2.912.472,42;R$ 30.000,00;R$ 0,25;R$ 19.143.398,18;21,3%;25,0%;0,9%;4.626,6%;2,6%;"";07/10/2026;AFA CONSULTORIA DE CREDITO UNIPESSOAL LTDA;AMFI COMPANHIA SECURITIZADORA DE CREDITOS FINANCEIROS I SA;Oferta Privada;Duplicata;Captação finalizada
LeCapital Pool #1;Pool;17/03/2028;973;R$ 8.786.447,29;R$ 6.579.730,29;R$ 2.206.717,00;R$ 2.299.533,01;R$ 4.637.713,55;R$ 30.000,00;R$ 0,36;R$ 1.819.200,73;25,1%;25,0%;;0,0%;3,6%;"";17/10/2026;LECAPITAL SECURITIZADORA S/A;AMFI COMPANHIA SECURITIZADORA DE CREDITOS FINANCEIROS I SA;Oferta Privada;Duplicata;Captação finalizada
BMDC Unitoken #13;Unitoken;17/04/2028;1004;R$ 0,00;;;R$ 0,00;;;;R$ 0,00;;;;0,0%;;"";18/08/2025;BMDC SECURITIZADORA SA;AMFI COMPANHIA SECURITIZADORA DE CREDITOS FINANCEIROS I SA;Oferta Pública;CCB;Cancelada
BMDC Unitoken #12;Unitoken;28/04/2028;1015;R$ 371.124,10;R$ 370.995,80;R$ 128,30;R$ 371.124,10;R$ 0,00;;R$ 1,31;R$ 0,00;;;;0,0%;1,8%;"";18/07/2025;BMDC SECURITIZADORA SA;AMFI COMPANHIA SECURITIZADORA DE CREDITOS FINANCEIROS I SA;Oferta Pública;CCB;Captação finalizada
Up Vendas Pool #2;Pool;28/04/2028;1015;R$ 5.138.882,07;R$ 3.485.279,53;R$ 1.653.602,54;R$ 5.176.638,84;R$ 6.854,65;R$ 7.500,00;R$ 1,55;R$ 0,00;32,2%;20,0%;;0,0%;1,8%;"";31/05/2027;Up Vendas;AMFI COMPANHIA SECURITIZADORA DE CREDITOS FINANCEIROS I SA;Oferta Privada;Recebível de Cartão;Em captação
AmFi Renda Mensal #2;Pool;05/06/2028;1053;R$ 281.229,62;R$ 159.978,12;R$ 91.241,59;R$ 0,00;R$ 0,01;R$ 0,00;R$ 0,00;R$ 0,00;;25,0%;;0,0%;;"";05/08/2025;AMFI CONSULTING LTDA;;Oferta Pública;Duplicata / CPR / Nota Comercial / CCB / Ativo Judicial;Em captação
 LC INVESTE Private;Pool;31/08/2028;1140;R$ 457,80;R$ 0,00;R$ 457,80;R$ 0,00;R$ 457,80;R$ 0,00;;R$ 0,00;100,0%;99,0%;;0,0%;;"";;LC Investe LTDA;AMFI COMPANHIA SECURITIZADORA DE CREDITOS FINANCEIROS I SA;Oferta Privada;Ativo Judicial;Captação finalizada
Pool Nexo #2;Pool;31/03/2029;1352;R$ 635.668,49;R$ 638.676,24;R$ 0,00;R$ 0,00;R$ 0,01;R$ 0,00;R$ 0,00;R$ 0,00;;0,0%;;0,0%;;"";31/03/2029;AMFI CONSULTING LTDA;;Oferta Privada;Recebível de Cartão / CCB / Nota Comercial / CPR / Duplicata / Ativo Judicial;Em captação
AmFi High Yield Pool #1;Pool;18/06/2029;1431;R$ 0,00;;;R$ 0,00;;R$ 1.500,00;;R$ 0,00;;;;0,0%;;"";;AMFI CONSULTING LTDA;;;CCB / Ativo Judicial / Nota Comercial / Recebível de Cartão / CPR;
FD Ventures #1;Unitoken;15/05/2030;1762;R$ 4.523.051,67;R$ 0,00;R$ 4.523.051,67;R$ 969.882,74;R$ 62.453,44;R$ 0,00;;R$ 3.490.715,49;;;;0,0%;1,4%;"";;Stockash Consultoria em Credito LTDA;AMFI COMPANHIA SECURITIZADORA DE CREDITOS FINANCEIROS I SA;;Nota Comercial;
Netspaces 1;Unitoken;11/08/2038;4772;R$ 123.929,20;R$ 0,00;R$ 123.929,20;R$ 0,00;R$ 0,00;R$ 0,00;;R$ 123.929,20;;;;0,0%;;"";;NETSPACES GESTAO DIGITAL DE PATRIMONIO E RENDA LTDA.;;;CCB;
Brás Capital Bridge Loans #1;Pool;;;R$ 0,00;;;R$ 0,00;;R$ 0,00;;R$ 0,00;;;;0,0%;;"";;(inoperante agent antigo pool inoperante) Brás Capital LTDA;;Oferta Privada;"";
AmFi Alta Liquidez #2;Pool;;;R$ 3.881.721,47;R$ 2.094.148,20;R$ 568.799,53;R$ 0,00;R$ 0,00;R$ 0,00;R$ 0,00;R$ 0,00;;40,0%;;0,0%;;"";;AMFI CONSULTING LTDA;;Oferta Pública;Recebível de Cartão / CCB / Nota Comercial / CPR / Duplicata / Ativo Judicial;Em captação
ABRL Stake Pool;Pool;;;R$ 0,00;R$ 0,00;R$ 0,00;R$ 0,00;R$ 0,00;R$ 0,00;;R$ 0,00;;;;0,0%;;"";;AMFI CONSULTING LTDA;;;CCB;
AmFi Alta Liquidez;Pool;;;R$ 4.974.372,41;R$ 2.166.392,37;R$ 1.045.932,45;R$ 0,00;R$ 0,00;R$ 0,00;R$ 0,00;R$ 0,00;;40,0%;;0,0%;;"";;AMFI CONSULTING LTDA;;Oferta Pública;Recebível de Cartão / Nota Comercial / CCB / CPR / Ativo Judicial / Duplicata;Captação finalizada
Sector Condo #1;Pool;;;R$ 0,00;;;R$ 0,00;;R$ 0,00;;R$ 0,00;;100,0%;;0,0%;;"";;SECTOR TECNOLOGIA EM COBRANCA LTDA;;Oferta Privada;"";
