Nome;Tipo de Produto;Data de vencimento;Prazo até o vencimento;PL;SR;JR;Carteira;Caixa Livre;Fundo de Reserva;R.G.;Saldo em Aplicações;I.S.;I.S. (Tranche);% de Atraso;% de PDD;Rentabilidade Média Ativos %;Desenquadramentos;Próximo Pagamento;Originador;Emissor;Tipo de Oferta Sênior;Tipos de Ativos;Status do Pool
UnionNational #4;Unitoken;22/09/2023;-666;R$ 0,00;;;R$ 0,00;;R$ 0,00;;R$ 0,00;;;;0,0%;;"";;SECURITIZADORA DE CRÉDITOS FINANCEIROS S.A.;;;Duplicata;
UnionNational #1;Unitoken;25/09/2023;-663;R$ 0,00;;;R$ 0,00;;R$ 0,00;;R$ 0,00;;;;0,0%;;"";;SECURITIZADORA DE CRÉDITOS FINANCEIROS S.A.;;;Duplicata;
UnionNational #2;Unitoken;29/09/2023;-659;R$ 0,00;;;R$ 0,00;;R$ 0,00;;R$ 0,00;;;;0,0%;;"";;SECURITIZADORA DE CRÉDITOS FINANCEIROS S.A.;;;Duplicata;
UnionNational #5;Unitoken;06/11/2023;-621;R$ 0,00;;;R$ 0,00;;R$ 0,00;;R$ 0,00;;;;0,0%;;"";;SECURITIZADORA DE CRÉDITOS FINANCEIROS S.A.;;;Duplicata;
UnionNational #7;Unitoken;06/11/2023;-621;R$ 0,00;;;R$ 0,00;;R$ 0,00;;R$ 0,00;;;;0,0%;;"";;SECURITIZADORA DE CRÉDITOS FINANCEIROS S.A.;;;Duplicata;
UnionNational #6;Unitoken;06/11/2023;-621;R$ 0,00;;;R$ 0,00;;R$ 0,00;;R$ 0,00;;;;0,0%;;"";;SECURITIZADORA DE CRÉDITOS FINANCEIROS S.A.;;;Duplicata;
UnionNational #3;Unitoken;06/11/2023;-621;R$ 0,00;;;R$ 0,00;;R$ 0,00;;R$ 0,00;;;;0,0%;;"";;SECURITIZADORA DE CRÉDITOS FINANCEIROS S.A.;;;Duplicata;
Transcarvalho #1;Unitoken;07/11/2023;-620;R$ 0,00;;;R$ 0,00;;R$ 0,00;;R$ 0,00;;;;0,0%;;"";;Transcarvalho;;;Duplicata;
UnionNational #13;Unitoken;10/11/2023;-617;R$ 0,00;;;R$ 0,00;;R$ 0,00;;R$ 0,00;;;;0,0%;;"";;SECURITIZADORA DE CRÉDITOS FINANCEIROS S.A.;;;Duplicata;
UnionNational #12;Unitoken;13/11/2023;-614;R$ 0,00;;;R$ 0,00;;R$ 0,00;;R$ 0,00;;;;0,0%;;"";;SECURITIZADORA DE CRÉDITOS FINANCEIROS S.A.;;;Duplicata;
UnionNational #11;Unitoken;13/11/2023;-614;R$ 0,00;;;R$ 0,00;;R$ 0,00;;R$ 0,00;;;;0,0%;;"";;SECURITIZADORA DE CRÉDITOS FINANCEIROS S.A.;;;Duplicata;
Clickpay #1;Unitoken;14/11/2023;-613;R$ 0,00;;;R$ 0,00;;;;R$ 0,00;;;;0,0%;;"";;CLICK SECURITIZADORA S.A.;AMFI COMPANHIA SECURITIZADORA DE CREDITOS FINANCEIROS I SA;;Duplicata;
UnionNational #8;Unitoken;16/11/2023;-611;R$ 0,00;;;R$ 0,00;;R$ 0,00;;R$ 0,00;;;;0,0%;;"";;SECURITIZADORA DE CRÉDITOS FINANCEIROS S.A.;;;Duplicata;
UnionNational #9;Unitoken;17/11/2023;-610;R$ 0,00;;;R$ 0,00;;R$ 0,00;;R$ 0,00;;;;0,0%;;"";;SECURITIZADORA DE CRÉDITOS FINANCEIROS S.A.;;;Duplicata;
UnionNational #10;Unitoken;20/11/2023;-607;R$ 0,00;;;R$ 0,00;;R$ 0,00;;R$ 0,00;;;;0,0%;;"";;SECURITIZADORA DE CRÉDITOS FINANCEIROS S.A.;;;Duplicata;
 UnionNational #16;Unitoken;20/11/2023;-607;R$ 0,00;;;R$ 0,00;;R$ 0,00;;R$ 0,00;;;;0,0%;;"";;SECURITIZADORA DE CRÉDITOS FINANCEIROS S.A.;;;Duplicata;
UnionNational #14;Unitoken;23/11/2023;-604;R$ 0,00;;;R$ 0,00;;R$ 0,00;;R$ 0,00;;;;0,0%;;"";;SECURITIZADORA DE CRÉDITOS FINANCEIROS S.A.;;;Duplicata;
 UnionNational #20;Unitoken;24/11/2023;-603;R$ 0,00;;;R$ 0,00;;R$ 0,00;;R$ 0,00;;;;0,0%;;"";;SECURITIZADORA DE CRÉDITOS FINANCEIROS S.A.;;;Duplicata;
UnionNational #15;Unitoken;07/12/2023;-590;R$ 0,00;;;R$ 0,00;;R$ 0,00;;R$ 0,00;;;;0,0%;;"";;SECURITIZADORA DE CRÉDITOS FINANCEIROS S.A.;;;Duplicata;
UnionNational #18;Unitoken;12/12/2023;-585;R$ 0,00;;;R$ 0,00;;R$ 0,00;;R$ 0,00;;;;0,0%;;"";;SECURITIZADORA DE CRÉDITOS FINANCEIROS S.A.;;;Duplicata;
UnionNational #17;Unitoken;15/12/2023;-582;R$ 0,00;;;R$ 0,00;;R$ 0,00;;R$ 0,00;;;;0,0%;;"";;SECURITIZADORA DE CRÉDITOS FINANCEIROS S.A.;;;Duplicata;
Fiducia #1;Unitoken;20/12/2023;-577;R$ 0,00;;;R$ 0,00;;R$ 0,00;;R$ 0,00;;;;0,0%;;"";;FIDUCIA;;;CCB;
UnionNational #19;Unitoken;26/12/2023;-571;R$ 0,00;;;R$ 0,00;;R$ 0,00;;R$ 0,00;;;;0,0%;;"";;SECURITIZADORA DE CRÉDITOS FINANCEIROS S.A.;;;Duplicata;
Learnbase #1;Unitoken;01/01/2024;-565;R$ 0,00;;;R$ 0,00;;;;R$ 0,00;;;;0,0%;;"";;Learnbase Gestão e Consultoria Educacional S.A.;AMFI COMPANHIA SECURITIZADORA DE CREDITOS FINANCEIROS I SA;;Duplicata;
UnionNational #21;Unitoken;10/01/2024;-556;R$ 0,00;;;R$ 0,00;;R$ 0,00;;R$ 0,00;;;;0,0%;;"";;SECURITIZADORA DE CRÉDITOS FINANCEIROS S.A.;;;Duplicata;
Union Aluguel #1;Unitoken;10/01/2024;-556;R$ 0,00;;;R$ 0,00;;R$ 0,00;;R$ 0,00;;;;0,0%;;"";;SECURITIZADORA DE CRÉDITOS FINANCEIROS S.A.;;;Duplicata;
 a55 Unitoken #6;Unitoken;14/01/2024;-552;R$ 0,00;;;R$ 0,00;;;;R$ 0,00;;;;0,0%;;"";;a55 Consultoria em Credito Ltda.;AMFI COMPANHIA SECURITIZADORA DE CREDITOS FINANCEIROS I SA;;Duplicata;
UnionNational #23;Unitoken;17/01/2024;-549;R$ 0,00;;;R$ 0,00;;;;R$ 0,00;;;;0,0%;;"";;SECURITIZADORA DE CRÉDITOS FINANCEIROS S.A.;;;Duplicata;
UnionNational #22;Unitoken;18/01/2024;-548;R$ 0,00;;;R$ 0,00;;;;R$ 0,00;;;;0,0%;;"";;SECURITIZADORA DE CRÉDITOS FINANCEIROS S.A.;;;Duplicata;
a55 Unitoken #1;Unitoken;30/01/2024;-536;R$ 0,00;;;R$ 0,00;;;;R$ 0,00;;;;0,0%;;"";;a55 Consultoria em Credito Ltda.;AMFI COMPANHIA SECURITIZADORA DE CREDITOS FINANCEIROS I SA;;Duplicata;
Unitoken MMK Partners #1;Unitoken;05/02/2024;-530;R$ 0,00;;;R$ 0,00;;;;R$ 0,00;;;;0,0%;;"";;MMK Partners;AMFI COMPANHIA SECURITIZADORA DE CREDITOS FINANCEIROS I SA;;Duplicata;
Learnbase #2;Unitoken;05/02/2024;-530;R$ 0,00;;;R$ 0,00;;;;R$ 0,00;;;;0,0%;;"";;Learnbase Gestão e Consultoria Educacional S.A.;AMFI COMPANHIA SECURITIZADORA DE CREDITOS FINANCEIROS I SA;;Duplicata;
Plin #1;Pool;11/02/2024;-524;R$ 0,00;;;R$ 0,00;;R$ 0,00;;R$ 0,00;;1,0%;;0,0%;;"";;GARANTIZA SOLUCOES FINANCEIRAS LTDA;AMFI REPRESENTAÇÃO OPERACIONAL LTDA;Oferta Privada;CCB;Produto Encerrado
a55 Unitoken #3;Unitoken;14/02/2024;-521;R$ 0,00;;;R$ 0,00;;;;R$ 0,00;;;;0,0%;;"";;a55 Consultoria em Credito Ltda.;AMFI COMPANHIA SECURITIZADORA DE CREDITOS FINANCEIROS I SA;;Duplicata;
a55 Unitoken #7;Unitoken;15/02/2024;-520;R$ 0,00;;;R$ 0,00;;;;R$ 0,00;;;;0,0%;;"";;a55 Consultoria em Credito Ltda.;AMFI COMPANHIA SECURITIZADORA DE CREDITOS FINANCEIROS I SA;;"";
a55 Unitoken #2;Unitoken;15/02/2024;-520;R$ 0,00;;;R$ 0,00;;;;R$ 0,00;;;;0,0%;;"";;a55 Consultoria em Credito Ltda.;AMFI COMPANHIA SECURITIZADORA DE CREDITOS FINANCEIROS I SA;;Duplicata;
UnionNational Unitoken #24;Unitoken;16/02/2024;-519;R$ 0,00;;;R$ 0,00;;;;R$ 0,00;;;;0,0%;;"";;SECURITIZADORA DE CRÉDITOS FINANCEIROS S.A.;;;Duplicata;
Plin #2;Pool;17/02/2024;-518;R$ 0,00;;;R$ 0,00;;R$ 0,00;;R$ 0,00;;1,0%;;0,0%;;"";;GARANTIZA SOLUCOES FINANCEIRAS LTDA;AMFI REPRESENTAÇÃO OPERACIONAL LTDA;Oferta Privada;CCB;Captação finalizada
Clickpay Unitoken #2;Unitoken;21/02/2024;-514;R$ 0,00;;;R$ 0,00;;;;R$ 0,00;;;;0,0%;;"";;CLICK SECURITIZADORA S.A.;AMFI COMPANHIA SECURITIZADORA DE CREDITOS FINANCEIROS I SA;;Duplicata;
Learnbase #3;Unitoken;21/02/2024;-514;R$ 0,00;;;R$ 0,00;;;;R$ 0,00;;;;0,0%;;"";;Learnbase Gestão e Consultoria Educacional S.A.;AMFI COMPANHIA SECURITIZADORA DE CREDITOS FINANCEIROS I SA;;Duplicata;
a55 Unitoken #4;Unitoken;27/02/2024;-508;R$ 0,00;;;R$ 0,00;;;;R$ 0,00;;;;0,0%;;"";;a55 Consultoria em Credito Ltda.;AMFI COMPANHIA SECURITIZADORA DE CREDITOS FINANCEIROS I SA;;Duplicata;
Clickpay Unitoken #5;Unitoken;03/03/2024;-503;R$ 0,00;;;R$ 0,00;;;;R$ 0,00;;;;0,0%;;"";;CLICK SECURITIZADORA S.A.;AMFI COMPANHIA SECURITIZADORA DE CREDITOS FINANCEIROS I SA;;Duplicata;
a55 Unitoken #5;Unitoken;05/03/2024;-501;R$ 0,00;;;R$ 0,00;;;;R$ 0,00;;;;0,0%;;"";;a55 Consultoria em Credito Ltda.;AMFI COMPANHIA SECURITIZADORA DE CREDITOS FINANCEIROS I SA;;Duplicata;
Clickpay Unitoken #4;Unitoken;06/03/2024;-500;R$ 0,00;;;R$ 0,00;;;;R$ 0,00;;;;0,0%;;"";;CLICK SECURITIZADORA S.A.;AMFI COMPANHIA SECURITIZADORA DE CREDITOS FINANCEIROS I SA;;Duplicata;
Plin #3;Pool;07/03/2024;-499;R$ 0,00;;;R$ 0,00;;;;R$ 0,00;;1,0%;;0,0%;;"";;GARANTIZA SOLUCOES FINANCEIRAS LTDA;AMFI REPRESENTAÇÃO OPERACIONAL LTDA;Oferta Privada;CCB;Captação finalizada
a55 Unitoken #11;Unitoken;08/03/2024;-498;R$ 0,00;;;R$ 0,00;;;;R$ 0,00;;;;0,0%;;"";;a55 SECURITIZADORA S.A.;a55 SECURITIZADORA S.A.;;Duplicata;
a55 Unitoken #10;Unitoken;08/03/2024;-498;R$ 0,00;;;R$ 0,00;;;;R$ 0,00;;;;0,0%;;"";;a55 SECURITIZADORA S.A.;a55 SECURITIZADORA S.A.;;Duplicata;
a55 Unitoken #9;Unitoken;15/03/2024;-491;R$ 0,00;;;R$ 0,00;;;;R$ 0,00;;;;0,0%;;"";;a55 SECURITIZADORA S.A.;a55 SECURITIZADORA S.A.;;Duplicata;
Plin #4;Pool;16/03/2024;-490;R$ 0,00;;;R$ 0,00;;;;R$ 0,00;;1,0%;;0,0%;;"";;GARANTIZA SOLUCOES FINANCEIRAS LTDA;AMFI REPRESENTAÇÃO OPERACIONAL LTDA;Oferta Privada;CCB;Produto Encerrado
a55 Unitoken #17;Unitoken;19/03/2024;-487;R$ 0,00;;;R$ 0,00;;;;R$ 0,00;;;;0,0%;;"";;a55 SECURITIZADORA S.A.;a55 SECURITIZADORA S.A.;;"";
a55 Unitoken #8;Unitoken;20/03/2024;-486;R$ 0,00;;;R$ 0,00;;;;R$ 0,00;;;;0,0%;;"";;a55 Consultoria em Credito Ltda.;AMFI COMPANHIA SECURITIZADORA DE CREDITOS FINANCEIROS I SA;;"";
a55 Unitoken #12;Unitoken;25/03/2024;-481;R$ 0,00;;;R$ 0,00;;;;R$ 0,00;;;;0,0%;;"";;a55 SECURITIZADORA S.A.;a55 SECURITIZADORA S.A.;;Duplicata;
Clickpay Unitoken #3;Unitoken;25/03/2024;-481;R$ 0,00;;;R$ 0,00;;;;R$ 0,00;;;;0,0%;;"";;CLICK SECURITIZADORA S.A.;AMFI COMPANHIA SECURITIZADORA DE CREDITOS FINANCEIROS I SA;;Duplicata;
a55 Unitoken #18;Unitoken;26/03/2024;-480;R$ 0,00;;;R$ 0,00;;;;R$ 0,00;;;;0,0%;;"";;a55 SECURITIZADORA S.A.;a55 SECURITIZADORA S.A.;;"";
a55 Unitoken #20;Unitoken;27/03/2024;-479;R$ 0,00;;;R$ 0,00;;;;R$ 0,00;;;;0,0%;;"";;a55 SECURITIZADORA S.A.;a55 SECURITIZADORA S.A.;;"";
Unitoken MMK #2;Unitoken;29/03/2024;-477;R$ 0,00;;;R$ 0,00;;;;R$ 0,00;;;;0,0%;;"";;MMK Partners;AMFI COMPANHIA SECURITIZADORA DE CREDITOS FINANCEIROS I SA;;Duplicata;
a55 Unitoken #16;Unitoken;06/04/2024;-469;R$ 0,00;;;R$ 0,00;;;;R$ 0,00;;;;0,0%;;"";;a55 SECURITIZADORA S.A.;a55 SECURITIZADORA S.A.;;Duplicata;
a55 Unitoken #13;Unitoken;06/04/2024;-469;R$ 0,00;;;R$ 0,00;;;;R$ 0,00;;;;0,0%;;"";;a55 SECURITIZADORA S.A.;a55 SECURITIZADORA S.A.;;Duplicata;
a55 Unitoken #14;Unitoken;06/04/2024;-469;R$ 0,00;;;R$ 0,00;;;;R$ 0,00;;;;0,0%;;"";;a55 SECURITIZADORA S.A.;a55 SECURITIZADORA S.A.;;Duplicata;
a55 Unitoken #15;Unitoken;06/04/2024;-469;R$ 0,00;;;R$ 0,00;;;;R$ 0,00;;;;0,0%;;"";;a55 SECURITIZADORA S.A.;a55 SECURITIZADORA S.A.;;Duplicata;
Fiducia #2;Unitoken;15/04/2024;-460;R$ 0,00;;;R$ 0,00;;R$ 0,00;;R$ 0,00;;;;0,0%;;"";;FIDUCIA;;;CCB;
PoeNaTela Unitoken #1;Unitoken;15/04/2024;-460;R$ 0,00;;;R$ 0,00;;;;R$ 0,00;;;;0,0%;;"";;RM2 Asset Fomento Mercantil Ltda;AMFI COMPANHIA SECURITIZADORA DE CREDITOS FINANCEIROS I SA;;Duplicata;
LC INVESTE #2;Unitoken;22/04/2024;-453;R$ 0,00;;;R$ 0,00;;R$ 0,00;;R$ 0,00;;;;0,0%;;"";;LC Investe LTDA;AMFI COMPANHIA SECURITIZADORA DE CREDITOS FINANCEIROS I SA;;Ativo Judicial;
LEARNBASE Unitoken #5;Unitoken;22/04/2024;-453;R$ 0,00;;;R$ 0,00;;;;R$ 0,00;;;;0,0%;;"";;Learnbase Gestão e Consultoria Educacional S.A.;AMFI COMPANHIA SECURITIZADORA DE CREDITOS FINANCEIROS I SA;;Duplicata;
Clickpay Unitoken #7;Unitoken;26/04/2024;-449;R$ 0,00;;;R$ 0,00;;;;R$ 0,00;;;;0,0%;;"";;CLICK SECURITIZADORA S.A.;AMFI COMPANHIA SECURITIZADORA DE CREDITOS FINANCEIROS I SA;;Duplicata;
Conecta Lá Unitoken  #2 - Eletrolux;Unitoken;30/04/2024;-445;R$ 0,00;;;R$ 0,00;;;;R$ 0,00;;;;0,0%;;"";;FULL NINE DIGITAL CONSULTORIA S.A.;AMFI COMPANHIA SECURITIZADORA DE CREDITOS FINANCEIROS I SA;;Duplicata;
Conecta Lá Unitoken #4 - Selia;Unitoken;06/05/2024;-439;R$ 0,00;;;R$ 0,00;;;;R$ 0,00;;;;0,0%;;"";;FULL NINE DIGITAL CONSULTORIA S.A.;AMFI COMPANHIA SECURITIZADORA DE CREDITOS FINANCEIROS I SA;;Duplicata;
Conecta Lá Unitoken #1 - Casas Bahia;Unitoken;06/05/2024;-439;R$ 0,00;;;R$ 0,00;;;;R$ 0,00;;;;0,0%;;"";;FULL NINE DIGITAL CONSULTORIA S.A.;AMFI COMPANHIA SECURITIZADORA DE CREDITOS FINANCEIROS I SA;;Duplicata;
Learnbase Unitoken #13;Unitoken;12/05/2024;-433;R$ 0,00;;;R$ 0,00;;;;R$ 0,00;;;;0,0%;;"";;Learnbase Gestão e Consultoria Educacional S.A.;AMFI COMPANHIA SECURITIZADORA DE CREDITOS FINANCEIROS I SA;;Duplicata;
Docg Unitoken #1 - Petlove;Unitoken;14/05/2024;-431;R$ 0,00;;;R$ 0,00;;;;R$ 0,00;;;;0,0%;;"";;DOCG ADMINISTRACAO E PARTICIPACOES S.A.;AMFI COMPANHIA SECURITIZADORA DE CREDITOS FINANCEIROS I SA;;Duplicata;
Clickpay Unitoken #8;Unitoken;16/05/2024;-429;R$ 0,00;;;R$ 0,00;;;;R$ 0,00;;;;0,0%;;"";;CLICK SECURITIZADORA S.A.;AMFI COMPANHIA SECURITIZADORA DE CREDITOS FINANCEIROS I SA;;Duplicata;
Learnbase Working Capital #1;Pool;17/05/2024;-428;R$ 0,00;;;R$ 0,00;;R$ 0,00;;R$ 0,00;;1,0%;;0,0%;;"";;Learnbase Gestão e Consultoria Educacional S.A.;AMFI COMPANHIA SECURITIZADORA DE CREDITOS FINANCEIROS I SA;Oferta Privada;CCB;Pré-captação
Learnbase Unitoken #14;Unitoken;20/05/2024;-425;R$ 0,00;;;R$ 0,00;;;;R$ 0,00;;;;0,0%;;"";;Learnbase Gestão e Consultoria Educacional S.A.;AMFI COMPANHIA SECURITIZADORA DE CREDITOS FINANCEIROS I SA;;Duplicata;
LEARNBASE Unitoken #6;Unitoken;22/05/2024;-423;R$ 0,00;;;R$ 0,00;;;;R$ 0,00;;;;0,0%;;"";;Learnbase Gestão e Consultoria Educacional S.A.;AMFI COMPANHIA SECURITIZADORA DE CREDITOS FINANCEIROS I SA;;Duplicata;
Clickpay Unitoken #6;Unitoken;26/05/2024;-419;R$ 0,00;;;R$ 0,00;;;;R$ 0,00;;;;0,0%;;"";;CLICK SECURITIZADORA S.A.;AMFI COMPANHIA SECURITIZADORA DE CREDITOS FINANCEIROS I SA;;Duplicata;
Conecta Lá Unitoken #8;Unitoken;30/05/2024;-415;R$ 0,00;;;R$ 0,00;;;;R$ 0,00;;;;0,0%;;"";;FULL NINE DIGITAL CONSULTORIA S.A.;AMFI COMPANHIA SECURITIZADORA DE CREDITOS FINANCEIROS I SA;;Duplicata;
Unitoken LEARNBASE #4;Unitoken;31/05/2024;-414;R$ 0,00;;;R$ 0,00;;;;R$ 0,00;;;;0,0%;;"";;Learnbase Gestão e Consultoria Educacional S.A.;AMFI COMPANHIA SECURITIZADORA DE CREDITOS FINANCEIROS I SA;;Duplicata;
Plin Unitoken #5;Unitoken;01/06/2024;-413;R$ 0,00;;;R$ 0,00;;;;R$ 0,00;;;;0,0%;;"";;GARANTIZA SOLUCOES FINANCEIRAS LTDA;AMFI REPRESENTAÇÃO OPERACIONAL LTDA;;Nota Comercial / Duplicata;
Conecta Lá Unitoken #9 - Fast Shop;Unitoken;03/06/2024;-411;R$ 0,00;;;R$ 0,00;;;;R$ 0,00;;;;0,0%;;"";;FULL NINE DIGITAL CONSULTORIA S.A.;AMFI COMPANHIA SECURITIZADORA DE CREDITOS FINANCEIROS I SA;;Duplicata;
Clickpay Unitoken #9;Unitoken;05/06/2024;-409;R$ 0,00;;;R$ 0,00;;;;R$ 0,00;;;;0,0%;;"";;CLICK SECURITIZADORA S.A.;AMFI COMPANHIA SECURITIZADORA DE CREDITOS FINANCEIROS I SA;;Duplicata;
Click Antecipa Unitoken #14;Unitoken;05/06/2024;-409;R$ 0,00;;;R$ 0,00;;;;R$ 0,00;;;;0,0%;;"";;CLICK SECURITIZADORA S.A.;AMFI COMPANHIA SECURITIZADORA DE CREDITOS FINANCEIROS I SA;;Duplicata;
Conecta Lá Unitoken #5 - Selia;Unitoken;06/06/2024;-408;R$ 0,00;;;R$ 0,00;;;;R$ 0,00;;;;0,0%;;"";;FULL NINE DIGITAL CONSULTORIA S.A.;AMFI COMPANHIA SECURITIZADORA DE CREDITOS FINANCEIROS I SA;;Duplicata;
Clickpay Unitoken #10;Unitoken;08/06/2024;-406;R$ 0,00;;;R$ 0,00;;;;R$ 0,00;;;;0,0%;;"";;CLICK SECURITIZADORA S.A.;AMFI COMPANHIA SECURITIZADORA DE CREDITOS FINANCEIROS I SA;;Duplicata;
Learnbase Unitoken #15;Unitoken;09/06/2024;-405;R$ 0,00;;;R$ 0,00;;;;R$ 0,00;;;;0,0%;;"";;Learnbase Gestão e Consultoria Educacional S.A.;AMFI COMPANHIA SECURITIZADORA DE CREDITOS FINANCEIROS I SA;;Duplicata;
LEARNBASE Unitoken #7;Unitoken;11/06/2024;-403;R$ 0,00;;;R$ 0,00;;;;R$ 0,00;;;;0,0%;;"";;Learnbase Gestão e Consultoria Educacional S.A.;AMFI COMPANHIA SECURITIZADORA DE CREDITOS FINANCEIROS I SA;;Duplicata;
Clickpay Unitoken #11;Unitoken;14/06/2024;-400;R$ 0,00;;;R$ 0,00;;;;R$ 0,00;;;;0,0%;;"";;CLICK SECURITIZADORA S.A.;AMFI COMPANHIA SECURITIZADORA DE CREDITOS FINANCEIROS I SA;;Duplicata;
Teddy  Unitoken #2;Unitoken;15/06/2024;-399;R$ 0,00;;;R$ 0,00;;;;R$ 0,00;;;;0,0%;;"";;TEDDY HUB DIGITAL LTDA;AMFI COMPANHIA SECURITIZADORA DE CREDITOS FINANCEIROS I SA;;Duplicata;
Click Antecipa Unitoken #19;Unitoken;16/06/2024;-398;R$ 0,00;;;R$ 0,00;;;;R$ 0,00;;;;0,0%;;"";;CLICK SECURITIZADORA S.A.;AMFI COMPANHIA SECURITIZADORA DE CREDITOS FINANCEIROS I SA;;Duplicata;
Click Antecipa Unitoken #21;Unitoken;17/06/2024;-397;R$ 0,00;;;R$ 0,00;;;;R$ 0,00;;;;0,0%;;"";;CLICK SECURITIZADORA S.A.;AMFI COMPANHIA SECURITIZADORA DE CREDITOS FINANCEIROS I SA;;Duplicata;
Click Antecipa Unitoken #20;Unitoken;18/06/2024;-396;R$ 0,00;;;R$ 0,00;;;;R$ 0,00;;;;0,0%;;"";;CLICK SECURITIZADORA S.A.;AMFI COMPANHIA SECURITIZADORA DE CREDITOS FINANCEIROS I SA;;Duplicata;
Click Antecipa Unitoken #17;Unitoken;18/06/2024;-396;R$ 0,00;;;R$ 0,00;;;;R$ 0,00;;;;0,0%;;"";;CLICK SECURITIZADORA S.A.;AMFI COMPANHIA SECURITIZADORA DE CREDITOS FINANCEIROS I SA;;Duplicata;
Click Antecipa Unitoken #13;Unitoken;19/06/2024;-395;R$ 0,00;;;R$ 0,00;;;;R$ 0,00;;;;0,0%;;"";;CLICK SECURITIZADORA S.A.;AMFI COMPANHIA SECURITIZADORA DE CREDITOS FINANCEIROS I SA;;Duplicata;
AMFI Cartão Unitoken #1;Unitoken;22/06/2024;-392;R$ 0,00;;;R$ 0,00;;;;R$ 0,00;;;;0,0%;;"";;AMFI CONSULTING LTDA;;;Recebível de Cartão;
Learnbase Unitoken #8;Unitoken;22/06/2024;-392;R$ 0,00;;;R$ 0,00;;;;R$ 0,00;;;;0,0%;;"";;Learnbase Gestão e Consultoria Educacional S.A.;AMFI COMPANHIA SECURITIZADORA DE CREDITOS FINANCEIROS I SA;;Duplicata;
Click Antecipa Unitoken #23;Unitoken;26/06/2024;-388;R$ 0,00;;;R$ 0,00;;;;R$ 0,00;;;;0,0%;;"";;CLICK SECURITIZADORA S.A.;AMFI COMPANHIA SECURITIZADORA DE CREDITOS FINANCEIROS I SA;;Duplicata;
Click Antecipa Unitoken #24;Unitoken;26/06/2024;-388;R$ 0,00;;;R$ 0,00;;;;R$ 0,00;;;;0,0%;;"";;CLICK SECURITIZADORA S.A.;AMFI COMPANHIA SECURITIZADORA DE CREDITOS FINANCEIROS I SA;;Duplicata;
Mercado de recebíveis Unitoken #1;Unitoken;27/06/2024;-387;R$ 0,00;;;R$ 0,00;;;;R$ 0,00;;;;0,0%;;"";;MR SERVIÇOS EM TECNOLOGIA LTDA;AMFI COMPANHIA SECURITIZADORA DE CREDITOS FINANCEIROS I SA;;Recebível de Cartão;
Conecta Lá Unitoken #10;Unitoken;28/06/2024;-386;R$ 0,00;;;R$ 0,00;;;;R$ 0,00;;;;0,0%;;"";;FULL NINE DIGITAL CONSULTORIA S.A.;AMFI COMPANHIA SECURITIZADORA DE CREDITOS FINANCEIROS I SA;;Duplicata;
Conecta Lá Unitoken #7 - Eletrolux;Unitoken;30/06/2024;-384;R$ 0,00;;;R$ 0,00;;;;R$ 0,00;;;;0,0%;;"";;FULL NINE DIGITAL CONSULTORIA S.A.;AMFI COMPANHIA SECURITIZADORA DE CREDITOS FINANCEIROS I SA;;Duplicata;
Click Antecipa Unitoken #22;Unitoken;30/06/2024;-384;R$ 0,00;;;R$ 0,00;;;;R$ 0,00;;;;0,0%;;"";;CLICK SECURITIZADORA S.A.;AMFI COMPANHIA SECURITIZADORA DE CREDITOS FINANCEIROS I SA;;Duplicata;
DOCG  Unitoken #3;Unitoken;30/06/2024;-384;R$ 0,00;;;R$ 0,00;;;;R$ 0,00;;;;0,0%;;"";;DOCG ADMINISTRACAO E PARTICIPACOES S.A.;AMFI COMPANHIA SECURITIZADORA DE CREDITOS FINANCEIROS I SA;;Duplicata;
Click Antecipa Unitoken #18;Unitoken;30/06/2024;-384;R$ 0,00;;;R$ 0,00;;;;R$ 0,00;;;;0,0%;;"";;CLICK SECURITIZADORA S.A.;AMFI COMPANHIA SECURITIZADORA DE CREDITOS FINANCEIROS I SA;;Duplicata;
Conecta Lá Unitoken #12;Unitoken;01/07/2024;-383;R$ 0,00;;;R$ 0,00;;;;R$ 0,00;;;;0,0%;;"";;FULL NINE DIGITAL CONSULTORIA S.A.;AMFI COMPANHIA SECURITIZADORA DE CREDITOS FINANCEIROS I SA;;Duplicata;
Valorem Unitoken #1;Unitoken;03/07/2024;-381;R$ 0,00;;;R$ 0,00;;;;R$ 0,00;;;;0,0%;;"";;Valorem Soluções Financeiras S.A;AMFI COMPANHIA SECURITIZADORA DE CREDITOS FINANCEIROS I SA;;Duplicata;
Mercado de recebíveis Unitoken #2;Unitoken;05/07/2024;-379;R$ 0,00;;;R$ 0,00;;;;R$ 0,00;;;;0,0%;;"";;MR SERVIÇOS EM TECNOLOGIA LTDA;AMFI COMPANHIA SECURITIZADORA DE CREDITOS FINANCEIROS I SA;;Recebível de Cartão;
Conecta Lá Unitoken #6 - Selia;Unitoken;06/07/2024;-378;R$ 0,00;;;R$ 0,00;;;;R$ 0,00;;;;0,0%;;"";;FULL NINE DIGITAL CONSULTORIA S.A.;AMFI COMPANHIA SECURITIZADORA DE CREDITOS FINANCEIROS I SA;;Duplicata;
Formento Unitoken #1;Unitoken;10/07/2024;-374;R$ 0,00;;;R$ 0,00;;;;R$ 0,00;;;;0,0%;;"";;Formento Securitizadora S.A.;AMFI COMPANHIA SECURITIZADORA DE CREDITOS FINANCEIROS I SA;;Duplicata;
Valorem Unitoken #6;Unitoken;10/07/2024;-374;R$ 0,00;;;R$ 0,00;;;;R$ 0,00;;;;0,0%;;"";;Valorem Soluções Financeiras S.A;AMFI COMPANHIA SECURITIZADORA DE CREDITOS FINANCEIROS I SA;;Duplicata;
DOCG  Unitoken #4;Unitoken;14/07/2024;-370;R$ 0,00;;;R$ 0,00;;;;R$ 0,00;;;;0,0%;;"";;DOCG ADMINISTRACAO E PARTICIPACOES S.A.;AMFI COMPANHIA SECURITIZADORA DE CREDITOS FINANCEIROS I SA;;Duplicata;
DOCG  Unitoken #2;Unitoken;14/07/2024;-370;R$ 0,00;;;R$ 0,00;;;;R$ 0,00;;;;0,0%;;"";;DOCG ADMINISTRACAO E PARTICIPACOES S.A.;AMFI COMPANHIA SECURITIZADORA DE CREDITOS FINANCEIROS I SA;;Duplicata;
DOCG  Unitoken #5;Unitoken;14/07/2024;-370;R$ 0,00;;;R$ 0,00;;;;R$ 0,00;;;;0,0%;;"";;DOCG ADMINISTRACAO E PARTICIPACOES S.A.;AMFI COMPANHIA SECURITIZADORA DE CREDITOS FINANCEIROS I SA;;Duplicata;
DOCG  Unitoken #6;Unitoken;14/07/2024;-370;R$ 0,00;;;R$ 0,00;;;;R$ 0,00;;;;0,0%;;"";;DOCG ADMINISTRACAO E PARTICIPACOES S.A.;AMFI COMPANHIA SECURITIZADORA DE CREDITOS FINANCEIROS I SA;;Duplicata;
Teddy  Unitoken #3;Unitoken;15/07/2024;-369;R$ 0,00;;;R$ 0,00;;;;R$ 0,00;;;;0,0%;;"";;TEDDY HUB DIGITAL LTDA;AMFI COMPANHIA SECURITIZADORA DE CREDITOS FINANCEIROS I SA;;Duplicata;
Mercado de recebíveis Unitoken #3;Unitoken;15/07/2024;-369;R$ 0,00;;;R$ 0,00;;;;R$ 0,00;;;;0,0%;;"";;MR SERVIÇOS EM TECNOLOGIA LTDA;AMFI COMPANHIA SECURITIZADORA DE CREDITOS FINANCEIROS I SA;;Duplicata;
Click Antecipa Unitoken #15;Unitoken;15/07/2024;-369;R$ 0,00;;;R$ 0,00;;;;R$ 0,00;;;;0,0%;;"";;CLICK SECURITIZADORA S.A.;AMFI COMPANHIA SECURITIZADORA DE CREDITOS FINANCEIROS I SA;;Duplicata;
Valorem Unitoken #3;Unitoken;16/07/2024;-368;R$ 0,00;;;R$ 0,00;;;;R$ 0,00;;;;0,0%;;"";;Valorem Soluções Financeiras S.A;AMFI COMPANHIA SECURITIZADORA DE CREDITOS FINANCEIROS I SA;;Duplicata;
Valorem Unitoken #13;Unitoken;16/07/2024;-368;R$ 0,00;;;R$ 0,00;;;;R$ 0,00;;;;0,0%;;"";;Valorem Soluções Financeiras S.A;AMFI COMPANHIA SECURITIZADORA DE CREDITOS FINANCEIROS I SA;;Duplicata;
Valorem Unitoken #8;Unitoken;16/07/2024;-368;R$ 0,00;;;R$ 0,00;;;;R$ 0,00;;;;0,0%;;"";;Valorem Soluções Financeiras S.A;AMFI COMPANHIA SECURITIZADORA DE CREDITOS FINANCEIROS I SA;;Duplicata;
Valorem Unitoken #7;Unitoken;17/07/2024;-367;R$ 0,00;;;R$ 0,00;;;;R$ 0,00;;;;0,0%;;"";;Valorem Soluções Financeiras S.A;AMFI COMPANHIA SECURITIZADORA DE CREDITOS FINANCEIROS I SA;;Duplicata;
Learnbase Unitoken #18;Unitoken;17/07/2024;-367;R$ 0,00;;;R$ 0,00;;;;R$ 0,00;;;;0,0%;;"";;Learnbase Gestão e Consultoria Educacional S.A.;AMFI COMPANHIA SECURITIZADORA DE CREDITOS FINANCEIROS I SA;;Duplicata;
Conecta Lá Unitoken #17;Unitoken;20/07/2024;-364;R$ 0,00;;;R$ 0,00;;;;R$ 0,00;;;;0,0%;;"";;FULL NINE DIGITAL CONSULTORIA S.A.;AMFI COMPANHIA SECURITIZADORA DE CREDITOS FINANCEIROS I SA;;Duplicata;
Valorem Unitoken #5;Unitoken;20/07/2024;-364;R$ 0,00;;;R$ 0,00;;;;R$ 0,00;;;;0,0%;;"";;Valorem Soluções Financeiras S.A;AMFI COMPANHIA SECURITIZADORA DE CREDITOS FINANCEIROS I SA;;Duplicata;
Conecta Lá Unitoken #15;Unitoken;20/07/2024;-364;R$ 0,00;;;R$ 0,00;;;;R$ 0,00;;;;0,0%;;"";;FULL NINE DIGITAL CONSULTORIA S.A.;AMFI COMPANHIA SECURITIZADORA DE CREDITOS FINANCEIROS I SA;;Duplicata;
Learnbase Unitoken #9;Unitoken;22/07/2024;-362;R$ 0,00;;;R$ 0,00;;;;R$ 0,00;;;;0,0%;;"";;Learnbase Gestão e Consultoria Educacional S.A.;AMFI COMPANHIA SECURITIZADORA DE CREDITOS FINANCEIROS I SA;;Duplicata;
Formento Unitoken #2;Unitoken;22/07/2024;-362;R$ 0,00;;;R$ 0,00;;;;R$ 0,00;;;;0,0%;;"";;Formento Securitizadora S.A.;AMFI COMPANHIA SECURITIZADORA DE CREDITOS FINANCEIROS I SA;;Duplicata;
Valorem Unitoken #2;Unitoken;24/07/2024;-360;R$ 0,00;;;R$ 0,00;;;;R$ 0,00;;;;0,0%;;"";;Valorem Soluções Financeiras S.A;AMFI COMPANHIA SECURITIZADORA DE CREDITOS FINANCEIROS I SA;;Duplicata;
Empório do Peixe Unitoken #1;Unitoken;27/07/2024;-357;R$ 161.795,25;R$ 0,00;R$ 161.795,25;R$ 161.795,25;R$ 0,00;;;R$ 0,00;;;100,0%;0,0%;1,7%;"";;MVB PESCADOS LTDA;;;CCB;
Formento Unitoken #4;Unitoken;28/07/2024;-356;R$ 0,00;;;R$ 0,00;;;;R$ 0,00;;;;0,0%;;"";;Formento Securitizadora S.A.;AMFI COMPANHIA SECURITIZADORA DE CREDITOS FINANCEIROS I SA;;Duplicata;
DS Unitoken #4;Unitoken;29/07/2024;-355;R$ 0,00;;;R$ 0,00;;;;R$ 0,00;;;;0,0%;;"";;DS SECURITIZADORA S/A;AMFI COMPANHIA SECURITIZADORA DE CREDITOS FINANCEIROS I SA;;Duplicata;
DOCG  Unitoken #8;Unitoken;30/07/2024;-354;R$ 0,00;;;R$ 0,00;;;;R$ 0,00;;;;0,0%;;"";;DOCG ADMINISTRACAO E PARTICIPACOES S.A.;AMFI COMPANHIA SECURITIZADORA DE CREDITOS FINANCEIROS I SA;;Duplicata;
Valorem Unitoken #14;Unitoken;30/07/2024;-354;R$ 0,00;;;R$ 0,00;;;;R$ 0,00;;;;0,0%;;"";;Valorem Soluções Financeiras S.A;AMFI COMPANHIA SECURITIZADORA DE CREDITOS FINANCEIROS I SA;;Duplicata;
C4 Unitoken #2;Unitoken;31/07/2024;-353;R$ 0,00;;;R$ 0,00;;;;R$ 0,00;;;;0,0%;;"";;C4 CAPITAL SECURITIZADORA S/A;AMFI COMPANHIA SECURITIZADORA DE CREDITOS FINANCEIROS I SA;;Duplicata;
Valorem Unitoken #4;Unitoken;01/08/2024;-352;R$ 0,00;;;R$ 0,00;;;;R$ 0,00;;;;0,0%;;"";;Valorem Soluções Financeiras S.A;AMFI COMPANHIA SECURITIZADORA DE CREDITOS FINANCEIROS I SA;;Duplicata;
DS Unitoken #6;Unitoken;01/08/2024;-352;R$ 0,00;;;R$ 0,00;;;;R$ 0,00;;;;0,0%;;"";;DS SECURITIZADORA S/A;AMFI COMPANHIA SECURITIZADORA DE CREDITOS FINANCEIROS I SA;;Duplicata;
C4 Unitoken #5;Unitoken;01/08/2024;-352;R$ 0,00;;;R$ 0,00;;;;R$ 0,00;;;;0,0%;;"";;C4 CAPITAL SECURITIZADORA S/A;AMFI COMPANHIA SECURITIZADORA DE CREDITOS FINANCEIROS I SA;;Duplicata;
Formento Unitoken #5;Unitoken;02/08/2024;-351;R$ 0,00;;;R$ 0,00;;;;R$ 0,00;;;;0,0%;;"";;Formento Securitizadora S.A.;AMFI COMPANHIA SECURITIZADORA DE CREDITOS FINANCEIROS I SA;;Duplicata;
DS Unitoken #1;Unitoken;03/08/2024;-350;R$ 0,00;;;R$ 0,00;;;;R$ 0,00;;;;0,0%;;"";;DS SECURITIZADORA S/A;AMFI COMPANHIA SECURITIZADORA DE CREDITOS FINANCEIROS I SA;;Duplicata;
DOCG  Unitoken #7;Unitoken;04/08/2024;-349;R$ 0,00;;;R$ 0,00;;;;R$ 0,00;;;;0,0%;;"";;DOCG ADMINISTRACAO E PARTICIPACOES S.A.;AMFI COMPANHIA SECURITIZADORA DE CREDITOS FINANCEIROS I SA;;Duplicata;
Valorem Unitoken #19;Unitoken;05/08/2024;-348;R$ 0,00;;;R$ 0,00;;;;R$ 0,00;;;;0,0%;;"";;Valorem Soluções Financeiras S.A;AMFI COMPANHIA SECURITIZADORA DE CREDITOS FINANCEIROS I SA;;Duplicata;
Conecta Lá Unitoken #11;Unitoken;05/08/2024;-348;R$ 0,00;;;R$ 0,00;;;;R$ 0,00;;;;0,0%;;"";;FULL NINE DIGITAL CONSULTORIA S.A.;AMFI COMPANHIA SECURITIZADORA DE CREDITOS FINANCEIROS I SA;;Duplicata;
Learnbase Unitoken #19;Unitoken;05/08/2024;-348;R$ 0,00;;;R$ 0,00;;;;R$ 0,00;;;;0,0%;;"";;Learnbase Gestão e Consultoria Educacional S.A.;AMFI COMPANHIA SECURITIZADORA DE CREDITOS FINANCEIROS I SA;;Duplicata;
Click Antecipa Unitoken #26;Unitoken;06/08/2024;-347;R$ 0,00;;;R$ 0,00;;;;R$ 0,00;;;;0,0%;;"";;CLICK SECURITIZADORA S.A.;AMFI COMPANHIA SECURITIZADORA DE CREDITOS FINANCEIROS I SA;;Duplicata;
Learnbase Unitoken #16;Unitoken;06/08/2024;-347;R$ 0,00;;;R$ 0,00;;;;R$ 0,00;;;;0,0%;;"";;Learnbase Gestão e Consultoria Educacional S.A.;AMFI COMPANHIA SECURITIZADORA DE CREDITOS FINANCEIROS I SA;;Duplicata;
Learnbase Unitoken #17;Unitoken;07/08/2024;-346;R$ 0,00;;;R$ 0,00;;;;R$ 0,00;;;;0,0%;;"";;Learnbase Gestão e Consultoria Educacional S.A.;AMFI COMPANHIA SECURITIZADORA DE CREDITOS FINANCEIROS I SA;;Duplicata;
DOCG  Unitoken #10;Unitoken;12/08/2024;-341;R$ 0,00;;;R$ 0,00;;;;R$ 0,00;;;;0,0%;;"";;DOCG ADMINISTRACAO E PARTICIPACOES S.A.;AMFI COMPANHIA SECURITIZADORA DE CREDITOS FINANCEIROS I SA;;Duplicata;
DOCG  Unitoken #9;Unitoken;12/08/2024;-341;R$ 0,00;;;R$ 0,00;;;;R$ 0,00;;;;0,0%;;"";;DOCG ADMINISTRACAO E PARTICIPACOES S.A.;AMFI COMPANHIA SECURITIZADORA DE CREDITOS FINANCEIROS I SA;;Duplicata;
C4 Unitoken #6;Unitoken;12/08/2024;-341;R$ 0,00;;;R$ 0,00;;;;R$ 0,00;;;;0,0%;;"";;C4 CAPITAL SECURITIZADORA S/A;AMFI COMPANHIA SECURITIZADORA DE CREDITOS FINANCEIROS I SA;;Duplicata;
a55 Pool #1;Pool;12/08/2024;-341;R$ 0,00;;;R$ 0,00;;R$ 0,00;;R$ 0,00;100,0%;10,0%;;0,0%;;"";;a55 Consultoria em Credito Ltda.;AMFI COMPANHIA SECURITIZADORA DE CREDITOS FINANCEIROS I SA;Oferta Pública;Duplicata;Produto Encerrado
Valorem Unitoken #22;Unitoken;13/08/2024;-340;R$ 0,00;;;R$ 0,00;;;;R$ 0,00;;;;0,0%;;"";;Valorem Soluções Financeiras S.A;AMFI COMPANHIA SECURITIZADORA DE CREDITOS FINANCEIROS I SA;;Duplicata;
Valorem Unitoken #10;Unitoken;14/08/2024;-339;R$ 0,00;;;R$ 0,00;;;;R$ 0,00;;;;0,0%;;"";;Valorem Soluções Financeiras S.A;AMFI COMPANHIA SECURITIZADORA DE CREDITOS FINANCEIROS I SA;;Duplicata;
C4 Unitoken #3;Unitoken;15/08/2024;-338;R$ 0,00;;;R$ 0,00;;;;R$ 0,00;;;;0,0%;;"";;C4 CAPITAL SECURITIZADORA S/A;AMFI COMPANHIA SECURITIZADORA DE CREDITOS FINANCEIROS I SA;;Duplicata;
Teddy  Unitoken #4;Unitoken;15/08/2024;-338;R$ 0,00;;;R$ 0,00;;;;R$ 0,00;;;;0,0%;;"";;TEDDY HUB DIGITAL LTDA;AMFI COMPANHIA SECURITIZADORA DE CREDITOS FINANCEIROS I SA;;Duplicata;
C4 Unitoken #8;Unitoken;15/08/2024;-338;R$ 0,00;;;R$ 0,00;;;;R$ 0,00;;;;0,0%;;"";;C4 CAPITAL SECURITIZADORA S/A;AMFI COMPANHIA SECURITIZADORA DE CREDITOS FINANCEIROS I SA;;Duplicata;
Valorem Unitoken #17;Unitoken;16/08/2024;-337;R$ 0,00;;;R$ 0,00;;;;R$ 0,00;;;;0,0%;;"";;Valorem Soluções Financeiras S.A;AMFI COMPANHIA SECURITIZADORA DE CREDITOS FINANCEIROS I SA;;Duplicata;
Valorem Unitoken #18;Unitoken;16/08/2024;-337;R$ 0,00;;;R$ 0,00;;;;R$ 0,00;;;;0,0%;;"";;Valorem Soluções Financeiras S.A;AMFI COMPANHIA SECURITIZADORA DE CREDITOS FINANCEIROS I SA;;Duplicata;
Learnbase Unitoken #20;Unitoken;19/08/2024;-334;R$ 0,00;;;R$ 0,00;;;;R$ 0,00;;;;0,0%;;"";;Learnbase Gestão e Consultoria Educacional S.A.;AMFI COMPANHIA SECURITIZADORA DE CREDITOS FINANCEIROS I SA;;Duplicata;
Click Antecipa Unitoken #29;Unitoken;19/08/2024;-334;R$ 0,00;;;R$ 0,00;;;;R$ 0,00;;;;0,0%;;"";;CLICK SECURITIZADORA S.A.;AMFI COMPANHIA SECURITIZADORA DE CREDITOS FINANCEIROS I SA;;Duplicata;
Formento Unitoken #6;Unitoken;19/08/2024;-334;R$ 0,00;;;R$ 0,00;;;;R$ 0,00;;;;0,0%;;"";;Formento Securitizadora S.A.;AMFI COMPANHIA SECURITIZADORA DE CREDITOS FINANCEIROS I SA;;Duplicata;
Valorem Unitoken #15;Unitoken;19/08/2024;-334;R$ 0,00;;;R$ 0,00;;;;R$ 0,00;;;;0,0%;;"";;Valorem Soluções Financeiras S.A;AMFI COMPANHIA SECURITIZADORA DE CREDITOS FINANCEIROS I SA;;Duplicata;
Click Antecipa Unitoken #43;Unitoken;20/08/2024;-333;R$ 0,00;;;R$ 0,00;;;;R$ 0,00;;;;0,0%;;"";;CLICK SECURITIZADORA S.A.;AMFI COMPANHIA SECURITIZADORA DE CREDITOS FINANCEIROS I SA;;Duplicata;
C4 Unitoken #1;Unitoken;20/08/2024;-333;R$ 0,00;;;R$ 0,00;;;;R$ 0,00;;;;0,0%;;"";;C4 CAPITAL SECURITIZADORA S/A;AMFI COMPANHIA SECURITIZADORA DE CREDITOS FINANCEIROS I SA;;Duplicata;
Click Antecipa Unitoken #25;Unitoken;20/08/2024;-333;R$ 0,00;;;R$ 0,00;;;;R$ 0,00;;;;0,0%;;"";;CLICK SECURITIZADORA S.A.;AMFI COMPANHIA SECURITIZADORA DE CREDITOS FINANCEIROS I SA;;Duplicata;
Valorem Unitoken #24;Unitoken;21/08/2024;-332;R$ 0,00;;;R$ 0,00;;;;R$ 0,00;;;;0,0%;;"";;Valorem Soluções Financeiras S.A;AMFI COMPANHIA SECURITIZADORA DE CREDITOS FINANCEIROS I SA;;Duplicata;
Click Antecipa Unitoken #16;Unitoken;22/08/2024;-331;R$ 0,00;;;R$ 0,00;;;;R$ 0,00;;;;0,0%;;"";;CLICK SECURITIZADORA S.A.;AMFI COMPANHIA SECURITIZADORA DE CREDITOS FINANCEIROS I SA;;Duplicata;
Learnbase Unitoken #11;Unitoken;22/08/2024;-331;R$ 0,00;;;R$ 0,00;;;;R$ 0,00;;;;0,0%;;"";;Learnbase Gestão e Consultoria Educacional S.A.;AMFI COMPANHIA SECURITIZADORA DE CREDITOS FINANCEIROS I SA;;Duplicata;
Conecta Lá Unitoken #23;Unitoken;23/08/2024;-330;R$ 0,00;;;R$ 0,00;;;;R$ 0,00;;;;0,0%;;"";;FULL NINE DIGITAL CONSULTORIA S.A.;AMFI COMPANHIA SECURITIZADORA DE CREDITOS FINANCEIROS I SA;;Duplicata;
Valorem Unitoken #16;Unitoken;24/08/2024;-329;R$ 0,00;;;R$ 0,00;;;;R$ 0,00;;;;0,0%;;"";;Valorem Soluções Financeiras S.A;AMFI COMPANHIA SECURITIZADORA DE CREDITOS FINANCEIROS I SA;;Duplicata;
Conecta Lá Unitoken #22;Unitoken;24/08/2024;-329;R$ 0,00;;;R$ 0,00;;;;R$ 0,00;;;;0,0%;;"";;FULL NINE DIGITAL CONSULTORIA S.A.;AMFI COMPANHIA SECURITIZADORA DE CREDITOS FINANCEIROS I SA;;Duplicata;
DOCG  Unitoken #11;Unitoken;25/08/2024;-328;R$ 0,00;;;R$ 0,00;;;;R$ 0,00;;;;0,0%;;"";;DOCG ADMINISTRACAO E PARTICIPACOES S.A.;AMFI COMPANHIA SECURITIZADORA DE CREDITOS FINANCEIROS I SA;;Duplicata;
DS Unitoken #3;Unitoken;26/08/2024;-327;R$ 0,00;;;R$ 0,00;;;;R$ 0,00;;;;0,0%;;"";;DS SECURITIZADORA S/A;AMFI COMPANHIA SECURITIZADORA DE CREDITOS FINANCEIROS I SA;;Duplicata;
Conecta Lá Unitoken #13;Unitoken;26/08/2024;-327;R$ 0,00;;;R$ 0,00;;;;R$ 0,00;;;;0,0%;;"";;FULL NINE DIGITAL CONSULTORIA S.A.;AMFI COMPANHIA SECURITIZADORA DE CREDITOS FINANCEIROS I SA;;Duplicata;
Formento Unitoken #3;Unitoken;27/08/2024;-326;R$ 0,00;;;R$ 0,00;;;;R$ 0,00;;;;0,0%;;"";;Formento Securitizadora S.A.;AMFI COMPANHIA SECURITIZADORA DE CREDITOS FINANCEIROS I SA;;Duplicata;
Nagro #7;Unitoken;27/08/2024;-326;R$ 0,00;;;R$ 0,00;;R$ 0,00;;R$ 0,00;;;;0,0%;;"";;NAGRO;;;CCB;
a55 Unitoken #21;Unitoken;28/08/2024;-325;R$ 0,00;;;R$ 0,00;;;;R$ 0,00;;;;0,0%;;"";;a55 SECURITIZADORA S.A.;a55 SECURITIZADORA S.A.;;Duplicata;
Learnbase Unitoken #24;Unitoken;28/08/2024;-325;R$ 0,00;;;R$ 0,00;;;;R$ 0,00;;;;0,0%;;"";;Learnbase Gestão e Consultoria Educacional S.A.;AMFI COMPANHIA SECURITIZADORA DE CREDITOS FINANCEIROS I SA;;Duplicata;
Valorem Unitoken #12;Unitoken;28/08/2024;-325;R$ 0,00;;;R$ 0,00;;;;R$ 0,00;;;;0,0%;;"";;Valorem Soluções Financeiras S.A;AMFI COMPANHIA SECURITIZADORA DE CREDITOS FINANCEIROS I SA;;Duplicata;
C4 Unitoken #7;Unitoken;30/08/2024;-323;R$ 0,00;;;R$ 0,00;;;;R$ 0,00;;;;0,0%;;"";;C4 CAPITAL SECURITIZADORA S/A;AMFI COMPANHIA SECURITIZADORA DE CREDITOS FINANCEIROS I SA;;Duplicata;
C4 Unitoken #4;Unitoken;30/08/2024;-323;R$ 0,00;;;R$ 0,00;;;;R$ 0,00;;;;0,0%;;"";;C4 CAPITAL SECURITIZADORA S/A;AMFI COMPANHIA SECURITIZADORA DE CREDITOS FINANCEIROS I SA;;Duplicata;
Formento Unitoken #7;Unitoken;30/08/2024;-323;R$ 0,00;;;R$ 0,00;;;;R$ 0,00;;;;0,0%;;"";;Formento Securitizadora S.A.;AMFI COMPANHIA SECURITIZADORA DE CREDITOS FINANCEIROS I SA;;Duplicata;
Learnbase Unitoken #21;Unitoken;30/08/2024;-323;R$ 0,00;;;R$ 0,00;;;;R$ 0,00;;;;0,0%;;"";;Learnbase Gestão e Consultoria Educacional S.A.;AMFI COMPANHIA SECURITIZADORA DE CREDITOS FINANCEIROS I SA;;Duplicata;
Formento Unitoken #8;Unitoken;30/08/2024;-323;R$ 0,00;;;R$ 0,00;;;;R$ 0,00;;;;0,0%;;"";;Formento Securitizadora S.A.;AMFI COMPANHIA SECURITIZADORA DE CREDITOS FINANCEIROS I SA;;Duplicata;
Click Antecipa Unitoken #27;Unitoken;30/08/2024;-323;R$ 0,00;;;R$ 0,00;;;;R$ 0,00;;;;0,0%;;"";;CLICK SECURITIZADORA S.A.;AMFI COMPANHIA SECURITIZADORA DE CREDITOS FINANCEIROS I SA;;Duplicata;
C4 Unitoken #9;Unitoken;30/08/2024;-323;R$ 0,00;;;R$ 0,00;;;;R$ 0,00;;;;0,0%;;"";;C4 CAPITAL SECURITIZADORA S/A;AMFI COMPANHIA SECURITIZADORA DE CREDITOS FINANCEIROS I SA;;Duplicata;
Click Antecipa Unitoken #51;Unitoken;02/09/2024;-320;R$ 0,00;;;R$ 0,00;;;;R$ 0,00;;;;0,0%;;"";;CLICK SECURITIZADORA S.A.;AMFI COMPANHIA SECURITIZADORA DE CREDITOS FINANCEIROS I SA;;Duplicata;
DOCG  Unitoken #12;Unitoken;03/09/2024;-319;R$ 0,00;;;R$ 0,00;;;;R$ 0,00;;;;0,0%;;"";;DOCG ADMINISTRACAO E PARTICIPACOES S.A.;AMFI COMPANHIA SECURITIZADORA DE CREDITOS FINANCEIROS I SA;;Duplicata;
Learnbase Unitoken #25;Unitoken;04/09/2024;-318;R$ 0,00;;;R$ 0,00;;;;R$ 0,00;;;;0,0%;;"";;Learnbase Gestão e Consultoria Educacional S.A.;AMFI COMPANHIA SECURITIZADORA DE CREDITOS FINANCEIROS I SA;;Duplicata;
Learnbase Unitoken #22;Unitoken;05/09/2024;-317;R$ 0,00;;;R$ 0,00;;;;R$ 0,00;;;;0,0%;;"";;Learnbase Gestão e Consultoria Educacional S.A.;AMFI COMPANHIA SECURITIZADORA DE CREDITOS FINANCEIROS I SA;;Duplicata;
Conecta Lá Unitoken #19;Unitoken;05/09/2024;-317;R$ 0,00;;;R$ 0,00;;;;R$ 0,00;;;;0,0%;;"";;FULL NINE DIGITAL CONSULTORIA S.A.;AMFI COMPANHIA SECURITIZADORA DE CREDITOS FINANCEIROS I SA;;Duplicata;
Learnbase Unitoken #26;Unitoken;06/09/2024;-316;R$ 0,00;;;R$ 0,00;;;;R$ 0,00;;;;0,0%;;"";;Learnbase Gestão e Consultoria Educacional S.A.;AMFI COMPANHIA SECURITIZADORA DE CREDITOS FINANCEIROS I SA;;Duplicata;
Conecta Lá Unitoken #25;Unitoken;06/09/2024;-316;R$ 0,00;;;R$ 0,00;;;;R$ 0,00;;;;0,0%;;"";;FULL NINE DIGITAL CONSULTORIA S.A.;AMFI COMPANHIA SECURITIZADORA DE CREDITOS FINANCEIROS I SA;;Duplicata;
Valorem Unitoken #21;Unitoken;09/09/2024;-313;R$ 0,00;;;R$ 0,00;;;;R$ 0,00;;;;0,0%;;"";;Valorem Soluções Financeiras S.A;AMFI COMPANHIA SECURITIZADORA DE CREDITOS FINANCEIROS I SA;;Duplicata;
Mercado de recebíveis Unitoken #5;Unitoken;09/09/2024;-313;R$ 0,00;;;R$ 0,00;;;;R$ 0,00;;;;0,0%;;"";;MR SERVIÇOS EM TECNOLOGIA LTDA;AMFI COMPANHIA SECURITIZADORA DE CREDITOS FINANCEIROS I SA;;Duplicata;
Click Antecipa Unitoken #31;Unitoken;09/09/2024;-313;R$ 0,00;;;R$ 0,00;;;;R$ 0,00;;;;0,0%;;"";;CLICK SECURITIZADORA S.A.;AMFI COMPANHIA SECURITIZADORA DE CREDITOS FINANCEIROS I SA;;Duplicata;
Learnbase Unitoken #27;Unitoken;10/09/2024;-312;R$ 0,00;;;R$ 0,00;;;;R$ 0,00;;;;0,0%;;"";;Learnbase Gestão e Consultoria Educacional S.A.;AMFI COMPANHIA SECURITIZADORA DE CREDITOS FINANCEIROS I SA;;Duplicata;
C4 Unitoken #10;Unitoken;10/09/2024;-312;R$ 0,00;;;R$ 0,00;;;;R$ 0,00;;;;0,0%;;"";;C4 CAPITAL SECURITIZADORA S/A;AMFI COMPANHIA SECURITIZADORA DE CREDITOS FINANCEIROS I SA;;Duplicata;
Nagro #5;Unitoken;10/09/2024;-312;R$ 0,00;;;R$ 0,00;;R$ 0,00;;R$ 0,00;;;;0,0%;;"";;NAGRO;;;CCB;
Valorem Unitoken #11;Unitoken;11/09/2024;-311;R$ 0,00;;;R$ 0,00;;;;R$ 0,00;;;;0,0%;;"";;Valorem Soluções Financeiras S.A;AMFI COMPANHIA SECURITIZADORA DE CREDITOS FINANCEIROS I SA;;Duplicata;
DS Unitoken #11;Unitoken;12/09/2024;-310;R$ 0,00;;;R$ 0,00;;;;R$ 0,00;;;;0,0%;;"";;DS SECURITIZADORA S/A;AMFI COMPANHIA SECURITIZADORA DE CREDITOS FINANCEIROS I SA;;Duplicata;
Click Antecipa Unitoken #34;Unitoken;12/09/2024;-310;R$ 0,00;;;R$ 0,00;;;;R$ 0,00;;;;0,0%;;"";;CLICK SECURITIZADORA S.A.;AMFI COMPANHIA SECURITIZADORA DE CREDITOS FINANCEIROS I SA;;Duplicata;
Mercado de recebíveis Unitoken #4;Unitoken;12/09/2024;-310;R$ 0,00;;;R$ 0,00;;;;R$ 0,00;;;;0,0%;;"";;MR SERVIÇOS EM TECNOLOGIA LTDA;AMFI COMPANHIA SECURITIZADORA DE CREDITOS FINANCEIROS I SA;;Duplicata;
C4 Unitoken #11;Unitoken;12/09/2024;-310;R$ 0,00;;;R$ 0,00;;;;R$ 0,00;;;;0,0%;;"";;C4 CAPITAL SECURITIZADORA S/A;AMFI COMPANHIA SECURITIZADORA DE CREDITOS FINANCEIROS I SA;;Duplicata;
DS Unitoken #12;Unitoken;12/09/2024;-310;R$ 0,00;;;R$ 0,00;;;;R$ 0,00;;;;0,0%;;"";;DS SECURITIZADORA S/A;AMFI COMPANHIA SECURITIZADORA DE CREDITOS FINANCEIROS I SA;;Duplicata;
Mercado de recebíveis Unitoken #13;Unitoken;13/09/2024;-309;R$ 0,00;;;R$ 0,00;;;;R$ 0,00;;;;0,0%;;"";;MR SERVIÇOS EM TECNOLOGIA LTDA;AMFI COMPANHIA SECURITIZADORA DE CREDITOS FINANCEIROS I SA;;Duplicata;
Mercado de recebíveis Unitoken #6;Unitoken;13/09/2024;-309;R$ 0,00;;;R$ 0,00;;;;R$ 0,00;;;;0,0%;;"";;MR SERVIÇOS EM TECNOLOGIA LTDA;AMFI COMPANHIA SECURITIZADORA DE CREDITOS FINANCEIROS I SA;;Duplicata;
Nagro #6;Unitoken;15/09/2024;-307;R$ 0,00;;;R$ 0,00;;R$ 0,00;;R$ 0,00;;;;0,0%;;"";;NAGRO;;;CCB;
Click Antecipa Unitoken #35;Unitoken;15/09/2024;-307;R$ 0,00;;;R$ 0,00;;;;R$ 0,00;;;;0,0%;;"";;CLICK SECURITIZADORA S.A.;AMFI COMPANHIA SECURITIZADORA DE CREDITOS FINANCEIROS I SA;;Duplicata;
C4 Unitoken #12;Unitoken;15/09/2024;-307;R$ 0,00;;;R$ 0,00;;;;R$ 0,00;;;;0,0%;;"";;C4 CAPITAL SECURITIZADORA S/A;AMFI COMPANHIA SECURITIZADORA DE CREDITOS FINANCEIROS I SA;;Duplicata;
Teddy  Unitoken #5;Unitoken;15/09/2024;-307;R$ 0,00;;;R$ 0,00;;;;R$ 0,00;;;;0,0%;;"";;TEDDY HUB DIGITAL LTDA;AMFI COMPANHIA SECURITIZADORA DE CREDITOS FINANCEIROS I SA;;Duplicata;
Learnbase Unitoken #28;Unitoken;16/09/2024;-306;R$ 0,00;;;R$ 0,00;;;;R$ 0,00;;;;0,0%;;"";;Learnbase Gestão e Consultoria Educacional S.A.;AMFI COMPANHIA SECURITIZADORA DE CREDITOS FINANCEIROS I SA;;Duplicata;
C4 Unitoken #14;Unitoken;16/09/2024;-306;R$ 0,00;;;R$ 0,00;;;;R$ 0,00;;;;0,0%;;"";;C4 CAPITAL SECURITIZADORA S/A;AMFI COMPANHIA SECURITIZADORA DE CREDITOS FINANCEIROS I SA;;Duplicata;
C4 Unitoken #15;Unitoken;16/09/2024;-306;R$ 0,00;;;R$ 0,00;;;;R$ 0,00;;;;0,0%;;"";;C4 CAPITAL SECURITIZADORA S/A;AMFI COMPANHIA SECURITIZADORA DE CREDITOS FINANCEIROS I SA;;Duplicata;
C4 Unitoken #13;Unitoken;16/09/2024;-306;R$ 0,00;;;R$ 0,00;;;;R$ 0,00;;;;0,0%;;"";;C4 CAPITAL SECURITIZADORA S/A;AMFI COMPANHIA SECURITIZADORA DE CREDITOS FINANCEIROS I SA;;Duplicata;
Formento Unitoken #10;Unitoken;17/09/2024;-305;R$ 0,00;;;R$ 0,00;;;;R$ 0,00;;;;0,0%;;"";;Formento Securitizadora S.A.;AMFI COMPANHIA SECURITIZADORA DE CREDITOS FINANCEIROS I SA;;Duplicata;
Click Antecipa Unitoken #37;Unitoken;20/09/2024;-302;R$ 0,00;;;R$ 0,00;;;;R$ 0,00;;;;0,0%;;"";;CLICK SECURITIZADORA S.A.;AMFI COMPANHIA SECURITIZADORA DE CREDITOS FINANCEIROS I SA;;Duplicata;
Nagro #1;Unitoken;20/09/2024;-302;R$ 0,00;;;R$ 0,00;;R$ 0,00;;R$ 0,00;;;;0,0%;;"";;NAGRO;;;CCB;
MMK Partners Unitoken #3;Unitoken;20/09/2024;-302;R$ 0,00;;;R$ 0,00;;;;R$ 0,00;;;;0,0%;;"";;MMK Partners;AMFI COMPANHIA SECURITIZADORA DE CREDITOS FINANCEIROS I SA;;Duplicata;
Click Antecipa Unitoken #44;Unitoken;20/09/2024;-302;R$ 0,00;;;R$ 0,00;;;;R$ 0,00;;;;0,0%;;"";;CLICK SECURITIZADORA S.A.;AMFI COMPANHIA SECURITIZADORA DE CREDITOS FINANCEIROS I SA;;Duplicata;
Nagro #4;Unitoken;20/09/2024;-302;R$ 0,00;;;R$ 0,00;;R$ 0,00;;R$ 0,00;;;;0,0%;;"";;NAGRO;;;CCB;
MMK Partners Unitoken #4;Unitoken;20/09/2024;-302;R$ 0,00;;;R$ 0,00;;;;R$ 0,00;;;;0,0%;;"";;MMK Partners;AMFI COMPANHIA SECURITIZADORA DE CREDITOS FINANCEIROS I SA;;Duplicata;
Learnbase Unitoken #23;Unitoken;20/09/2024;-302;R$ 0,00;;;R$ 0,00;;;;R$ 0,00;;;;0,0%;;"";;Learnbase Gestão e Consultoria Educacional S.A.;AMFI COMPANHIA SECURITIZADORA DE CREDITOS FINANCEIROS I SA;;Duplicata;
C4 Unitoken #16;Unitoken;21/09/2024;-301;R$ 0,00;;;R$ 0,00;;;;R$ 0,00;;;;0,0%;;"";;C4 CAPITAL SECURITIZADORA S/A;AMFI COMPANHIA SECURITIZADORA DE CREDITOS FINANCEIROS I SA;;Duplicata;
C4 Unitoken #17;Unitoken;21/09/2024;-301;R$ 0,00;;;R$ 0,00;;;;R$ 0,00;;;;0,0%;;"";;C4 CAPITAL SECURITIZADORA S/A;AMFI COMPANHIA SECURITIZADORA DE CREDITOS FINANCEIROS I SA;;Duplicata;
Learnbase Unitoken #10;Unitoken;22/09/2024;-300;R$ 0,00;;;R$ 0,00;;;;R$ 0,00;;;;0,0%;;"";;Learnbase Gestão e Consultoria Educacional S.A.;AMFI COMPANHIA SECURITIZADORA DE CREDITOS FINANCEIROS I SA;;Duplicata;
Learnbase Unitoken #29;Unitoken;23/09/2024;-299;R$ 0,00;;;R$ 0,00;;;;R$ 0,00;;;;0,0%;;"";;Learnbase Gestão e Consultoria Educacional S.A.;AMFI COMPANHIA SECURITIZADORA DE CREDITOS FINANCEIROS I SA;;Duplicata;
DS Unitoken #2;Unitoken;23/09/2024;-299;R$ 0,00;;;R$ 0,00;;;;R$ 0,00;;;;0,0%;;"";;DS SECURITIZADORA S/A;AMFI COMPANHIA SECURITIZADORA DE CREDITOS FINANCEIROS I SA;;Duplicata;
Mercado de recebíveis Unitoken #8;Unitoken;24/09/2024;-298;R$ 0,00;;;R$ 0,00;;;;R$ 0,00;;;;0,0%;;"";;MR SERVIÇOS EM TECNOLOGIA LTDA;AMFI COMPANHIA SECURITIZADORA DE CREDITOS FINANCEIROS I SA;;Duplicata;
Valorem Unitoken #20;Unitoken;24/09/2024;-298;R$ 0,00;;;R$ 0,00;;;;R$ 0,00;;;;0,0%;;"";;Valorem Soluções Financeiras S.A;AMFI COMPANHIA SECURITIZADORA DE CREDITOS FINANCEIROS I SA;;Duplicata;
DS Unitoken #5;Unitoken;24/09/2024;-298;R$ 0,00;;;R$ 0,00;;;;R$ 0,00;;;;0,0%;;"";;DS SECURITIZADORA S/A;AMFI COMPANHIA SECURITIZADORA DE CREDITOS FINANCEIROS I SA;;Duplicata;
Click Antecipa Unitoken #32;Unitoken;24/09/2024;-298;R$ 0,00;;;R$ 0,00;;;;R$ 0,00;;;;0,0%;;"";;CLICK SECURITIZADORA S.A.;AMFI COMPANHIA SECURITIZADORA DE CREDITOS FINANCEIROS I SA;;Duplicata;
DS Unitoken #8;Unitoken;24/09/2024;-298;R$ 0,00;;;R$ 0,00;;;;R$ 0,00;;;;0,0%;;"";;DS SECURITIZADORA S/A;AMFI COMPANHIA SECURITIZADORA DE CREDITOS FINANCEIROS I SA;;Duplicata;
Click Antecipa Unitoken #30;Unitoken;25/09/2024;-297;R$ 0,00;;;R$ 0,00;;;;R$ 0,00;;;;0,0%;;"";;CLICK SECURITIZADORA S.A.;AMFI COMPANHIA SECURITIZADORA DE CREDITOS FINANCEIROS I SA;;Duplicata;
C4 Unitoken #18;Unitoken;25/09/2024;-297;R$ 0,00;;;R$ 0,00;;;;R$ 0,00;;;;0,0%;;"";;C4 CAPITAL SECURITIZADORA S/A;AMFI COMPANHIA SECURITIZADORA DE CREDITOS FINANCEIROS I SA;;Duplicata;
C4 Unitoken #19;Unitoken;27/09/2024;-295;R$ 0,00;;;R$ 0,00;;;;R$ 0,00;;;;0,0%;;"";;C4 CAPITAL SECURITIZADORA S/A;AMFI COMPANHIA SECURITIZADORA DE CREDITOS FINANCEIROS I SA;;Duplicata;
Syntheo Unitoken #2;Unitoken;28/09/2024;-294;R$ 0,00;;;R$ 0,00;;;;R$ 0,00;;;;0,0%;;"";;SYNTHÉO SECURITIZADORA DE CRÉDITOS S.A.;AMFI COMPANHIA SECURITIZADORA DE CREDITOS FINANCEIROS I SA;;Duplicata;
Synthéo Unitoken #1;Unitoken;28/09/2024;-294;R$ 0,00;;;R$ 0,00;;;;R$ 0,00;;;;0,0%;;"";;SYNTHÉO SECURITIZADORA DE CRÉDITOS S.A.;AMFI COMPANHIA SECURITIZADORA DE CREDITOS FINANCEIROS I SA;;Duplicata;
Formento Unitoken #11;Unitoken;29/09/2024;-293;R$ 0,00;;;R$ 0,00;;;;R$ 0,00;;;;0,0%;;"";;Formento Securitizadora S.A.;AMFI COMPANHIA SECURITIZADORA DE CREDITOS FINANCEIROS I SA;;Duplicata;
DS Unitoken #7;Unitoken;29/09/2024;-293;R$ 0,00;;;R$ 0,00;;;;R$ 0,00;;;;0,0%;;"";;DS SECURITIZADORA S/A;AMFI COMPANHIA SECURITIZADORA DE CREDITOS FINANCEIROS I SA;;Duplicata;
C4 Unitoken #21;Unitoken;30/09/2024;-292;R$ 0,00;;;R$ 0,00;;;;R$ 0,00;;;;0,0%;;"";;C4 CAPITAL SECURITIZADORA S/A;AMFI COMPANHIA SECURITIZADORA DE CREDITOS FINANCEIROS I SA;;Duplicata;
C4 Unitoken #20;Unitoken;30/09/2024;-292;R$ 0,00;;;R$ 0,00;;;;R$ 0,00;;;;0,0%;;"";;C4 CAPITAL SECURITIZADORA S/A;AMFI COMPANHIA SECURITIZADORA DE CREDITOS FINANCEIROS I SA;;Duplicata;
C4 Unitoken #22;Unitoken;30/09/2024;-292;R$ 0,00;;;R$ 0,00;;;;R$ 0,00;;;;0,0%;;"";;C4 CAPITAL SECURITIZADORA S/A;AMFI COMPANHIA SECURITIZADORA DE CREDITOS FINANCEIROS I SA;;Duplicata;
Valorem Unitoken #23;Unitoken;01/10/2024;-291;R$ 0,00;;;R$ 0,00;;;;R$ 0,00;;;;0,0%;;"";;Valorem Soluções Financeiras S.A;AMFI COMPANHIA SECURITIZADORA DE CREDITOS FINANCEIROS I SA;;Duplicata;
DS Unitoken #9;Unitoken;01/10/2024;-291;R$ 0,00;;;R$ 0,00;;;;R$ 0,00;;;;0,0%;;"";;DS SECURITIZADORA S/A;AMFI COMPANHIA SECURITIZADORA DE CREDITOS FINANCEIROS I SA;;Duplicata;
Click Antecipa Unitoken #36;Unitoken;01/10/2024;-291;R$ 0,00;;;R$ 0,00;;;;R$ 0,00;;;;0,0%;;"";;CLICK SECURITIZADORA S.A.;AMFI COMPANHIA SECURITIZADORA DE CREDITOS FINANCEIROS I SA;;Duplicata;
Valorem Unitoken #9;Unitoken;01/10/2024;-291;R$ 0,00;;;R$ 0,00;;;;R$ 0,00;;;;0,0%;;"";;Valorem Soluções Financeiras S.A;AMFI COMPANHIA SECURITIZADORA DE CREDITOS FINANCEIROS I SA;;Duplicata;
Learnbase Unitoken #31;Unitoken;01/10/2024;-291;R$ 0,00;;;R$ 0,00;;;;R$ 0,00;;;;0,0%;;"";;Learnbase Gestão e Consultoria Educacional S.A.;AMFI COMPANHIA SECURITIZADORA DE CREDITOS FINANCEIROS I SA;;Duplicata;
Mercado de recebíveis Unitoken #7;Unitoken;01/10/2024;-291;R$ 0,00;;;R$ 0,00;;;;R$ 0,00;;;;0,0%;;"";;MR SERVIÇOS EM TECNOLOGIA LTDA;AMFI COMPANHIA SECURITIZADORA DE CREDITOS FINANCEIROS I SA;;Duplicata;
Valorem Unitoken #25;Unitoken;02/10/2024;-290;R$ 0,00;;;R$ 0,00;;;;R$ 0,00;;;;0,0%;;"";;Valorem Soluções Financeiras S.A;AMFI COMPANHIA SECURITIZADORA DE CREDITOS FINANCEIROS I SA;;Duplicata;
Audax Capital Unitoken #2;Unitoken;04/10/2024;-288;R$ 0,00;;;R$ 0,00;;;;R$ 0,00;;;;0,0%;;"";;AUDAX CAPITAL SECURITIZADORA S.A;AMFI COMPANHIA SECURITIZADORA DE CREDITOS FINANCEIROS I SA;;Duplicata;
Learnbase Unitoken #30;Unitoken;04/10/2024;-288;R$ 0,00;;;R$ 0,00;;;;R$ 0,00;;;;0,0%;;"";;Learnbase Gestão e Consultoria Educacional S.A.;AMFI COMPANHIA SECURITIZADORA DE CREDITOS FINANCEIROS I SA;;Duplicata;
Conecta Lá Unitoken #26;Unitoken;05/10/2024;-287;R$ 0,00;;;R$ 0,00;;;;R$ 0,00;;;;0,0%;;"";;FULL NINE DIGITAL CONSULTORIA S.A.;AMFI COMPANHIA SECURITIZADORA DE CREDITOS FINANCEIROS I SA;;Duplicata;
Conecta Lá Unitoken #30;Unitoken;06/10/2024;-286;R$ 0,00;;;R$ 0,00;;;;R$ 0,00;;;;0,0%;;"";;FULL NINE DIGITAL CONSULTORIA S.A.;AMFI COMPANHIA SECURITIZADORA DE CREDITOS FINANCEIROS I SA;;Duplicata;
C4 Unitoken #23;Unitoken;06/10/2024;-286;R$ 0,00;;;R$ 0,00;;;;R$ 0,00;;;;0,0%;;"";;C4 CAPITAL SECURITIZADORA S/A;AMFI COMPANHIA SECURITIZADORA DE CREDITOS FINANCEIROS I SA;;Duplicata;
Click Antecipa Unitoken #28;Unitoken;07/10/2024;-285;R$ 0,00;;;R$ 0,00;;;;R$ 0,00;;;;0,0%;;"";;CLICK SECURITIZADORA S.A.;AMFI COMPANHIA SECURITIZADORA DE CREDITOS FINANCEIROS I SA;;Duplicata;
Mercado de recebíveis Unitoken #9;Unitoken;07/10/2024;-285;R$ 0,00;;;R$ 0,00;;;;R$ 0,00;;;;0,0%;;"";;MR SERVIÇOS EM TECNOLOGIA LTDA;AMFI COMPANHIA SECURITIZADORA DE CREDITOS FINANCEIROS I SA;;Duplicata;
Lebasq Unitoken #3;Unitoken;08/10/2024;-284;R$ 0,00;;;R$ 0,00;;;;R$ 0,00;;;;0,0%;;"";;LEBASQ SECURITIZAÇÃO DE CRÉDITOS SA;AMFI COMPANHIA SECURITIZADORA DE CREDITOS FINANCEIROS I SA;;Duplicata;
Mercado de recebíveis Unitoken #10;Unitoken;08/10/2024;-284;R$ 0,00;;;R$ 0,00;;;;R$ 0,00;;;;0,0%;;"";;MR SERVIÇOS EM TECNOLOGIA LTDA;AMFI COMPANHIA SECURITIZADORA DE CREDITOS FINANCEIROS I SA;;Duplicata;
Mercado de recebíveis Unitoken #12;Unitoken;09/10/2024;-283;R$ 0,00;;;R$ 0,00;;;;R$ 0,00;;;;0,0%;;"";;MR SERVIÇOS EM TECNOLOGIA LTDA;AMFI COMPANHIA SECURITIZADORA DE CREDITOS FINANCEIROS I SA;;Duplicata;
C4 Unitoken #34;Unitoken;10/10/2024;-282;R$ 0,00;;;R$ 0,00;;;;R$ 0,00;;;;0,0%;;"";;C4 CAPITAL SECURITIZADORA S/A;AMFI COMPANHIA SECURITIZADORA DE CREDITOS FINANCEIROS I SA;;Duplicata;
Conecta Lá Unitoken #28;Unitoken;10/10/2024;-282;R$ 0,00;;;R$ 0,00;;;;R$ 0,00;;;;0,0%;;"";;FULL NINE DIGITAL CONSULTORIA S.A.;AMFI COMPANHIA SECURITIZADORA DE CREDITOS FINANCEIROS I SA;;Duplicata;
C4 Unitoken #33;Unitoken;10/10/2024;-282;R$ 0,00;;;R$ 0,00;;;;R$ 0,00;;;;0,0%;;"";;C4 CAPITAL SECURITIZADORA S/A;AMFI COMPANHIA SECURITIZADORA DE CREDITOS FINANCEIROS I SA;;Duplicata;
Click Antecipa Unitoken #53;Unitoken;11/10/2024;-281;R$ 0,00;;;R$ 0,00;;;;R$ 0,00;;;;0,0%;;"";;CLICK SECURITIZADORA S.A.;AMFI COMPANHIA SECURITIZADORA DE CREDITOS FINANCEIROS I SA;;Duplicata;
Mercado de recebíveis Unitoken #14;Unitoken;13/10/2024;-279;R$ 0,00;;;R$ 0,00;;;;R$ 0,00;;;;0,0%;;"";;MR SERVIÇOS EM TECNOLOGIA LTDA;AMFI COMPANHIA SECURITIZADORA DE CREDITOS FINANCEIROS I SA;;Duplicata;
Up Vendas Unitoken #1;Unitoken;14/10/2024;-278;R$ 0,00;;;R$ 0,00;;;;R$ 0,00;;;;0,0%;;"";;Up Vendas;AMFI COMPANHIA SECURITIZADORA DE CREDITOS FINANCEIROS I SA;Oferta Pública;Recebível de Cartão;Produto Encerrado
Click Antecipa Unitoken #41;Unitoken;14/10/2024;-278;R$ 0,00;;;R$ 0,00;;;;R$ 0,00;;;;0,0%;;"";;CLICK SECURITIZADORA S.A.;AMFI COMPANHIA SECURITIZADORA DE CREDITOS FINANCEIROS I SA;;Duplicata;
Click Antecipa Unitoken #42;Unitoken;14/10/2024;-278;R$ 0,00;;;R$ 0,00;;;;R$ 0,00;;;;0,0%;;"";;CLICK SECURITIZADORA S.A.;AMFI COMPANHIA SECURITIZADORA DE CREDITOS FINANCEIROS I SA;;Duplicata;
Teddy  Unitoken #6;Unitoken;15/10/2024;-277;R$ 0,00;;;R$ 0,00;;;;R$ 0,00;;;;0,0%;;"";;TEDDY HUB DIGITAL LTDA;AMFI COMPANHIA SECURITIZADORA DE CREDITOS FINANCEIROS I SA;;Duplicata;
C4 Unitoken #25;Unitoken;15/10/2024;-277;R$ 0,00;;;R$ 0,00;;;;R$ 0,00;;;;0,0%;;"";;C4 CAPITAL SECURITIZADORA S/A;AMFI COMPANHIA SECURITIZADORA DE CREDITOS FINANCEIROS I SA;;Duplicata;
C4 Unitoken #24;Unitoken;15/10/2024;-277;R$ 0,00;;;R$ 0,00;;;;R$ 0,00;;;;0,0%;;"";;C4 CAPITAL SECURITIZADORA S/A;AMFI COMPANHIA SECURITIZADORA DE CREDITOS FINANCEIROS I SA;;Duplicata;
Intreguei Pool #1;Pool;16/10/2024;-276;R$ 0,00;;;R$ 0,00;;R$ 0,00;;R$ 0,00;;;;0,0%;;"";;INTREGUEI SOLUCOES E TECNOLOGIA LTDA;AMFI COMPANHIA SECURITIZADORA DE CREDITOS FINANCEIROS I SA;;Duplicata;
C4 Unitoken #32;Unitoken;16/10/2024;-276;R$ 0,00;;;R$ 0,00;;;;R$ 0,00;;;;0,0%;;"";;C4 CAPITAL SECURITIZADORA S/A;AMFI COMPANHIA SECURITIZADORA DE CREDITOS FINANCEIROS I SA;;Duplicata;
C4 Unitoken #26;Unitoken;16/10/2024;-276;R$ 0,00;;;R$ 0,00;;;;R$ 0,00;;;;0,0%;;"";;C4 CAPITAL SECURITIZADORA S/A;AMFI COMPANHIA SECURITIZADORA DE CREDITOS FINANCEIROS I SA;;Duplicata;
Click Antecipa Unitoken #40;Unitoken;20/10/2024;-272;R$ 0,00;;;R$ 0,00;;;;R$ 0,00;;;;0,0%;;"";;CLICK SECURITIZADORA S.A.;AMFI COMPANHIA SECURITIZADORA DE CREDITOS FINANCEIROS I SA;;Duplicata;
Conecta Lá Unitoken #33;Unitoken;21/10/2024;-271;R$ 0,00;;;R$ 0,00;;;;R$ 0,00;;;;0,0%;;"";;FULL NINE DIGITAL CONSULTORIA S.A.;AMFI COMPANHIA SECURITIZADORA DE CREDITOS FINANCEIROS I SA;;Duplicata;
Click Antecipa Unitoken #46;Unitoken;21/10/2024;-271;R$ 0,00;;;R$ 0,00;;;;R$ 0,00;;;;0,0%;;"";;CLICK SECURITIZADORA S.A.;AMFI COMPANHIA SECURITIZADORA DE CREDITOS FINANCEIROS I SA;;Duplicata;
Click Antecipa Unitoken #47;Unitoken;21/10/2024;-271;R$ 0,00;;;R$ 0,00;;;;R$ 0,00;;;;0,0%;;"";;CLICK SECURITIZADORA S.A.;AMFI COMPANHIA SECURITIZADORA DE CREDITOS FINANCEIROS I SA;;Duplicata;
Mercado de recebíveis Unitoken #11;Unitoken;21/10/2024;-271;R$ 0,00;;;R$ 0,00;;;;R$ 0,00;;;;0,0%;;"";;MR SERVIÇOS EM TECNOLOGIA LTDA;AMFI COMPANHIA SECURITIZADORA DE CREDITOS FINANCEIROS I SA;;Duplicata;
Learnbase Unitoken #12;Unitoken;22/10/2024;-270;R$ 0,00;;;R$ 0,00;;;;R$ 0,00;;;;0,0%;;"";;Learnbase Gestão e Consultoria Educacional S.A.;AMFI COMPANHIA SECURITIZADORA DE CREDITOS FINANCEIROS I SA;;Duplicata;
Learnbase Unitoken #34;Unitoken;23/10/2024;-269;R$ 0,00;;;R$ 0,00;;;;R$ 0,00;;;;0,0%;;"";;Learnbase Gestão e Consultoria Educacional S.A.;AMFI COMPANHIA SECURITIZADORA DE CREDITOS FINANCEIROS I SA;Oferta Pública;Duplicata;Produto Encerrado
Conecta Lá Unitoken #14;Unitoken;24/10/2024;-268;R$ 0,00;;;R$ 0,00;;;;R$ 0,00;;;;0,0%;;"";;FULL NINE DIGITAL CONSULTORIA S.A.;AMFI COMPANHIA SECURITIZADORA DE CREDITOS FINANCEIROS I SA;;Duplicata;
Click Antecipa Unitoken #49;Unitoken;24/10/2024;-268;R$ 0,00;;;R$ 0,00;;;;R$ 0,00;;;;0,0%;;"";;CLICK SECURITIZADORA S.A.;AMFI COMPANHIA SECURITIZADORA DE CREDITOS FINANCEIROS I SA;;Duplicata;
Conecta Lá Unitoken #34;Unitoken;24/10/2024;-268;R$ 0,00;;;R$ 0,00;;;;R$ 0,00;;;;0,0%;;"";;FULL NINE DIGITAL CONSULTORIA S.A.;AMFI COMPANHIA SECURITIZADORA DE CREDITOS FINANCEIROS I SA;;Duplicata;
DS Unitoken #28;Unitoken;25/10/2024;-267;R$ 0,00;;;R$ 0,00;;;;R$ 0,00;;;;0,0%;;"";;DS SECURITIZADORA S/A;AMFI COMPANHIA SECURITIZADORA DE CREDITOS FINANCEIROS I SA;Oferta Pública;Duplicata;Produto Encerrado
Lebasq Unitoken #4;Unitoken;27/10/2024;-265;R$ 0,00;;;R$ 0,00;;;;R$ 0,00;;;;0,0%;;"";;LEBASQ SECURITIZAÇÃO DE CRÉDITOS SA;AMFI COMPANHIA SECURITIZADORA DE CREDITOS FINANCEIROS I SA;;Duplicata;
C4 Unitoken #29;Unitoken;28/10/2024;-264;R$ 0,00;;;R$ 0,00;;;;R$ 0,00;;;;0,0%;;"";;C4 CAPITAL SECURITIZADORA S/A;AMFI COMPANHIA SECURITIZADORA DE CREDITOS FINANCEIROS I SA;;Duplicata;
C4 Unitoken #27;Unitoken;28/10/2024;-264;R$ 0,00;;;R$ 0,00;;;;R$ 0,00;;;;0,0%;;"";;C4 CAPITAL SECURITIZADORA S/A;AMFI COMPANHIA SECURITIZADORA DE CREDITOS FINANCEIROS I SA;;Duplicata;
C4 Unitoken #28;Unitoken;28/10/2024;-264;R$ 0,00;;;R$ 0,00;;;;R$ 0,00;;;;0,0%;;"";;C4 CAPITAL SECURITIZADORA S/A;AMFI COMPANHIA SECURITIZADORA DE CREDITOS FINANCEIROS I SA;;Duplicata;
Learnbase Unitoken #35;Unitoken;30/10/2024;-262;R$ 0,00;;;R$ 0,00;;;;R$ 0,00;;;;0,0%;;"";;Learnbase Gestão e Consultoria Educacional S.A.;AMFI COMPANHIA SECURITIZADORA DE CREDITOS FINANCEIROS I SA;Oferta Pública;Duplicata;Produto Encerrado
Audax Capital Unitoken #1;Unitoken;30/10/2024;-262;R$ 0,00;;;R$ 0,00;;;;R$ 0,00;;;;0,0%;;"";;AUDAX CAPITAL SECURITIZADORA S.A;AMFI COMPANHIA SECURITIZADORA DE CREDITOS FINANCEIROS I SA;;Duplicata;
C4 Unitoken #36;Unitoken;30/10/2024;-262;R$ 0,00;;;R$ 0,00;;;;R$ 0,00;;;;0,0%;;"";;C4 CAPITAL SECURITIZADORA S/A;AMFI COMPANHIA SECURITIZADORA DE CREDITOS FINANCEIROS I SA;Oferta Pública;Duplicata;Produto Encerrado
C4 Unitoken #31;Unitoken;30/10/2024;-262;R$ 0,00;;;R$ 0,00;;;;R$ 0,00;;;;0,0%;;"";;C4 CAPITAL SECURITIZADORA S/A;AMFI COMPANHIA SECURITIZADORA DE CREDITOS FINANCEIROS I SA;;Duplicata;
a55  Unitoken #22;Unitoken;31/10/2024;-261;R$ 0,00;;;R$ 0,00;;;;R$ 0,00;;;;0,0%;;"";;a55 SECURITIZADORA S.A.;a55 SECURITIZADORA S.A.;Oferta Pública;Duplicata;Produto Encerrado
Conecta Lá Unitoken #37;Unitoken;01/11/2024;-260;R$ 0,00;;;R$ 0,00;;;;R$ 0,00;;;;0,0%;;"";;FULL NINE DIGITAL CONSULTORIA S.A.;AMFI COMPANHIA SECURITIZADORA DE CREDITOS FINANCEIROS I SA;Oferta Pública;Duplicata;Produto Encerrado
DS Unitoken #29;Unitoken;02/11/2024;-259;R$ 0,00;;;R$ 0,00;;;;R$ 0,00;;;;0,0%;;"";;DS SECURITIZADORA S/A;AMFI COMPANHIA SECURITIZADORA DE CREDITOS FINANCEIROS I SA;Oferta Pública;Duplicata;Produto Encerrado
Valorem Unitoken #26;Unitoken;04/11/2024;-257;R$ 0,00;;;R$ 0,00;;;;R$ 0,00;;;;0,0%;;"";;Valorem Soluções Financeiras S.A;AMFI COMPANHIA SECURITIZADORA DE CREDITOS FINANCEIROS I SA;;Duplicata;
Learnbase Unitoken #33;Unitoken;04/11/2024;-257;R$ 0,00;;;R$ 0,00;;;;R$ 0,00;;;;0,0%;;"";;Learnbase Gestão e Consultoria Educacional S.A.;AMFI COMPANHIA SECURITIZADORA DE CREDITOS FINANCEIROS I SA;Oferta Pública;Duplicata;Produto Encerrado
DS Unitoken #20;Unitoken;04/11/2024;-257;R$ 0,00;;;R$ 0,00;;;;R$ 0,00;;;;0,0%;;"";;DS SECURITIZADORA S/A;AMFI COMPANHIA SECURITIZADORA DE CREDITOS FINANCEIROS I SA;Oferta Pública;Duplicata;Produto Encerrado
Conecta Lá Unitoken #31;Unitoken;05/11/2024;-256;R$ 0,00;;;R$ 0,00;;;;R$ 0,00;;;;0,0%;;"";;FULL NINE DIGITAL CONSULTORIA S.A.;AMFI COMPANHIA SECURITIZADORA DE CREDITOS FINANCEIROS I SA;;Duplicata;
Click Antecipa Unitoken #39;Unitoken;05/11/2024;-256;R$ 0,00;;;R$ 0,00;;;;R$ 0,00;;;;0,0%;;"";;CLICK SECURITIZADORA S.A.;AMFI COMPANHIA SECURITIZADORA DE CREDITOS FINANCEIROS I SA;;Duplicata;
Lebasq Unitoken #5;Unitoken;05/11/2024;-256;R$ 0,00;;;R$ 0,00;;;;R$ 0,00;;;;0,0%;;"";;LEBASQ SECURITIZAÇÃO DE CRÉDITOS SA;AMFI COMPANHIA SECURITIZADORA DE CREDITOS FINANCEIROS I SA;;Duplicata;
Lebasq Unitoken #17;Unitoken;05/11/2024;-256;R$ 0,00;;;R$ 0,00;;;;R$ 0,00;;;;0,0%;;"";;LEBASQ SECURITIZAÇÃO DE CRÉDITOS SA;AMFI COMPANHIA SECURITIZADORA DE CREDITOS FINANCEIROS I SA;Oferta Pública;Duplicata;Produto Encerrado
Click Antecipa Unitoken #52;Unitoken;05/11/2024;-256;R$ 0,00;;;R$ 0,00;;;;R$ 0,00;;;;0,0%;;"";;CLICK SECURITIZADORA S.A.;AMFI COMPANHIA SECURITIZADORA DE CREDITOS FINANCEIROS I SA;;Duplicata;
Conecta Lá Unitoken #36;Unitoken;06/11/2024;-255;R$ 0,00;;;R$ 0,00;;;;R$ 0,00;;;;0,0%;;"";;FULL NINE DIGITAL CONSULTORIA S.A.;AMFI COMPANHIA SECURITIZADORA DE CREDITOS FINANCEIROS I SA;Oferta Pública;Duplicata;Produto Encerrado
DS Unitoken #15;Unitoken;07/11/2024;-254;R$ 0,00;;;R$ 0,00;;;;R$ 0,00;;;;0,0%;;"";;DS SECURITIZADORA S/A;AMFI COMPANHIA SECURITIZADORA DE CREDITOS FINANCEIROS I SA;;Duplicata;
DS Unitoken #13;Unitoken;07/11/2024;-254;R$ 0,00;;;R$ 0,00;;;;R$ 0,00;;;;0,0%;;"";;DS SECURITIZADORA S/A;AMFI COMPANHIA SECURITIZADORA DE CREDITOS FINANCEIROS I SA;;Duplicata;
Syntheo Unitoken #3;Unitoken;07/11/2024;-254;R$ 0,00;;;R$ 0,00;;;;R$ 0,00;;;;0,0%;;"";;SYNTHÉO SECURITIZADORA DE CRÉDITOS S.A.;AMFI COMPANHIA SECURITIZADORA DE CREDITOS FINANCEIROS I SA;;Duplicata;
Syntheo Unitoken #10;Unitoken;08/11/2024;-253;R$ 0,00;;;R$ 0,00;;;;R$ 0,00;;;;0,0%;;"";;SYNTHÉO SECURITIZADORA DE CRÉDITOS S.A.;AMFI COMPANHIA SECURITIZADORA DE CREDITOS FINANCEIROS I SA;Oferta Pública;Duplicata;Produto Encerrado
Syntheo Unitoken #8;Unitoken;08/11/2024;-253;R$ 0,00;;;R$ 0,00;;;;R$ 0,00;;;;0,0%;;"";;SYNTHÉO SECURITIZADORA DE CRÉDITOS S.A.;AMFI COMPANHIA SECURITIZADORA DE CREDITOS FINANCEIROS I SA;Oferta Pública;Duplicata;Produto Encerrado
Formento Unitoken #9;Unitoken;10/11/2024;-251;R$ 0,00;;;R$ 0,00;;;;R$ 0,00;;;;0,0%;;"";;Formento Securitizadora S.A.;AMFI COMPANHIA SECURITIZADORA DE CREDITOS FINANCEIROS I SA;;Duplicata;
Formento Unitoken #15;Unitoken;10/11/2024;-251;R$ 0,00;;;R$ 0,00;;;;R$ 0,00;;;;0,0%;;"";;Formento Securitizadora S.A.;AMFI COMPANHIA SECURITIZADORA DE CREDITOS FINANCEIROS I SA;Oferta Pública;Duplicata;Produto Encerrado
Syntheo Unitoken #5;Unitoken;10/11/2024;-251;R$ 0,00;;;R$ 0,00;;;;R$ 0,00;;;;0,0%;;"";;SYNTHÉO SECURITIZADORA DE CRÉDITOS S.A.;AMFI COMPANHIA SECURITIZADORA DE CREDITOS FINANCEIROS I SA;;Duplicata;
Valorem Unitoken #33;Unitoken;11/11/2024;-250;R$ 0,00;;;R$ 0,00;;;;R$ 0,00;;;;0,0%;;"";;Valorem Soluções Financeiras S.A;AMFI COMPANHIA SECURITIZADORA DE CREDITOS FINANCEIROS I SA;Oferta Pública;Duplicata;Produto Encerrado
Valorem Unitoken #27;Unitoken;11/11/2024;-250;R$ 0,00;;;R$ 0,00;;;;R$ 0,00;;;;0,0%;;"";;Valorem Soluções Financeiras S.A;AMFI COMPANHIA SECURITIZADORA DE CREDITOS FINANCEIROS I SA;Oferta Pública;Nota Comercial;Produto Encerrado
Syntheo Unitoken #6;Unitoken;11/11/2024;-250;R$ 0,00;;;R$ 0,00;;;;R$ 0,00;;;;0,0%;;"";;SYNTHÉO SECURITIZADORA DE CRÉDITOS S.A.;AMFI COMPANHIA SECURITIZADORA DE CREDITOS FINANCEIROS I SA;;Duplicata;
Syntheo Unitoken #14;Unitoken;11/11/2024;-250;R$ 0,00;;;R$ 0,00;;;;R$ 0,00;;;;0,0%;;"";;SYNTHÉO SECURITIZADORA DE CRÉDITOS S.A.;AMFI COMPANHIA SECURITIZADORA DE CREDITOS FINANCEIROS I SA;Oferta Pública;Duplicata;Produto Encerrado
Lebasq Unitoken #8;Unitoken;11/11/2024;-250;R$ 0,00;;;R$ 0,00;;;;R$ 0,00;;;;0,0%;;"";;LEBASQ SECURITIZAÇÃO DE CRÉDITOS SA;AMFI COMPANHIA SECURITIZADORA DE CREDITOS FINANCEIROS I SA;;Duplicata;
Digcap RPV Goiania #1;Unitoken;11/11/2024;-250;R$ 0,00;;;R$ 0,00;;R$ 0,00;;R$ 0,00;;;;0,0%;;"";;Digcap Intermediação de Créditos Judiciais Ltda	;;;Ativo Judicial;
Valorem Unitoken #36;Unitoken;12/11/2024;-249;R$ 0,00;;;R$ 0,00;;;;R$ 0,00;;;;0,0%;;"";;Valorem Soluções Financeiras S.A;AMFI COMPANHIA SECURITIZADORA DE CREDITOS FINANCEIROS I SA;Oferta Pública;Duplicata;Produto Encerrado
Click Antecipa Unitoken #38;Unitoken;12/11/2024;-249;R$ 0,00;;;R$ 0,00;;;;R$ 0,00;;;;0,0%;;"";;CLICK SECURITIZADORA S.A.;AMFI COMPANHIA SECURITIZADORA DE CREDITOS FINANCEIROS I SA;;Duplicata;
Click Antecipa Unitoken #54;Unitoken;12/11/2024;-249;R$ 0,00;;;R$ 0,00;;;;R$ 0,00;;;;0,0%;;"";;CLICK SECURITIZADORA S.A.;AMFI COMPANHIA SECURITIZADORA DE CREDITOS FINANCEIROS I SA;;Duplicata;
Valorem Unitoken #35;Unitoken;12/11/2024;-249;R$ 0,00;;;R$ 0,00;;;;R$ 0,00;;;;0,0%;;"";;Valorem Soluções Financeiras S.A;AMFI COMPANHIA SECURITIZADORA DE CREDITOS FINANCEIROS I SA;Oferta Pública;Duplicata;Produto Encerrado
Valorem Unitoken #34;Unitoken;14/11/2024;-247;R$ 0,00;;;R$ 0,00;;;;R$ 0,00;;;;0,0%;;"";;Valorem Soluções Financeiras S.A;AMFI COMPANHIA SECURITIZADORA DE CREDITOS FINANCEIROS I SA;Oferta Pública;Duplicata;Produto Encerrado
DS Unitoken #10;Unitoken;14/11/2024;-247;R$ 0,00;;;R$ 0,00;;;;R$ 0,00;;;;0,0%;;"";;DS SECURITIZADORA S/A;AMFI COMPANHIA SECURITIZADORA DE CREDITOS FINANCEIROS I SA;;Duplicata;
Syntheo Unitoken #4;Unitoken;15/11/2024;-246;R$ 0,00;;;R$ 0,00;;;;R$ 0,00;;;;0,0%;;"";;SYNTHÉO SECURITIZADORA DE CRÉDITOS S.A.;AMFI COMPANHIA SECURITIZADORA DE CREDITOS FINANCEIROS I SA;;Duplicata;
Teddy  Unitoken #7;Unitoken;15/11/2024;-246;R$ 0,00;;;R$ 0,00;;;;R$ 0,00;;;;0,0%;;"";;TEDDY HUB DIGITAL LTDA;AMFI COMPANHIA SECURITIZADORA DE CREDITOS FINANCEIROS I SA;;Duplicata;
Syntheo Unitoken #9;Unitoken;15/11/2024;-246;R$ 0,00;;;R$ 0,00;;;;R$ 0,00;;;;0,0%;;"";;SYNTHÉO SECURITIZADORA DE CRÉDITOS S.A.;AMFI COMPANHIA SECURITIZADORA DE CREDITOS FINANCEIROS I SA;Oferta Pública;Duplicata;Produto Encerrado
C4 Unitoken #37;Unitoken;15/11/2024;-246;R$ 0,00;;;R$ 0,00;;;;R$ 0,00;;;;0,0%;;"";;C4 CAPITAL SECURITIZADORA S/A;AMFI COMPANHIA SECURITIZADORA DE CREDITOS FINANCEIROS I SA;Oferta Pública;Duplicata;Produto Encerrado
Formento Unitoken #18;Unitoken;16/11/2024;-245;R$ 0,00;;;R$ 0,00;;;;R$ 0,00;;;;0,0%;;"";;Formento Securitizadora S.A.;AMFI COMPANHIA SECURITIZADORA DE CREDITOS FINANCEIROS I SA;Oferta Pública;Duplicata;Produto Encerrado
Pool André Franco #1;Pool;16/11/2024;-245;R$ 0,00;;;R$ 0,00;;R$ 0,00;;R$ 0,00;;;;0,0%;;"";;AMFI CONSULTING LTDA;;;Duplicata;
Learnbase Unitoken #39;Unitoken;18/11/2024;-243;R$ 0,00;;;R$ 0,00;;;;R$ 0,00;;;;0,0%;;"";;Learnbase Gestão e Consultoria Educacional S.A.;AMFI COMPANHIA SECURITIZADORA DE CREDITOS FINANCEIROS I SA;Oferta Pública;Duplicata;Produto Encerrado
Syntheo Unitoken #18;Unitoken;18/11/2024;-243;R$ 0,00;;;R$ 0,00;;;;R$ 0,00;;;;0,0%;;"";;SYNTHÉO SECURITIZADORA DE CRÉDITOS S.A.;AMFI COMPANHIA SECURITIZADORA DE CREDITOS FINANCEIROS I SA;Oferta Pública;Duplicata;Produto Encerrado
Click Antecipa Unitoken #57;Unitoken;20/11/2024;-241;R$ 0,00;;;R$ 0,00;;;;R$ 0,00;;;;0,0%;;"";;CLICK SECURITIZADORA S.A.;AMFI COMPANHIA SECURITIZADORA DE CREDITOS FINANCEIROS I SA;Oferta Pública;Duplicata;Produto Encerrado
Formento Unitoken #19;Unitoken;20/11/2024;-241;R$ 0,00;;;R$ 0,00;;;;R$ 0,00;;;;0,0%;;"";;Formento Securitizadora S.A.;AMFI COMPANHIA SECURITIZADORA DE CREDITOS FINANCEIROS I SA;Oferta Pública;Duplicata;Produto Encerrado
Syntheo Unitoken #11;Unitoken;21/11/2024;-240;R$ 0,00;;;R$ 0,00;;;;R$ 0,00;;;;0,0%;;"";;SYNTHÉO SECURITIZADORA DE CRÉDITOS S.A.;AMFI COMPANHIA SECURITIZADORA DE CREDITOS FINANCEIROS I SA;Oferta Pública;Duplicata;Produto Encerrado
Click Antecipa Unitoken #62;Unitoken;21/11/2024;-240;R$ 0,00;;;R$ 0,00;;;;R$ 0,00;;;;0,0%;;"";;CLICK SECURITIZADORA S.A.;AMFI COMPANHIA SECURITIZADORA DE CREDITOS FINANCEIROS I SA;Oferta Pública;Duplicata;Produto Encerrado
Conecta Lá Unitoken #41;Unitoken;21/11/2024;-240;R$ 0,00;;;R$ 0,00;;;;R$ 0,00;;;;0,0%;;"";;FULL NINE DIGITAL CONSULTORIA S.A.;AMFI COMPANHIA SECURITIZADORA DE CREDITOS FINANCEIROS I SA;Oferta Pública;Duplicata;Produto Encerrado
Syntheo Unitoken #16;Unitoken;23/11/2024;-238;R$ 0,00;;;R$ 0,00;;;;R$ 0,00;;;;0,0%;;"";;SYNTHÉO SECURITIZADORA DE CRÉDITOS S.A.;AMFI COMPANHIA SECURITIZADORA DE CREDITOS FINANCEIROS I SA;Oferta Pública;Duplicata;Produto Encerrado
Formento Unitoken #13;Unitoken;24/11/2024;-237;R$ 0,00;;;R$ 0,00;;;;R$ 0,00;;;;0,0%;;"";;Formento Securitizadora S.A.;AMFI COMPANHIA SECURITIZADORA DE CREDITOS FINANCEIROS I SA;;Duplicata;
Conecta Lá Unitoken #47;Unitoken;24/11/2024;-237;R$ 0,00;;;R$ 0,00;;;;R$ 0,00;;;;0,0%;;"";;FULL NINE DIGITAL CONSULTORIA S.A.;AMFI COMPANHIA SECURITIZADORA DE CREDITOS FINANCEIROS I SA;Oferta Pública;Duplicata;Produto Encerrado
Conecta Lá Unitoken #38;Unitoken;24/11/2024;-237;R$ 0,00;;;R$ 0,00;;;;R$ 0,00;;;;0,0%;;"";;FULL NINE DIGITAL CONSULTORIA S.A.;AMFI COMPANHIA SECURITIZADORA DE CREDITOS FINANCEIROS I SA;Oferta Pública;Duplicata;Produto Encerrado
Syntheo Unitoken #13;Unitoken;24/11/2024;-237;R$ 0,00;;;R$ 0,00;;;;R$ 0,00;;;;0,0%;;"";;SYNTHÉO SECURITIZADORA DE CRÉDITOS S.A.;AMFI COMPANHIA SECURITIZADORA DE CREDITOS FINANCEIROS I SA;Oferta Pública;Duplicata;Produto Encerrado
Valorem Unitoken #32;Unitoken;25/11/2024;-236;R$ 0,00;;;R$ 0,00;;;;R$ 0,00;;;;0,0%;;"";;Valorem Soluções Financeiras S.A;AMFI COMPANHIA SECURITIZADORA DE CREDITOS FINANCEIROS I SA;Oferta Pública;Duplicata;Produto Encerrado
DS Unitoken #24;Unitoken;25/11/2024;-236;R$ 0,00;;;R$ 0,00;;;;R$ 0,00;;;;0,0%;;"";;DS SECURITIZADORA S/A;AMFI COMPANHIA SECURITIZADORA DE CREDITOS FINANCEIROS I SA;Oferta Pública;Duplicata;Produto Encerrado
UnionNational Pool #1;Pool;25/11/2024;-236;R$ 0,00;;;R$ 0,00;;R$ 0,00;;R$ 0,00;33,4%;20,0%;;0,0%;;"";;SECURITIZADORA DE CRÉDITOS FINANCEIROS S.A.;;Oferta Pública;Duplicata;Produto Encerrado
Click Antecipa Unitoken #58;Unitoken;25/11/2024;-236;R$ 0,00;;;R$ 0,00;;;;R$ 0,00;;;;0,0%;;"";;CLICK SECURITIZADORA S.A.;AMFI COMPANHIA SECURITIZADORA DE CREDITOS FINANCEIROS I SA;Oferta Pública;Duplicata;Produto Encerrado
Click Antecipa Unitoken #45;Unitoken;26/11/2024;-235;R$ 0,00;;;R$ 0,00;;;;R$ 0,00;;;;0,0%;;"";;CLICK SECURITIZADORA S.A.;AMFI COMPANHIA SECURITIZADORA DE CREDITOS FINANCEIROS I SA;;Duplicata;
Lebasq Unitoken #7;Unitoken;26/11/2024;-235;R$ 0,00;;;R$ 0,00;;;;R$ 0,00;;;;0,0%;;"";;LEBASQ SECURITIZAÇÃO DE CRÉDITOS SA;AMFI COMPANHIA SECURITIZADORA DE CREDITOS FINANCEIROS I SA;;Duplicata;
Lebasq Unitoken #6;Unitoken;26/11/2024;-235;R$ 0,00;;;R$ 0,00;;;;R$ 0,00;;;;0,0%;;"";;LEBASQ SECURITIZAÇÃO DE CRÉDITOS SA;AMFI COMPANHIA SECURITIZADORA DE CREDITOS FINANCEIROS I SA;;Duplicata;
Click Antecipa Unitoken #59;Unitoken;26/11/2024;-235;R$ 0,00;;;R$ 0,00;;;;R$ 0,00;;;;0,0%;;"";;CLICK SECURITIZADORA S.A.;AMFI COMPANHIA SECURITIZADORA DE CREDITOS FINANCEIROS I SA;Oferta Pública;Duplicata;Produto Encerrado
DS Unitoken #14;Unitoken;27/11/2024;-234;R$ 0,00;;;R$ 0,00;;;;R$ 0,00;;;;0,0%;;"";;DS SECURITIZADORA S/A;AMFI COMPANHIA SECURITIZADORA DE CREDITOS FINANCEIROS I SA;;Duplicata;
Formento Unitoken #14;Unitoken;28/11/2024;-233;R$ 0,00;;;R$ 0,00;;;;R$ 0,00;;;;0,0%;;"";;Formento Securitizadora S.A.;AMFI COMPANHIA SECURITIZADORA DE CREDITOS FINANCEIROS I SA;Oferta Pública;Duplicata;Produto Encerrado
Lebasq Unitoken #10;Unitoken;28/11/2024;-233;R$ 0,00;;;R$ 0,00;;;;R$ 0,00;;;;0,0%;;"";;LEBASQ SECURITIZAÇÃO DE CRÉDITOS SA;AMFI COMPANHIA SECURITIZADORA DE CREDITOS FINANCEIROS I SA;;Duplicata;
a55  Unitoken #24;Unitoken;29/11/2024;-232;R$ 0,00;;;R$ 0,00;;;;R$ 0,00;;;;0,0%;;"";;a55 SECURITIZADORA S.A.;a55 SECURITIZADORA S.A.;Oferta Pública;Duplicata;Produto Encerrado
Click Antecipa Unitoken #48;Unitoken;29/11/2024;-232;R$ 0,00;;;R$ 0,00;;;;R$ 0,00;;;;0,0%;;"";;CLICK SECURITIZADORA S.A.;AMFI COMPANHIA SECURITIZADORA DE CREDITOS FINANCEIROS I SA;;Duplicata;
DS Unitoken #21;Unitoken;29/11/2024;-232;R$ 0,00;;;R$ 0,00;;;;R$ 0,00;;;;0,0%;;"";;DS SECURITIZADORA S/A;AMFI COMPANHIA SECURITIZADORA DE CREDITOS FINANCEIROS I SA;Oferta Pública;Duplicata;Produto Encerrado
DS Unitoken #25;Unitoken;30/11/2024;-231;R$ 0,00;;;R$ 0,00;;;;R$ 0,00;;;;0,0%;;"";;DS SECURITIZADORA S/A;AMFI COMPANHIA SECURITIZADORA DE CREDITOS FINANCEIROS I SA;Oferta Pública;Duplicata;Produto Encerrado
Syntheo Unitoken #20;Unitoken;01/12/2024;-230;R$ 0,00;;;R$ 0,00;;;;R$ 0,00;;;;0,0%;;"";;SYNTHÉO SECURITIZADORA DE CRÉDITOS S.A.;AMFI COMPANHIA SECURITIZADORA DE CREDITOS FINANCEIROS I SA;Oferta Pública;Duplicata;Produto Encerrado
Learnbase Unitoken #45;Unitoken;01/12/2024;-230;R$ 0,00;;;R$ 0,00;;;;R$ 0,00;;;;0,0%;;"";;Learnbase Gestão e Consultoria Educacional S.A.;AMFI COMPANHIA SECURITIZADORA DE CREDITOS FINANCEIROS I SA;Oferta Pública;Duplicata;Produto Encerrado
Click Antecipa Unitoken #61;Unitoken;01/12/2024;-230;R$ 0,00;;;R$ 0,00;;;;R$ 0,00;;;;0,0%;;"";;CLICK SECURITIZADORA S.A.;AMFI COMPANHIA SECURITIZADORA DE CREDITOS FINANCEIROS I SA;Oferta Pública;Duplicata;Produto Encerrado
DS Unitoken #27;Unitoken;01/12/2024;-230;R$ 0,00;;;R$ 0,00;;;;R$ 0,00;;;;0,0%;;"";;DS SECURITIZADORA S/A;AMFI COMPANHIA SECURITIZADORA DE CREDITOS FINANCEIROS I SA;Oferta Pública;Duplicata;Produto Encerrado
Syntheo Unitoken #12;Unitoken;02/12/2024;-229;R$ 0,00;;;R$ 0,00;;;;R$ 0,00;;;;0,0%;;"";;SYNTHÉO SECURITIZADORA DE CRÉDITOS S.A.;AMFI COMPANHIA SECURITIZADORA DE CREDITOS FINANCEIROS I SA;Oferta Pública;Duplicata;Produto Encerrado
Conecta Lá Unitoken #29;Unitoken;02/12/2024;-229;R$ 0,00;;;R$ 0,00;;;;R$ 0,00;;;;0,0%;;"";;FULL NINE DIGITAL CONSULTORIA S.A.;AMFI COMPANHIA SECURITIZADORA DE CREDITOS FINANCEIROS I SA;;Duplicata;
Learnbase Unitoken #32;Unitoken;02/12/2024;-229;R$ 0,00;;;R$ 0,00;;;;R$ 0,00;;;;0,0%;;"";;Learnbase Gestão e Consultoria Educacional S.A.;AMFI COMPANHIA SECURITIZADORA DE CREDITOS FINANCEIROS I SA;Oferta Pública;Duplicata;Produto Encerrado
Learnbase Unitoken #43;Unitoken;02/12/2024;-229;R$ 0,00;;;R$ 0,00;;;;R$ 0,00;;;;0,0%;;"";;Learnbase Gestão e Consultoria Educacional S.A.;AMFI COMPANHIA SECURITIZADORA DE CREDITOS FINANCEIROS I SA;Oferta Pública;Duplicata;Produto Encerrado
Valorem Unitoken #28;Unitoken;02/12/2024;-229;R$ 0,00;;;R$ 0,00;;;;R$ 0,00;;;;0,0%;;"";;Valorem Soluções Financeiras S.A;AMFI COMPANHIA SECURITIZADORA DE CREDITOS FINANCEIROS I SA;Oferta Pública;Duplicata;Produto Encerrado
Z5 (New Invest Sec) Unitoken #1;Unitoken;02/12/2024;-229;R$ 0,00;;;R$ 0,00;;;;R$ 0,00;;;;0,0%;;"";;NEW INVEST SECURITIZAÇÃO DE CREDITOS SA;AMFI COMPANHIA SECURITIZADORA DE CREDITOS FINANCEIROS I SA;Oferta Pública;Duplicata;Produto Encerrado
Valorem Unitoken #29;Unitoken;04/12/2024;-227;R$ 0,00;;;R$ 0,00;;;;R$ 0,00;;;;0,0%;;"";;Valorem Soluções Financeiras S.A;AMFI COMPANHIA SECURITIZADORA DE CREDITOS FINANCEIROS I SA;Oferta Pública;Duplicata;Produto Encerrado
Conecta Lá Unitoken #35;Unitoken;05/12/2024;-226;R$ 0,00;;;R$ 0,00;;;;R$ 0,00;;;;0,0%;;"";;FULL NINE DIGITAL CONSULTORIA S.A.;AMFI COMPANHIA SECURITIZADORA DE CREDITOS FINANCEIROS I SA;Oferta Pública;Duplicata;Produto Encerrado
Formento Unitoken #22;Unitoken;05/12/2024;-226;R$ 0,00;;;R$ 0,00;;;;R$ 0,00;;;;0,0%;;"";;Formento Securitizadora S.A.;AMFI COMPANHIA SECURITIZADORA DE CREDITOS FINANCEIROS I SA;Oferta Pública;Duplicata;Produto Encerrado
Click Antecipa Unitoken #50;Unitoken;05/12/2024;-226;R$ 0,00;;;R$ 0,00;;;;R$ 0,00;;;;0,0%;;"";;CLICK SECURITIZADORA S.A.;AMFI COMPANHIA SECURITIZADORA DE CREDITOS FINANCEIROS I SA;;Duplicata;
Formento Unitoken #29;Unitoken;05/12/2024;-226;R$ 0,00;;;R$ 0,00;;;;R$ 0,00;;;;0,0%;;"";;Formento Securitizadora S.A.;AMFI COMPANHIA SECURITIZADORA DE CREDITOS FINANCEIROS I SA;Oferta Pública;Duplicata;Produto Encerrado
DS Unitoken #19;Unitoken;06/12/2024;-225;R$ 0,00;;;R$ 0,00;;;;R$ 0,00;;;;0,0%;;"";;DS SECURITIZADORA S/A;AMFI COMPANHIA SECURITIZADORA DE CREDITOS FINANCEIROS I SA;Oferta Pública;Duplicata;Produto Encerrado
Conecta Lá Unitoken #39;Unitoken;06/12/2024;-225;R$ 0,00;;;R$ 0,00;;;;R$ 0,00;;;;0,0%;;"";;FULL NINE DIGITAL CONSULTORIA S.A.;AMFI COMPANHIA SECURITIZADORA DE CREDITOS FINANCEIROS I SA;Oferta Pública;Duplicata;Produto Encerrado
Formento Unitoken #32;Unitoken;06/12/2024;-225;R$ 0,00;;;R$ 0,00;;;;R$ 0,00;;;;0,0%;;"";;Formento Securitizadora S.A.;AMFI COMPANHIA SECURITIZADORA DE CREDITOS FINANCEIROS I SA;Oferta Pública;Duplicata;Produto Encerrado
DS Unitoken #34;Unitoken;07/12/2024;-224;R$ 0,00;;;R$ 0,00;;;;R$ 0,00;;;;0,0%;;"";;DS SECURITIZADORA S/A;AMFI COMPANHIA SECURITIZADORA DE CREDITOS FINANCEIROS I SA;Oferta Pública;Duplicata;Cancelada
AFA Unitoken #1;Unitoken;07/12/2024;-224;R$ 0,00;;;R$ 0,00;;;;R$ 0,00;;;;0,0%;;"";;AFA HIGH YIELD CREDIT OPPORTUNITY - FIDC;AMFI COMPANHIA SECURITIZADORA DE CREDITOS FINANCEIROS I SA;Oferta Pública;Duplicata;Produto Encerrado
OUB CAPITAL Unitoken #1;Unitoken;07/12/2024;-224;R$ 0,00;;;R$ 0,00;;;;R$ 0,00;;;;0,0%;;"";;OUB CAPITAL SA;AMFI COMPANHIA SECURITIZADORA DE CREDITOS FINANCEIROS I SA;Oferta Pública;Duplicata;Produto Encerrado
DS Unitoken #35;Unitoken;07/12/2024;-224;R$ 0,00;;;R$ 0,00;;;;R$ 0,00;;;;0,0%;;"";;DS SECURITIZADORA S/A;AMFI COMPANHIA SECURITIZADORA DE CREDITOS FINANCEIROS I SA;Oferta Pública;Duplicata;Produto Encerrado
Conecta Lá Unitoken #55;Unitoken;09/12/2024;-222;R$ 0,00;;;R$ 0,00;;;;R$ 0,00;;;;0,0%;;"";;FULL NINE DIGITAL CONSULTORIA S.A.;AMFI COMPANHIA SECURITIZADORA DE CREDITOS FINANCEIROS I SA;Oferta Pública;Duplicata;Produto Encerrado
Learnbase Unitoken #46;Unitoken;09/12/2024;-222;R$ 0,00;;;R$ 0,00;;;;R$ 0,00;;;;0,0%;;"";;Learnbase Gestão e Consultoria Educacional S.A.;AMFI COMPANHIA SECURITIZADORA DE CREDITOS FINANCEIROS I SA;Oferta Pública;Duplicata;Produto Encerrado
DS Unitoken #38;Unitoken;09/12/2024;-222;R$ 0,00;;;R$ 0,00;;;;R$ 0,00;;;;0,0%;;"";;DS SECURITIZADORA S/A;AMFI COMPANHIA SECURITIZADORA DE CREDITOS FINANCEIROS I SA;Oferta Pública;Duplicata;Produto Encerrado
Syntheo Unitoken #21;Unitoken;09/12/2024;-222;R$ 0,00;;;R$ 0,00;;;;R$ 0,00;;;;0,0%;;"";;SYNTHÉO SECURITIZADORA DE CRÉDITOS S.A.;AMFI COMPANHIA SECURITIZADORA DE CREDITOS FINANCEIROS I SA;Oferta Pública;Duplicata;Produto Encerrado
Faighus Unitoken #1;Unitoken;10/12/2024;-221;R$ 0,00;;;R$ 0,00;;;;R$ 0,00;;;;0,0%;;"";;FAIGHUS SECURITIZADORA S.A.;AMFI COMPANHIA SECURITIZADORA DE CREDITOS FINANCEIROS I SA;Oferta Pública;Duplicata;Produto Encerrado
Conecta Lá Unitoken #46;Unitoken;10/12/2024;-221;R$ 0,00;;;R$ 0,00;;;;R$ 0,00;;;;0,0%;;"";;FULL NINE DIGITAL CONSULTORIA S.A.;AMFI COMPANHIA SECURITIZADORA DE CREDITOS FINANCEIROS I SA;Oferta Pública;Duplicata;Produto Encerrado
Formento Unitoken #23;Unitoken;10/12/2024;-221;R$ 0,00;;;R$ 0,00;;;;R$ 0,00;;;;0,0%;;"";;Formento Securitizadora S.A.;AMFI COMPANHIA SECURITIZADORA DE CREDITOS FINANCEIROS I SA;Oferta Pública;Duplicata;Produto Encerrado
DS Unitoken #18;Unitoken;11/12/2024;-220;R$ 0,00;;;R$ 0,00;;;;R$ 0,00;;;;0,0%;;"";;DS SECURITIZADORA S/A;AMFI COMPANHIA SECURITIZADORA DE CREDITOS FINANCEIROS I SA;Oferta Pública;Duplicata;Produto Encerrado
Formento Unitoken #12;Unitoken;11/12/2024;-220;R$ 0,00;;;R$ 0,00;;;;R$ 0,00;;;;0,0%;;"";;Formento Securitizadora S.A.;AMFI COMPANHIA SECURITIZADORA DE CREDITOS FINANCEIROS I SA;;Duplicata;
Formento Unitoken #25;Unitoken;12/12/2024;-219;R$ 0,00;;;R$ 0,00;;;;R$ 0,00;;;;0,0%;;"";;Formento Securitizadora S.A.;AMFI COMPANHIA SECURITIZADORA DE CREDITOS FINANCEIROS I SA;Oferta Pública;Duplicata;Produto Encerrado
Click Antecipa Unitoken #33;Unitoken;12/12/2024;-219;R$ 0,00;;;R$ 0,00;;;;R$ 0,00;;;;0,0%;;"";;CLICK SECURITIZADORA S.A.;AMFI COMPANHIA SECURITIZADORA DE CREDITOS FINANCEIROS I SA;;Duplicata;
Lebasq Unitoken #15;Unitoken;15/12/2024;-216;R$ 0,00;;;R$ 0,00;;;;R$ 0,00;;;;0,0%;;"";;LEBASQ SECURITIZAÇÃO DE CRÉDITOS SA;AMFI COMPANHIA SECURITIZADORA DE CREDITOS FINANCEIROS I SA;;Duplicata;
Teddy  Unitoken #8;Unitoken;15/12/2024;-216;R$ 0,00;;;R$ 0,00;;;;R$ 0,00;;;;0,0%;;"";;TEDDY HUB DIGITAL LTDA;AMFI COMPANHIA SECURITIZADORA DE CREDITOS FINANCEIROS I SA;;Duplicata;
Syntheo Unitoken #17;Unitoken;16/12/2024;-215;R$ 0,00;;;R$ 0,00;;;;R$ 0,00;;;;0,0%;;"";;SYNTHÉO SECURITIZADORA DE CRÉDITOS S.A.;AMFI COMPANHIA SECURITIZADORA DE CREDITOS FINANCEIROS I SA;Oferta Pública;Duplicata;Produto Encerrado
Syntheo Unitoken #19;Unitoken;16/12/2024;-215;R$ 0,00;;;R$ 0,00;;;;R$ 0,00;;;;0,0%;;"";;SYNTHÉO SECURITIZADORA DE CRÉDITOS S.A.;AMFI COMPANHIA SECURITIZADORA DE CREDITOS FINANCEIROS I SA;Oferta Pública;Duplicata;Produto Encerrado
Formento Unitoken #31;Unitoken;16/12/2024;-215;R$ 0,00;;;R$ 0,00;;;;R$ 0,00;;;;0,0%;;"";;Formento Securitizadora S.A.;AMFI COMPANHIA SECURITIZADORA DE CREDITOS FINANCEIROS I SA;Oferta Pública;Duplicata;Produto Encerrado
Click Antecipa Unitoken #70;Unitoken;17/12/2024;-214;R$ 0,00;;;R$ 0,00;;;;R$ 0,00;;;;0,0%;;"";;CLICK SECURITIZADORA S.A.;AMFI COMPANHIA SECURITIZADORA DE CREDITOS FINANCEIROS I SA;Oferta Pública;Duplicata;Produto Encerrado
Click Antecipa Unitoken #69;Unitoken;17/12/2024;-214;R$ 0,00;;;R$ 0,00;;;;R$ 0,00;;;;0,0%;;"";;CLICK SECURITIZADORA S.A.;AMFI COMPANHIA SECURITIZADORA DE CREDITOS FINANCEIROS I SA;Oferta Pública;Duplicata;Produto Encerrado
Valorem Unitoken #31;Unitoken;17/12/2024;-214;R$ 0,00;;;R$ 0,00;;;;R$ 0,00;;;;0,0%;;"";;Valorem Soluções Financeiras S.A;AMFI COMPANHIA SECURITIZADORA DE CREDITOS FINANCEIROS I SA;Oferta Pública;Duplicata;Produto Encerrado
Valorem Unitoken #30;Unitoken;17/12/2024;-214;R$ 0,00;;;R$ 0,00;;;;R$ 0,00;;;;0,0%;;"";;Valorem Soluções Financeiras S.A;AMFI COMPANHIA SECURITIZADORA DE CREDITOS FINANCEIROS I SA;Oferta Pública;Duplicata;Produto Encerrado
Syntheo Unitoken #15;Unitoken;17/12/2024;-214;R$ 0,00;;;R$ 0,00;;;;R$ 0,00;;;;0,0%;;"";;SYNTHÉO SECURITIZADORA DE CRÉDITOS S.A.;AMFI COMPANHIA SECURITIZADORA DE CREDITOS FINANCEIROS I SA;Oferta Pública;Duplicata;Produto Encerrado
Formento Unitoken #28;Unitoken;17/12/2024;-214;R$ 0,00;;;R$ 0,00;;;;R$ 0,00;;;;0,0%;;"";;Formento Securitizadora S.A.;AMFI COMPANHIA SECURITIZADORA DE CREDITOS FINANCEIROS I SA;Oferta Pública;Duplicata;Produto Encerrado
Formento Unitoken #16;Unitoken;18/12/2024;-213;R$ 0,00;;;R$ 0,00;;;;R$ 0,00;;;;0,0%;;"";;Formento Securitizadora S.A.;AMFI COMPANHIA SECURITIZADORA DE CREDITOS FINANCEIROS I SA;Oferta Pública;Duplicata;Produto Encerrado
Formento Unitoken #17;Unitoken;18/12/2024;-213;R$ 0,00;;;R$ 0,00;;;;R$ 0,00;;;;0,0%;;"";;Formento Securitizadora S.A.;AMFI COMPANHIA SECURITIZADORA DE CREDITOS FINANCEIROS I SA;Oferta Pública;Duplicata;Produto Encerrado
Formento Unitoken #24;Unitoken;18/12/2024;-213;R$ 0,00;;;R$ 0,00;;;;R$ 0,00;;;;0,0%;;"";;Formento Securitizadora S.A.;AMFI COMPANHIA SECURITIZADORA DE CREDITOS FINANCEIROS I SA;Oferta Pública;Duplicata;Produto Encerrado
Allya #1;Pool;19/12/2024;-212;R$ 0,00;;;R$ 0,00;;;;R$ 0,00;;1,0%;;0,0%;;"";;ALLYA SERVIÇOS LTDA;AMFI REPRESENTAÇÃO OPERACIONAL LTDA;Oferta Privada;CCB;Produto Encerrado
Lebasq Unitoken #1;Unitoken;19/12/2024;-212;R$ 0,00;;;R$ 0,00;;;;R$ 0,00;;;;0,0%;;"";;LEBASQ SECURITIZAÇÃO DE CRÉDITOS SA;AMFI COMPANHIA SECURITIZADORA DE CREDITOS FINANCEIROS I SA;;Duplicata;
Formento Unitoken #30;Unitoken;20/12/2024;-211;R$ 0,00;;;R$ 0,00;;;;R$ 0,00;;;;0,0%;;"";;Formento Securitizadora S.A.;AMFI COMPANHIA SECURITIZADORA DE CREDITOS FINANCEIROS I SA;Oferta Pública;Duplicata;Produto Encerrado
Lebasq Unitoken #11;Unitoken;20/12/2024;-211;R$ 0,00;;;R$ 0,00;;;;R$ 0,00;;;;0,0%;;"";;LEBASQ SECURITIZAÇÃO DE CRÉDITOS SA;AMFI COMPANHIA SECURITIZADORA DE CREDITOS FINANCEIROS I SA;;Duplicata;
AFA Unitoken #5;Unitoken;20/12/2024;-211;R$ 0,00;;;R$ 0,00;;;;R$ 0,00;;;;0,0%;;"";;AFA HIGH YIELD CREDIT OPPORTUNITY - FIDC;AMFI COMPANHIA SECURITIZADORA DE CREDITOS FINANCEIROS I SA;Oferta Pública;Duplicata;Produto Encerrado
AFA Unitoken #4;Unitoken;20/12/2024;-211;R$ 0,00;;;R$ 0,00;;;;R$ 0,00;;;;0,0%;;"";;AFA HIGH YIELD CREDIT OPPORTUNITY - FIDC;AMFI COMPANHIA SECURITIZADORA DE CREDITOS FINANCEIROS I SA;Oferta Pública;Duplicata;Produto Encerrado
AFA Unitoken #8;Unitoken;20/12/2024;-211;R$ 0,00;;;R$ 0,00;;;;R$ 0,00;;;;0,0%;;"";;AFA HIGH YIELD CREDIT OPPORTUNITY - FIDC;AMFI COMPANHIA SECURITIZADORA DE CREDITOS FINANCEIROS I SA;Oferta Pública;Duplicata;Produto Encerrado
AFA Unitoken #7;Unitoken;20/12/2024;-211;R$ 0,00;;;R$ 0,00;;;;R$ 0,00;;;;0,0%;;"";;AFA HIGH YIELD CREDIT OPPORTUNITY - FIDC;AMFI COMPANHIA SECURITIZADORA DE CREDITOS FINANCEIROS I SA;Oferta Pública;Duplicata;Produto Encerrado
Lebasq Unitoken #13;Unitoken;20/12/2024;-211;R$ 0,00;;;R$ 0,00;;;;R$ 0,00;;;;0,0%;;"";;LEBASQ SECURITIZAÇÃO DE CRÉDITOS SA;AMFI COMPANHIA SECURITIZADORA DE CREDITOS FINANCEIROS I SA;;Duplicata;
Conecta Lá Unitoken #43;Unitoken;20/12/2024;-211;R$ 0,00;;;R$ 0,00;;;;R$ 0,00;;;;0,0%;;"";;FULL NINE DIGITAL CONSULTORIA S.A.;AMFI COMPANHIA SECURITIZADORA DE CREDITOS FINANCEIROS I SA;Oferta Pública;Duplicata;Produto Encerrado
AFA Unitoken #3;Unitoken;20/12/2024;-211;R$ 0,00;;;R$ 0,00;;;;R$ 0,00;;;;0,0%;;"";;AFA HIGH YIELD CREDIT OPPORTUNITY - FIDC;AMFI COMPANHIA SECURITIZADORA DE CREDITOS FINANCEIROS I SA;Oferta Pública;Duplicata;Produto Encerrado
Conecta Lá Unitoken #53;Unitoken;21/12/2024;-210;R$ 0,00;;;R$ 0,00;;;;R$ 0,00;;;;0,0%;;"";;FULL NINE DIGITAL CONSULTORIA S.A.;AMFI COMPANHIA SECURITIZADORA DE CREDITOS FINANCEIROS I SA;Oferta Pública;Duplicata;Produto Encerrado
AFA Unitoken #2;Unitoken;21/12/2024;-210;R$ 0,00;;;R$ 0,00;;;;R$ 0,00;;;;0,0%;;"";;AFA HIGH YIELD CREDIT OPPORTUNITY - FIDC;AMFI COMPANHIA SECURITIZADORA DE CREDITOS FINANCEIROS I SA;Oferta Pública;Duplicata;Produto Encerrado
DS Unitoken #33;Unitoken;21/12/2024;-210;R$ 0,00;;;R$ 0,00;;;;R$ 0,00;;;;0,0%;;"";;DS SECURITIZADORA S/A;AMFI COMPANHIA SECURITIZADORA DE CREDITOS FINANCEIROS I SA;Oferta Pública;Duplicata;Produto Encerrado
Formento Unitoken #27;Unitoken;21/12/2024;-210;R$ 0,00;;;R$ 0,00;;;;R$ 0,00;;;;0,0%;;"";;Formento Securitizadora S.A.;AMFI COMPANHIA SECURITIZADORA DE CREDITOS FINANCEIROS I SA;Oferta Pública;Duplicata;Produto Encerrado
Digcap Pool #1;Pool;21/12/2024;-210;R$ 0,01;R$ 0,00;R$ 0,00;R$ 0,00;R$ 0,01;R$ 0,00;R$ 0,00;R$ 0,00;100,0%;10,0%;;0,0%;;Prazo máximo por ativo (dias), Concentração máx por sacado;;Digcap Intermediação de Créditos Judiciais Ltda	;;Oferta Privada;Ativo Judicial;Produto Encerrado
Formento Unitoken #21;Unitoken;23/12/2024;-208;R$ 0,00;;;R$ 0,00;;;;R$ 0,00;;;;0,0%;;"";;Formento Securitizadora S.A.;AMFI COMPANHIA SECURITIZADORA DE CREDITOS FINANCEIROS I SA;Oferta Pública;Duplicata;Produto Encerrado
Conecta Lá Unitoken #16;Unitoken;24/12/2024;-207;R$ 0,00;;;R$ 0,00;;;;R$ 0,00;;;;0,0%;;"";;FULL NINE DIGITAL CONSULTORIA S.A.;AMFI COMPANHIA SECURITIZADORA DE CREDITOS FINANCEIROS I SA;;Duplicata;
Conecta Lá Unitoken #40;Unitoken;24/12/2024;-207;R$ 0,00;;;R$ 0,00;;;;R$ 0,00;;;;0,0%;;"";;FULL NINE DIGITAL CONSULTORIA S.A.;AMFI COMPANHIA SECURITIZADORA DE CREDITOS FINANCEIROS I SA;Oferta Pública;Duplicata;Produto Encerrado
DS Unitoken #17;Unitoken;26/12/2024;-205;R$ 0,00;;;R$ 0,00;;;;R$ 0,00;;;;0,0%;;"";;DS SECURITIZADORA S/A;AMFI COMPANHIA SECURITIZADORA DE CREDITOS FINANCEIROS I SA;;Duplicata;
Lebasq Unitoken #12;Unitoken;27/12/2024;-204;R$ 0,00;;;R$ 0,00;;;;R$ 0,00;;;;0,0%;;"";;LEBASQ SECURITIZAÇÃO DE CRÉDITOS SA;AMFI COMPANHIA SECURITIZADORA DE CREDITOS FINANCEIROS I SA;;Duplicata;
Lebasq Unitoken #14;Unitoken;27/12/2024;-204;R$ 0,00;;;R$ 0,00;;;;R$ 0,00;;;;0,0%;;"";;LEBASQ SECURITIZAÇÃO DE CRÉDITOS SA;AMFI COMPANHIA SECURITIZADORA DE CREDITOS FINANCEIROS I SA;;Duplicata;
Syntheo Unitoken #23;Unitoken;28/12/2024;-203;R$ 0,00;;;R$ 0,00;;;;R$ 0,00;;;;0,0%;;"";;SYNTHÉO SECURITIZADORA DE CRÉDITOS S.A.;AMFI COMPANHIA SECURITIZADORA DE CREDITOS FINANCEIROS I SA;Oferta Pública;Duplicata;Produto Encerrado
DS Unitoken #36;Unitoken;28/12/2024;-203;R$ 0,00;;;R$ 0,00;;;;R$ 0,00;;;;0,0%;;"";;DS SECURITIZADORA S/A;AMFI COMPANHIA SECURITIZADORA DE CREDITOS FINANCEIROS I SA;Oferta Pública;Duplicata;Produto Encerrado
Lebasq Unitoken #19;Unitoken;29/12/2024;-202;R$ 0,00;;;R$ 0,00;;;;R$ 0,00;;;;0,0%;;"";;LEBASQ SECURITIZAÇÃO DE CRÉDITOS SA;AMFI COMPANHIA SECURITIZADORA DE CREDITOS FINANCEIROS I SA;Oferta Pública;Duplicata;Produto Encerrado
Lebasq Unitoken #18;Unitoken;29/12/2024;-202;R$ 0,00;;;R$ 0,00;;;;R$ 0,00;;;;0,0%;;"";;LEBASQ SECURITIZAÇÃO DE CRÉDITOS SA;AMFI COMPANHIA SECURITIZADORA DE CREDITOS FINANCEIROS I SA;Oferta Pública;Duplicata;Produto Encerrado
Lebasq Unitoken #21;Unitoken;30/12/2024;-201;R$ 0,00;;;R$ 0,00;;;;R$ 0,00;;;;0,0%;;"";;LEBASQ SECURITIZAÇÃO DE CRÉDITOS SA;AMFI COMPANHIA SECURITIZADORA DE CREDITOS FINANCEIROS I SA;Oferta Pública;Duplicata;Produto Encerrado
Lebasq Unitoken #20;Unitoken;30/12/2024;-201;R$ 0,00;;;R$ 0,00;;;;R$ 0,00;;;;0,0%;;"";;LEBASQ SECURITIZAÇÃO DE CRÉDITOS SA;AMFI COMPANHIA SECURITIZADORA DE CREDITOS FINANCEIROS I SA;Oferta Pública;Duplicata;Produto Encerrado
Lebasq Unitoken #16;Unitoken;30/12/2024;-201;R$ 0,00;;;R$ 0,00;;;;R$ 0,00;;;;0,0%;;"";;LEBASQ SECURITIZAÇÃO DE CRÉDITOS SA;AMFI COMPANHIA SECURITIZADORA DE CREDITOS FINANCEIROS I SA;;Duplicata;
C4 Unitoken #39;Unitoken;30/12/2024;-201;R$ 0,00;;;R$ 0,00;;;;R$ 0,00;;;;0,0%;;"";;C4 CAPITAL SECURITIZADORA S/A;AMFI COMPANHIA SECURITIZADORA DE CREDITOS FINANCEIROS I SA;Oferta Pública;Duplicata;Produto Encerrado
Audax Capital Unitoken #4;Unitoken;30/12/2024;-201;R$ 0,00;;;R$ 0,00;;;;R$ 0,00;;;;0,0%;;"";;AUDAX CAPITAL SECURITIZADORA S.A;AMFI COMPANHIA SECURITIZADORA DE CREDITOS FINANCEIROS I SA;Oferta Pública;Duplicata;Produto Encerrado
AFA Unitoken #10;Unitoken;01/01/2025;-199;R$ 0,00;;;R$ 0,00;;;;R$ 0,00;;;;0,0%;;"";;AFA HIGH YIELD CREDIT OPPORTUNITY - FIDC;AMFI COMPANHIA SECURITIZADORA DE CREDITOS FINANCEIROS I SA;Oferta Pública;Duplicata;Produto Encerrado
Learnbase Unitoken #36;Unitoken;01/01/2025;-199;R$ 0,00;;;R$ 0,00;;;;R$ 0,00;;;;0,0%;;"";;Learnbase Gestão e Consultoria Educacional S.A.;AMFI COMPANHIA SECURITIZADORA DE CREDITOS FINANCEIROS I SA;Oferta Pública;Duplicata;Produto Encerrado
Conecta Lá Unitoken #50;Unitoken;01/01/2025;-199;R$ 0,00;;;R$ 0,00;;;;R$ 0,00;;;;0,0%;;"";;FULL NINE DIGITAL CONSULTORIA S.A.;AMFI COMPANHIA SECURITIZADORA DE CREDITOS FINANCEIROS I SA;Oferta Pública;Duplicata;Produto Encerrado
AFA Unitoken #9;Unitoken;01/01/2025;-199;R$ 0,00;;;R$ 0,00;;;;R$ 0,00;;;;0,0%;;"";;AFA HIGH YIELD CREDIT OPPORTUNITY - FIDC;AMFI COMPANHIA SECURITIZADORA DE CREDITOS FINANCEIROS I SA;Oferta Pública;Duplicata;Produto Encerrado
AFA Unitoken #11;Unitoken;01/01/2025;-199;R$ 0,00;;;R$ 0,00;;;;R$ 0,00;;;;0,0%;;"";;AFA HIGH YIELD CREDIT OPPORTUNITY - FIDC;AMFI COMPANHIA SECURITIZADORA DE CREDITOS FINANCEIROS I SA;Oferta Pública;Duplicata;Produto Encerrado
AFA Unitoken #12;Unitoken;02/01/2025;-198;R$ 0,00;;;R$ 0,00;;;;R$ 0,00;;;;0,0%;;"";;AFA HIGH YIELD CREDIT OPPORTUNITY - FIDC;AMFI COMPANHIA SECURITIZADORA DE CREDITOS FINANCEIROS I SA;Oferta Pública;Duplicata;Produto Encerrado
Lebasq Unitoken #2;Unitoken;02/01/2025;-198;R$ 0,00;;;R$ 0,00;;;;R$ 0,00;;;;0,0%;;"";;LEBASQ SECURITIZAÇÃO DE CRÉDITOS SA;AMFI COMPANHIA SECURITIZADORA DE CREDITOS FINANCEIROS I SA;;Duplicata;
Click Antecipa Unitoken #71;Unitoken;03/01/2025;-197;R$ 0,00;;;R$ 0,00;;;;R$ 0,00;;;;0,0%;;"";;CLICK SECURITIZADORA S.A.;AMFI COMPANHIA SECURITIZADORA DE CREDITOS FINANCEIROS I SA;Oferta Pública;Duplicata;Produto Encerrado
Syntheo Unitoken #29;Unitoken;05/01/2025;-195;R$ 0,00;;;R$ 0,00;;;;R$ 0,00;;;;0,0%;;"";;SYNTHÉO SECURITIZADORA DE CRÉDITOS S.A.;AMFI COMPANHIA SECURITIZADORA DE CREDITOS FINANCEIROS I SA;Oferta Pública;Duplicata;Produto Encerrado
Conecta Lá Unitoken #44;Unitoken;05/01/2025;-195;R$ 0,00;;;R$ 0,00;;;;R$ 0,00;;;;0,0%;;"";;FULL NINE DIGITAL CONSULTORIA S.A.;AMFI COMPANHIA SECURITIZADORA DE CREDITOS FINANCEIROS I SA;Oferta Pública;Duplicata;Produto Encerrado
OUB CAPITAL Unitoken #3;Unitoken;06/01/2025;-194;R$ 0,00;;;R$ 0,00;;;;R$ 0,00;;;;0,0%;;"";;OUB CAPITAL SA;AMFI COMPANHIA SECURITIZADORA DE CREDITOS FINANCEIROS I SA;Oferta Pública;Duplicata;Produto Encerrado
Allya #2;Pool;06/01/2025;-194;R$ 0,00;;;R$ 0,00;;;;R$ 0,00;;1,0%;;0,0%;;"";;ALLYA SERVIÇOS LTDA;AMFI REPRESENTAÇÃO OPERACIONAL LTDA;Oferta Privada;CCB;Produto Encerrado
Faighus Unitoken #2;Unitoken;06/01/2025;-194;R$ 0,00;;;R$ 0,00;;;;R$ 0,00;;;;0,0%;;"";;FAIGHUS SECURITIZADORA S.A.;AMFI COMPANHIA SECURITIZADORA DE CREDITOS FINANCEIROS I SA;Oferta Pública;Duplicata;Produto Encerrado
Conecta Lá Unitoken #48;Unitoken;06/01/2025;-194;R$ 0,00;;;R$ 0,00;;;;R$ 0,00;;;;0,0%;;"";;FULL NINE DIGITAL CONSULTORIA S.A.;AMFI COMPANHIA SECURITIZADORA DE CREDITOS FINANCEIROS I SA;Oferta Pública;Duplicata;Produto Encerrado
Click Antecipa Unitoken #73;Unitoken;06/01/2025;-194;R$ 0,00;;;R$ 0,00;;;;R$ 0,00;;;;0,0%;;"";;CLICK SECURITIZADORA S.A.;AMFI COMPANHIA SECURITIZADORA DE CREDITOS FINANCEIROS I SA;Oferta Pública;Duplicata;Produto Encerrado
Click Antecipa Unitoken #55;Unitoken;06/01/2025;-194;R$ 0,00;;;R$ 0,00;;;;R$ 0,00;;;;0,0%;;"";;CLICK SECURITIZADORA S.A.;AMFI COMPANHIA SECURITIZADORA DE CREDITOS FINANCEIROS I SA;;Duplicata;
Conecta Lá Unitoken #67;Unitoken;06/01/2025;-194;R$ 0,00;;;R$ 0,00;;;;R$ 0,00;;;;0,0%;;"";;FULL NINE DIGITAL CONSULTORIA S.A.;AMFI COMPANHIA SECURITIZADORA DE CREDITOS FINANCEIROS I SA;Oferta Pública;Duplicata;Produto Encerrado
Click Antecipa Unitoken #79;Unitoken;06/01/2025;-194;R$ 0,00;;;R$ 0,00;;;;R$ 0,00;;;;0,0%;;"";;CLICK SECURITIZADORA S.A.;AMFI COMPANHIA SECURITIZADORA DE CREDITOS FINANCEIROS I SA;Oferta Pública;Duplicata;Produto Encerrado
Click Antecipa Unitoken #60;Unitoken;06/01/2025;-194;R$ 0,00;;;R$ 0,00;;;;R$ 0,00;;;;0,0%;;"";;CLICK SECURITIZADORA S.A.;AMFI COMPANHIA SECURITIZADORA DE CREDITOS FINANCEIROS I SA;Oferta Pública;Duplicata;Produto Encerrado
Syntheo Unitoken #30;Unitoken;07/01/2025;-193;R$ 0,00;;;R$ 0,00;;;;R$ 0,00;;;;0,0%;;"";;SYNTHÉO SECURITIZADORA DE CRÉDITOS S.A.;AMFI COMPANHIA SECURITIZADORA DE CREDITOS FINANCEIROS I SA;Oferta Pública;Duplicata;Produto Encerrado
DS Unitoken #26;Unitoken;07/01/2025;-193;R$ 0,00;;;R$ 0,00;;;;R$ 0,00;;;;0,0%;;"";;DS SECURITIZADORA S/A;AMFI COMPANHIA SECURITIZADORA DE CREDITOS FINANCEIROS I SA;Oferta Pública;Duplicata;Produto Encerrado
AFA Unitoken #13;Unitoken;07/01/2025;-193;R$ 0,00;;;R$ 0,00;;;;R$ 0,00;;;;0,0%;;"";;AFA HIGH YIELD CREDIT OPPORTUNITY - FIDC;AMFI COMPANHIA SECURITIZADORA DE CREDITOS FINANCEIROS I SA;Oferta Pública;Duplicata;Produto Encerrado
DS Unitoken #30;Unitoken;08/01/2025;-192;R$ 0,00;;;R$ 0,00;;;;R$ 0,00;;;;0,0%;;"";;DS SECURITIZADORA S/A;AMFI COMPANHIA SECURITIZADORA DE CREDITOS FINANCEIROS I SA;Oferta Pública;Duplicata;Cancelada
DS Unitoken #31;Unitoken;08/01/2025;-192;R$ 0,00;;;R$ 0,00;;;;R$ 0,00;;;;0,0%;;"";;DS SECURITIZADORA S/A;AMFI COMPANHIA SECURITIZADORA DE CREDITOS FINANCEIROS I SA;Oferta Pública;Duplicata;Produto Encerrado
Syntheo Unitoken #31;Unitoken;08/01/2025;-192;R$ 0,00;;;R$ 0,00;;;;R$ 0,00;;;;0,0%;;"";;SYNTHÉO SECURITIZADORA DE CRÉDITOS S.A.;AMFI COMPANHIA SECURITIZADORA DE CREDITOS FINANCEIROS I SA;Oferta Pública;Duplicata;Produto Encerrado
Conecta Lá Unitoken #68;Unitoken;09/01/2025;-191;R$ 0,00;;;R$ 0,00;;;;R$ 0,00;;;;0,0%;;"";;FULL NINE DIGITAL CONSULTORIA S.A.;AMFI COMPANHIA SECURITIZADORA DE CREDITOS FINANCEIROS I SA;Oferta Pública;Duplicata;Produto Encerrado
Conecta Lá Unitoken #66;Unitoken;09/01/2025;-191;R$ 0,00;;;R$ 0,00;;;;R$ 0,00;;;;0,0%;;"";;FULL NINE DIGITAL CONSULTORIA S.A.;AMFI COMPANHIA SECURITIZADORA DE CREDITOS FINANCEIROS I SA;Oferta Pública;Duplicata;Produto Encerrado
Conecta Lá Unitoken #65;Unitoken;09/01/2025;-191;R$ 0,00;;;R$ 0,00;;;;R$ 0,00;;;;0,0%;;"";;FULL NINE DIGITAL CONSULTORIA S.A.;AMFI COMPANHIA SECURITIZADORA DE CREDITOS FINANCEIROS I SA;Oferta Pública;Duplicata;Produto Encerrado
Formento Unitoken #36;Unitoken;09/01/2025;-191;R$ 0,00;;;R$ 0,00;;;;R$ 0,00;;;;0,0%;;"";;Formento Securitizadora S.A.;AMFI COMPANHIA SECURITIZADORA DE CREDITOS FINANCEIROS I SA;Oferta Pública;Duplicata;Produto Encerrado
DS Unitoken #43;Unitoken;09/01/2025;-191;R$ 0,00;;;R$ 0,00;;;;R$ 0,00;;;;0,0%;;"";;DS SECURITIZADORA S/A;AMFI COMPANHIA SECURITIZADORA DE CREDITOS FINANCEIROS I SA;Oferta Pública;Duplicata;Produto Encerrado
Lebasq Unitoken #31;Unitoken;10/01/2025;-190;R$ 0,00;;;R$ 0,00;;;;R$ 0,00;;;;0,0%;;"";;LEBASQ SECURITIZAÇÃO DE CRÉDITOS SA;AMFI COMPANHIA SECURITIZADORA DE CREDITOS FINANCEIROS I SA;Oferta Pública;Duplicata;Produto Encerrado
Formento Unitoken #38;Unitoken;10/01/2025;-190;R$ 0,00;;;R$ 0,00;;;;R$ 0,00;;;;0,0%;;"";;Formento Securitizadora S.A.;AMFI COMPANHIA SECURITIZADORA DE CREDITOS FINANCEIROS I SA;Oferta Pública;Duplicata;Produto Encerrado
Syntheo Unitoken #32;Unitoken;10/01/2025;-190;R$ 0,00;;;R$ 0,00;;;;R$ 0,00;;;;0,0%;;"";;SYNTHÉO SECURITIZADORA DE CRÉDITOS S.A.;AMFI COMPANHIA SECURITIZADORA DE CREDITOS FINANCEIROS I SA;Oferta Pública;Duplicata;Produto Encerrado
Conecta Lá Unitoken #49;Unitoken;10/01/2025;-190;R$ 0,00;;;R$ 0,00;;;;R$ 0,00;;;;0,0%;;"";;FULL NINE DIGITAL CONSULTORIA S.A.;AMFI COMPANHIA SECURITIZADORA DE CREDITOS FINANCEIROS I SA;Oferta Pública;Duplicata;Produto Encerrado
Descontanet Unitoken #2;Unitoken;10/01/2025;-190;R$ 0,00;;;R$ 0,00;;;;R$ 0,00;;;;0,0%;;"";;DESCONTANET SECURITIZADORA S.A.;AMFI COMPANHIA SECURITIZADORA DE CREDITOS FINANCEIROS I SA;Oferta Pública;Duplicata;Produto Encerrado
Syntheo Unitoken #24;Unitoken;13/01/2025;-187;R$ 0,00;;;R$ 0,00;;;;R$ 0,00;;;;0,0%;;"";;SYNTHÉO SECURITIZADORA DE CRÉDITOS S.A.;AMFI COMPANHIA SECURITIZADORA DE CREDITOS FINANCEIROS I SA;Oferta Pública;Duplicata;Produto Encerrado
Click Antecipa Unitoken #82;Unitoken;13/01/2025;-187;R$ 0,00;;;R$ 0,00;;;;R$ 0,00;;;;0,0%;;"";;CLICK SECURITIZADORA S.A.;AMFI COMPANHIA SECURITIZADORA DE CREDITOS FINANCEIROS I SA;Oferta Pública;Duplicata;Produto Encerrado
Formento Unitoken #39;Unitoken;13/01/2025;-187;R$ 0,00;;;R$ 0,00;;;;R$ 0,00;;;;0,0%;;"";;Formento Securitizadora S.A.;AMFI COMPANHIA SECURITIZADORA DE CREDITOS FINANCEIROS I SA;Oferta Pública;Duplicata;Produto Encerrado
Audax Capital Unitoken #9;Unitoken;14/01/2025;-186;R$ 0,00;;;R$ 0,00;;;;R$ 0,00;;;;0,0%;;"";;AUDAX CAPITAL SECURITIZADORA S.A;AMFI COMPANHIA SECURITIZADORA DE CREDITOS FINANCEIROS I SA;Oferta Pública;Duplicata;Produto Encerrado
DS Unitoken #42;Unitoken;14/01/2025;-186;R$ 0,00;;;R$ 0,00;;;;R$ 0,00;;;;0,0%;;"";;DS SECURITIZADORA S/A;AMFI COMPANHIA SECURITIZADORA DE CREDITOS FINANCEIROS I SA;Oferta Pública;Duplicata;Produto Encerrado
Syntheo Unitoken #33;Unitoken;14/01/2025;-186;R$ 0,00;;;R$ 0,00;;;;R$ 0,00;;;;0,0%;;"";;SYNTHÉO SECURITIZADORA DE CRÉDITOS S.A.;AMFI COMPANHIA SECURITIZADORA DE CREDITOS FINANCEIROS I SA;Oferta Pública;Duplicata;Produto Encerrado
AFA Unitoken #17;Unitoken;14/01/2025;-186;R$ 0,00;;;R$ 0,00;;;;R$ 0,00;;;;0,0%;;"";;AFA HIGH YIELD CREDIT OPPORTUNITY - FIDC;AMFI COMPANHIA SECURITIZADORA DE CREDITOS FINANCEIROS I SA;Oferta Pública;Duplicata;Cancelada
a55 Consultoria em Credito Ltda. Unitoken #1;Unitoken;15/01/2025;-185;R$ 0,00;;;R$ 0,00;;;;R$ 0,00;;;;0,0%;;"";;a55 Consultoria em Credito Ltda.;AMFI COMPANHIA SECURITIZADORA DE CREDITOS FINANCEIROS I SA;Oferta Pública;Duplicata;Produto Encerrado
Teddy  Unitoken #9;Unitoken;15/01/2025;-185;R$ 0,00;;;R$ 0,00;;;;R$ 0,00;;;;0,0%;;"";;TEDDY HUB DIGITAL LTDA;AMFI COMPANHIA SECURITIZADORA DE CREDITOS FINANCEIROS I SA;;Duplicata;
Lebasq Unitoken #28;Unitoken;15/01/2025;-185;R$ 0,00;;;R$ 0,00;;;;R$ 0,00;;;;0,0%;;"";;LEBASQ SECURITIZAÇÃO DE CRÉDITOS SA;AMFI COMPANHIA SECURITIZADORA DE CREDITOS FINANCEIROS I SA;Oferta Pública;Duplicata;Produto Encerrado
Audax Capital Unitoken #5;Unitoken;15/01/2025;-185;R$ 0,00;;;R$ 0,00;;;;R$ 0,00;;;;0,0%;;"";;AUDAX CAPITAL SECURITIZADORA S.A;AMFI COMPANHIA SECURITIZADORA DE CREDITOS FINANCEIROS I SA;Oferta Pública;Duplicata;Produto Encerrado
DS Unitoken #22;Unitoken;16/01/2025;-184;R$ 0,00;;;R$ 0,00;;;;R$ 0,00;;;;0,0%;;"";;DS SECURITIZADORA S/A;AMFI COMPANHIA SECURITIZADORA DE CREDITOS FINANCEIROS I SA;Oferta Pública;Duplicata;Produto Encerrado
DS Unitoken #44;Unitoken;16/01/2025;-184;R$ 0,00;;;R$ 0,00;;;;R$ 0,00;;;;0,0%;;"";;DS SECURITIZADORA S/A;AMFI COMPANHIA SECURITIZADORA DE CREDITOS FINANCEIROS I SA;Oferta Pública;Duplicata;Produto Encerrado
Click Antecipa Unitoken #64;Unitoken;16/01/2025;-184;R$ 0,00;;;R$ 0,00;;;;R$ 0,00;;;;0,0%;;"";;CLICK SECURITIZADORA S.A.;AMFI COMPANHIA SECURITIZADORA DE CREDITOS FINANCEIROS I SA;Oferta Pública;Duplicata;Produto Encerrado
DS Unitoken #23;Unitoken;16/01/2025;-184;R$ 0,00;;;R$ 0,00;;;;R$ 0,00;;;;0,0%;;"";;DS SECURITIZADORA S/A;AMFI COMPANHIA SECURITIZADORA DE CREDITOS FINANCEIROS I SA;Oferta Pública;Duplicata;Produto Encerrado
DS Unitoken #16;Unitoken;16/01/2025;-184;R$ 0,00;;;R$ 0,00;;;;R$ 0,00;;;;0,0%;;"";;DS SECURITIZADORA S/A;AMFI COMPANHIA SECURITIZADORA DE CREDITOS FINANCEIROS I SA;;Duplicata;
Formento Unitoken #40;Unitoken;16/01/2025;-184;R$ 0,00;;;R$ 0,00;;;;R$ 0,00;;;;0,0%;;"";;Formento Securitizadora S.A.;AMFI COMPANHIA SECURITIZADORA DE CREDITOS FINANCEIROS I SA;Oferta Pública;Duplicata;Produto Encerrado
Rezultz Unitoken #1;Unitoken;17/01/2025;-183;R$ 0,00;;;R$ 0,00;;;;R$ 0,00;;;;0,0%;;"";;Padova Securitizadora S.A;AMFI COMPANHIA SECURITIZADORA DE CREDITOS FINANCEIROS I SA;Oferta Pública;Duplicata;Produto Encerrado
DS Unitoken #32;Unitoken;17/01/2025;-183;R$ 0,00;;;R$ 0,00;;;;R$ 0,00;;;;0,0%;;"";;DS SECURITIZADORA S/A;AMFI COMPANHIA SECURITIZADORA DE CREDITOS FINANCEIROS I SA;Oferta Pública;Duplicata;Produto Encerrado
DS Unitoken #41;Unitoken;17/01/2025;-183;R$ 0,00;R$ 0,00;R$ 0,00;R$ 0,00;R$ 0,00;;;R$ 0,00;;;;0,0%;;"";;DS SECURITIZADORA S/A;AMFI COMPANHIA SECURITIZADORA DE CREDITOS FINANCEIROS I SA;Oferta Pública;Duplicata;Produto Encerrado
Conecta Lá Unitoken #64;Unitoken;18/01/2025;-182;R$ 0,00;;;R$ 0,00;;;;R$ 0,00;;;;0,0%;;"";;FULL NINE DIGITAL CONSULTORIA S.A.;AMFI COMPANHIA SECURITIZADORA DE CREDITOS FINANCEIROS I SA;Oferta Pública;Duplicata;Produto Encerrado
Conecta Lá Unitoken #63;Unitoken;18/01/2025;-182;R$ 0,00;;;R$ 0,00;;;;R$ 0,00;;;;0,0%;;"";;FULL NINE DIGITAL CONSULTORIA S.A.;AMFI COMPANHIA SECURITIZADORA DE CREDITOS FINANCEIROS I SA;Oferta Pública;Duplicata;Produto Encerrado
Lebasq Unitoken #9;Unitoken;18/01/2025;-182;R$ 0,00;;;R$ 0,00;;;;R$ 0,00;;;;0,0%;;"";;LEBASQ SECURITIZAÇÃO DE CRÉDITOS SA;AMFI COMPANHIA SECURITIZADORA DE CREDITOS FINANCEIROS I SA;;Duplicata;
Syntheo Unitoken #27;Unitoken;19/01/2025;-181;R$ 0,00;;;R$ 0,00;;;;R$ 0,00;;;;0,0%;;"";;SYNTHÉO SECURITIZADORA DE CRÉDITOS S.A.;AMFI COMPANHIA SECURITIZADORA DE CREDITOS FINANCEIROS I SA;Oferta Pública;Duplicata;Produto Encerrado
Syntheo Unitoken #25;Unitoken;19/01/2025;-181;R$ 0,00;;;R$ 0,00;;;;R$ 0,00;;;;0,0%;;"";;SYNTHÉO SECURITIZADORA DE CRÉDITOS S.A.;AMFI COMPANHIA SECURITIZADORA DE CREDITOS FINANCEIROS I SA;Oferta Pública;Duplicata;Produto Encerrado
DS Unitoken #40;Unitoken;20/01/2025;-180;R$ 0,00;R$ 118,76;R$ 0,00;R$ 0,00;R$ 0,00;;R$ 0,00;R$ 0,00;;;;0,0%;;"";;DS SECURITIZADORA S/A;AMFI COMPANHIA SECURITIZADORA DE CREDITOS FINANCEIROS I SA;Oferta Pública;Duplicata;Produto Encerrado
Conecta Lá Unitoken #71;Unitoken;20/01/2025;-180;R$ 0,00;;;R$ 0,00;;;;R$ 0,00;;;;0,0%;;"";;FULL NINE DIGITAL CONSULTORIA S.A.;AMFI COMPANHIA SECURITIZADORA DE CREDITOS FINANCEIROS I SA;Oferta Pública;Duplicata;Produto Encerrado
Audax Capital Unitoken #3;Unitoken;20/01/2025;-180;R$ 0,00;;;R$ 0,00;;;;R$ 0,00;;;;0,0%;;"";;AUDAX CAPITAL SECURITIZADORA S.A;AMFI COMPANHIA SECURITIZADORA DE CREDITOS FINANCEIROS I SA;;Duplicata;
Formento Unitoken #26;Unitoken;20/01/2025;-180;R$ 0,00;;;R$ 0,00;;;;R$ 0,00;;;;0,0%;;"";;Formento Securitizadora S.A.;AMFI COMPANHIA SECURITIZADORA DE CREDITOS FINANCEIROS I SA;Oferta Pública;Duplicata;Produto Encerrado
Syntheo Unitoken #26;Unitoken;21/01/2025;-179;R$ 0,00;;;R$ 0,00;;;;R$ 0,00;;;;0,0%;;"";;SYNTHÉO SECURITIZADORA DE CRÉDITOS S.A.;AMFI COMPANHIA SECURITIZADORA DE CREDITOS FINANCEIROS I SA;Oferta Pública;Duplicata;Produto Encerrado
Click Antecipa Unitoken #66;Unitoken;21/01/2025;-179;R$ 0,00;;;R$ 0,00;;;;R$ 0,00;;;;0,0%;;"";;CLICK SECURITIZADORA S.A.;AMFI COMPANHIA SECURITIZADORA DE CREDITOS FINANCEIROS I SA;Oferta Pública;Duplicata;Produto Encerrado
Lebasq Unitoken #24;Unitoken;21/01/2025;-179;R$ 0,00;;;R$ 0,00;;;;R$ 0,00;;;;0,0%;;"";;LEBASQ SECURITIZAÇÃO DE CRÉDITOS SA;AMFI COMPANHIA SECURITIZADORA DE CREDITOS FINANCEIROS I SA;Oferta Pública;Duplicata;Produto Encerrado
Faighus Unitoken #3;Unitoken;21/01/2025;-179;R$ 0,00;;;R$ 0,00;;;;R$ 0,00;;;;0,0%;;"";;FAIGHUS SECURITIZADORA S.A.;AMFI COMPANHIA SECURITIZADORA DE CREDITOS FINANCEIROS I SA;Oferta Pública;Duplicata;Produto Encerrado
Conecta Lá Unitoken #72;Unitoken;21/01/2025;-179;R$ 0,00;;;R$ 0,00;;;;R$ 0,00;;;;0,0%;;"";;FULL NINE DIGITAL CONSULTORIA S.A.;AMFI COMPANHIA SECURITIZADORA DE CREDITOS FINANCEIROS I SA;Oferta Pública;Duplicata;Produto Encerrado
Formento Unitoken #34;Unitoken;21/01/2025;-179;R$ 0,00;;;R$ 0,00;;;;R$ 0,00;;;;0,0%;;"";;Formento Securitizadora S.A.;AMFI COMPANHIA SECURITIZADORA DE CREDITOS FINANCEIROS I SA;Oferta Pública;Duplicata;Produto Encerrado
Conecta Lá Unitoken #73;Unitoken;21/01/2025;-179;R$ 0,00;;;R$ 0,00;;;;R$ 0,00;;;;0,0%;;"";;FULL NINE DIGITAL CONSULTORIA S.A.;AMFI COMPANHIA SECURITIZADORA DE CREDITOS FINANCEIROS I SA;Oferta Pública;Duplicata;Produto Encerrado
Rezultz Unitoken #2;Unitoken;23/01/2025;-177;R$ 0,00;;;R$ 0,00;;;;R$ 0,00;;;;0,0%;;"";;Padova Securitizadora S.A;AMFI COMPANHIA SECURITIZADORA DE CREDITOS FINANCEIROS I SA;Oferta Pública;Duplicata;Produto Encerrado
Conecta Lá Unitoken #56;Unitoken;23/01/2025;-177;R$ 0,00;;;R$ 0,00;;;;R$ 0,00;;;;0,0%;;"";;FULL NINE DIGITAL CONSULTORIA S.A.;AMFI COMPANHIA SECURITIZADORA DE CREDITOS FINANCEIROS I SA;Oferta Pública;Duplicata;Produto Encerrado
Conecta Lá Unitoken #54;Unitoken;24/01/2025;-176;R$ 0,00;;;R$ 0,00;;;;R$ 0,00;;;;0,0%;;"";;FULL NINE DIGITAL CONSULTORIA S.A.;AMFI COMPANHIA SECURITIZADORA DE CREDITOS FINANCEIROS I SA;Oferta Pública;Duplicata;Produto Encerrado
Conecta Lá Unitoken #69;Unitoken;24/01/2025;-176;R$ 0,00;;;R$ 0,00;;;;R$ 0,00;;;;0,0%;;"";;FULL NINE DIGITAL CONSULTORIA S.A.;AMFI COMPANHIA SECURITIZADORA DE CREDITOS FINANCEIROS I SA;Oferta Pública;Duplicata;Produto Encerrado
Conecta Lá Unitoken #52;Unitoken;24/01/2025;-176;R$ 0,00;;;R$ 0,00;;;;R$ 0,00;;;;0,0%;;"";;FULL NINE DIGITAL CONSULTORIA S.A.;AMFI COMPANHIA SECURITIZADORA DE CREDITOS FINANCEIROS I SA;Oferta Pública;Duplicata;Cancelada
UnionNational Pool #2;Pool;24/01/2025;-176;R$ 0,00;;;R$ 0,00;;R$ 0,00;;R$ 0,00;100,0%;20,0%;;0,0%;;"";;SECURITIZADORA DE CRÉDITOS FINANCEIROS S.A.;;Oferta Pública;Duplicata;Produto Encerrado
Conecta Lá Unitoken #18;Unitoken;24/01/2025;-176;R$ 0,00;;;R$ 0,00;;;;R$ 0,00;;;;0,0%;;"";;FULL NINE DIGITAL CONSULTORIA S.A.;AMFI COMPANHIA SECURITIZADORA DE CREDITOS FINANCEIROS I SA;;Duplicata;
DS Unitoken #37;Unitoken;25/01/2025;-175;R$ 0,00;;;R$ 0,00;;;;R$ 0,00;;;;0,0%;;"";;DS SECURITIZADORA S/A;AMFI COMPANHIA SECURITIZADORA DE CREDITOS FINANCEIROS I SA;Oferta Pública;Duplicata;Produto Encerrado
Conecta Lá Unitoken #42;Unitoken;25/01/2025;-175;R$ 0,00;;;R$ 0,00;;;;R$ 0,00;;;;0,0%;;"";;FULL NINE DIGITAL CONSULTORIA S.A.;AMFI COMPANHIA SECURITIZADORA DE CREDITOS FINANCEIROS I SA;Oferta Pública;Duplicata;Produto Encerrado
Click Antecipa Unitoken #56;Unitoken;26/01/2025;-174;R$ 0,00;;;R$ 0,00;;;;R$ 0,00;;;;0,0%;;"";;CLICK SECURITIZADORA S.A.;AMFI COMPANHIA SECURITIZADORA DE CREDITOS FINANCEIROS I SA;Oferta Pública;Duplicata;Produto Encerrado
Click Antecipa Unitoken #75;Unitoken;27/01/2025;-173;R$ 0,00;;;R$ 0,00;;;;R$ 0,00;;;;0,0%;;"";;CLICK SECURITIZADORA S.A.;AMFI COMPANHIA SECURITIZADORA DE CREDITOS FINANCEIROS I SA;Oferta Pública;Duplicata;Produto Encerrado
Syntheo Unitoken #28;Unitoken;28/01/2025;-172;R$ 0,00;;;R$ 0,00;;;;R$ 0,00;;;;0,0%;;"";;SYNTHÉO SECURITIZADORA DE CRÉDITOS S.A.;AMFI COMPANHIA SECURITIZADORA DE CREDITOS FINANCEIROS I SA;Oferta Pública;Duplicata;Produto Encerrado
C4 Unitoken #38;Unitoken;28/01/2025;-172;R$ 0,00;;;R$ 0,00;;;;R$ 0,00;;;;0,0%;;"";;C4 CAPITAL SECURITIZADORA S/A;AMFI COMPANHIA SECURITIZADORA DE CREDITOS FINANCEIROS I SA;Oferta Pública;Duplicata;Produto Encerrado
Descontanet Unitoken #1;Unitoken;29/01/2025;-171;R$ 0,00;;;R$ 0,00;;;;R$ 0,00;;;;0,0%;;"";;DESCONTANET SECURITIZADORA S.A.;AMFI COMPANHIA SECURITIZADORA DE CREDITOS FINANCEIROS I SA;Oferta Pública;Duplicata;Produto Encerrado
Click Antecipa Unitoken #67;Unitoken;29/01/2025;-171;R$ 0,00;;;R$ 0,00;;;;R$ 0,00;;;;0,0%;;"";;CLICK SECURITIZADORA S.A.;AMFI COMPANHIA SECURITIZADORA DE CREDITOS FINANCEIROS I SA;Oferta Pública;Duplicata;Produto Encerrado
C4 Unitoken #40;Unitoken;30/01/2025;-170;R$ 0,00;;;R$ 0,00;;;;R$ 0,00;;;;0,0%;;"";;C4 CAPITAL SECURITIZADORA S/A;AMFI COMPANHIA SECURITIZADORA DE CREDITOS FINANCEIROS I SA;Oferta Pública;Duplicata;Produto Encerrado
Lebasq Unitoken #26;Unitoken;30/01/2025;-170;R$ 0,00;;;R$ 0,00;;;;R$ 0,00;;;;0,0%;;"";;LEBASQ SECURITIZAÇÃO DE CRÉDITOS SA;AMFI COMPANHIA SECURITIZADORA DE CREDITOS FINANCEIROS I SA;Oferta Pública;Duplicata;Produto Encerrado
Audax Capital Unitoken #6;Unitoken;30/01/2025;-170;R$ 0,00;;;R$ 0,00;;;;R$ 0,00;;;;0,0%;;"";;AUDAX CAPITAL SECURITIZADORA S.A;AMFI COMPANHIA SECURITIZADORA DE CREDITOS FINANCEIROS I SA;Oferta Pública;Duplicata;Produto Encerrado
Click Antecipa Unitoken #65;Unitoken;31/01/2025;-169;R$ 0,00;;;R$ 0,00;;;;R$ 0,00;;;;0,0%;;"";;CLICK SECURITIZADORA S.A.;AMFI COMPANHIA SECURITIZADORA DE CREDITOS FINANCEIROS I SA;Oferta Pública;Duplicata;Produto Encerrado
Syntheo Unitoken #22;Unitoken;31/01/2025;-169;R$ 0,00;;;R$ 0,00;;;;R$ 0,00;;;;0,0%;;"";;SYNTHÉO SECURITIZADORA DE CRÉDITOS S.A.;AMFI COMPANHIA SECURITIZADORA DE CREDITOS FINANCEIROS I SA;Oferta Pública;Duplicata;Produto Encerrado
Rezultz Unitoken #3;Unitoken;03/02/2025;-166;R$ 0,00;;;R$ 0,00;;;;R$ 0,00;;;;0,0%;;"";;Padova Securitizadora S.A;AMFI COMPANHIA SECURITIZADORA DE CREDITOS FINANCEIROS I SA;Oferta Pública;Duplicata;Produto Encerrado
Learnbase Unitoken #37;Unitoken;03/02/2025;-166;R$ 0,00;;;R$ 0,00;;;;R$ 0,00;;;;0,0%;;"";;Learnbase Gestão e Consultoria Educacional S.A.;AMFI COMPANHIA SECURITIZADORA DE CREDITOS FINANCEIROS I SA;Oferta Pública;Duplicata;Produto Encerrado
Syntheo Unitoken #40;Unitoken;03/02/2025;-166;R$ 0,00;;;R$ 0,00;;;;R$ 0,00;;;;0,0%;;"";;SYNTHÉO SECURITIZADORA DE CRÉDITOS S.A.;AMFI COMPANHIA SECURITIZADORA DE CREDITOS FINANCEIROS I SA;Oferta Pública;Duplicata;Produto Encerrado
Formento Unitoken #44;Unitoken;03/02/2025;-166;R$ 0,00;;;R$ 0,00;;;;R$ 0,00;;;;0,0%;;"";;Formento Securitizadora S.A.;AMFI COMPANHIA SECURITIZADORA DE CREDITOS FINANCEIROS I SA;Oferta Pública;Duplicata;Produto Encerrado
Learnbase Unitoken #47;Unitoken;04/02/2025;-165;R$ 0,00;;;R$ 0,00;;;;R$ 0,00;;;;0,0%;;"";;Learnbase Gestão e Consultoria Educacional S.A.;AMFI COMPANHIA SECURITIZADORA DE CREDITOS FINANCEIROS I SA;Oferta Pública;Duplicata;Produto Encerrado
Rezultz Unitoken #4;Unitoken;04/02/2025;-165;R$ 0,00;;;R$ 0,00;;;;R$ 0,00;;;;0,0%;;"";;Padova Securitizadora S.A;AMFI COMPANHIA SECURITIZADORA DE CREDITOS FINANCEIROS I SA;Oferta Pública;Duplicata;Produto Encerrado
AFA Unitoken #19;Unitoken;04/02/2025;-165;R$ 0,00;;;R$ 0,00;;;;R$ 0,00;;;;0,0%;;"";;AFA HIGH YIELD CREDIT OPPORTUNITY - FIDC;AMFI COMPANHIA SECURITIZADORA DE CREDITOS FINANCEIROS I SA;Oferta Pública;Duplicata;Produto Encerrado
Lebasq Unitoken #36;Unitoken;05/02/2025;-164;R$ 0,00;;;R$ 0,00;;;;R$ 0,00;;;;0,0%;;"";;LEBASQ SECURITIZAÇÃO DE CRÉDITOS SA;AMFI COMPANHIA SECURITIZADORA DE CREDITOS FINANCEIROS I SA;Oferta Pública;Duplicata;Produto Encerrado
a55  Unitoken #31;Unitoken;05/02/2025;-164;R$ 0,00;R$ 694,78;R$ 0,00;R$ 0,00;R$ 0,00;;R$ 0,00;R$ 0,00;;;;0,0%;;"";;a55 SECURITIZADORA S.A.;a55 SECURITIZADORA S.A.;Oferta Pública;Duplicata;Produto Encerrado
Conecta Lá Unitoken #59;Unitoken;05/02/2025;-164;R$ 0,00;;;R$ 0,00;;;;R$ 0,00;;;;0,0%;;"";;FULL NINE DIGITAL CONSULTORIA S.A.;AMFI COMPANHIA SECURITIZADORA DE CREDITOS FINANCEIROS I SA;Oferta Pública;Duplicata;Produto Encerrado
AFA Unitoken #18;Unitoken;06/02/2025;-163;R$ 0,00;;;R$ 0,00;;;;R$ 0,00;;;;0,0%;;"";;AFA HIGH YIELD CREDIT OPPORTUNITY - FIDC;AMFI COMPANHIA SECURITIZADORA DE CREDITOS FINANCEIROS I SA;Oferta Pública;Duplicata;Produto Encerrado
Syntheo Unitoken #35;Unitoken;06/02/2025;-163;R$ 0,00;;;R$ 0,00;;;;R$ 0,00;;;;0,0%;;"";;SYNTHÉO SECURITIZADORA DE CRÉDITOS S.A.;AMFI COMPANHIA SECURITIZADORA DE CREDITOS FINANCEIROS I SA;Oferta Pública;Duplicata;Produto Encerrado
Conecta Lá Unitoken #60;Unitoken;06/02/2025;-163;R$ 0,00;;;R$ 0,00;;;;R$ 0,00;;;;0,0%;;"";;FULL NINE DIGITAL CONSULTORIA S.A.;AMFI COMPANHIA SECURITIZADORA DE CREDITOS FINANCEIROS I SA;Oferta Pública;Duplicata;Produto Encerrado
Rezultz Unitoken #5;Unitoken;06/02/2025;-163;R$ 0,00;;;R$ 0,00;;;;R$ 0,00;;;;0,0%;;"";;Padova Securitizadora S.A;AMFI COMPANHIA SECURITIZADORA DE CREDITOS FINANCEIROS I SA;Oferta Pública;Duplicata;Produto Encerrado
Lebasq Unitoken #40;Unitoken;06/02/2025;-163;R$ 0,00;;;R$ 0,00;;;;R$ 0,00;;;;0,0%;;"";;LEBASQ SECURITIZAÇÃO DE CRÉDITOS SA;AMFI COMPANHIA SECURITIZADORA DE CREDITOS FINANCEIROS I SA;Oferta Pública;Duplicata;Produto Encerrado
Formento Unitoken #37;Unitoken;07/02/2025;-162;R$ 0,00;;;R$ 0,00;;;;R$ 0,00;;;;0,0%;;"";;Formento Securitizadora S.A.;AMFI COMPANHIA SECURITIZADORA DE CREDITOS FINANCEIROS I SA;Oferta Pública;Duplicata;Produto Encerrado
Formento Unitoken #33;Unitoken;07/02/2025;-162;R$ 0,00;;;R$ 0,00;;;;R$ 0,00;;;;0,0%;;"";;Formento Securitizadora S.A.;AMFI COMPANHIA SECURITIZADORA DE CREDITOS FINANCEIROS I SA;Oferta Pública;Duplicata;Produto Encerrado
a55  Unitoken #30;Unitoken;07/02/2025;-162;R$ 0,00;R$ 0,00;R$ 0,00;R$ 0,00;R$ 0,00;;;R$ 0,00;;;;0,0%;;"";;a55 SECURITIZADORA S.A.;a55 SECURITIZADORA S.A.;Oferta Pública;Duplicata;Produto Encerrado
Lebasq Unitoken #42;Unitoken;10/02/2025;-159;R$ 0,00;;;R$ 0,00;;;;R$ 0,00;;;;0,0%;;"";;LEBASQ SECURITIZAÇÃO DE CRÉDITOS SA;AMFI COMPANHIA SECURITIZADORA DE CREDITOS FINANCEIROS I SA;Oferta Pública;Duplicata;Produto Encerrado
AFA Unitoken #16;Unitoken;11/02/2025;-158;R$ 0,00;R$ 0,00;R$ 0,00;R$ 0,00;R$ 0,00;;;R$ 0,00;;;;0,0%;;"";;AFA HIGH YIELD CREDIT OPPORTUNITY - FIDC;AMFI COMPANHIA SECURITIZADORA DE CREDITOS FINANCEIROS I SA;Oferta Pública;Duplicata;Produto Encerrado
Click Antecipa Unitoken #63;Unitoken;11/02/2025;-158;R$ 0,00;;;R$ 0,00;;;;R$ 0,00;;;;0,0%;;"";;CLICK SECURITIZADORA S.A.;AMFI COMPANHIA SECURITIZADORA DE CREDITOS FINANCEIROS I SA;Oferta Pública;Duplicata;Produto Encerrado
Syntheo Unitoken #37;Unitoken;11/02/2025;-158;R$ 0,00;;;R$ 0,00;;;;R$ 0,00;;;;0,0%;;"";;SYNTHÉO SECURITIZADORA DE CRÉDITOS S.A.;AMFI COMPANHIA SECURITIZADORA DE CREDITOS FINANCEIROS I SA;Oferta Pública;Duplicata;Produto Encerrado
Syntheo Unitoken #34;Unitoken;11/02/2025;-158;R$ 0,00;;;R$ 0,00;;;;R$ 0,00;;;;0,0%;;"";;SYNTHÉO SECURITIZADORA DE CRÉDITOS S.A.;AMFI COMPANHIA SECURITIZADORA DE CREDITOS FINANCEIROS I SA;Oferta Pública;Duplicata;Produto Encerrado
AFA Unitoken #14 [Cancelado];Unitoken;11/02/2025;-158;R$ 0,00;;;R$ 0,00;;;;R$ 0,00;;;;0,0%;;"";;AFA HIGH YIELD CREDIT OPPORTUNITY - FIDC;AMFI COMPANHIA SECURITIZADORA DE CREDITOS FINANCEIROS I SA;Oferta Pública;Duplicata;Cancelada
Click Antecipa Unitoken #83;Unitoken;12/02/2025;-157;R$ 0,00;;;R$ 0,00;;;;R$ 0,00;;;;0,0%;;"";;CLICK SECURITIZADORA S.A.;AMFI COMPANHIA SECURITIZADORA DE CREDITOS FINANCEIROS I SA;Oferta Pública;Duplicata;Produto Encerrado
Click Antecipa Unitoken #77;Unitoken;13/02/2025;-156;R$ 0,00;;;R$ 0,00;;;;R$ 0,00;;;;0,0%;;"";;CLICK SECURITIZADORA S.A.;AMFI COMPANHIA SECURITIZADORA DE CREDITOS FINANCEIROS I SA;Oferta Pública;Duplicata;Produto Encerrado
AFA Unitoken #20;Unitoken;13/02/2025;-156;R$ 0,00;;;R$ 0,00;;;;R$ 0,00;;;;0,0%;;"";;AFA HIGH YIELD CREDIT OPPORTUNITY - FIDC;AMFI COMPANHIA SECURITIZADORA DE CREDITOS FINANCEIROS I SA;Oferta Pública;Duplicata;Produto Encerrado
Faighus Unitoken #4;Unitoken;14/02/2025;-155;R$ 0,00;;;R$ 0,00;;;;R$ 0,00;;;;0,0%;;"";;FAIGHUS SECURITIZADORA S.A.;AMFI COMPANHIA SECURITIZADORA DE CREDITOS FINANCEIROS I SA;Oferta Pública;Duplicata;Produto Encerrado
Conecta Lá Unitoken #51;Unitoken;15/02/2025;-154;R$ 0,00;;;R$ 0,00;;;;R$ 0,00;;;;0,0%;;"";;FULL NINE DIGITAL CONSULTORIA S.A.;AMFI COMPANHIA SECURITIZADORA DE CREDITOS FINANCEIROS I SA;Oferta Pública;Duplicata;Produto Encerrado
Teddy  Unitoken #1;Unitoken;15/02/2025;-154;R$ 0,00;R$ 0,00;R$ 0,00;R$ 0,00;R$ 0,00;;;R$ 0,00;;;;0,0%;;"";;TEDDY HUB DIGITAL LTDA;AMFI COMPANHIA SECURITIZADORA DE CREDITOS FINANCEIROS I SA;;Duplicata;
Teddy  Unitoken #10;Unitoken;15/02/2025;-154;R$ 0,00;R$ 0,00;R$ 0,00;R$ 0,00;R$ 0,00;;;R$ 0,00;;;;0,0%;;"";;TEDDY HUB DIGITAL LTDA;AMFI COMPANHIA SECURITIZADORA DE CREDITOS FINANCEIROS I SA;;Duplicata;
C4 Unitoken #41;Unitoken;17/02/2025;-152;R$ 0,00;R$ 16,16;R$ 0,00;R$ 0,00;R$ 0,00;;R$ 0,00;R$ 0,00;;;;0,0%;;"";;C4 CAPITAL SECURITIZADORA S/A;AMFI COMPANHIA SECURITIZADORA DE CREDITOS FINANCEIROS I SA;Oferta Pública;Duplicata;Produto Encerrado
Formento Unitoken #41;Unitoken;17/02/2025;-152;R$ 0,00;R$ 0,00;R$ 0,00;R$ 0,00;R$ 0,00;;;R$ 0,00;;;;0,0%;;"";;Formento Securitizadora S.A.;AMFI COMPANHIA SECURITIZADORA DE CREDITOS FINANCEIROS I SA;Oferta Pública;Duplicata;Produto Encerrado
Audax Capital Unitoken #7;Unitoken;17/02/2025;-152;R$ 0,00;R$ 51,77;R$ 0,00;R$ 0,00;R$ 0,00;;R$ 0,00;R$ 0,00;;;;0,0%;;"";;AUDAX CAPITAL SECURITIZADORA S.A;AMFI COMPANHIA SECURITIZADORA DE CREDITOS FINANCEIROS I SA;Oferta Pública;Duplicata;Produto Encerrado
C4 Unitoken #35;Unitoken;17/02/2025;-152;R$ 0,00;R$ 13,64;R$ 0,00;R$ 0,00;R$ 0,00;;R$ 0,00;R$ 0,00;;;;0,0%;;"";;C4 CAPITAL SECURITIZADORA S/A;AMFI COMPANHIA SECURITIZADORA DE CREDITOS FINANCEIROS I SA;Oferta Pública;CCB;Produto Encerrado
Conecta Lá Unitoken #85;Unitoken;17/02/2025;-152;R$ 0,00;;;R$ 0,00;;;;R$ 0,00;;;;0,0%;;"";;FULL NINE DIGITAL CONSULTORIA S.A.;AMFI COMPANHIA SECURITIZADORA DE CREDITOS FINANCEIROS I SA;Oferta Pública;Duplicata;Produto Encerrado
Lebasq Unitoken #43;Unitoken;18/02/2025;-151;R$ 0,00;R$ 0,00;R$ 0,00;R$ 0,00;R$ 0,00;;;R$ 0,00;;;;0,0%;;"";;LEBASQ SECURITIZAÇÃO DE CRÉDITOS SA;AMFI COMPANHIA SECURITIZADORA DE CREDITOS FINANCEIROS I SA;Oferta Pública;Duplicata;Produto Encerrado
Conecta Lá Unitoken #75;Unitoken;18/02/2025;-151;R$ 0,00;R$ 0,00;R$ 0,00;R$ 0,00;R$ 0,00;;;R$ 0,00;;;;0,0%;;"";;FULL NINE DIGITAL CONSULTORIA S.A.;AMFI COMPANHIA SECURITIZADORA DE CREDITOS FINANCEIROS I SA;Oferta Pública;Duplicata;Produto Encerrado
Conecta Lá Unitoken #82;Unitoken;18/02/2025;-151;R$ 0,00;R$ 0,00;R$ 0,00;R$ 0,00;R$ 0,00;;;R$ 0,00;;;;0,0%;;"";;FULL NINE DIGITAL CONSULTORIA S.A.;AMFI COMPANHIA SECURITIZADORA DE CREDITOS FINANCEIROS I SA;Oferta Pública;Duplicata;Produto Encerrado
Resolvvi #1;Pool;18/02/2025;-151;R$ 0,00;R$ 0,01;R$ 0,00;R$ 0,00;R$ 0,00;R$ 0,00;R$ 0,00;R$ 0,00;100,0%;1,0%;;0,0%;;"";;Resolvvi Tecnologia Ltda;;Oferta Privada;Ativo Judicial;Produto Encerrado
Conecta Lá Unitoken #79;Unitoken;18/02/2025;-151;R$ 0,00;R$ 0,08;R$ 0,00;R$ 0,00;R$ 0,00;;R$ 0,00;R$ 0,00;;;;0,0%;;"";;FULL NINE DIGITAL CONSULTORIA S.A.;AMFI COMPANHIA SECURITIZADORA DE CREDITOS FINANCEIROS I SA;Oferta Pública;Duplicata;Produto Encerrado
Syntheo Unitoken #36;Unitoken;19/02/2025;-150;R$ 0,00;R$ 0,00;R$ 0,00;R$ 0,00;R$ 0,00;;;R$ 0,00;;;;0,0%;;"";;SYNTHÉO SECURITIZADORA DE CRÉDITOS S.A.;AMFI COMPANHIA SECURITIZADORA DE CREDITOS FINANCEIROS I SA;Oferta Pública;Duplicata;Produto Encerrado
Click Antecipa Unitoken #84;Unitoken;19/02/2025;-150;R$ 0,00;R$ 0,16;R$ 0,00;R$ 0,00;R$ 0,00;;R$ 0,00;R$ 0,00;;;;0,0%;;"";;CLICK SECURITIZADORA S.A.;AMFI COMPANHIA SECURITIZADORA DE CREDITOS FINANCEIROS I SA;Oferta Pública;Duplicata;Produto Encerrado
Conecta Lá Unitoken #81;Unitoken;20/02/2025;-149;R$ 0,00;R$ 0,11;R$ 0,00;R$ 0,00;R$ 0,00;;R$ 0,00;R$ 0,00;;;;0,0%;;"";;FULL NINE DIGITAL CONSULTORIA S.A.;AMFI COMPANHIA SECURITIZADORA DE CREDITOS FINANCEIROS I SA;Oferta Pública;Duplicata;Produto Encerrado
Conecta Lá Unitoken #84;Unitoken;21/02/2025;-148;R$ 0,00;R$ 0,18;R$ 0,00;R$ 0,00;R$ 0,00;;R$ 0,00;R$ 0,00;;;;0,0%;;"";;FULL NINE DIGITAL CONSULTORIA S.A.;AMFI COMPANHIA SECURITIZADORA DE CREDITOS FINANCEIROS I SA;Oferta Pública;Duplicata;Produto Encerrado
Conecta Lá Unitoken #76;Unitoken;24/02/2025;-145;R$ 0,00;R$ 12,21;R$ 0,00;R$ 0,00;R$ 0,00;;R$ 0,00;R$ 0,00;;;;0,0%;;"";;FULL NINE DIGITAL CONSULTORIA S.A.;AMFI COMPANHIA SECURITIZADORA DE CREDITOS FINANCEIROS I SA;Oferta Pública;Duplicata;Produto Encerrado
Conecta Lá Unitoken #70;Unitoken;24/02/2025;-145;R$ 0,00;R$ 16,39;R$ 0,00;R$ 0,00;R$ 0,00;;R$ 0,00;R$ 0,00;;;;0,0%;;"";;FULL NINE DIGITAL CONSULTORIA S.A.;AMFI COMPANHIA SECURITIZADORA DE CREDITOS FINANCEIROS I SA;Oferta Pública;Duplicata;Produto Encerrado
Conecta Lá Unitoken #20;Unitoken;24/02/2025;-145;R$ 0,00;R$ 0,00;R$ 0,00;R$ 0,00;R$ 0,00;;;R$ 0,00;;;;0,0%;;"";;FULL NINE DIGITAL CONSULTORIA S.A.;AMFI COMPANHIA SECURITIZADORA DE CREDITOS FINANCEIROS I SA;;Duplicata;
Conecta Lá Unitoken #61;Unitoken;24/02/2025;-145;R$ 0,00;R$ 38,00;R$ 0,00;R$ 0,00;R$ 0,00;;R$ 0,00;R$ 0,00;;;;0,0%;;"";;FULL NINE DIGITAL CONSULTORIA S.A.;AMFI COMPANHIA SECURITIZADORA DE CREDITOS FINANCEIROS I SA;Oferta Pública;Duplicata;Produto Encerrado
Faighus Unitoken #6;Unitoken;25/02/2025;-144;R$ 0,00;R$ 0,00;R$ 0,00;R$ 0,00;R$ 0,00;;;R$ 0,00;;;;0,0%;;"";;FAIGHUS SECURITIZADORA S.A.;AMFI COMPANHIA SECURITIZADORA DE CREDITOS FINANCEIROS I SA;Oferta Pública;Duplicata;Produto Encerrado
Conecta Lá Unitoken #58;Unitoken;25/02/2025;-144;R$ 0,00;R$ 22,56;R$ 0,00;R$ 0,00;R$ 0,00;;R$ 0,00;R$ 0,00;;;;0,0%;;"";;FULL NINE DIGITAL CONSULTORIA S.A.;AMFI COMPANHIA SECURITIZADORA DE CREDITOS FINANCEIROS I SA;Oferta Pública;Duplicata;Produto Encerrado
Syntheo Unitoken #41;Unitoken;27/02/2025;-142;R$ 0,00;R$ 0,00;R$ 0,00;R$ 0,00;R$ 0,00;;;R$ 0,00;;;;0,0%;;"";;SYNTHÉO SECURITIZADORA DE CRÉDITOS S.A.;AMFI COMPANHIA SECURITIZADORA DE CREDITOS FINANCEIROS I SA;Oferta Pública;Duplicata;Produto Encerrado
Audax Capital Unitoken #8;Unitoken;28/02/2025;-141;R$ 0,00;R$ 0,00;R$ 0,00;R$ 0,00;R$ 0,00;;;R$ 0,00;;;;0,0%;;"";;AUDAX CAPITAL SECURITIZADORA S.A;AMFI COMPANHIA SECURITIZADORA DE CREDITOS FINANCEIROS I SA;Oferta Pública;Duplicata;Produto Encerrado
Rezultz Unitoken #6;Unitoken;28/02/2025;-141;R$ 0,00;R$ 0,00;R$ 0,00;R$ 0,00;R$ 0,00;;;R$ 0,00;;;;0,0%;;"";;Padova Securitizadora S.A;AMFI COMPANHIA SECURITIZADORA DE CREDITOS FINANCEIROS I SA;Oferta Pública;Duplicata;Produto Encerrado
Formento Unitoken #47;Unitoken;28/02/2025;-141;R$ 0,00;R$ 47,00;R$ 0,00;R$ 0,00;R$ 0,00;;R$ 0,00;R$ 0,00;;;;0,0%;;"";;Formento Securitizadora S.A.;AMFI COMPANHIA SECURITIZADORA DE CREDITOS FINANCEIROS I SA;Oferta Pública;Duplicata;Produto Encerrado
Learnbase Unitoken #38;Unitoken;03/03/2025;-138;R$ 0,00;R$ 14,27;R$ 0,00;R$ 0,00;R$ 0,00;;R$ 0,00;R$ 0,00;;;;0,0%;;"";;Learnbase Gestão e Consultoria Educacional S.A.;AMFI COMPANHIA SECURITIZADORA DE CREDITOS FINANCEIROS I SA;Oferta Pública;Duplicata;Produto Encerrado
Faighus Unitoken #5;Unitoken;05/03/2025;-136;R$ 0,00;R$ 0,00;R$ 0,00;R$ 0,00;R$ 0,00;;;R$ 0,00;;;;0,0%;;"";;FAIGHUS SECURITIZADORA S.A.;AMFI COMPANHIA SECURITIZADORA DE CREDITOS FINANCEIROS I SA;Oferta Pública;Duplicata;Produto Encerrado
Syntheo Unitoken #39;Unitoken;05/03/2025;-136;R$ 0,00;R$ 16,08;R$ 0,00;R$ 0,00;R$ 0,00;;R$ 0,00;R$ 0,00;;;;0,0%;;"";;SYNTHÉO SECURITIZADORA DE CRÉDITOS S.A.;AMFI COMPANHIA SECURITIZADORA DE CREDITOS FINANCEIROS I SA;Oferta Pública;Duplicata;Produto Encerrado
Click Antecipa Unitoken #87;Unitoken;05/03/2025;-136;R$ 0,00;R$ 0,00;R$ 0,00;R$ 0,00;R$ 0,00;;;R$ 0,00;;;;0,0%;;"";;CLICK SECURITIZADORA S.A.;AMFI COMPANHIA SECURITIZADORA DE CREDITOS FINANCEIROS I SA;Oferta Pública;Duplicata;Produto Encerrado
Conecta Lá Unitoken #78;Unitoken;05/03/2025;-136;R$ 0,00;R$ 0,02;R$ 0,00;R$ 0,00;R$ 0,00;;R$ 0,00;R$ 0,00;;;;0,0%;;"";;FULL NINE DIGITAL CONSULTORIA S.A.;AMFI COMPANHIA SECURITIZADORA DE CREDITOS FINANCEIROS I SA;Oferta Pública;Duplicata;Produto Encerrado
Conecta Lá Unitoken #80;Unitoken;05/03/2025;-136;R$ 0,00;R$ 0,05;R$ 0,00;R$ 0,00;R$ 0,00;;R$ 0,00;R$ 0,00;;;;0,0%;;"";;FULL NINE DIGITAL CONSULTORIA S.A.;AMFI COMPANHIA SECURITIZADORA DE CREDITOS FINANCEIROS I SA;Oferta Pública;Duplicata;Produto Encerrado
Conecta Lá Unitoken #86;Unitoken;05/03/2025;-136;R$ 0,00;R$ 0,08;R$ 0,00;R$ 0,00;R$ 0,00;;R$ 0,00;R$ 0,00;;;;0,0%;;"";;FULL NINE DIGITAL CONSULTORIA S.A.;AMFI COMPANHIA SECURITIZADORA DE CREDITOS FINANCEIROS I SA;Oferta Pública;Duplicata;Produto Encerrado
Syntheo Unitoken #38;Unitoken;05/03/2025;-136;R$ 0,00;R$ 7,75;R$ 0,00;R$ 0,00;R$ 0,00;;R$ 0,00;R$ 0,00;;;;0,0%;;"";;SYNTHÉO SECURITIZADORA DE CRÉDITOS S.A.;AMFI COMPANHIA SECURITIZADORA DE CREDITOS FINANCEIROS I SA;Oferta Pública;Duplicata;Produto Encerrado
AFA Unitoken #23;Unitoken;06/03/2025;-135;R$ 0,00;R$ 46,40;R$ 0,00;R$ 0,00;R$ 0,00;;R$ 0,00;R$ 0,00;;;;0,0%;;"";;AFA HIGH YIELD CREDIT OPPORTUNITY - FIDC;AMFI COMPANHIA SECURITIZADORA DE CREDITOS FINANCEIROS I SA;Oferta Pública;Duplicata;Produto Encerrado
AFA Unitoken #24;Unitoken;06/03/2025;-135;R$ 0,00;R$ 76,99;R$ 0,00;R$ 0,00;R$ 0,00;;R$ 0,00;R$ 0,00;;;;0,0%;;"";;AFA HIGH YIELD CREDIT OPPORTUNITY - FIDC;AMFI COMPANHIA SECURITIZADORA DE CREDITOS FINANCEIROS I SA;Oferta Pública;Duplicata;Produto Encerrado
Conecta Lá Unitoken #77;Unitoken;06/03/2025;-135;R$ 0,00;R$ 0,00;R$ 0,00;R$ 0,00;R$ 0,00;;;R$ 0,00;;;;0,0%;;"";;FULL NINE DIGITAL CONSULTORIA S.A.;AMFI COMPANHIA SECURITIZADORA DE CREDITOS FINANCEIROS I SA;Oferta Pública;Duplicata;Produto Encerrado
AFA Unitoken #22;Unitoken;06/03/2025;-135;R$ 0,00;R$ 36,01;R$ 0,00;R$ 0,00;R$ 0,00;;R$ 0,00;R$ 0,00;;;;0,0%;;"";;AFA HIGH YIELD CREDIT OPPORTUNITY - FIDC;AMFI COMPANHIA SECURITIZADORA DE CREDITOS FINANCEIROS I SA;Oferta Pública;Duplicata;Produto Encerrado
AFA Unitoken #21;Unitoken;06/03/2025;-135;R$ 0,00;R$ 93,75;R$ 0,00;R$ 0,00;R$ 0,00;;R$ 0,00;R$ 0,00;;;;0,0%;;"";;AFA HIGH YIELD CREDIT OPPORTUNITY - FIDC;AMFI COMPANHIA SECURITIZADORA DE CREDITOS FINANCEIROS I SA;Oferta Pública;Duplicata;Produto Encerrado
DS Unitoken #47;Unitoken;07/03/2025;-134;R$ 216.851,50;R$ 232.851,84;R$ 0,00;R$ 216.851,50;R$ 0,00;;R$ 0,93;R$ 0,00;;;100,0%;0,0%;1,6%;"";;DS SECURITIZADORA S/A;AMFI COMPANHIA SECURITIZADORA DE CREDITOS FINANCEIROS I SA;Oferta Pública;Duplicata;Captação finalizada
Formento Unitoken #49;Unitoken;07/03/2025;-134;R$ 0,00;R$ 0,33;R$ 0,00;R$ 0,00;R$ 0,00;;R$ 0,00;R$ 0,00;;;;0,0%;;"";;Formento Securitizadora S.A.;AMFI COMPANHIA SECURITIZADORA DE CREDITOS FINANCEIROS I SA;Oferta Pública;Duplicata;Produto Encerrado
Conecta Lá Unitoken #83;Unitoken;07/03/2025;-134;R$ 0,00;R$ 0,00;R$ 0,00;R$ 0,00;R$ 0,00;;;R$ 0,00;;;;0,0%;;"";;FULL NINE DIGITAL CONSULTORIA S.A.;AMFI COMPANHIA SECURITIZADORA DE CREDITOS FINANCEIROS I SA;Oferta Pública;Duplicata;Produto Encerrado
Syntheo Unitoken #44;Unitoken;10/03/2025;-131;R$ 0,00;R$ 1,36;R$ 0,00;R$ 0,00;R$ 0,00;;R$ 0,00;R$ 0,00;;;;0,0%;;"";;SYNTHÉO SECURITIZADORA DE CRÉDITOS S.A.;AMFI COMPANHIA SECURITIZADORA DE CREDITOS FINANCEIROS I SA;Oferta Pública;Duplicata;Produto Encerrado
Conecta Lá Unitoken #87;Unitoken;10/03/2025;-131;R$ 0,00;R$ 0,00;R$ 0,00;R$ 0,00;R$ 0,00;;;R$ 0,00;;;;0,0%;;"";;FULL NINE DIGITAL CONSULTORIA S.A.;AMFI COMPANHIA SECURITIZADORA DE CREDITOS FINANCEIROS I SA;Oferta Pública;Duplicata;Produto Encerrado
DS Unitoken #46;Unitoken;10/03/2025;-131;R$ 150.530,61;R$ 160.529,96;R$ 0,00;R$ 150.530,61;R$ 0,00;;R$ 0,96;R$ 0,00;;;100,0%;0,0%;1,6%;"";;DS SECURITIZADORA S/A;AMFI COMPANHIA SECURITIZADORA DE CREDITOS FINANCEIROS I SA;Oferta Pública;Duplicata;Captação finalizada
Conecta Lá Unitoken #92;Unitoken;10/03/2025;-131;R$ 0,00;R$ 0,00;R$ 0,00;R$ 0,00;R$ 0,00;;;R$ 0,00;;;;0,0%;;"";;FULL NINE DIGITAL CONSULTORIA S.A.;AMFI COMPANHIA SECURITIZADORA DE CREDITOS FINANCEIROS I SA;Oferta Pública;Duplicata;Produto Encerrado
Formento Unitoken #42;Unitoken;10/03/2025;-131;R$ 0,00;R$ 34,97;R$ 0,00;R$ 0,00;R$ 0,00;;R$ 0,00;R$ 0,00;;;;0,0%;;"";;Formento Securitizadora S.A.;AMFI COMPANHIA SECURITIZADORA DE CREDITOS FINANCEIROS I SA;Oferta Pública;Duplicata;Produto Encerrado
Faighus Unitoken #7;Unitoken;11/03/2025;-130;R$ 0,00;R$ 0,02;R$ 0,00;R$ 0,00;R$ 0,00;;R$ 0,00;R$ 0,00;;;;0,0%;;"";;FAIGHUS SECURITIZADORA S.A.;AMFI COMPANHIA SECURITIZADORA DE CREDITOS FINANCEIROS I SA;Oferta Pública;Duplicata;Produto Encerrado
Syntheo Unitoken #42;Unitoken;11/03/2025;-130;R$ 0,00;R$ 4,30;R$ 0,00;R$ 0,00;R$ 0,00;;R$ 0,00;R$ 0,00;;;;0,0%;;"";;SYNTHÉO SECURITIZADORA DE CRÉDITOS S.A.;AMFI COMPANHIA SECURITIZADORA DE CREDITOS FINANCEIROS I SA;Oferta Pública;Duplicata;Produto Encerrado
Audax Capital Unitoken #10;Unitoken;12/03/2025;-129;R$ 0,00;R$ 20,17;R$ 0,00;R$ 0,00;R$ 0,00;;R$ 0,00;R$ 0,00;;;;0,0%;;"";;AUDAX CAPITAL SECURITIZADORA S.A;AMFI COMPANHIA SECURITIZADORA DE CREDITOS FINANCEIROS I SA;Oferta Pública;Duplicata;Produto Encerrado
OUB CAPITAL Unitoken #5;Unitoken;12/03/2025;-129;R$ 0,00;R$ 11,45;R$ 0,00;R$ 0,00;R$ 0,00;;R$ 0,00;R$ 0,00;;;;0,0%;;"";;OUB CAPITAL SA;AMFI COMPANHIA SECURITIZADORA DE CREDITOS FINANCEIROS I SA;Oferta Pública;Duplicata;Produto Encerrado
OUB CAPITAL Unitoken #6;Unitoken;13/03/2025;-128;R$ 0,00;R$ 9,91;R$ 0,00;R$ 0,00;R$ 0,00;;R$ 0,00;R$ 0,00;;;;0,0%;;"";;OUB CAPITAL SA;AMFI COMPANHIA SECURITIZADORA DE CREDITOS FINANCEIROS I SA;Oferta Pública;Duplicata;Produto Encerrado
Formento Unitoken #43;Unitoken;13/03/2025;-128;R$ 0,00;R$ 32,49;R$ 0,00;R$ 0,00;R$ 0,00;;R$ 0,00;R$ 0,00;;;;0,0%;;"";;Formento Securitizadora S.A.;AMFI COMPANHIA SECURITIZADORA DE CREDITOS FINANCEIROS I SA;Oferta Pública;Duplicata;Produto Encerrado
Click Antecipa Unitoken #68;Unitoken;15/03/2025;-126;R$ 0,00;R$ 0,00;R$ 0,00;R$ 0,00;R$ 0,00;;;R$ 0,00;;;;0,0%;;"";;CLICK SECURITIZADORA S.A.;AMFI COMPANHIA SECURITIZADORA DE CREDITOS FINANCEIROS I SA;Oferta Pública;Duplicata;Produto Encerrado
Conecta Lá Unitoken #62;Unitoken;15/03/2025;-126;R$ 0,00;R$ 19,93;R$ 0,00;R$ 0,00;R$ 0,00;;R$ 0,00;R$ 0,00;;;;0,0%;;"";;FULL NINE DIGITAL CONSULTORIA S.A.;AMFI COMPANHIA SECURITIZADORA DE CREDITOS FINANCEIROS I SA;Oferta Pública;Duplicata;Produto Encerrado
Formento Unitoken #35;Unitoken;16/03/2025;-125;R$ 0,00;R$ 23,69;R$ 0,00;R$ 0,00;R$ 0,00;;R$ 0,00;R$ 0,00;;;;0,0%;;"";;Formento Securitizadora S.A.;AMFI COMPANHIA SECURITIZADORA DE CREDITOS FINANCEIROS I SA;Oferta Pública;Duplicata;Produto Encerrado
Click Antecipa Unitoken #72;Unitoken;16/03/2025;-125;R$ 0,00;R$ 0,00;R$ 0,00;R$ 0,00;R$ 0,00;;;R$ 0,00;;;;0,0%;;"";;CLICK SECURITIZADORA S.A.;AMFI COMPANHIA SECURITIZADORA DE CREDITOS FINANCEIROS I SA;Oferta Pública;Duplicata;Produto Encerrado
Syntheo Unitoken #45;Unitoken;17/03/2025;-124;R$ 0,00;R$ 8,80;R$ 0,00;R$ 0,00;R$ 0,00;;R$ 0,00;R$ 0,00;;;;0,0%;;"";;SYNTHÉO SECURITIZADORA DE CRÉDITOS S.A.;AMFI COMPANHIA SECURITIZADORA DE CREDITOS FINANCEIROS I SA;Oferta Pública;Duplicata;Produto Encerrado
Syntheo Unitoken #43;Unitoken;17/03/2025;-124;R$ 0,00;R$ 0,00;R$ 0,00;R$ 0,00;R$ 0,00;;;R$ 0,00;;;;0,0%;;"";;SYNTHÉO SECURITIZADORA DE CRÉDITOS S.A.;AMFI COMPANHIA SECURITIZADORA DE CREDITOS FINANCEIROS I SA;Oferta Pública;Duplicata;Produto Encerrado
C4 Unitoken #44;Unitoken;17/03/2025;-124;R$ 0,00;R$ 0,00;R$ 0,00;R$ 0,00;R$ 0,00;;;R$ 0,00;;;;0,0%;;"";;C4 CAPITAL SECURITIZADORA S/A;AMFI COMPANHIA SECURITIZADORA DE CREDITOS FINANCEIROS I SA;Oferta Pública;Duplicata;Produto Encerrado
Conecta Lá Unitoken #89;Unitoken;17/03/2025;-124;R$ 0,00;R$ 11,97;R$ 0,00;R$ 0,00;R$ 0,00;;R$ 0,00;R$ 0,00;;;;0,0%;;"";;FULL NINE DIGITAL CONSULTORIA S.A.;AMFI COMPANHIA SECURITIZADORA DE CREDITOS FINANCEIROS I SA;Oferta Pública;Duplicata;Produto Encerrado
Formento Unitoken #46;Unitoken;17/03/2025;-124;R$ 0,00;R$ 0,00;R$ 0,00;R$ 0,00;R$ 0,00;;;R$ 0,00;;;;0,0%;;"";;Formento Securitizadora S.A.;AMFI COMPANHIA SECURITIZADORA DE CREDITOS FINANCEIROS I SA;Oferta Pública;Duplicata;Produto Encerrado
Faighus Unitoken #8;Unitoken;18/03/2025;-123;R$ 0,00;R$ 0,03;R$ 0,00;R$ 0,00;R$ 0,00;;R$ 0,00;R$ 0,00;;;;0,0%;;"";;FAIGHUS SECURITIZADORA S.A.;AMFI COMPANHIA SECURITIZADORA DE CREDITOS FINANCEIROS I SA;Oferta Pública;Duplicata;Produto Encerrado
DS Unitoken #48;Unitoken;19/03/2025;-122;R$ 43.891,64;R$ 45.382,56;R$ 0,00;R$ 43.891,64;R$ 0,00;;R$ 1,26;R$ 0,00;;;100,0%;0,0%;1,6%;"";;DS SECURITIZADORA S/A;AMFI COMPANHIA SECURITIZADORA DE CREDITOS FINANCEIROS I SA;Oferta Pública;Duplicata;Captação finalizada
C4 Unitoken #43;Unitoken;20/03/2025;-121;R$ 0,00;R$ 0,00;R$ 0,00;R$ 0,00;R$ 0,00;;;R$ 0,00;;;;0,0%;;"";;C4 CAPITAL SECURITIZADORA S/A;AMFI COMPANHIA SECURITIZADORA DE CREDITOS FINANCEIROS I SA;Oferta Pública;Duplicata;Produto Encerrado
Lebasq Unitoken #32;Unitoken;20/03/2025;-121;R$ 0,00;R$ 0,82;R$ 0,00;R$ 0,00;R$ 0,00;;R$ 0,00;R$ 0,00;;;;0,0%;;"";;LEBASQ SECURITIZAÇÃO DE CRÉDITOS SA;AMFI COMPANHIA SECURITIZADORA DE CREDITOS FINANCEIROS I SA;Oferta Pública;Duplicata;Produto Encerrado
Conecta Lá Unitoken #97;Unitoken;20/03/2025;-121;R$ 0,00;R$ 63,78;R$ 0,00;R$ 0,00;R$ 0,00;;R$ 0,00;R$ 0,00;;;;0,0%;;"";;FULL NINE DIGITAL CONSULTORIA S.A.;AMFI COMPANHIA SECURITIZADORA DE CREDITOS FINANCEIROS I SA;Oferta Pública;Duplicata;Produto Encerrado
Conecta Lá Unitoken #94;Unitoken;21/03/2025;-120;R$ 0,00;R$ 107,09;R$ 0,00;R$ 0,00;R$ 0,00;;R$ 0,00;R$ 0,00;;;;0,0%;;"";;FULL NINE DIGITAL CONSULTORIA S.A.;AMFI COMPANHIA SECURITIZADORA DE CREDITOS FINANCEIROS I SA;Oferta Pública;Duplicata;Produto Encerrado
Click Antecipa Unitoken #78;Unitoken;21/03/2025;-120;R$ 0,00;R$ 0,07;R$ 0,00;R$ 0,00;R$ 0,00;;R$ 0,00;R$ 0,00;;;;0,0%;;"";;CLICK SECURITIZADORA S.A.;AMFI COMPANHIA SECURITIZADORA DE CREDITOS FINANCEIROS I SA;Oferta Pública;Duplicata;Produto Encerrado
Sirius Unitoken #1;Unitoken;21/03/2025;-120;R$ 0,00;R$ 0,02;R$ 0,00;R$ 0,00;R$ 0,00;;R$ 0,00;R$ 0,00;;;;0,0%;;"";;Sirius Securitizadora S.A;AMFI COMPANHIA SECURITIZADORA DE CREDITOS FINANCEIROS I SA;Oferta Pública;Duplicata;Produto Encerrado
Syntheo Unitoken #51;Unitoken;21/03/2025;-120;R$ 0,00;R$ 3,30;R$ 0,00;R$ 0,00;R$ 0,00;;R$ 0,00;R$ 0,00;;;;0,0%;;"";;SYNTHÉO SECURITIZADORA DE CRÉDITOS S.A.;AMFI COMPANHIA SECURITIZADORA DE CREDITOS FINANCEIROS I SA;Oferta Pública;Duplicata;Produto Encerrado
Click Antecipa Unitoken #88;Unitoken;21/03/2025;-120;R$ 0,00;R$ 0,86;R$ 0,00;R$ 0,00;R$ 0,00;;R$ 0,00;R$ 0,00;;;;0,0%;;"";;CLICK SECURITIZADORA S.A.;AMFI COMPANHIA SECURITIZADORA DE CREDITOS FINANCEIROS I SA;Oferta Pública;Duplicata;Produto Encerrado
Baru Unitoken #1;Unitoken;21/03/2025;-120;R$ 0,00;R$ 0,00;R$ 0,00;R$ 0,00;R$ 0,00;;;R$ 0,00;;;;0,0%;;"";;GRIFFIN CAPITAL S.A. SECURITIZADORA;AMFI COMPANHIA SECURITIZADORA DE CREDITOS FINANCEIROS I SA;Oferta Pública;Duplicata;Produto Encerrado
Conecta Lá Unitoken #21;Unitoken;24/03/2025;-117;R$ 0,00;R$ 0,00;R$ 0,00;R$ 0,00;R$ 0,00;;;R$ 0,00;;;;0,0%;;"";;FULL NINE DIGITAL CONSULTORIA S.A.;AMFI COMPANHIA SECURITIZADORA DE CREDITOS FINANCEIROS I SA;;Duplicata;
Conecta Lá Unitoken #95;Unitoken;24/03/2025;-117;R$ 0,00;R$ 0,00;R$ 0,00;R$ 0,00;R$ 0,00;;;R$ 0,00;;;;0,0%;;"";;FULL NINE DIGITAL CONSULTORIA S.A.;AMFI COMPANHIA SECURITIZADORA DE CREDITOS FINANCEIROS I SA;Oferta Pública;Duplicata;Produto Encerrado
Formento Unitoken #51;Unitoken;24/03/2025;-117;R$ 0,00;R$ 0,00;R$ 0,00;R$ 0,00;R$ 0,00;;;R$ 0,00;;;;0,0%;;"";;Formento Securitizadora S.A.;AMFI COMPANHIA SECURITIZADORA DE CREDITOS FINANCEIROS I SA;Oferta Pública;Duplicata;Produto Encerrado
Syntheo Unitoken #48;Unitoken;24/03/2025;-117;R$ 0,00;R$ 27,69;R$ 0,00;R$ 0,00;R$ 0,00;;R$ 0,00;R$ 0,00;;;;0,0%;;"";;SYNTHÉO SECURITIZADORA DE CRÉDITOS S.A.;AMFI COMPANHIA SECURITIZADORA DE CREDITOS FINANCEIROS I SA;Oferta Pública;Duplicata;Produto Encerrado
Syntheo Unitoken #63;Unitoken;25/03/2025;-116;R$ 0,00;R$ 0,01;R$ 0,00;R$ 0,00;R$ 0,00;;R$ 0,00;R$ 0,00;;;;0,0%;;"";;SYNTHÉO SECURITIZADORA DE CRÉDITOS S.A.;AMFI COMPANHIA SECURITIZADORA DE CREDITOS FINANCEIROS I SA;Oferta Pública;Duplicata;Produto Encerrado
Conecta Lá Unitoken #74;Unitoken;25/03/2025;-116;R$ 0,00;R$ 14,82;R$ 0,00;R$ 0,00;R$ 0,00;;R$ 0,00;R$ 0,00;;;;0,0%;;"";;FULL NINE DIGITAL CONSULTORIA S.A.;AMFI COMPANHIA SECURITIZADORA DE CREDITOS FINANCEIROS I SA;Oferta Pública;Duplicata;Produto Encerrado
Chronos Unitoken #1;Unitoken;25/03/2025;-116;R$ 0,00;R$ 0,00;R$ 0,00;R$ 0,00;R$ 0,00;;;R$ 0,00;;;;0,0%;;"";;CHRONOS SECURITIZADORA S/A;AMFI COMPANHIA SECURITIZADORA DE CREDITOS FINANCEIROS I SA;Oferta Pública;Duplicata;Produto Encerrado
Click Antecipa Unitoken #74;Unitoken;26/03/2025;-115;R$ 0,00;R$ 2,73;R$ 0,00;R$ 0,00;R$ 0,00;;R$ 0,00;R$ 0,00;;;;0,0%;;"";;CLICK SECURITIZADORA S.A.;AMFI COMPANHIA SECURITIZADORA DE CREDITOS FINANCEIROS I SA;Oferta Pública;Duplicata;Produto Encerrado
Click Antecipa Unitoken #91;Unitoken;26/03/2025;-115;R$ 0,00;R$ 0,00;R$ 0,00;R$ 0,00;R$ 0,00;;;R$ 0,00;;;;0,0%;;"";;CLICK SECURITIZADORA S.A.;AMFI COMPANHIA SECURITIZADORA DE CREDITOS FINANCEIROS I SA;Oferta Pública;Duplicata;Produto Encerrado
DS Unitoken #45;Unitoken;27/03/2025;-114;R$ 78.000,00;R$ 83.842,85;R$ 0,00;R$ 78.000,00;R$ 0,00;;R$ 0,93;R$ 0,00;;;100,0%;0,0%;1,5%;"";;DS SECURITIZADORA S/A;AMFI COMPANHIA SECURITIZADORA DE CREDITOS FINANCEIROS I SA;Oferta Pública;Duplicata;Captação finalizada
Sirius Unitoken #4;Unitoken;28/03/2025;-113;R$ 0,00;R$ 9,69;R$ 0,00;R$ 0,00;R$ 0,00;;R$ 0,00;R$ 0,00;;;;0,0%;;"";;Sirius Securitizadora S.A;AMFI COMPANHIA SECURITIZADORA DE CREDITOS FINANCEIROS I SA;Oferta Pública;Duplicata;Produto Encerrado
Lebasq Unitoken #34;Unitoken;28/03/2025;-113;R$ 0,00;R$ 5,36;R$ 0,00;R$ 0,00;R$ 0,00;;R$ 0,00;R$ 0,00;;;;0,0%;;"";;LEBASQ SECURITIZAÇÃO DE CRÉDITOS SA;AMFI COMPANHIA SECURITIZADORA DE CREDITOS FINANCEIROS I SA;Oferta Pública;Duplicata;Produto Encerrado
Sirius Unitoken #2;Unitoken;28/03/2025;-113;R$ 0,00;R$ 9,93;R$ 0,00;R$ 0,00;R$ 0,00;;R$ 0,00;R$ 0,00;;;;0,0%;;"";;Sirius Securitizadora S.A;AMFI COMPANHIA SECURITIZADORA DE CREDITOS FINANCEIROS I SA;Oferta Pública;Duplicata;Produto Encerrado
OUB CAPITAL Unitoken #2;Unitoken;29/03/2025;-112;R$ 0,00;R$ 43,26;R$ 0,00;R$ 0,00;R$ 0,00;;R$ 0,00;R$ 0,00;;;;0,0%;;"";;OUB CAPITAL SA;AMFI COMPANHIA SECURITIZADORA DE CREDITOS FINANCEIROS I SA;Oferta Pública;Duplicata;Produto Encerrado
Click Antecipa Unitoken #76;Unitoken;29/03/2025;-112;R$ 0,00;R$ 11,88;R$ 0,00;R$ 0,00;R$ 0,00;;R$ 0,00;R$ 0,00;;;;0,0%;;"";;CLICK SECURITIZADORA S.A.;AMFI COMPANHIA SECURITIZADORA DE CREDITOS FINANCEIROS I SA;Oferta Pública;Duplicata;Produto Encerrado
Formento Unitoken #48;Unitoken;31/03/2025;-110;R$ 0,00;R$ 43,49;R$ 0,00;R$ 0,00;R$ 0,00;;R$ 0,00;R$ 0,00;;;;0,0%;;"";;Formento Securitizadora S.A.;AMFI COMPANHIA SECURITIZADORA DE CREDITOS FINANCEIROS I SA;Oferta Pública;Duplicata;Produto Encerrado
C4 Unitoken #42;Unitoken;31/03/2025;-110;R$ 0,00;R$ 0,00;R$ 0,00;R$ 0,00;R$ 0,00;;;R$ 0,00;;;;0,0%;;"";;C4 CAPITAL SECURITIZADORA S/A;AMFI COMPANHIA SECURITIZADORA DE CREDITOS FINANCEIROS I SA;Oferta Pública;Duplicata;Produto Encerrado
Syntheo Unitoken #47;Unitoken;31/03/2025;-110;R$ 0,00;R$ 0,00;R$ 0,00;R$ 0,00;R$ 0,00;;;R$ 0,00;;;;0,0%;;"";;SYNTHÉO SECURITIZADORA DE CRÉDITOS S.A.;AMFI COMPANHIA SECURITIZADORA DE CREDITOS FINANCEIROS I SA;Oferta Pública;Duplicata;Produto Encerrado
Formento Unitoken #50;Unitoken;01/04/2025;-109;R$ 0,00;R$ 0,53;R$ 0,00;R$ 0,00;R$ 0,00;;R$ 0,00;R$ 0,00;;;;0,0%;;"";;Formento Securitizadora S.A.;AMFI COMPANHIA SECURITIZADORA DE CREDITOS FINANCEIROS I SA;Oferta Pública;Duplicata;Produto Encerrado
Syntheo Unitoken #46;Unitoken;01/04/2025;-109;R$ 0,00;R$ 3,95;R$ 0,00;R$ 0,00;R$ 0,00;;R$ 0,00;R$ 0,00;;;;0,0%;;"";;SYNTHÉO SECURITIZADORA DE CRÉDITOS S.A.;AMFI COMPANHIA SECURITIZADORA DE CREDITOS FINANCEIROS I SA;Oferta Pública;Duplicata;Produto Encerrado
Chronos Unitoken #2;Unitoken;01/04/2025;-109;R$ 0,00;R$ 0,00;R$ 0,00;R$ 0,00;R$ 0,00;;;R$ 0,00;;;;0,0%;;"";;CHRONOS SECURITIZADORA S/A;AMFI COMPANHIA SECURITIZADORA DE CREDITOS FINANCEIROS I SA;Oferta Pública;Duplicata;Produto Encerrado
Baru Unitoken #5;Unitoken;01/04/2025;-109;R$ 0,00;R$ 0,00;R$ 0,00;R$ 0,00;R$ 0,00;;;R$ 0,00;;;;0,0%;;"";;GRIFFIN CAPITAL S.A. SECURITIZADORA;AMFI COMPANHIA SECURITIZADORA DE CREDITOS FINANCEIROS I SA;Oferta Pública;Duplicata;Produto Encerrado
Learnbase Unitoken #41;Unitoken;01/04/2025;-109;R$ 0,00;R$ 0,00;R$ 0,00;R$ 0,00;R$ 0,00;;;R$ 0,00;;;;0,0%;;"";;Learnbase Gestão e Consultoria Educacional S.A.;AMFI COMPANHIA SECURITIZADORA DE CREDITOS FINANCEIROS I SA;Oferta Pública;Duplicata;Produto Encerrado
Dinie Pool #1;Pool;01/04/2025;-109;R$ 0,02;R$ 0,01;R$ 0,01;R$ 0,00;R$ 0,02;R$ 0,00;R$ 0,00;R$ 0,00;100,0%;20,0%;;0,0%;;Prazo máximo por ativo (dias), Concentração máx por sacado;;DINIE CORRESPONDENTE BANCÁRIO E MEIOS DE PAGAMENTOS LTDA;AMFI COMPANHIA SECURITIZADORA DE CREDITOS FINANCEIROS I SA;Oferta Pública;CCB;Produto Encerrado
Chronos Unitoken #3;Unitoken;01/04/2025;-109;R$ 0,00;R$ 0,00;R$ 0,00;R$ 0,00;R$ 0,00;;;R$ 0,00;;;;0,0%;;"";;CHRONOS SECURITIZADORA S/A;AMFI COMPANHIA SECURITIZADORA DE CREDITOS FINANCEIROS I SA;Oferta Pública;Duplicata;Produto Encerrado
Syntheo Unitoken #49;Unitoken;02/04/2025;-108;R$ 0,00;R$ 6,53;R$ 0,00;R$ 0,00;R$ 0,00;;R$ 0,00;R$ 0,00;;;;0,0%;;"";;SYNTHÉO SECURITIZADORA DE CRÉDITOS S.A.;AMFI COMPANHIA SECURITIZADORA DE CREDITOS FINANCEIROS I SA;Oferta Pública;Duplicata;Produto Encerrado
OUB CAPITAL Unitoken #4;Unitoken;02/04/2025;-108;R$ 0,00;R$ 12,03;R$ 0,00;R$ 0,00;R$ 0,00;;R$ 0,00;R$ 0,00;;;;0,0%;;"";;OUB CAPITAL SA;AMFI COMPANHIA SECURITIZADORA DE CREDITOS FINANCEIROS I SA;Oferta Pública;Duplicata;Produto Encerrado
Click Antecipa Unitoken #95;Unitoken;03/04/2025;-107;R$ 0,00;R$ 0,00;R$ 0,00;R$ 0,00;R$ 0,00;;;R$ 0,00;;;;0,0%;;"";;CLICK SECURITIZADORA S.A.;AMFI COMPANHIA SECURITIZADORA DE CREDITOS FINANCEIROS I SA;Oferta Pública;Duplicata;Produto Encerrado
Conecta Lá Unitoken #99;Unitoken;04/04/2025;-106;R$ 0,00;R$ 0,00;R$ 0,00;R$ 0,00;R$ 0,00;;;R$ 0,00;;;;0,0%;;"";;FULL NINE DIGITAL CONSULTORIA S.A.;AMFI COMPANHIA SECURITIZADORA DE CREDITOS FINANCEIROS I SA;Oferta Pública;Duplicata;Produto Encerrado
OUB CAPITAL Unitoken #8;Unitoken;04/04/2025;-106;R$ 0,00;R$ 20,79;R$ 0,00;R$ 0,00;R$ 0,00;;R$ 0,00;R$ 0,00;;;;0,0%;;"";;OUB CAPITAL SA;AMFI COMPANHIA SECURITIZADORA DE CREDITOS FINANCEIROS I SA;Oferta Pública;Duplicata;Produto Encerrado
Descontanet Unitoken #3;Unitoken;04/04/2025;-106;R$ 0,00;R$ 0,00;R$ 0,00;R$ 0,00;R$ 0,00;;;R$ 0,00;;;;0,0%;;"";;DESCONTANET SECURITIZADORA S.A.;AMFI COMPANHIA SECURITIZADORA DE CREDITOS FINANCEIROS I SA;Oferta Pública;Duplicata;Produto Encerrado
Syntheo Unitoken #50;Unitoken;04/04/2025;-106;R$ 0,00;R$ 1,52;R$ 0,00;R$ 0,00;R$ 0,00;;R$ 0,00;R$ 0,00;;;;0,0%;;"";;SYNTHÉO SECURITIZADORA DE CRÉDITOS S.A.;AMFI COMPANHIA SECURITIZADORA DE CREDITOS FINANCEIROS I SA;Oferta Pública;Duplicata;Produto Encerrado
Conecta Lá Unitoken #98;Unitoken;04/04/2025;-106;R$ 0,00;R$ 0,00;R$ 0,00;R$ 0,00;R$ 0,00;;;R$ 0,00;;;;0,0%;;"";;FULL NINE DIGITAL CONSULTORIA S.A.;AMFI COMPANHIA SECURITIZADORA DE CREDITOS FINANCEIROS I SA;Oferta Pública;Duplicata;Produto Encerrado
Conecta Lá Unitoken #96;Unitoken;07/04/2025;-103;R$ 0,00;R$ 0,00;R$ 0,00;R$ 0,00;R$ 0,00;;;R$ 0,00;;;;0,0%;;"";;FULL NINE DIGITAL CONSULTORIA S.A.;AMFI COMPANHIA SECURITIZADORA DE CREDITOS FINANCEIROS I SA;Oferta Pública;Duplicata;Produto Encerrado
Conecta Lá Unitoken #101;Unitoken;07/04/2025;-103;R$ 0,00;R$ 0,08;R$ 0,00;R$ 0,00;R$ 0,00;;R$ 0,00;R$ 0,00;;;;0,0%;;"";;FULL NINE DIGITAL CONSULTORIA S.A.;AMFI COMPANHIA SECURITIZADORA DE CREDITOS FINANCEIROS I SA;Oferta Pública;Duplicata;Produto Encerrado
Conecta Lá Unitoken #93;Unitoken;07/04/2025;-103;R$ 0,00;R$ 0,09;R$ 0,00;R$ 0,00;R$ 0,00;;R$ 0,00;R$ 0,00;;;;0,0%;;"";;FULL NINE DIGITAL CONSULTORIA S.A.;AMFI COMPANHIA SECURITIZADORA DE CREDITOS FINANCEIROS I SA;Oferta Pública;Duplicata;Produto Encerrado
Conecta Lá Unitoken #91;Unitoken;07/04/2025;-103;R$ 0,00;R$ 0,04;R$ 0,00;R$ 0,00;R$ 0,00;;R$ 0,00;R$ 0,00;;;;0,0%;;"";;FULL NINE DIGITAL CONSULTORIA S.A.;AMFI COMPANHIA SECURITIZADORA DE CREDITOS FINANCEIROS I SA;Oferta Pública;Duplicata;Produto Encerrado
Click Antecipa Unitoken #80;Unitoken;07/04/2025;-103;R$ 0,00;R$ 16,12;R$ 0,00;R$ 0,00;R$ 0,00;;R$ 0,00;R$ 0,00;;;;0,0%;;"";;CLICK SECURITIZADORA S.A.;AMFI COMPANHIA SECURITIZADORA DE CREDITOS FINANCEIROS I SA;Oferta Pública;Duplicata;Produto Encerrado
Descontanet Unitoken #4;Unitoken;07/04/2025;-103;R$ 0,00;R$ 178,73;R$ 0,00;R$ 0,00;R$ 0,00;;R$ 0,00;R$ 0,00;;;;0,0%;;"";;DESCONTANET SECURITIZADORA S.A.;AMFI COMPANHIA SECURITIZADORA DE CREDITOS FINANCEIROS I SA;Oferta Pública;Duplicata;Produto Encerrado
Formento Unitoken #52;Unitoken;08/04/2025;-102;R$ 0,00;R$ 34,21;R$ 0,00;R$ 0,00;R$ 0,00;;R$ 0,00;R$ 0,00;;;;0,0%;;"";;Formento Securitizadora S.A.;AMFI COMPANHIA SECURITIZADORA DE CREDITOS FINANCEIROS I SA;Oferta Pública;Duplicata;Produto Encerrado
Syntheo Unitoken #56;Unitoken;08/04/2025;-102;R$ 0,00;R$ 1,49;R$ 0,00;R$ 0,00;R$ 0,00;;R$ 0,00;R$ 0,00;;;;0,0%;;"";;SYNTHÉO SECURITIZADORA DE CRÉDITOS S.A.;AMFI COMPANHIA SECURITIZADORA DE CREDITOS FINANCEIROS I SA;Oferta Pública;Duplicata;Produto Encerrado
Syntheo Unitoken #54;Unitoken;08/04/2025;-102;R$ 0,00;R$ 13,52;R$ 0,00;R$ 0,00;R$ 0,00;;R$ 0,00;R$ 0,00;;;;0,0%;;"";;SYNTHÉO SECURITIZADORA DE CRÉDITOS S.A.;AMFI COMPANHIA SECURITIZADORA DE CREDITOS FINANCEIROS I SA;Oferta Pública;Duplicata;Produto Encerrado
Formento Unitoken #45;Unitoken;08/04/2025;-102;R$ 0,00;R$ 39,25;R$ 0,00;R$ 0,00;R$ 0,00;;R$ 0,00;R$ 0,00;;;;0,0%;;"";;Formento Securitizadora S.A.;AMFI COMPANHIA SECURITIZADORA DE CREDITOS FINANCEIROS I SA;Oferta Pública;Duplicata;Produto Encerrado
Syntheo Unitoken #52;Unitoken;08/04/2025;-102;R$ 0,00;R$ 7,09;R$ 0,00;R$ 0,00;R$ 0,00;;R$ 0,00;R$ 0,00;;;;0,0%;;"";;SYNTHÉO SECURITIZADORA DE CRÉDITOS S.A.;AMFI COMPANHIA SECURITIZADORA DE CREDITOS FINANCEIROS I SA;Oferta Pública;Duplicata;Produto Encerrado
a55 payments Unitoken #1;Unitoken;09/04/2025;-101;R$ 0,00;R$ 0,00;R$ 0,00;R$ 0,00;R$ 0,00;;;R$ 0,00;;;;0,0%;;"";;A55 PAYMENTS LTDA;AMFI COMPANHIA SECURITIZADORA DE CREDITOS FINANCEIROS I SA;Oferta Pública;Recebível de Cartão;Produto Encerrado
Syntheo Unitoken #53;Unitoken;09/04/2025;-101;R$ 0,00;R$ 0,04;R$ 0,00;R$ 0,00;R$ 0,00;;R$ 0,00;R$ 0,00;;;;0,0%;;"";;SYNTHÉO SECURITIZADORA DE CRÉDITOS S.A.;AMFI COMPANHIA SECURITIZADORA DE CREDITOS FINANCEIROS I SA;Oferta Pública;Duplicata;Produto Encerrado
Syntheo Unitoken #60;Unitoken;09/04/2025;-101;R$ 0,00;R$ 0,00;R$ 0,00;R$ 0,00;R$ 0,00;;;R$ 0,00;;;;0,0%;;"";;SYNTHÉO SECURITIZADORA DE CRÉDITOS S.A.;AMFI COMPANHIA SECURITIZADORA DE CREDITOS FINANCEIROS I SA;Oferta Pública;Duplicata;Produto Encerrado
Conecta Lá Unitoken #100;Unitoken;10/04/2025;-100;R$ 0,00;R$ 0,00;R$ 0,00;R$ 0,00;R$ 0,00;;;R$ 0,00;;;;0,0%;;"";;FULL NINE DIGITAL CONSULTORIA S.A.;AMFI COMPANHIA SECURITIZADORA DE CREDITOS FINANCEIROS I SA;Oferta Pública;Duplicata;Produto Encerrado
Conecta Lá Unitoken #105;Unitoken;10/04/2025;-100;R$ 0,00;R$ 0,00;R$ 0,00;R$ 0,00;R$ 0,00;;;R$ 0,00;;;;0,0%;;"";;FULL NINE DIGITAL CONSULTORIA S.A.;AMFI COMPANHIA SECURITIZADORA DE CREDITOS FINANCEIROS I SA;Oferta Pública;Duplicata;Produto Encerrado
Grana.ai Unitoken #1;Unitoken;10/04/2025;-100;R$ 0,00;R$ 37,26;R$ 0,00;R$ 0,00;R$ 0,00;;R$ 0,00;R$ 0,00;;;;0,0%;;"";;GRANA.AI TECNOLOGIA LTDA;AMFI COMPANHIA SECURITIZADORA DE CREDITOS FINANCEIROS I SA;Oferta Pública;Recebível de Cartão;Produto Encerrado
Sirius Unitoken #3;Unitoken;11/04/2025;-99;R$ 0,00;R$ 0,00;R$ 0,00;R$ 0,00;R$ 0,00;;;R$ 0,00;;;;0,0%;;"";;Sirius Securitizadora S.A;AMFI COMPANHIA SECURITIZADORA DE CREDITOS FINANCEIROS I SA;Oferta Pública;Duplicata;Produto Encerrado
Lebasq Unitoken #23;Unitoken;13/04/2025;-97;R$ 0,00;R$ 1,83;R$ 0,00;R$ 0,00;R$ 0,00;;R$ 0,00;R$ 0,00;;;;0,0%;;"";;LEBASQ SECURITIZAÇÃO DE CRÉDITOS SA;AMFI COMPANHIA SECURITIZADORA DE CREDITOS FINANCEIROS I SA;Oferta Pública;Duplicata;Produto Encerrado
Formento Unitoken #62;Unitoken;14/04/2025;-96;R$ 0,00;R$ 0,00;R$ 0,00;R$ 0,00;R$ 0,00;;;R$ 0,00;;;;0,0%;;"";;Formento Securitizadora S.A.;AMFI COMPANHIA SECURITIZADORA DE CREDITOS FINANCEIROS I SA;Oferta Pública;Duplicata;Produto Encerrado
Fintrust  Unitoken #2;Unitoken;14/04/2025;-96;R$ 0,00;R$ 18,69;R$ 0,00;R$ 0,00;R$ 0,00;;R$ 0,00;R$ 0,00;;;;0,0%;;"";;Fintrust Securitizadora;AMFI COMPANHIA SECURITIZADORA DE CREDITOS FINANCEIROS I SA;Oferta Pública;Duplicata;Produto Encerrado
Syntheo Unitoken #55;Unitoken;14/04/2025;-96;R$ 0,00;R$ 6,75;R$ 0,00;R$ 0,00;R$ 0,00;;R$ 0,00;R$ 0,00;;;;0,0%;;"";;SYNTHÉO SECURITIZADORA DE CRÉDITOS S.A.;AMFI COMPANHIA SECURITIZADORA DE CREDITOS FINANCEIROS I SA;Oferta Pública;Duplicata;Produto Encerrado
Conecta Lá Unitoken #90;Unitoken;15/04/2025;-95;R$ 0,00;R$ 0,00;R$ 0,00;R$ 0,00;R$ 0,00;;;R$ 0,00;;;;0,0%;;"";;FULL NINE DIGITAL CONSULTORIA S.A.;AMFI COMPANHIA SECURITIZADORA DE CREDITOS FINANCEIROS I SA;Oferta Pública;Duplicata;Produto Encerrado
Faighus Unitoken #9;Unitoken;15/04/2025;-95;R$ 0,00;R$ 0,04;R$ 0,00;R$ 0,00;R$ 0,00;;R$ 0,00;R$ 0,00;;;;0,0%;;"";;FAIGHUS SECURITIZADORA S.A.;AMFI COMPANHIA SECURITIZADORA DE CREDITOS FINANCEIROS I SA;Oferta Pública;Duplicata;Produto Encerrado
Conecta Lá Unitoken #102;Unitoken;15/04/2025;-95;R$ 0,00;R$ 0,00;R$ 0,00;R$ 0,00;R$ 0,00;;;R$ 0,00;;;;0,0%;;"";;FULL NINE DIGITAL CONSULTORIA S.A.;AMFI COMPANHIA SECURITIZADORA DE CREDITOS FINANCEIROS I SA;Oferta Pública;Duplicata;Produto Encerrado
Formento Unitoken #53;Unitoken;16/04/2025;-94;R$ 0,00;R$ 29,59;R$ 0,00;R$ 0,00;R$ 0,00;;R$ 0,00;R$ 0,00;;;;0,0%;;"";;Formento Securitizadora S.A.;AMFI COMPANHIA SECURITIZADORA DE CREDITOS FINANCEIROS I SA;Oferta Pública;Duplicata;Produto Encerrado
AFA CONSULTORIA DE CREDITO Unitoken #36;Unitoken;16/04/2025;-94;R$ 0,00;R$ 54,37;R$ 0,00;R$ 0,00;R$ 0,00;;R$ 0,00;R$ 0,00;;;;0,0%;;"";;AFA CONSULTORIA DE CREDITO UNIPESSOAL LTDA;AMFI COMPANHIA SECURITIZADORA DE CREDITOS FINANCEIROS I SA;Oferta Pública;Duplicata;Produto Encerrado
BRL Unitoken #1;Unitoken;16/04/2025;-94;R$ 0,00;R$ 0,00;R$ 0,00;R$ 0,00;R$ 0,00;;;R$ 0,00;;;;0,0%;;"";;BRL SECURITIZADORA S.A;AMFI COMPANHIA SECURITIZADORA DE CREDITOS FINANCEIROS I SA;Oferta Pública;Duplicata;Produto Encerrado
Click Antecipa Unitoken #90;Unitoken;17/04/2025;-93;R$ 0,00;R$ 0,04;R$ 0,00;R$ 0,00;R$ 0,00;;R$ 0,00;R$ 0,00;;;;0,0%;;"";;CLICK SECURITIZADORA S.A.;AMFI COMPANHIA SECURITIZADORA DE CREDITOS FINANCEIROS I SA;Oferta Pública;Duplicata;Produto Encerrado
Syntheo Unitoken #58;Unitoken;17/04/2025;-93;R$ 0,00;R$ 0,00;R$ 0,00;R$ 0,00;R$ 0,00;;;R$ 0,00;;;;0,0%;;"";;SYNTHÉO SECURITIZADORA DE CRÉDITOS S.A.;AMFI COMPANHIA SECURITIZADORA DE CREDITOS FINANCEIROS I SA;Oferta Pública;Duplicata;Produto Encerrado
Plin Pool #1;Pool;19/04/2025;-91;R$ 0,00;;;R$ 0,00;;R$ 30.000,00;;R$ 0,00;;20,0%;;0,0%;;"";;GARANTIZA SOLUCOES FINANCEIRAS LTDA;AMFI REPRESENTAÇÃO OPERACIONAL LTDA;Oferta Pública;Duplicata;Pré-captação
Lebasq Unitoken #24 [Cancelado];Unitoken;21/04/2025;-89;R$ 0,00;;;R$ 0,00;;;;R$ 0,00;;;;0,0%;;"";;LEBASQ SECURITIZAÇÃO DE CRÉDITOS SA;AMFI COMPANHIA SECURITIZADORA DE CREDITOS FINANCEIROS I SA;Oferta Pública;Duplicata;Produto Encerrado
Lebasq Unitoken #25;Unitoken;21/04/2025;-89;R$ 0,00;R$ 2,45;R$ 0,00;R$ 0,00;R$ 0,00;;R$ 0,00;R$ 0,00;;;;0,0%;;"";;LEBASQ SECURITIZAÇÃO DE CRÉDITOS SA;AMFI COMPANHIA SECURITIZADORA DE CREDITOS FINANCEIROS I SA;Oferta Pública;Duplicata;Produto Encerrado
Fintrust  Unitoken #4;Unitoken;22/04/2025;-88;R$ 0,00;R$ 0,00;R$ 0,00;R$ 0,00;R$ 0,00;;;R$ 0,00;;;;0,0%;;"";;Fintrust Securitizadora;AMFI COMPANHIA SECURITIZADORA DE CREDITOS FINANCEIROS I SA;Oferta Pública;Duplicata;Produto Encerrado
Conecta Lá Unitoken #118;Unitoken;22/04/2025;-88;R$ 0,00;R$ 0,00;R$ 0,00;R$ 0,00;R$ 0,00;;;R$ 0,00;;;;0,0%;;"";;FULL NINE DIGITAL CONSULTORIA S.A.;AMFI COMPANHIA SECURITIZADORA DE CREDITOS FINANCEIROS I SA;Oferta Pública;Duplicata;Produto Encerrado
Conecta Lá Unitoken #88;Unitoken;22/04/2025;-88;R$ 0,00;R$ 0,00;R$ 0,00;R$ 0,00;R$ 0,00;;;R$ 0,00;;;;0,0%;;"";;FULL NINE DIGITAL CONSULTORIA S.A.;AMFI COMPANHIA SECURITIZADORA DE CREDITOS FINANCEIROS I SA;Oferta Pública;Duplicata;Produto Encerrado
Click Antecipa Unitoken #85;Unitoken;22/04/2025;-88;R$ 0,00;R$ 0,18;R$ 0,00;R$ 0,00;R$ 0,00;;R$ 0,00;R$ 0,00;;;;0,0%;;"";;CLICK SECURITIZADORA S.A.;AMFI COMPANHIA SECURITIZADORA DE CREDITOS FINANCEIROS I SA;Oferta Pública;Duplicata;Produto Encerrado
Syntheo Unitoken #57;Unitoken;22/04/2025;-88;R$ 0,00;R$ 0,00;R$ 0,00;R$ 0,00;R$ 0,00;;;R$ 0,00;;;;0,0%;;"";;SYNTHÉO SECURITIZADORA DE CRÉDITOS S.A.;AMFI COMPANHIA SECURITIZADORA DE CREDITOS FINANCEIROS I SA;Oferta Pública;Duplicata;Produto Encerrado
Formento Unitoken #76;Unitoken;22/04/2025;-88;R$ 0,00;R$ 45,92;R$ 0,00;R$ 0,00;R$ 0,00;;R$ 0,00;R$ 0,00;;;;0,0%;;"";;Formento Securitizadora S.A.;AMFI COMPANHIA SECURITIZADORA DE CREDITOS FINANCEIROS I SA;Oferta Pública;Duplicata;Produto Encerrado
Conecta Lá Unitoken #120;Unitoken;22/04/2025;-88;R$ 0,00;R$ 0,00;R$ 0,00;R$ 0,00;R$ 0,00;;;R$ 0,00;;;;0,0%;;"";;FULL NINE DIGITAL CONSULTORIA S.A.;AMFI COMPANHIA SECURITIZADORA DE CREDITOS FINANCEIROS I SA;Oferta Pública;Duplicata;Produto Encerrado
Formento Unitoken #70;Unitoken;22/04/2025;-88;R$ 0,00;R$ 8,94;R$ 0,00;R$ 0,00;R$ 0,00;;R$ 0,00;R$ 0,00;;;;0,0%;;"";;Formento Securitizadora S.A.;AMFI COMPANHIA SECURITIZADORA DE CREDITOS FINANCEIROS I SA;Oferta Pública;Duplicata;Produto Encerrado
Fintrust  Unitoken #1;Unitoken;22/04/2025;-88;R$ 0,00;R$ 13,93;R$ 0,00;R$ 0,00;R$ 0,00;;R$ 0,00;R$ 0,00;;;;0,0%;;"";;Fintrust Securitizadora;AMFI COMPANHIA SECURITIZADORA DE CREDITOS FINANCEIROS I SA;Oferta Pública;Duplicata;Produto Encerrado
Grana.ai Unitoken #2;Unitoken;22/04/2025;-88;R$ 0,34;R$ 8,65;R$ 0,00;R$ 0,00;R$ 0,00;;R$ 0,00;R$ 0,00;;;;0,0%;;"";;GRANA.AI TECNOLOGIA LTDA;AMFI COMPANHIA SECURITIZADORA DE CREDITOS FINANCEIROS I SA;Oferta Pública;Recebível de Cartão;Produto Encerrado
Conecta Lá Unitoken #126;Unitoken;22/04/2025;-88;R$ 0,00;R$ 16,27;R$ 0,00;R$ 0,00;R$ 0,00;;R$ 0,00;R$ 0,00;;;;0,0%;;"";;FULL NINE DIGITAL CONSULTORIA S.A.;AMFI COMPANHIA SECURITIZADORA DE CREDITOS FINANCEIROS I SA;Oferta Pública;Duplicata;Produto Encerrado
Click Antecipa Unitoken #96;Unitoken;22/04/2025;-88;R$ 0,00;R$ 5,94;R$ 0,00;R$ 0,00;R$ 0,00;;R$ 0,00;R$ 0,00;;;;0,0%;;"";;CLICK SECURITIZADORA S.A.;AMFI COMPANHIA SECURITIZADORA DE CREDITOS FINANCEIROS I SA;Oferta Pública;Duplicata;Produto Encerrado
Lebasq Unitoken #22;Unitoken;23/04/2025;-87;R$ 0,00;R$ 18,63;R$ 0,00;R$ 0,00;R$ 0,00;;R$ 0,00;R$ 0,00;;;;0,0%;;"";;LEBASQ SECURITIZAÇÃO DE CRÉDITOS SA;AMFI COMPANHIA SECURITIZADORA DE CREDITOS FINANCEIROS I SA;Oferta Pública;Duplicata;Produto Encerrado
Valorem Unitoken #38;Unitoken;23/04/2025;-87;R$ 0,00;R$ 0,00;R$ 0,00;R$ 0,00;R$ 0,00;;;R$ 0,00;;;;0,0%;;"";;Valorem Soluções Financeiras S.A;AMFI COMPANHIA SECURITIZADORA DE CREDITOS FINANCEIROS I SA;Oferta Pública;Duplicata;Produto Encerrado
Faighus Unitoken #10;Unitoken;23/04/2025;-87;R$ 0,00;R$ 0,06;R$ 0,00;R$ 0,00;R$ 0,00;;R$ 0,00;R$ 0,00;;;;0,0%;;"";;FAIGHUS SECURITIZADORA S.A.;AMFI COMPANHIA SECURITIZADORA DE CREDITOS FINANCEIROS I SA;Oferta Pública;Duplicata;Produto Encerrado
Valorem Unitoken #37;Unitoken;23/04/2025;-87;R$ 0,00;R$ 0,00;R$ 0,00;R$ 0,00;R$ 0,00;;;R$ 0,00;;;;0,0%;;"";;Valorem Soluções Financeiras S.A;AMFI COMPANHIA SECURITIZADORA DE CREDITOS FINANCEIROS I SA;Oferta Pública;Duplicata;Produto Encerrado
Fintrust  Unitoken #3;Unitoken;23/04/2025;-87;R$ 0,00;R$ 4,58;R$ 0,00;R$ 0,00;R$ 0,00;;R$ 0,00;R$ 0,00;;;;0,0%;;"";;Fintrust Securitizadora;AMFI COMPANHIA SECURITIZADORA DE CREDITOS FINANCEIROS I SA;Oferta Pública;Duplicata;Produto Encerrado
Baru Unitoken #2;Unitoken;24/04/2025;-86;R$ 0,00;R$ 0,00;R$ 0,00;R$ 0,00;R$ 0,00;;;R$ 0,00;;;;0,0%;;"";;GRIFFIN CAPITAL S.A. SECURITIZADORA;AMFI COMPANHIA SECURITIZADORA DE CREDITOS FINANCEIROS I SA;Oferta Pública;Duplicata;Produto Encerrado
Syntheo Unitoken #69;Unitoken;24/04/2025;-86;R$ 0,00;R$ 0,05;R$ 0,00;R$ 0,00;R$ 0,00;;R$ 0,00;R$ 0,00;;;;0,0%;;"";;SYNTHÉO SECURITIZADORA DE CRÉDITOS S.A.;AMFI COMPANHIA SECURITIZADORA DE CREDITOS FINANCEIROS I SA;Oferta Pública;Duplicata;Produto Encerrado
Conecta Lá Unitoken #125;Unitoken;24/04/2025;-86;R$ 0,00;R$ 16,86;R$ 0,00;R$ 0,00;R$ 0,00;;R$ 0,00;R$ 0,00;;;;0,0%;;"";;FULL NINE DIGITAL CONSULTORIA S.A.;AMFI COMPANHIA SECURITIZADORA DE CREDITOS FINANCEIROS I SA;Oferta Pública;Duplicata;Produto Encerrado
Conecta Lá Unitoken #24;Unitoken;24/04/2025;-86;R$ 0,00;R$ 0,00;R$ 0,00;R$ 0,00;R$ 0,00;;;R$ 0,00;;;;0,0%;;"";;FULL NINE DIGITAL CONSULTORIA S.A.;AMFI COMPANHIA SECURITIZADORA DE CREDITOS FINANCEIROS I SA;;Duplicata;
Conecta Lá Unitoken #27;Unitoken;24/04/2025;-86;R$ 0,00;R$ 0,00;R$ 0,00;R$ 0,00;R$ 0,00;;;R$ 0,00;;;;0,0%;;"";;FULL NINE DIGITAL CONSULTORIA S.A.;AMFI COMPANHIA SECURITIZADORA DE CREDITOS FINANCEIROS I SA;;Duplicata;
Baru Unitoken #3;Unitoken;24/04/2025;-86;R$ 0,00;R$ 0,00;R$ 0,00;R$ 0,00;R$ 0,00;;;R$ 0,00;;;;0,0%;;"";;GRIFFIN CAPITAL S.A. SECURITIZADORA;AMFI COMPANHIA SECURITIZADORA DE CREDITOS FINANCEIROS I SA;Oferta Pública;Duplicata;Produto Encerrado
AFA CONSULTORIA DE CREDITO Unitoken #4;Unitoken;24/04/2025;-86;R$ 0,00;R$ 63,75;R$ 0,00;R$ 0,00;R$ 0,00;;R$ 0,00;R$ 0,00;;;;0,0%;;"";;AFA CONSULTORIA DE CREDITO UNIPESSOAL LTDA;AMFI COMPANHIA SECURITIZADORA DE CREDITOS FINANCEIROS I SA;Oferta Pública;Duplicata;Produto Encerrado
Grana.ai Unitoken #3;Unitoken;24/04/2025;-86;R$ 0,00;R$ 7,50;R$ 0,00;R$ 0,00;R$ 0,00;;R$ 0,00;R$ 0,00;;;;0,0%;;"";;GRANA.AI TECNOLOGIA LTDA;AMFI COMPANHIA SECURITIZADORA DE CREDITOS FINANCEIROS I SA;Oferta Pública;Recebível de Cartão;Produto Encerrado
Syntheo Unitoken #59;Unitoken;24/04/2025;-86;R$ 0,00;R$ 0,01;R$ 0,00;R$ 0,00;R$ 0,00;;R$ 0,00;R$ 0,00;;;;0,0%;;"";;SYNTHÉO SECURITIZADORA DE CRÉDITOS S.A.;AMFI COMPANHIA SECURITIZADORA DE CREDITOS FINANCEIROS I SA;Oferta Pública;Duplicata;Produto Encerrado
Sirius Unitoken #5;Unitoken;25/04/2025;-85;R$ 0,00;R$ 0,00;R$ 0,00;R$ 0,00;R$ 0,00;;;R$ 0,00;;;;0,0%;;"";;Sirius Securitizadora S.A;AMFI COMPANHIA SECURITIZADORA DE CREDITOS FINANCEIROS I SA;Oferta Pública;Duplicata;Produto Encerrado
Formento Unitoken #55;Unitoken;25/04/2025;-85;R$ 0,00;R$ 33,65;R$ 0,00;R$ 0,00;R$ 0,00;;R$ 0,00;R$ 0,00;;;;0,0%;;"";;Formento Securitizadora S.A.;AMFI COMPANHIA SECURITIZADORA DE CREDITOS FINANCEIROS I SA;Oferta Pública;Duplicata;Produto Encerrado
Formento Unitoken #54;Unitoken;28/04/2025;-82;R$ 0,00;R$ 30,42;R$ 0,00;R$ 0,00;R$ 0,00;;R$ 0,00;R$ 0,00;;;;0,0%;;"";;Formento Securitizadora S.A.;AMFI COMPANHIA SECURITIZADORA DE CREDITOS FINANCEIROS I SA;Oferta Pública;Duplicata;Produto Encerrado
Syntheo Unitoken #62;Unitoken;28/04/2025;-82;R$ 0,00;R$ 11,21;R$ 0,00;R$ 0,00;R$ 0,00;;R$ 0,00;R$ 0,00;;;;0,0%;;"";;SYNTHÉO SECURITIZADORA DE CRÉDITOS S.A.;AMFI COMPANHIA SECURITIZADORA DE CREDITOS FINANCEIROS I SA;Oferta Pública;Duplicata;Produto Encerrado
Formento Unitoken #56;Unitoken;28/04/2025;-82;R$ 0,00;R$ 12,06;R$ 0,00;R$ 0,00;R$ 0,00;;R$ 0,00;R$ 0,00;;;;0,0%;;"";;Formento Securitizadora S.A.;AMFI COMPANHIA SECURITIZADORA DE CREDITOS FINANCEIROS I SA;Oferta Pública;Duplicata;Produto Encerrado
Conecta Lá Unitoken #110;Unitoken;28/04/2025;-82;R$ 0,00;R$ 0,00;R$ 0,00;R$ 0,00;R$ 0,00;;;R$ 0,00;;;;0,0%;;"";;FULL NINE DIGITAL CONSULTORIA S.A.;AMFI COMPANHIA SECURITIZADORA DE CREDITOS FINANCEIROS I SA;Oferta Pública;Duplicata;Produto Encerrado
Click Antecipa Unitoken #93;Unitoken;28/04/2025;-82;R$ 0,00;R$ 0,09;R$ 0,00;R$ 0,00;R$ 0,00;;R$ 0,00;R$ 0,00;;;;0,0%;;"";;CLICK SECURITIZADORA S.A.;AMFI COMPANHIA SECURITIZADORA DE CREDITOS FINANCEIROS I SA;Oferta Pública;Duplicata;Produto Encerrado
Formento Unitoken #58;Unitoken;28/04/2025;-82;R$ 0,00;R$ 21,41;R$ 0,00;R$ 0,00;R$ 0,00;;R$ 0,00;R$ 0,00;;;;0,0%;;"";;Formento Securitizadora S.A.;AMFI COMPANHIA SECURITIZADORA DE CREDITOS FINANCEIROS I SA;Oferta Pública;Duplicata;Produto Encerrado
Chronos Unitoken #4;Unitoken;29/04/2025;-81;R$ 0,00;R$ 0,00;R$ 0,00;R$ 0,00;R$ 0,00;;;R$ 0,00;;;;0,0%;;"";;CHRONOS SECURITIZADORA S/A;AMFI COMPANHIA SECURITIZADORA DE CREDITOS FINANCEIROS I SA;Oferta Pública;Duplicata;Produto Encerrado
Faighus Unitoken #13;Unitoken;29/04/2025;-81;R$ 0,00;R$ 0,02;R$ 0,00;R$ 0,00;R$ 0,00;;R$ 0,00;R$ 0,00;;;;0,0%;;"";;FAIGHUS SECURITIZADORA S.A.;AMFI COMPANHIA SECURITIZADORA DE CREDITOS FINANCEIROS I SA;Oferta Pública;Duplicata;Produto Encerrado
Syntheo Unitoken #64;Unitoken;29/04/2025;-81;R$ 0,00;R$ 0,00;R$ 0,00;R$ 0,00;R$ 0,00;;;R$ 0,00;;;;0,0%;;"";;SYNTHÉO SECURITIZADORA DE CRÉDITOS S.A.;AMFI COMPANHIA SECURITIZADORA DE CREDITOS FINANCEIROS I SA;Oferta Pública;Duplicata;Produto Encerrado
AFA CONSULTORIA DE CREDITO Unitoken #7;Unitoken;29/04/2025;-81;R$ 0,00;R$ 23,32;R$ 0,00;R$ 0,00;R$ 0,00;;R$ 0,00;R$ 0,00;;;;0,0%;;"";;AFA CONSULTORIA DE CREDITO UNIPESSOAL LTDA;AMFI COMPANHIA SECURITIZADORA DE CREDITOS FINANCEIROS I SA;Oferta Pública;Duplicata;Produto Encerrado
Faighus Unitoken #11;Unitoken;29/04/2025;-81;R$ 0,00;R$ 0,07;R$ 0,00;R$ 0,00;R$ 0,00;;R$ 0,00;R$ 0,00;;;;0,0%;;"";;FAIGHUS SECURITIZADORA S.A.;AMFI COMPANHIA SECURITIZADORA DE CREDITOS FINANCEIROS I SA;Oferta Pública;Duplicata;Produto Encerrado
Grana.ai Unitoken #4;Unitoken;29/04/2025;-81;R$ 0,00;R$ 16,73;R$ 0,00;R$ 0,00;R$ 0,00;;R$ 0,00;R$ 0,00;;;;0,0%;;"";;GRANA.AI TECNOLOGIA LTDA;AMFI COMPANHIA SECURITIZADORA DE CREDITOS FINANCEIROS I SA;Oferta Pública;Recebível de Cartão;Produto Encerrado
Syntheo Unitoken #61;Unitoken;29/04/2025;-81;R$ 0,00;R$ 5,79;R$ 0,00;R$ 0,00;R$ 0,00;;R$ 0,00;R$ 0,00;;;;0,0%;;"";;SYNTHÉO SECURITIZADORA DE CRÉDITOS S.A.;AMFI COMPANHIA SECURITIZADORA DE CREDITOS FINANCEIROS I SA;Oferta Pública;Duplicata;Produto Encerrado
Audax Capital Unitoken #11;Unitoken;30/04/2025;-80;R$ 0,00;R$ 0,00;R$ 0,00;R$ 0,00;R$ 0,00;;;R$ 0,00;;;;0,0%;;"";;AUDAX CAPITAL SECURITIZADORA S.A;AMFI COMPANHIA SECURITIZADORA DE CREDITOS FINANCEIROS I SA;Oferta Pública;Duplicata;Produto Encerrado
Formento Unitoken #57;Unitoken;30/04/2025;-80;R$ 0,00;R$ 11,68;R$ 0,00;R$ 0,00;R$ 0,00;;R$ 0,00;R$ 0,00;;;;0,0%;;"";;Formento Securitizadora S.A.;AMFI COMPANHIA SECURITIZADORA DE CREDITOS FINANCEIROS I SA;Oferta Pública;Duplicata;Produto Encerrado
Learnbase Unitoken #40;Unitoken;01/05/2025;-79;R$ 0,00;R$ 0,00;R$ 0,00;R$ 0,00;R$ 0,00;;;R$ 0,00;;;;0,0%;;"";;Learnbase Gestão e Consultoria Educacional S.A.;AMFI COMPANHIA SECURITIZADORA DE CREDITOS FINANCEIROS I SA;Oferta Pública;Duplicata;Produto Encerrado
Learnbase Unitoken #48;Unitoken;02/05/2025;-78;R$ 0,00;R$ 0,00;R$ 0,00;R$ 0,00;R$ 0,00;;;R$ 0,00;;;;0,0%;;"";;Learnbase Gestão e Consultoria Educacional S.A.;AMFI COMPANHIA SECURITIZADORA DE CREDITOS FINANCEIROS I SA;Oferta Pública;Duplicata;Produto Encerrado
Conecta Lá Unitoken #104;Unitoken;02/05/2025;-78;R$ 0,00;R$ 0,08;R$ 0,00;R$ 0,00;R$ 0,00;;R$ 0,00;R$ 0,00;;;;0,0%;;"";;FULL NINE DIGITAL CONSULTORIA S.A.;AMFI COMPANHIA SECURITIZADORA DE CREDITOS FINANCEIROS I SA;Oferta Pública;Duplicata;Produto Encerrado
Formento Unitoken #59;Unitoken;02/05/2025;-78;R$ 0,00;R$ 21,90;R$ 0,00;R$ 0,00;R$ 0,00;;R$ 0,00;R$ 0,00;;;;0,0%;;"";;Formento Securitizadora S.A.;AMFI COMPANHIA SECURITIZADORA DE CREDITOS FINANCEIROS I SA;Oferta Pública;Duplicata;Produto Encerrado
Click Antecipa Unitoken #89;Unitoken;02/05/2025;-78;R$ 0,00;R$ 0,00;R$ 0,00;R$ 0,00;R$ 0,00;;;R$ 0,00;;;;0,0%;;"";;CLICK SECURITIZADORA S.A.;AMFI COMPANHIA SECURITIZADORA DE CREDITOS FINANCEIROS I SA;Oferta Pública;Duplicata;Produto Encerrado
Click Antecipa Unitoken #97;Unitoken;02/05/2025;-78;R$ 0,00;R$ 0,00;R$ 0,00;R$ 0,00;R$ 0,00;;;R$ 0,00;;;;0,0%;;"";;CLICK SECURITIZADORA S.A.;AMFI COMPANHIA SECURITIZADORA DE CREDITOS FINANCEIROS I SA;Oferta Pública;Duplicata;Produto Encerrado
Syntheo Unitoken #65;Unitoken;02/05/2025;-78;R$ 0,00;R$ 49,24;R$ 0,00;R$ 0,00;R$ 0,00;;R$ 0,00;R$ 0,00;;;;0,0%;;"";;SYNTHÉO SECURITIZADORA DE CRÉDITOS S.A.;AMFI COMPANHIA SECURITIZADORA DE CREDITOS FINANCEIROS I SA;Oferta Pública;Duplicata;Produto Encerrado
Lebasq Unitoken #27;Unitoken;05/05/2025;-75;R$ 0,00;R$ 2,47;R$ 0,00;R$ 0,00;R$ 0,00;;R$ 0,00;R$ 0,00;;;;0,0%;;"";;LEBASQ SECURITIZAÇÃO DE CRÉDITOS SA;AMFI COMPANHIA SECURITIZADORA DE CREDITOS FINANCEIROS I SA;Oferta Pública;Duplicata;Produto Encerrado
Conecta Lá Unitoken #122;Unitoken;05/05/2025;-75;R$ 0,00;R$ 0,00;R$ 0,00;R$ 0,00;R$ 0,00;;;R$ 0,00;;;;0,0%;;"";;FULL NINE DIGITAL CONSULTORIA S.A.;AMFI COMPANHIA SECURITIZADORA DE CREDITOS FINANCEIROS I SA;Oferta Pública;Duplicata;Produto Encerrado
AFA CONSULTORIA DE CREDITO Unitoken #37;Unitoken;05/05/2025;-75;R$ 0,00;R$ 823,69;R$ 0,00;R$ 0,00;R$ 0,00;;R$ 0,00;R$ 0,00;;;;0,0%;;"";;AFA CONSULTORIA DE CREDITO UNIPESSOAL LTDA;AMFI COMPANHIA SECURITIZADORA DE CREDITOS FINANCEIROS I SA;Oferta Pública;Duplicata;Produto Encerrado
Audax Capital Unitoken #12;Unitoken;05/05/2025;-75;R$ 0,00;R$ 1,44;R$ 0,00;R$ 0,00;R$ 0,00;;R$ 0,00;R$ 0,00;;;;0,0%;;"";;AUDAX CAPITAL SECURITIZADORA S.A;AMFI COMPANHIA SECURITIZADORA DE CREDITOS FINANCEIROS I SA;Oferta Pública;Duplicata;Produto Encerrado
Primer Unitoken #1;Unitoken;06/05/2025;-74;R$ 0,00;R$ 46,39;R$ 0,00;R$ 0,00;R$ 0,00;;R$ 0,00;R$ 0,00;;;;0,0%;;"";;Primer Securitizadora S.A;AMFI COMPANHIA SECURITIZADORA DE CREDITOS FINANCEIROS I SA;Oferta Pública;Duplicata;Produto Encerrado
Click Antecipa Unitoken #98;Unitoken;06/05/2025;-74;R$ 0,00;R$ 0,00;R$ 0,00;R$ 0,00;R$ 0,00;;;R$ 0,00;;;;0,0%;;"";;CLICK SECURITIZADORA S.A.;AMFI COMPANHIA SECURITIZADORA DE CREDITOS FINANCEIROS I SA;Oferta Pública;Duplicata;Produto Encerrado
a55  Unitoken #26;Unitoken;06/05/2025;-74;R$ 0,00;R$ 0,00;R$ 0,00;R$ 0,00;R$ 0,00;;;R$ 0,00;;;;0,0%;;"";;a55 SECURITIZADORA S.A.;a55 SECURITIZADORA S.A.;Oferta Pública;Duplicata;Produto Encerrado
a55  Unitoken #27;Unitoken;06/05/2025;-74;R$ 0,00;R$ 0,00;R$ 0,00;R$ 0,00;R$ 0,00;;;R$ 0,00;;;;0,0%;;"";;a55 SECURITIZADORA S.A.;a55 SECURITIZADORA S.A.;Oferta Pública;Duplicata;Produto Encerrado
Conecta Lá Unitoken #111;Unitoken;06/05/2025;-74;R$ 0,00;R$ 0,00;R$ 0,00;R$ 0,00;R$ 0,00;;;R$ 0,00;;;;0,0%;;"";;FULL NINE DIGITAL CONSULTORIA S.A.;AMFI COMPANHIA SECURITIZADORA DE CREDITOS FINANCEIROS I SA;Oferta Pública;Duplicata;Produto Encerrado
Learnbase Unitoken #49;Unitoken;06/05/2025;-74;R$ 0,00;R$ 0,00;R$ 0,00;R$ 0,00;R$ 0,00;;;R$ 0,00;;;;0,0%;;"";;Learnbase Gestão e Consultoria Educacional S.A.;AMFI COMPANHIA SECURITIZADORA DE CREDITOS FINANCEIROS I SA;Oferta Pública;Duplicata;Produto Encerrado
a55  Unitoken #28;Unitoken;06/05/2025;-74;R$ 0,00;R$ 2,35;R$ 0,00;R$ 0,00;R$ 0,00;;R$ 0,00;R$ 0,00;;;;0,0%;;"";;a55 SECURITIZADORA S.A.;a55 SECURITIZADORA S.A.;Oferta Pública;Duplicata;Produto Encerrado
a55  Unitoken #25;Unitoken;06/05/2025;-74;R$ 0,00;R$ 1,75;R$ 0,00;R$ 0,00;R$ 0,00;;R$ 0,00;R$ 0,00;;;;0,0%;;"";;a55 SECURITIZADORA S.A.;a55 SECURITIZADORA S.A.;Oferta Pública;Duplicata;Produto Encerrado
a55  Unitoken #29;Unitoken;06/05/2025;-74;R$ 0,00;R$ 0,00;R$ 0,00;R$ 0,00;R$ 0,00;;;R$ 0,00;;;;0,0%;;"";;a55 SECURITIZADORA S.A.;a55 SECURITIZADORA S.A.;Oferta Pública;Duplicata;Produto Encerrado
Syntheo Unitoken #67;Unitoken;07/05/2025;-73;R$ 0,00;R$ 30,57;R$ 0,00;R$ 0,00;R$ 0,00;;R$ 0,00;R$ 0,00;;;;0,0%;;"";;SYNTHÉO SECURITIZADORA DE CRÉDITOS S.A.;AMFI COMPANHIA SECURITIZADORA DE CREDITOS FINANCEIROS I SA;Oferta Pública;Duplicata;Produto Encerrado
Formento Unitoken #61;Unitoken;07/05/2025;-73;R$ 0,00;R$ 15,39;R$ 0,00;R$ 0,00;R$ 0,00;;R$ 0,00;R$ 0,00;;;;0,0%;;"";;Formento Securitizadora S.A.;AMFI COMPANHIA SECURITIZADORA DE CREDITOS FINANCEIROS I SA;Oferta Pública;Duplicata;Produto Encerrado
Syntheo Unitoken #77;Unitoken;08/05/2025;-72;R$ 0,00;R$ 0,00;R$ 0,00;R$ 0,00;R$ 0,00;;;R$ 0,00;;;;0,0%;;"";;SYNTHÉO SECURITIZADORA DE CRÉDITOS S.A.;AMFI COMPANHIA SECURITIZADORA DE CREDITOS FINANCEIROS I SA;Oferta Pública;Duplicata;Produto Encerrado
Lebasq Unitoken #30;Unitoken;09/05/2025;-71;R$ 0,00;R$ 1,60;R$ 0,00;R$ 0,00;R$ 0,00;;R$ 0,00;R$ 0,00;;;;0,0%;;"";;LEBASQ SECURITIZAÇÃO DE CRÉDITOS SA;AMFI COMPANHIA SECURITIZADORA DE CREDITOS FINANCEIROS I SA;Oferta Pública;Duplicata;Produto Encerrado
LC INVESTE Pool #1;Pool;11/05/2025;-69;R$ 0,01;R$ 0,00;R$ 0,01;R$ 0,00;R$ 0,01;R$ 0,00;R$ 0,00;R$ 0,00;100,0%;20,0%;;0,0%;;"";;LC Investe LTDA;AMFI COMPANHIA SECURITIZADORA DE CREDITOS FINANCEIROS I SA;Oferta Privada;Ativo Judicial;Produto Encerrado
Conecta Lá Unitoken #107;Unitoken;12/05/2025;-68;R$ 0,00;R$ 0,08;R$ 0,00;R$ 0,00;R$ 0,00;;R$ 0,00;R$ 0,00;;;;0,0%;;"";;FULL NINE DIGITAL CONSULTORIA S.A.;AMFI COMPANHIA SECURITIZADORA DE CREDITOS FINANCEIROS I SA;Oferta Pública;Duplicata;Produto Encerrado
Conecta Lá Unitoken #115;Unitoken;12/05/2025;-68;R$ 0,00;R$ 0,00;R$ 0,00;R$ 0,00;R$ 0,00;;;R$ 0,00;;;;0,0%;;"";;FULL NINE DIGITAL CONSULTORIA S.A.;AMFI COMPANHIA SECURITIZADORA DE CREDITOS FINANCEIROS I SA;Oferta Pública;Duplicata;Produto Encerrado
Formento Unitoken #67;Unitoken;12/05/2025;-68;R$ 0,00;R$ 30,66;R$ 0,00;R$ 0,00;R$ 0,00;;R$ 0,00;R$ 0,00;;;;0,0%;;"";;Formento Securitizadora S.A.;AMFI COMPANHIA SECURITIZADORA DE CREDITOS FINANCEIROS I SA;Oferta Pública;Duplicata;Produto Encerrado
Conecta Lá Unitoken #113;Unitoken;12/05/2025;-68;R$ 0,00;R$ 0,00;R$ 0,00;R$ 0,00;R$ 0,00;;;R$ 0,00;;;;0,0%;;"";;FULL NINE DIGITAL CONSULTORIA S.A.;AMFI COMPANHIA SECURITIZADORA DE CREDITOS FINANCEIROS I SA;Oferta Pública;Duplicata;Produto Encerrado
Conecta Lá Unitoken #114;Unitoken;12/05/2025;-68;R$ 0,00;R$ 0,00;R$ 0,00;R$ 0,00;R$ 0,00;;;R$ 0,00;;;;0,0%;;"";;FULL NINE DIGITAL CONSULTORIA S.A.;AMFI COMPANHIA SECURITIZADORA DE CREDITOS FINANCEIROS I SA;Oferta Pública;Duplicata;Produto Encerrado
Formento Unitoken #71;Unitoken;14/05/2025;-66;R$ 0,00;R$ 52,33;R$ 0,00;R$ 0,00;R$ 0,00;;R$ 0,00;R$ 0,00;;;;0,0%;;"";;Formento Securitizadora S.A.;AMFI COMPANHIA SECURITIZADORA DE CREDITOS FINANCEIROS I SA;Oferta Pública;Duplicata;Produto Encerrado
Conecta Lá Unitoken #103;Unitoken;15/05/2025;-65;R$ 0,00;R$ 0,00;R$ 0,00;R$ 0,00;R$ 0,00;;;R$ 0,00;;;;0,0%;;"";;FULL NINE DIGITAL CONSULTORIA S.A.;AMFI COMPANHIA SECURITIZADORA DE CREDITOS FINANCEIROS I SA;Oferta Pública;Duplicata;Produto Encerrado
C4 Unitoken #47;Unitoken;15/05/2025;-65;R$ 0,00;R$ 0,08;R$ 0,00;R$ 0,00;R$ 0,00;;R$ 0,00;R$ 0,00;;;;0,0%;;"";;C4 CAPITAL SECURITIZADORA S/A;AMFI COMPANHIA SECURITIZADORA DE CREDITOS FINANCEIROS I SA;Oferta Pública;Duplicata;Produto Encerrado
Nagro #3;Unitoken;15/05/2025;-65;R$ 0,00;R$ 0,00;R$ 0,00;R$ 0,00;R$ 0,00;R$ 0,00;;R$ 0,00;;;;0,0%;;"";;NAGRO;;;CCB;
Stockash Unitoken #4;Unitoken;15/05/2025;-65;R$ 7.750,00;R$ 0,00;R$ 7.750,00;R$ 7.750,00;R$ 0,00;;;R$ 0,00;;;100,0%;0,0%;1,2%;"";;Stockash Consultoria em Credito LTDA;AMFI COMPANHIA SECURITIZADORA DE CREDITOS FINANCEIROS I SA;;Duplicata;
Conecta Lá Unitoken #116;Unitoken;15/05/2025;-65;R$ 0,00;R$ 0,00;R$ 0,00;R$ 0,00;R$ 0,00;;;R$ 0,00;;;;0,0%;;"";;FULL NINE DIGITAL CONSULTORIA S.A.;AMFI COMPANHIA SECURITIZADORA DE CREDITOS FINANCEIROS I SA;Oferta Pública;Duplicata;Produto Encerrado
Nagro #2;Unitoken;15/05/2025;-65;R$ 0,00;;;R$ 0,00;;R$ 0,00;;R$ 0,00;;;;0,0%;;"";;NAGRO;;;CCB;
C4 Unitoken #48;Unitoken;15/05/2025;-65;R$ 0,00;R$ 0,00;R$ 0,00;R$ 0,00;R$ 0,00;;;R$ 0,00;;;;0,0%;;"";;C4 CAPITAL SECURITIZADORA S/A;AMFI COMPANHIA SECURITIZADORA DE CREDITOS FINANCEIROS I SA;Oferta Pública;Duplicata;Produto Encerrado
Conecta Lá Unitoken #117;Unitoken;15/05/2025;-65;R$ 0,00;R$ 0,00;R$ 0,00;R$ 0,00;R$ 0,00;;;R$ 0,00;;;;0,0%;;"";;FULL NINE DIGITAL CONSULTORIA S.A.;AMFI COMPANHIA SECURITIZADORA DE CREDITOS FINANCEIROS I SA;Oferta Pública;Duplicata;Produto Encerrado
C4 Unitoken #46;Unitoken;15/05/2025;-65;R$ 0,00;R$ 0,02;R$ 0,00;R$ 0,00;R$ 0,00;;R$ 0,00;R$ 0,00;;;;0,0%;;"";;C4 CAPITAL SECURITIZADORA S/A;AMFI COMPANHIA SECURITIZADORA DE CREDITOS FINANCEIROS I SA;Oferta Pública;Duplicata;Produto Encerrado
Formento Unitoken #72;Unitoken;16/05/2025;-64;R$ 0,00;R$ 92,87;R$ 0,00;R$ 0,00;R$ 0,00;;R$ 0,00;R$ 0,00;;;;0,0%;;"";;Formento Securitizadora S.A.;AMFI COMPANHIA SECURITIZADORA DE CREDITOS FINANCEIROS I SA;Oferta Pública;Duplicata;Produto Encerrado
Formento Unitoken #75;Unitoken;16/05/2025;-64;R$ 0,00;R$ 14,35;R$ 0,00;R$ 0,00;R$ 0,00;;R$ 0,00;R$ 0,00;;;;0,0%;;"";;Formento Securitizadora S.A.;AMFI COMPANHIA SECURITIZADORA DE CREDITOS FINANCEIROS I SA;Oferta Pública;Duplicata;Produto Encerrado
BRL Unitoken #2;Unitoken;16/05/2025;-64;R$ 0,00;R$ 0,00;R$ 0,00;R$ 0,00;R$ 0,00;;;R$ 0,00;;;;0,0%;;"";;BRL SECURITIZADORA S.A;AMFI COMPANHIA SECURITIZADORA DE CREDITOS FINANCEIROS I SA;Oferta Pública;Duplicata;Produto Encerrado
Conecta Lá Unitoken #128;Unitoken;16/05/2025;-64;R$ 0,00;R$ 0,05;R$ 0,00;R$ 0,00;R$ 0,00;;R$ 0,00;R$ 0,00;;;;0,0%;;"";;FULL NINE DIGITAL CONSULTORIA S.A.;AMFI COMPANHIA SECURITIZADORA DE CREDITOS FINANCEIROS I SA;Oferta Pública;Duplicata;Produto Encerrado
DS Unitoken #39;Unitoken;18/05/2025;-62;R$ 79.683,62;R$ 83.292,54;R$ 0,00;R$ 79.683,62;R$ 0,00;;R$ 1,12;R$ 0,00;;;100,0%;0,0%;1,5%;"";;DS SECURITIZADORA S/A;AMFI COMPANHIA SECURITIZADORA DE CREDITOS FINANCEIROS I SA;Oferta Pública;Duplicata;Captação finalizada
Formento Unitoken #77;Unitoken;19/05/2025;-61;R$ 0,00;R$ 20,15;R$ 0,00;R$ 0,00;R$ 0,00;;R$ 0,00;R$ 0,00;;;;0,0%;;"";;Formento Securitizadora S.A.;AMFI COMPANHIA SECURITIZADORA DE CREDITOS FINANCEIROS I SA;Oferta Pública;Duplicata;Produto Encerrado
AFA CONSULTORIA DE CREDITO Unitoken #29;Unitoken;19/05/2025;-61;R$ 0,00;R$ 109,47;R$ 0,00;R$ 0,00;R$ 0,00;;R$ 0,00;R$ 0,00;;;;0,0%;;"";;AFA CONSULTORIA DE CREDITO UNIPESSOAL LTDA;AMFI COMPANHIA SECURITIZADORA DE CREDITOS FINANCEIROS I SA;Oferta Pública;Duplicata;Produto Encerrado
Learnbase Unitoken #50;Unitoken;19/05/2025;-61;R$ 0,00;R$ 0,00;R$ 0,00;R$ 0,00;R$ 0,00;;;R$ 0,00;;;;0,0%;;"";;Learnbase Gestão e Consultoria Educacional S.A.;AMFI COMPANHIA SECURITIZADORA DE CREDITOS FINANCEIROS I SA;Oferta Pública;Duplicata;Produto Encerrado
Fintrust  Unitoken #5;Unitoken;19/05/2025;-61;R$ 0,00;R$ 253,54;R$ 0,00;R$ 0,00;R$ 0,00;;R$ 0,00;R$ 0,00;;;;0,0%;;"";;Fintrust Securitizadora;AMFI COMPANHIA SECURITIZADORA DE CREDITOS FINANCEIROS I SA;Oferta Pública;Duplicata;Produto Encerrado
Formento Unitoken #65;Unitoken;19/05/2025;-61;R$ 0,00;R$ 87,26;R$ 0,00;R$ 0,00;R$ 0,00;;R$ 0,00;R$ 0,00;;;;0,0%;;"";;Formento Securitizadora S.A.;AMFI COMPANHIA SECURITIZADORA DE CREDITOS FINANCEIROS I SA;Oferta Pública;Duplicata;Produto Encerrado
Conecta Lá Unitoken #106;Unitoken;20/05/2025;-60;R$ 0,00;R$ 0,00;R$ 0,00;R$ 0,00;R$ 0,00;;;R$ 0,00;;;;0,0%;;"";;FULL NINE DIGITAL CONSULTORIA S.A.;AMFI COMPANHIA SECURITIZADORA DE CREDITOS FINANCEIROS I SA;Oferta Pública;Duplicata;Produto Encerrado
Syntheo Unitoken #68;Unitoken;20/05/2025;-60;R$ 0,00;R$ 0,24;R$ 0,00;R$ 0,00;R$ 0,00;;R$ 0,00;R$ 0,00;;;;0,0%;;"";;SYNTHÉO SECURITIZADORA DE CRÉDITOS S.A.;AMFI COMPANHIA SECURITIZADORA DE CREDITOS FINANCEIROS I SA;Oferta Pública;Duplicata;Produto Encerrado
Syntheo Unitoken #74;Unitoken;20/05/2025;-60;R$ 0,00;R$ 28,71;R$ 0,00;R$ 0,00;R$ 0,00;;R$ 0,00;R$ 0,00;;;;0,0%;;"";;SYNTHÉO SECURITIZADORA DE CRÉDITOS S.A.;AMFI COMPANHIA SECURITIZADORA DE CREDITOS FINANCEIROS I SA;Oferta Pública;Duplicata;Produto Encerrado
Faighus Unitoken #12;Unitoken;20/05/2025;-60;R$ 0,00;R$ 0,05;R$ 0,00;R$ 0,00;R$ 0,00;;R$ 0,00;R$ 0,00;;;;0,0%;;"";;FAIGHUS SECURITIZADORA S.A.;AMFI COMPANHIA SECURITIZADORA DE CREDITOS FINANCEIROS I SA;Oferta Pública;Duplicata;Produto Encerrado
Chronos Unitoken #5;Unitoken;20/05/2025;-60;R$ 0,00;R$ 0,00;R$ 0,00;R$ 0,00;R$ 0,00;;;R$ 0,00;;;;0,0%;;"";;CHRONOS SECURITIZADORA S/A;AMFI COMPANHIA SECURITIZADORA DE CREDITOS FINANCEIROS I SA;Oferta Pública;Duplicata;Produto Encerrado
Baru Unitoken #6;Unitoken;20/05/2025;-60;R$ 0,00;R$ 0,00;R$ 0,00;R$ 0,00;R$ 0,00;;;R$ 0,00;;;;0,0%;;"";;GRIFFIN CAPITAL S.A. SECURITIZADORA;AMFI COMPANHIA SECURITIZADORA DE CREDITOS FINANCEIROS I SA;Oferta Pública;Duplicata;Produto Encerrado
Formento Unitoken #69;Unitoken;20/05/2025;-60;R$ 0,00;R$ 44,77;R$ 0,00;R$ 0,00;R$ 0,00;;R$ 0,00;R$ 0,00;;;;0,0%;;"";;Formento Securitizadora S.A.;AMFI COMPANHIA SECURITIZADORA DE CREDITOS FINANCEIROS I SA;Oferta Pública;Duplicata;Produto Encerrado
Conecta Lá Unitoken #138;Unitoken;21/05/2025;-59;R$ 0,00;R$ 0,00;R$ 0,00;R$ 0,00;R$ 0,00;;;R$ 0,00;;;;0,0%;;"";;FULL NINE DIGITAL CONSULTORIA S.A.;AMFI COMPANHIA SECURITIZADORA DE CREDITOS FINANCEIROS I SA;Oferta Pública;Duplicata;Produto Encerrado
Z5 (New Invest Sec) Unitoken #2;Unitoken;21/05/2025;-59;R$ 0,00;R$ 0,00;R$ 0,00;R$ 0,00;R$ 0,00;;;R$ 0,00;;;;0,0%;;"";;NEW INVEST SECURITIZAÇÃO DE CREDITOS SA;AMFI COMPANHIA SECURITIZADORA DE CREDITOS FINANCEIROS I SA;Oferta Pública;Duplicata;Produto Encerrado
Click Antecipa Unitoken #92;Unitoken;22/05/2025;-58;R$ 0,00;R$ 0,21;R$ 0,00;R$ 0,00;R$ 0,00;;R$ 0,00;R$ 0,00;;;;0,0%;;"";;CLICK SECURITIZADORA S.A.;AMFI COMPANHIA SECURITIZADORA DE CREDITOS FINANCEIROS I SA;Oferta Pública;Duplicata;Produto Encerrado
Z5 (New Invest Sec) Unitoken #3;Unitoken;22/05/2025;-58;R$ 0,00;R$ 0,00;R$ 0,00;R$ 0,00;R$ 0,00;;;R$ 0,00;;;;0,0%;;"";;NEW INVEST SECURITIZAÇÃO DE CREDITOS SA;AMFI COMPANHIA SECURITIZADORA DE CREDITOS FINANCEIROS I SA;Oferta Pública;Duplicata;Produto Encerrado
Syntheo Unitoken #66;Unitoken;22/05/2025;-58;R$ 0,00;R$ 6,60;R$ 0,00;R$ 0,00;R$ 0,00;;R$ 0,00;R$ 0,00;;;;0,0%;;"";;SYNTHÉO SECURITIZADORA DE CRÉDITOS S.A.;AMFI COMPANHIA SECURITIZADORA DE CREDITOS FINANCEIROS I SA;Oferta Pública;Duplicata;Produto Encerrado
AmFi Pool de Unitokens ;Pool;23/05/2025;-57;R$ 0,01;R$ 0,01;R$ 0,00;R$ 0,00;R$ 0,01;R$ 0,00;R$ 0,00;R$ 0,00;;10,0%;;0,0%;;"";;AMFI CONSULTING LTDA;;Oferta Privada;Duplicata / Recebível de Cartão;Produto Encerrado
AFA CONSULTORIA DE CREDITO Unitoken #9;Unitoken;26/05/2025;-54;R$ 0,00;R$ 0,04;R$ 0,00;R$ 0,00;R$ 0,00;;R$ 0,00;R$ 0,00;;;;0,0%;;"";;AFA CONSULTORIA DE CREDITO UNIPESSOAL LTDA;AMFI COMPANHIA SECURITIZADORA DE CREDITOS FINANCEIROS I SA;Oferta Pública;Duplicata;Produto Encerrado
Formento Unitoken #63;Unitoken;26/05/2025;-54;R$ 0,00;R$ 26,06;R$ 0,00;R$ 0,00;R$ 0,00;;R$ 0,00;R$ 0,00;;;;0,0%;;"";;Formento Securitizadora S.A.;AMFI COMPANHIA SECURITIZADORA DE CREDITOS FINANCEIROS I SA;Oferta Pública;Duplicata;Produto Encerrado
Conecta Lá Unitoken #124;Unitoken;26/05/2025;-54;R$ 0,00;R$ 0,09;R$ 0,00;R$ 0,00;R$ 0,00;;R$ 0,00;R$ 0,00;;;;0,0%;;"";;FULL NINE DIGITAL CONSULTORIA S.A.;AMFI COMPANHIA SECURITIZADORA DE CREDITOS FINANCEIROS I SA;Oferta Pública;Duplicata;Produto Encerrado
Conecta Lá Unitoken #123;Unitoken;26/05/2025;-54;R$ 0,00;R$ 0,14;R$ 0,00;R$ 0,00;R$ 0,00;;R$ 0,00;R$ 0,00;;;;0,0%;;"";;FULL NINE DIGITAL CONSULTORIA S.A.;AMFI COMPANHIA SECURITIZADORA DE CREDITOS FINANCEIROS I SA;Oferta Pública;Duplicata;Produto Encerrado
Syntheo Unitoken #73;Unitoken;26/05/2025;-54;R$ 0,00;R$ 0,00;R$ 0,00;R$ 0,00;R$ 0,00;;;R$ 0,00;;;;0,0%;;"";;SYNTHÉO SECURITIZADORA DE CRÉDITOS S.A.;AMFI COMPANHIA SECURITIZADORA DE CREDITOS FINANCEIROS I SA;Oferta Pública;Duplicata;Produto Encerrado
Primer Unitoken #2;Unitoken;27/05/2025;-53;R$ 0,00;R$ 64,37;R$ 0,00;R$ 0,00;R$ 0,00;;R$ 0,00;R$ 0,00;;;;0,0%;;"";;Primer Securitizadora S.A;AMFI COMPANHIA SECURITIZADORA DE CREDITOS FINANCEIROS I SA;Oferta Pública;Duplicata;Produto Encerrado
Faighus Unitoken #16;Unitoken;27/05/2025;-53;R$ 0,00;R$ 0,02;R$ 0,00;R$ 0,00;R$ 0,00;;R$ 0,00;R$ 0,00;;;;0,0%;;"";;FAIGHUS SECURITIZADORA S.A.;AMFI COMPANHIA SECURITIZADORA DE CREDITOS FINANCEIROS I SA;Oferta Pública;Duplicata;Produto Encerrado
Syntheo Unitoken #75;Unitoken;27/05/2025;-53;R$ 0,00;R$ 25,27;R$ 0,00;R$ 0,00;R$ 0,00;;R$ 0,00;R$ 0,00;;;;0,0%;;"";;SYNTHÉO SECURITIZADORA DE CRÉDITOS S.A.;AMFI COMPANHIA SECURITIZADORA DE CREDITOS FINANCEIROS I SA;Oferta Pública;Duplicata;Produto Encerrado
Formento Unitoken #106;Unitoken;27/05/2025;-53;R$ 0,00;R$ 0,01;R$ 0,00;R$ 0,00;R$ 0,00;;R$ 0,00;R$ 0,00;;;;0,0%;;"";;Formento Securitizadora S.A.;AMFI COMPANHIA SECURITIZADORA DE CREDITOS FINANCEIROS I SA;Oferta Pública;Duplicata;Produto Encerrado
Faighus Unitoken #14;Unitoken;27/05/2025;-53;R$ 0,00;R$ 0,04;R$ 0,00;R$ 0,00;R$ 0,00;;R$ 0,00;R$ 0,00;;;;0,0%;;"";;FAIGHUS SECURITIZADORA S.A.;AMFI COMPANHIA SECURITIZADORA DE CREDITOS FINANCEIROS I SA;Oferta Pública;Duplicata;Produto Encerrado
Syntheo Unitoken #70;Unitoken;27/05/2025;-53;R$ 0,00;R$ 21,37;R$ 0,00;R$ 0,00;R$ 0,00;;R$ 0,00;R$ 0,00;;;;0,0%;;"";;SYNTHÉO SECURITIZADORA DE CRÉDITOS S.A.;AMFI COMPANHIA SECURITIZADORA DE CREDITOS FINANCEIROS I SA;Oferta Pública;Duplicata;Produto Encerrado
OUB CAPITAL Unitoken #11;Unitoken;27/05/2025;-53;R$ 0,00;R$ 0,00;R$ 0,00;R$ 0,00;R$ 0,00;;R$ 0,00;R$ 0,00;;;;0,0%;;"";;OUB CAPITAL SA;AMFI COMPANHIA SECURITIZADORA DE CREDITOS FINANCEIROS I SA;Oferta Pública;Duplicata;Produto Encerrado
Syntheo Unitoken #82;Unitoken;27/05/2025;-53;R$ 0,00;R$ 0,03;R$ 0,00;R$ 0,00;R$ 0,00;;R$ 0,00;R$ 0,00;;;;0,0%;;"";;SYNTHÉO SECURITIZADORA DE CRÉDITOS S.A.;AMFI COMPANHIA SECURITIZADORA DE CREDITOS FINANCEIROS I SA;Oferta Pública;Duplicata;Produto Encerrado
Learnbase Unitoken #51;Unitoken;27/05/2025;-53;R$ 0,00;R$ 0,00;R$ 0,00;R$ 0,00;R$ 0,00;;;R$ 0,00;;;;0,0%;;"";;Learnbase Gestão e Consultoria Educacional S.A.;AMFI COMPANHIA SECURITIZADORA DE CREDITOS FINANCEIROS I SA;Oferta Pública;Duplicata;Produto Encerrado
Click Antecipa Unitoken #109;Unitoken;28/05/2025;-52;R$ 0,00;R$ 6,40;R$ 0,00;R$ 0,00;R$ 0,00;;R$ 0,00;R$ 0,00;;;;0,0%;;"";;CLICK SECURITIZADORA S.A.;AMFI COMPANHIA SECURITIZADORA DE CREDITOS FINANCEIROS I SA;Oferta Pública;Duplicata;Produto Encerrado
Formento Unitoken #60;Unitoken;28/05/2025;-52;R$ 0,00;R$ 14,79;R$ 0,00;R$ 0,00;R$ 0,00;;R$ 0,00;R$ 0,00;;;;0,0%;;"";;Formento Securitizadora S.A.;AMFI COMPANHIA SECURITIZADORA DE CREDITOS FINANCEIROS I SA;Oferta Pública;Duplicata;Produto Encerrado
Click Antecipa Unitoken #100;Unitoken;29/05/2025;-51;R$ 0,00;R$ 0,02;R$ 0,00;R$ 0,00;R$ 0,00;;R$ 0,00;R$ 0,00;;;;0,0%;;"";;CLICK SECURITIZADORA S.A.;AMFI COMPANHIA SECURITIZADORA DE CREDITOS FINANCEIROS I SA;Oferta Pública;Duplicata;Produto Encerrado
Syntheo Unitoken #71;Unitoken;29/05/2025;-51;R$ 0,00;R$ 0,02;R$ 0,00;R$ 0,00;R$ 0,00;;R$ 0,00;R$ 0,00;;;;0,0%;;"";;SYNTHÉO SECURITIZADORA DE CRÉDITOS S.A.;AMFI COMPANHIA SECURITIZADORA DE CREDITOS FINANCEIROS I SA;Oferta Pública;Duplicata;Produto Encerrado
AFA CONSULTORIA DE CREDITO Unitoken #10;Unitoken;29/05/2025;-51;R$ 0,00;R$ 0,00;R$ 0,00;R$ 0,00;R$ 0,00;;;R$ 0,00;;;;0,0%;;"";;AFA CONSULTORIA DE CREDITO UNIPESSOAL LTDA;AMFI COMPANHIA SECURITIZADORA DE CREDITOS FINANCEIROS I SA;Oferta Pública;Duplicata;Produto Encerrado
Click Antecipa Unitoken #94;Unitoken;29/05/2025;-51;R$ 0,00;R$ 0,14;R$ 0,00;R$ 0,00;R$ 0,00;;R$ 0,00;R$ 0,00;;;;0,0%;;"";;CLICK SECURITIZADORA S.A.;AMFI COMPANHIA SECURITIZADORA DE CREDITOS FINANCEIROS I SA;Oferta Pública;Duplicata;Produto Encerrado
Baru Unitoken #8;Unitoken;29/05/2025;-51;R$ 0,00;R$ 0,00;R$ 0,00;R$ 0,00;R$ 0,00;;;R$ 0,00;;;;0,0%;;"";;GRIFFIN CAPITAL S.A. SECURITIZADORA;AMFI COMPANHIA SECURITIZADORA DE CREDITOS FINANCEIROS I SA;Oferta Pública;Duplicata;Produto Encerrado
Formento Unitoken #87;Unitoken;30/05/2025;-50;R$ 0,00;R$ 4,29;R$ 0,00;R$ 0,00;R$ 0,00;;R$ 0,00;R$ 0,00;;;;0,0%;;"";;Formento Securitizadora S.A.;AMFI COMPANHIA SECURITIZADORA DE CREDITOS FINANCEIROS I SA;Oferta Pública;Duplicata;Produto Encerrado
NLT Tech One;Pool;31/05/2025;-49;R$ 0,00;R$ 0,00;R$ 0,00;R$ 0,00;R$ 0,00;R$ 0,00;;R$ 0,00;100,0%;1,0%;;0,0%;;"";;Next Level Tecnologia LTDA;;Oferta Privada;CCB / Nota Comercial;Produto Encerrado
Learnbase Unitoken #42;Unitoken;01/06/2025;-48;R$ 0,00;R$ 0,03;R$ 0,00;R$ 0,00;R$ 0,00;;R$ 0,00;R$ 0,00;;;;0,0%;;"";;Learnbase Gestão e Consultoria Educacional S.A.;AMFI COMPANHIA SECURITIZADORA DE CREDITOS FINANCEIROS I SA;Oferta Pública;Duplicata;Produto Encerrado
Conecta Lá Unitoken #112;Unitoken;02/06/2025;-47;R$ 0,00;R$ 4,78;R$ 0,00;R$ 0,00;R$ 0,00;;R$ 0,00;R$ 0,00;;;;0,0%;;"";;FULL NINE DIGITAL CONSULTORIA S.A.;AMFI COMPANHIA SECURITIZADORA DE CREDITOS FINANCEIROS I SA;Oferta Pública;Duplicata;Produto Encerrado
Syntheo Unitoken #72;Unitoken;02/06/2025;-47;R$ 0,00;R$ 13,29;R$ 0,00;R$ 0,00;R$ 0,00;;R$ 0,00;R$ 0,00;;;;0,0%;;"";;SYNTHÉO SECURITIZADORA DE CRÉDITOS S.A.;AMFI COMPANHIA SECURITIZADORA DE CREDITOS FINANCEIROS I SA;Oferta Pública;Duplicata;Produto Encerrado
Formento Unitoken #73;Unitoken;02/06/2025;-47;R$ 0,00;R$ 28,31;R$ 0,00;R$ 0,00;R$ 0,00;;R$ 0,00;R$ 0,00;;;;0,0%;;"";;Formento Securitizadora S.A.;AMFI COMPANHIA SECURITIZADORA DE CREDITOS FINANCEIROS I SA;Oferta Pública;Duplicata;Produto Encerrado
BRL Unitoken #3;Unitoken;03/06/2025;-46;R$ 0,00;R$ 0,00;R$ 0,00;R$ 0,00;R$ 0,00;;;R$ 0,00;;;;0,0%;;"";;BRL SECURITIZADORA S.A;AMFI COMPANHIA SECURITIZADORA DE CREDITOS FINANCEIROS I SA;Oferta Pública;Duplicata;Produto Encerrado
Lecapital Unitoken #1;Unitoken;03/06/2025;-46;R$ 0,00;R$ 64,06;R$ 0,00;R$ 0,00;R$ 0,00;;R$ 0,00;R$ 0,00;;;;0,0%;;"";;LECAPITAL SECURITIZADORA S/A;AMFI COMPANHIA SECURITIZADORA DE CREDITOS FINANCEIROS I SA;Oferta Privada;Duplicata;Produto Encerrado
Grana.ai Unitoken #5;Unitoken;03/06/2025;-46;R$ 0,00;R$ 24,05;R$ 0,00;R$ 0,00;R$ 0,00;;R$ 0,00;R$ 0,00;;;;0,0%;;"";;GRANA.AI TECNOLOGIA LTDA;AMFI COMPANHIA SECURITIZADORA DE CREDITOS FINANCEIROS I SA;Oferta Pública;Recebível de Cartão;Produto Encerrado
Formento Unitoken #85;Unitoken;03/06/2025;-46;R$ 0,00;R$ 7,45;R$ 0,00;R$ 0,00;R$ 0,00;;R$ 0,00;R$ 0,00;;;;0,0%;;"";;Formento Securitizadora S.A.;AMFI COMPANHIA SECURITIZADORA DE CREDITOS FINANCEIROS I SA;Oferta Pública;Duplicata;Produto Encerrado
Lecapital Unitoken #2;Unitoken;03/06/2025;-46;R$ 0,00;R$ 21,26;R$ 0,00;R$ 0,00;R$ 0,00;;R$ 0,00;R$ 0,00;;;;0,0%;;"";;LECAPITAL SECURITIZADORA S/A;AMFI COMPANHIA SECURITIZADORA DE CREDITOS FINANCEIROS I SA;Oferta Pública;Duplicata;Produto Encerrado
BRL Unitoken #5;Unitoken;03/06/2025;-46;R$ 0,00;R$ 0,00;R$ 0,00;R$ 0,00;R$ 0,00;;R$ 0,00;R$ 0,00;;;;0,0%;;"";;BRL SECURITIZADORA S.A;AMFI COMPANHIA SECURITIZADORA DE CREDITOS FINANCEIROS I SA;Oferta Pública;Duplicata;Produto Encerrado
BRL Unitoken #4;Unitoken;03/06/2025;-46;R$ 0,00;R$ 0,03;R$ 0,00;R$ 0,00;R$ 0,00;;R$ 0,00;R$ 0,00;;;;0,0%;;"";;BRL SECURITIZADORA S.A;AMFI COMPANHIA SECURITIZADORA DE CREDITOS FINANCEIROS I SA;Oferta Pública;Duplicata;Produto Encerrado
OUB CAPITAL Unitoken #10;Unitoken;04/06/2025;-45;R$ 0,00;R$ 0,00;R$ 0,00;R$ 0,00;R$ 0,00;;;R$ 0,00;;;;0,0%;;"";;OUB CAPITAL SA;AMFI COMPANHIA SECURITIZADORA DE CREDITOS FINANCEIROS I SA;Oferta Pública;Duplicata;Produto Encerrado
Formento Unitoken #79;Unitoken;04/06/2025;-45;R$ 0,00;R$ 0,00;R$ 0,00;R$ 0,00;R$ 0,00;;;R$ 0,00;;;;0,0%;;"";;Formento Securitizadora S.A.;AMFI COMPANHIA SECURITIZADORA DE CREDITOS FINANCEIROS I SA;Oferta Pública;Duplicata;Produto Encerrado
Formento Unitoken #95;Unitoken;04/06/2025;-45;R$ 0,00;R$ 5,82;R$ 0,00;R$ 0,00;R$ 0,00;;R$ 0,00;R$ 0,00;;;;0,0%;;"";;Formento Securitizadora S.A.;AMFI COMPANHIA SECURITIZADORA DE CREDITOS FINANCEIROS I SA;Oferta Pública;Duplicata;Produto Encerrado
C4 Unitoken #50;Unitoken;04/06/2025;-45;R$ 0,00;R$ 0,04;R$ 0,00;R$ 0,00;R$ 0,00;;R$ 0,00;R$ 0,00;;;;0,0%;;"";;C4 CAPITAL SECURITIZADORA S/A;AMFI COMPANHIA SECURITIZADORA DE CREDITOS FINANCEIROS I SA;Oferta Pública;Duplicata;Produto Encerrado
OUB CAPITAL Unitoken #7;Unitoken;05/06/2025;-44;R$ 0,00;R$ 0,00;R$ 0,00;R$ 0,00;R$ 0,00;;;R$ 0,00;;;;0,0%;;"";;OUB CAPITAL SA;AMFI COMPANHIA SECURITIZADORA DE CREDITOS FINANCEIROS I SA;Oferta Pública;Duplicata;Produto Encerrado
Syntheo Unitoken #88;Unitoken;05/06/2025;-44;R$ 0,00;R$ 0,10;R$ 0,00;R$ 0,00;R$ 0,00;;R$ 0,00;R$ 0,00;;;;0,0%;;"";;SYNTHÉO SECURITIZADORA DE CRÉDITOS S.A.;AMFI COMPANHIA SECURITIZADORA DE CREDITOS FINANCEIROS I SA;Oferta Pública;Duplicata;Produto Encerrado
Wynvest Unitoken #1;Unitoken;06/06/2025;-43;R$ 0,00;R$ 0,11;R$ 0,00;R$ 0,00;R$ 0,00;;R$ 0,00;R$ 0,00;;;;0,0%;;"";;WYNVEST SECURITIZADORA DE CRÉDITO S.A;AMFI COMPANHIA SECURITIZADORA DE CREDITOS FINANCEIROS I SA;Oferta Pública;Duplicata;Produto Encerrado
Syntheo Unitoken #76;Unitoken;06/06/2025;-43;R$ 0,00;R$ 0,00;R$ 0,00;R$ 0,00;R$ 0,00;;;R$ 0,00;;;;0,0%;;"";;SYNTHÉO SECURITIZADORA DE CRÉDITOS S.A.;AMFI COMPANHIA SECURITIZADORA DE CREDITOS FINANCEIROS I SA;Oferta Pública;Duplicata;Produto Encerrado
Baru Unitoken #4;Unitoken;06/06/2025;-43;R$ 0,00;R$ 0,00;R$ 0,00;R$ 0,00;R$ 0,00;;;R$ 0,00;;;;0,0%;;"";;GRIFFIN CAPITAL S.A. SECURITIZADORA;AMFI COMPANHIA SECURITIZADORA DE CREDITOS FINANCEIROS I SA;Oferta Pública;Duplicata;Produto Encerrado
Conecta Lá Unitoken #127;Unitoken;06/06/2025;-43;R$ 0,00;R$ 66,87;R$ 0,00;R$ 0,00;R$ 0,00;;R$ 0,00;R$ 0,00;;;;0,0%;;"";;FULL NINE DIGITAL CONSULTORIA S.A.;AMFI COMPANHIA SECURITIZADORA DE CREDITOS FINANCEIROS I SA;Oferta Pública;Duplicata;Produto Encerrado
Chronos Unitoken #6;Unitoken;06/06/2025;-43;R$ 0,00;R$ 0,00;R$ 0,00;R$ 0,00;R$ 0,00;;;R$ 0,00;;;;0,0%;;"";;CHRONOS SECURITIZADORA S/A;AMFI COMPANHIA SECURITIZADORA DE CREDITOS FINANCEIROS I SA;Oferta Pública;Duplicata;Produto Encerrado
Click Antecipa Unitoken #99;Unitoken;06/06/2025;-43;R$ 0,00;R$ 0,12;R$ 0,00;R$ 0,00;R$ 0,00;;R$ 0,00;R$ 0,00;;;;0,0%;;"";;CLICK SECURITIZADORA S.A.;AMFI COMPANHIA SECURITIZADORA DE CREDITOS FINANCEIROS I SA;Oferta Pública;Duplicata;Produto Encerrado
Lebasq Unitoken #35;Unitoken;08/06/2025;-41;R$ 0,00;R$ 6,48;R$ 0,00;R$ 0,00;R$ 0,00;;R$ 0,00;R$ 0,00;;;;0,0%;;"";;LEBASQ SECURITIZAÇÃO DE CRÉDITOS SA;AMFI COMPANHIA SECURITIZADORA DE CREDITOS FINANCEIROS I SA;Oferta Pública;Duplicata;Produto Encerrado
Syntheo Unitoken #87;Unitoken;09/06/2025;-40;R$ 0,00;R$ 41,99;R$ 0,00;R$ 0,00;R$ 0,00;;R$ 0,00;R$ 0,00;;;;0,0%;;"";;SYNTHÉO SECURITIZADORA DE CRÉDITOS S.A.;AMFI COMPANHIA SECURITIZADORA DE CREDITOS FINANCEIROS I SA;Oferta Pública;Duplicata;Produto Encerrado
Click Antecipa Unitoken #101;Unitoken;09/06/2025;-40;R$ 0,00;R$ 0,00;R$ 0,00;R$ 0,00;R$ 0,00;;;R$ 0,00;;;;0,0%;;"";;CLICK SECURITIZADORA S.A.;AMFI COMPANHIA SECURITIZADORA DE CREDITOS FINANCEIROS I SA;Oferta Pública;Duplicata;Produto Encerrado
Faighus Unitoken #15;Unitoken;10/06/2025;-39;R$ 0,00;R$ 0,03;R$ 0,00;R$ 0,00;R$ 0,00;;R$ 0,00;R$ 0,00;;;;0,0%;;"";;FAIGHUS SECURITIZADORA S.A.;AMFI COMPANHIA SECURITIZADORA DE CREDITOS FINANCEIROS I SA;Oferta Pública;Duplicata;Produto Encerrado
Chronos Unitoken #7;Unitoken;10/06/2025;-39;R$ 0,00;R$ 0,00;R$ 0,00;R$ 0,00;R$ 0,00;;;R$ 0,00;;;;0,0%;;"";;CHRONOS SECURITIZADORA S/A;AMFI COMPANHIA SECURITIZADORA DE CREDITOS FINANCEIROS I SA;Oferta Pública;Duplicata;Produto Encerrado
Formento Unitoken #104;Unitoken;10/06/2025;-39;R$ 0,00;R$ 5,43;R$ 0,00;R$ 0,00;R$ 0,00;;R$ 0,00;R$ 0,00;;;;0,0%;;"";;Formento Securitizadora S.A.;AMFI COMPANHIA SECURITIZADORA DE CREDITOS FINANCEIROS I SA;Oferta Pública;Duplicata;Produto Encerrado
Conecta Lá Unitoken #129;Unitoken;10/06/2025;-39;R$ 0,00;R$ 0,00;R$ 0,00;R$ 0,00;R$ 0,00;;;R$ 0,00;;;;0,0%;;"";;FULL NINE DIGITAL CONSULTORIA S.A.;AMFI COMPANHIA SECURITIZADORA DE CREDITOS FINANCEIROS I SA;Oferta Pública;Duplicata;Produto Encerrado
Formento Unitoken #103;Unitoken;10/06/2025;-39;R$ 0,00;R$ 0,00;R$ 0,00;R$ 0,00;R$ 0,00;;;R$ 0,00;;;;0,0%;;"";;Formento Securitizadora S.A.;AMFI COMPANHIA SECURITIZADORA DE CREDITOS FINANCEIROS I SA;Oferta Pública;Duplicata;Produto Encerrado
Formento Unitoken #100;Unitoken;10/06/2025;-39;R$ 0,00;R$ 11,87;R$ 0,00;R$ 0,00;R$ 0,00;;R$ 0,00;R$ 0,00;;;;0,0%;;"";;Formento Securitizadora S.A.;AMFI COMPANHIA SECURITIZADORA DE CREDITOS FINANCEIROS I SA;Oferta Pública;Duplicata;Produto Encerrado
Click Antecipa Unitoken #108;Unitoken;11/06/2025;-38;R$ 0,00;R$ 0,21;R$ 0,00;R$ 0,00;R$ 0,00;;R$ 0,00;R$ 0,00;;;;0,0%;;"";;CLICK SECURITIZADORA S.A.;AMFI COMPANHIA SECURITIZADORA DE CREDITOS FINANCEIROS I SA;Oferta Pública;Duplicata;Produto Encerrado
Click Antecipa Unitoken #110;Unitoken;11/06/2025;-38;R$ 0,00;R$ 0,00;R$ 0,00;R$ 0,00;R$ 0,00;;;R$ 0,00;;;;0,0%;;"";;CLICK SECURITIZADORA S.A.;AMFI COMPANHIA SECURITIZADORA DE CREDITOS FINANCEIROS I SA;Oferta Pública;Duplicata;Produto Encerrado
Formento Unitoken #66;Unitoken;11/06/2025;-38;R$ 0,00;R$ 8,68;R$ 0,00;R$ 0,00;R$ 0,00;;R$ 0,00;R$ 0,00;;;;0,0%;;"";;Formento Securitizadora S.A.;AMFI COMPANHIA SECURITIZADORA DE CREDITOS FINANCEIROS I SA;Oferta Pública;Duplicata;Produto Encerrado
Syntheo Unitoken #78;Unitoken;11/06/2025;-38;R$ 0,00;R$ 3,91;R$ 0,00;R$ 0,00;R$ 0,00;;R$ 0,00;R$ 0,00;;;;0,0%;;"";;SYNTHÉO SECURITIZADORA DE CRÉDITOS S.A.;AMFI COMPANHIA SECURITIZADORA DE CREDITOS FINANCEIROS I SA;Oferta Pública;Duplicata;Produto Encerrado
Formento Unitoken #96;Unitoken;11/06/2025;-38;R$ 0,00;R$ 8,24;R$ 0,00;R$ 0,00;R$ 0,00;;R$ 0,00;R$ 0,00;;;;0,0%;;"";;Formento Securitizadora S.A.;AMFI COMPANHIA SECURITIZADORA DE CREDITOS FINANCEIROS I SA;Oferta Pública;Duplicata;Produto Encerrado
Formento Unitoken #74;Unitoken;11/06/2025;-38;R$ 0,00;R$ 15,00;R$ 0,00;R$ 0,00;R$ 0,00;;R$ 0,00;R$ 0,00;;;;0,0%;;"";;Formento Securitizadora S.A.;AMFI COMPANHIA SECURITIZADORA DE CREDITOS FINANCEIROS I SA;Oferta Pública;Duplicata;Produto Encerrado
Syntheo Unitoken #79;Unitoken;11/06/2025;-38;R$ 0,00;R$ 8,33;R$ 0,00;R$ 0,00;R$ 0,00;;R$ 0,00;R$ 0,00;;;;0,0%;;"";;SYNTHÉO SECURITIZADORA DE CRÉDITOS S.A.;AMFI COMPANHIA SECURITIZADORA DE CREDITOS FINANCEIROS I SA;Oferta Pública;Duplicata;Produto Encerrado
Formento Unitoken #80;Unitoken;11/06/2025;-38;R$ 0,00;R$ 14,82;R$ 0,00;R$ 0,00;R$ 0,00;;R$ 0,00;R$ 0,00;;;;0,0%;;"";;Formento Securitizadora S.A.;AMFI COMPANHIA SECURITIZADORA DE CREDITOS FINANCEIROS I SA;Oferta Pública;Duplicata;Produto Encerrado
Learnbase Unitoken #52;Unitoken;11/06/2025;-38;R$ 0,00;R$ 0,00;R$ 0,00;R$ 0,00;R$ 0,00;;;R$ 0,00;;;;0,0%;;"";;Learnbase Gestão e Consultoria Educacional S.A.;AMFI COMPANHIA SECURITIZADORA DE CREDITOS FINANCEIROS I SA;Oferta Pública;Duplicata;Produto Encerrado
Grana.ai Unitoken #6;Unitoken;12/06/2025;-37;R$ 0,00;R$ 11,87;R$ 0,00;R$ 0,00;R$ 0,00;;R$ 0,00;R$ 0,00;;;;0,0%;;"";;GRANA.AI TECNOLOGIA LTDA;AMFI COMPANHIA SECURITIZADORA DE CREDITOS FINANCEIROS I SA;Oferta Pública;Recebível de Cartão;Produto Encerrado
Click Antecipa Unitoken #112;Unitoken;12/06/2025;-37;R$ 0,00;R$ 0,00;R$ 0,00;R$ 0,00;R$ 0,00;;;R$ 0,00;;;;0,0%;;"";;CLICK SECURITIZADORA S.A.;AMFI COMPANHIA SECURITIZADORA DE CREDITOS FINANCEIROS I SA;Oferta Pública;Duplicata;Produto Encerrado
Formento Unitoken #114;Unitoken;13/06/2025;-36;R$ 0,00;R$ 0,09;R$ 0,00;R$ 0,00;R$ 0,00;;R$ 0,00;R$ 0,00;;;;0,0%;;"";;Formento Securitizadora S.A.;AMFI COMPANHIA SECURITIZADORA DE CREDITOS FINANCEIROS I SA;Oferta Pública;Duplicata;Produto Encerrado
Wynvest Unitoken #2;Unitoken;13/06/2025;-36;R$ 0,00;R$ 117,62;R$ 0,00;R$ 0,00;R$ 0,00;;R$ 0,00;R$ 0,00;;;;0,0%;;"";;WYNVEST SECURITIZADORA DE CRÉDITO S.A;AMFI COMPANHIA SECURITIZADORA DE CREDITOS FINANCEIROS I SA;Oferta Pública;Duplicata;Produto Encerrado
Baru Unitoken #7;Unitoken;13/06/2025;-36;R$ 0,00;R$ 0,00;R$ 0,00;R$ 0,00;R$ 0,00;;;R$ 0,00;;;;0,0%;;"";;GRIFFIN CAPITAL S.A. SECURITIZADORA;AMFI COMPANHIA SECURITIZADORA DE CREDITOS FINANCEIROS I SA;Oferta Pública;Duplicata;Produto Encerrado
Flowins Café Pool #1;Pool;14/06/2025;-35;R$ 0,04;R$ 0,00;R$ 0,04;R$ 0,00;R$ 0,04;R$ 0,00;;R$ 0,00;;;;0,0%;;Concentração máx por sacado;;Flowins;;;CCB;
BMDC Unitoken #2;Unitoken;15/06/2025;-34;R$ 0,00;R$ 0,00;R$ 0,00;R$ 0,00;R$ 0,00;;;R$ 0,00;;;;0,0%;;"";;BMDC SECURITIZADORA SA;AMFI COMPANHIA SECURITIZADORA DE CREDITOS FINANCEIROS I SA;;CCB;
Conecta Lá Unitoken #137;Unitoken;16/06/2025;-33;R$ 0,00;R$ 0,03;R$ 0,00;R$ 0,00;R$ 0,00;;R$ 0,00;R$ 0,00;;;;0,0%;;"";;FULL NINE DIGITAL CONSULTORIA S.A.;AMFI COMPANHIA SECURITIZADORA DE CREDITOS FINANCEIROS I SA;Oferta Pública;Duplicata;Produto Encerrado
C4 Unitoken #49;Unitoken;16/06/2025;-33;R$ 0,00;R$ 0,34;R$ 0,00;R$ 0,00;R$ 0,00;;R$ 0,00;R$ 0,00;;;;0,0%;;"";;C4 CAPITAL SECURITIZADORA S/A;AMFI COMPANHIA SECURITIZADORA DE CREDITOS FINANCEIROS I SA;Oferta Pública;Duplicata;Produto Encerrado
C4 Unitoken #45;Unitoken;16/06/2025;-33;R$ 0,00;R$ 1,55;R$ 0,00;R$ 0,00;R$ 0,00;;R$ 0,00;R$ 0,00;;;;0,0%;;"";;C4 CAPITAL SECURITIZADORA S/A;AMFI COMPANHIA SECURITIZADORA DE CREDITOS FINANCEIROS I SA;Oferta Pública;Duplicata;Produto Encerrado
Conecta Lá Unitoken #133;Unitoken;16/06/2025;-33;R$ 0,00;R$ 10,84;R$ 0,00;R$ 0,00;R$ 0,00;;R$ 0,00;R$ 0,00;;;;0,0%;;"";;FULL NINE DIGITAL CONSULTORIA S.A.;AMFI COMPANHIA SECURITIZADORA DE CREDITOS FINANCEIROS I SA;Oferta Pública;Duplicata;Produto Encerrado
AFA CONSULTORIA DE CREDITO Unitoken #31;Unitoken;16/06/2025;-33;R$ 0,00;R$ 0,00;R$ 0,00;R$ 0,00;R$ 0,00;;;R$ 0,00;;;;0,0%;;"";;AFA CONSULTORIA DE CREDITO UNIPESSOAL LTDA;AMFI COMPANHIA SECURITIZADORA DE CREDITOS FINANCEIROS I SA;Oferta Pública;Duplicata;Produto Encerrado
Conecta Lá Unitoken #130;Unitoken;16/06/2025;-33;R$ 0,00;R$ 0,00;R$ 0,00;R$ 0,00;R$ 0,00;;;R$ 0,00;;;;0,0%;;"";;FULL NINE DIGITAL CONSULTORIA S.A.;AMFI COMPANHIA SECURITIZADORA DE CREDITOS FINANCEIROS I SA;Oferta Pública;Duplicata;Produto Encerrado
Wynvest Unitoken #3;Unitoken;17/06/2025;-32;R$ 0,00;R$ 0,05;R$ 0,00;R$ 0,00;R$ 0,00;;R$ 0,00;R$ 0,00;;;;0,0%;;"";;WYNVEST SECURITIZADORA DE CRÉDITO S.A;AMFI COMPANHIA SECURITIZADORA DE CREDITOS FINANCEIROS I SA;Oferta Pública;Duplicata;Produto Encerrado
Faighus Unitoken #17;Unitoken;17/06/2025;-32;R$ 0,00;R$ 0,00;R$ 0,00;R$ 0,00;R$ 0,00;;;R$ 0,00;;;;0,0%;;"";;FAIGHUS SECURITIZADORA S.A.;AMFI COMPANHIA SECURITIZADORA DE CREDITOS FINANCEIROS I SA;Oferta Pública;Duplicata;Produto Encerrado
AFA CONSULTORIA DE CREDITO Unitoken #11;Unitoken;17/06/2025;-32;R$ 0,00;R$ 128,43;R$ 0,00;R$ 0,00;R$ 0,00;;R$ 0,00;R$ 0,00;;;;0,0%;;"";;AFA CONSULTORIA DE CREDITO UNIPESSOAL LTDA;AMFI COMPANHIA SECURITIZADORA DE CREDITOS FINANCEIROS I SA;Oferta Pública;Duplicata;Produto Encerrado
Lebasq Unitoken #46;Unitoken;17/06/2025;-32;R$ 0,00;R$ 0,46;R$ 0,00;R$ 0,00;R$ 0,00;;R$ 0,00;R$ 0,00;;;;0,0%;;"";;LEBASQ SECURITIZAÇÃO DE CRÉDITOS SA;AMFI COMPANHIA SECURITIZADORA DE CREDITOS FINANCEIROS I SA;Oferta Pública;Duplicata;Produto Encerrado
Syntheo Unitoken #80;Unitoken;18/06/2025;-31;R$ 0,00;R$ 17,34;R$ 0,00;R$ 0,00;R$ 0,00;;R$ 0,00;R$ 0,00;;;;0,0%;;"";;SYNTHÉO SECURITIZADORA DE CRÉDITOS S.A.;AMFI COMPANHIA SECURITIZADORA DE CREDITOS FINANCEIROS I SA;Oferta Pública;Duplicata;Produto Encerrado
Wynvest Unitoken #4;Unitoken;18/06/2025;-31;R$ 0,00;R$ 0,06;R$ 0,00;R$ 0,00;R$ 0,00;;R$ 0,00;R$ 0,00;;;;0,0%;;"";;WYNVEST SECURITIZADORA DE CRÉDITO S.A;AMFI COMPANHIA SECURITIZADORA DE CREDITOS FINANCEIROS I SA;Oferta Pública;Duplicata;Produto Encerrado
Formento Unitoken #88;Unitoken;18/06/2025;-31;R$ 0,00;R$ 5,79;R$ 0,00;R$ 0,00;R$ 0,00;;R$ 0,00;R$ 0,00;;;;0,0%;;"";;Formento Securitizadora S.A.;AMFI COMPANHIA SECURITIZADORA DE CREDITOS FINANCEIROS I SA;Oferta Pública;Duplicata;Produto Encerrado
Formento Unitoken #83;Unitoken;18/06/2025;-31;R$ 0,00;R$ 0,00;R$ 0,00;R$ 0,00;R$ 0,00;;;R$ 0,00;;;;0,0%;;"";;Formento Securitizadora S.A.;AMFI COMPANHIA SECURITIZADORA DE CREDITOS FINANCEIROS I SA;Oferta Pública;Duplicata;Produto Encerrado
Conecta Lá Unitoken #139;Unitoken;20/06/2025;-29;R$ 0,00;R$ 59,77;R$ 0,00;R$ 0,00;R$ 0,00;;R$ 0,00;R$ 0,00;;;;0,0%;;"";;FULL NINE DIGITAL CONSULTORIA S.A.;AMFI COMPANHIA SECURITIZADORA DE CREDITOS FINANCEIROS I SA;Oferta Pública;Duplicata;Produto Encerrado
Syntheo Unitoken #95;Unitoken;20/06/2025;-29;R$ 0,00;R$ 29,48;R$ 0,00;R$ 0,00;R$ 0,00;;R$ 0,00;R$ 0,00;;;;0,0%;;"";;SYNTHÉO SECURITIZADORA DE CRÉDITOS S.A.;AMFI COMPANHIA SECURITIZADORA DE CREDITOS FINANCEIROS I SA;Oferta Pública;Duplicata;Produto Encerrado
Conecta Lá Unitoken #132;Unitoken;20/06/2025;-29;R$ 0,00;R$ 0,00;R$ 0,00;R$ 0,00;R$ 0,00;;;R$ 0,00;;;;0,0%;;"";;FULL NINE DIGITAL CONSULTORIA S.A.;AMFI COMPANHIA SECURITIZADORA DE CREDITOS FINANCEIROS I SA;Oferta Pública;Duplicata;Produto Encerrado
Grana.ai Unitoken #7;Unitoken;20/06/2025;-29;R$ 0,00;R$ 0,00;R$ 0,00;R$ 0,00;R$ 0,00;;;R$ 0,00;;;;0,0%;;"";;GRANA.AI TECNOLOGIA LTDA;AMFI COMPANHIA SECURITIZADORA DE CREDITOS FINANCEIROS I SA;Oferta Pública;Recebível de Cartão;Produto Encerrado
Conecta Lá Unitoken #131;Unitoken;20/06/2025;-29;R$ 0,00;R$ 42,60;R$ 0,00;R$ 0,00;R$ 0,00;;R$ 0,00;R$ 0,00;;;;0,0%;;"";;FULL NINE DIGITAL CONSULTORIA S.A.;AMFI COMPANHIA SECURITIZADORA DE CREDITOS FINANCEIROS I SA;Oferta Pública;Duplicata;Produto Encerrado
Conecta Lá Unitoken #136;Unitoken;20/06/2025;-29;R$ 0,00;R$ 0,00;R$ 0,00;R$ 0,00;R$ 0,00;;;R$ 0,00;;;;0,0%;;"";;FULL NINE DIGITAL CONSULTORIA S.A.;AMFI COMPANHIA SECURITIZADORA DE CREDITOS FINANCEIROS I SA;Oferta Pública;Duplicata;Produto Encerrado
Syntheo Unitoken #101;Unitoken;20/06/2025;-29;R$ 0,00;R$ 30,19;R$ 0,00;R$ 0,00;R$ 0,00;;R$ 0,00;R$ 0,00;;;;0,0%;;"";;SYNTHÉO SECURITIZADORA DE CRÉDITOS S.A.;AMFI COMPANHIA SECURITIZADORA DE CREDITOS FINANCEIROS I SA;Oferta Pública;Duplicata;Produto Encerrado
Formento Unitoken #112;Unitoken;20/06/2025;-29;R$ 0,00;R$ 0,00;R$ 0,00;R$ 0,00;R$ 0,00;;;R$ 0,00;;;;0,0%;;"";;Formento Securitizadora S.A.;AMFI COMPANHIA SECURITIZADORA DE CREDITOS FINANCEIROS I SA;Oferta Pública;Duplicata;Produto Encerrado
Chronos Unitoken #11;Unitoken;23/06/2025;-26;R$ 0,00;R$ 0,09;R$ 0,00;R$ 0,00;R$ 0,00;;R$ 0,00;R$ 0,00;;;;0,0%;;"";;CHRONOS SECURITIZADORA S/A;AMFI COMPANHIA SECURITIZADORA DE CREDITOS FINANCEIROS I SA;Oferta Pública;Duplicata;Produto Encerrado
Girubank Unitoken #12;Unitoken;23/06/2025;-26;R$ 0,00;R$ 0,00;R$ 0,00;R$ 0,00;R$ 0,00;;;R$ 0,00;;;;0,0%;;"";;Girubank Securitizadora SA;AMFI COMPANHIA SECURITIZADORA DE CREDITOS FINANCEIROS I SA;Oferta Pública;Duplicata;Produto Encerrado
Syntheo Unitoken #81;Unitoken;23/06/2025;-26;R$ 0,00;R$ 12,47;R$ 0,00;R$ 0,00;R$ 0,00;;R$ 0,00;R$ 0,00;;;;0,0%;;"";;SYNTHÉO SECURITIZADORA DE CRÉDITOS S.A.;AMFI COMPANHIA SECURITIZADORA DE CREDITOS FINANCEIROS I SA;Oferta Pública;Duplicata;Produto Encerrado
Syntheo Unitoken #85;Unitoken;23/06/2025;-26;R$ 0,00;R$ 14,35;R$ 0,00;R$ 0,00;R$ 0,00;;R$ 0,00;R$ 0,00;;;;0,0%;;"";;SYNTHÉO SECURITIZADORA DE CRÉDITOS S.A.;AMFI COMPANHIA SECURITIZADORA DE CREDITOS FINANCEIROS I SA;Oferta Pública;Duplicata;Produto Encerrado
OUB CAPITAL Unitoken #15;Unitoken;23/06/2025;-26;R$ 0,00;R$ 0,01;R$ 0,00;R$ 0,00;R$ 0,00;;R$ 0,00;R$ 0,00;;;;0,0%;;"";;OUB CAPITAL SA;AMFI COMPANHIA SECURITIZADORA DE CREDITOS FINANCEIROS I SA;Oferta Pública;Duplicata;Produto Encerrado
Lebasq Unitoken #47;Unitoken;23/06/2025;-26;R$ 0,00;R$ 1,84;R$ 0,00;R$ 0,00;R$ 0,00;;R$ 0,00;R$ 0,00;;;;0,0%;;"";;LEBASQ SECURITIZAÇÃO DE CRÉDITOS SA;AMFI COMPANHIA SECURITIZADORA DE CREDITOS FINANCEIROS I SA;Oferta Pública;Duplicata;Produto Encerrado
Conecta Lá Unitoken #150;Unitoken;23/06/2025;-26;R$ 0,00;R$ 55,27;R$ 0,00;R$ 0,00;R$ 0,00;;R$ 0,00;R$ 0,00;;;;0,0%;;"";;FULL NINE DIGITAL CONSULTORIA S.A.;AMFI COMPANHIA SECURITIZADORA DE CREDITOS FINANCEIROS I SA;Oferta Pública;Duplicata;Produto Encerrado
Syntheo Unitoken #83;Unitoken;24/06/2025;-25;R$ 0,00;R$ 0,26;R$ 0,00;R$ 0,00;R$ 0,00;;R$ 0,00;R$ 0,00;;;;0,0%;;"";;SYNTHÉO SECURITIZADORA DE CRÉDITOS S.A.;AMFI COMPANHIA SECURITIZADORA DE CREDITOS FINANCEIROS I SA;Oferta Pública;Duplicata;Produto Encerrado
Formento Unitoken #86;Unitoken;24/06/2025;-25;R$ 0,00;R$ 0,00;R$ 0,00;R$ 0,00;R$ 0,00;;;R$ 0,00;;;;0,0%;;"";;Formento Securitizadora S.A.;AMFI COMPANHIA SECURITIZADORA DE CREDITOS FINANCEIROS I SA;Oferta Pública;Duplicata;Produto Encerrado
Formento Unitoken #99;Unitoken;24/06/2025;-25;R$ 0,00;R$ 0,00;R$ 0,00;R$ 0,00;R$ 0,00;;;R$ 0,00;;;;0,0%;;"";;Formento Securitizadora S.A.;AMFI COMPANHIA SECURITIZADORA DE CREDITOS FINANCEIROS I SA;Oferta Pública;Duplicata;Produto Encerrado
BRL Unitoken #7;Unitoken;24/06/2025;-25;R$ 0,00;R$ 0,13;R$ 0,00;R$ 0,00;R$ 0,00;;R$ 0,00;R$ 0,00;;;;0,0%;;"";;BRL SECURITIZADORA S.A;AMFI COMPANHIA SECURITIZADORA DE CREDITOS FINANCEIROS I SA;Oferta Pública;Duplicata;Produto Encerrado
Conecta Lá Unitoken #32;Unitoken;24/06/2025;-25;R$ 0,00;R$ 0,00;R$ 0,00;R$ 0,00;R$ 0,00;;;R$ 0,00;;;;0,0%;;"";;FULL NINE DIGITAL CONSULTORIA S.A.;AMFI COMPANHIA SECURITIZADORA DE CREDITOS FINANCEIROS I SA;;Duplicata;
AFA CONSULTORIA DE CREDITO Unitoken #12;Unitoken;24/06/2025;-25;R$ 0,00;R$ 7,90;R$ 0,00;R$ 0,00;R$ 0,00;;R$ 0,00;R$ 0,00;;;;0,0%;;"";;AFA CONSULTORIA DE CREDITO UNIPESSOAL LTDA;AMFI COMPANHIA SECURITIZADORA DE CREDITOS FINANCEIROS I SA;Oferta Pública;Duplicata;Produto Encerrado
BRL Unitoken #6;Unitoken;24/06/2025;-25;R$ 0,00;R$ 0,00;R$ 0,00;R$ 0,00;R$ 0,00;;;R$ 0,00;;;;0,0%;;"";;BRL SECURITIZADORA S.A;AMFI COMPANHIA SECURITIZADORA DE CREDITOS FINANCEIROS I SA;Oferta Pública;Duplicata;Produto Encerrado
Conecta Lá Unitoken #140;Unitoken;25/06/2025;-24;R$ 0,00;R$ 24,86;R$ 0,00;R$ 0,00;R$ 0,00;;R$ 0,00;R$ 0,00;;;;0,0%;;"";;FULL NINE DIGITAL CONSULTORIA S.A.;AMFI COMPANHIA SECURITIZADORA DE CREDITOS FINANCEIROS I SA;Oferta Pública;Duplicata;Produto Encerrado
Formento Unitoken #94;Unitoken;25/06/2025;-24;R$ 0,00;R$ 0,00;R$ 0,00;R$ 0,00;R$ 0,00;;R$ 0,00;R$ 0,00;;;;0,0%;;"";;Formento Securitizadora S.A.;AMFI COMPANHIA SECURITIZADORA DE CREDITOS FINANCEIROS I SA;Oferta Pública;Duplicata;Produto Encerrado
Conecta Lá Unitoken #121;Unitoken;25/06/2025;-24;R$ 0,00;R$ 29,77;R$ 0,00;R$ 0,00;R$ 0,00;;R$ 0,00;R$ 0,00;;;;0,0%;;"";;FULL NINE DIGITAL CONSULTORIA S.A.;AMFI COMPANHIA SECURITIZADORA DE CREDITOS FINANCEIROS I SA;Oferta Pública;Duplicata;Produto Encerrado
Grana.ai Unitoken #8;Unitoken;26/06/2025;-23;R$ 0,00;R$ 0,00;R$ 0,00;R$ 0,00;R$ 0,00;;;R$ 0,00;;;;0,0%;;"";;GRANA.AI TECNOLOGIA LTDA;AMFI COMPANHIA SECURITIZADORA DE CREDITOS FINANCEIROS I SA;Oferta Pública;Recebível de Cartão;Produto Encerrado
Click Antecipa Unitoken #105;Unitoken;26/06/2025;-23;R$ 0,00;R$ 0,30;R$ 0,00;R$ 0,00;R$ 0,00;;R$ 0,00;R$ 0,00;;;;0,0%;;"";;CLICK SECURITIZADORA S.A.;AMFI COMPANHIA SECURITIZADORA DE CREDITOS FINANCEIROS I SA;Oferta Pública;Duplicata;Produto Encerrado
Girubank Unitoken #6;Unitoken;26/06/2025;-23;R$ 0,00;R$ 0,00;R$ 0,00;R$ 0,00;R$ 0,00;;;R$ 0,00;;;;0,0%;;"";;Girubank Securitizadora SA;AMFI COMPANHIA SECURITIZADORA DE CREDITOS FINANCEIROS I SA;Oferta Pública;Duplicata;Produto Encerrado
B. Invest Unitoken #1;Unitoken;26/06/2025;-23;R$ 0,00;R$ 52,82;R$ 0,00;R$ 0,00;R$ 0,00;;R$ 0,00;R$ 0,00;;;;0,0%;;"";;B.Invest Securitizadora de Créditos S.A.;AMFI COMPANHIA SECURITIZADORA DE CREDITOS FINANCEIROS I SA;Oferta Pública;Duplicata;Produto Encerrado
B.Invest Unitoken #4;Unitoken;26/06/2025;-23;R$ 0,00;R$ 0,00;R$ 0,00;R$ 0,00;R$ 0,00;;;R$ 0,00;;;;0,0%;;"";;B.Invest Securitizadora de Créditos S.A.;AMFI COMPANHIA SECURITIZADORA DE CREDITOS FINANCEIROS I SA;Oferta Pública;Duplicata;Produto Encerrado
Click Antecipa Unitoken #114;Unitoken;27/06/2025;-22;R$ 0,00;R$ 0,00;R$ 0,00;R$ 0,00;R$ 0,00;;;R$ 0,00;;;;0,0%;;"";;CLICK SECURITIZADORA S.A.;AMFI COMPANHIA SECURITIZADORA DE CREDITOS FINANCEIROS I SA;Oferta Pública;Duplicata;Produto Encerrado
BRL Unitoken #9;Unitoken;27/06/2025;-22;R$ 0,00;R$ 0,00;R$ 0,00;R$ 0,00;R$ 0,00;;;R$ 0,00;;;;0,0%;;"";;BRL SECURITIZADORA S.A;AMFI COMPANHIA SECURITIZADORA DE CREDITOS FINANCEIROS I SA;Oferta Pública;Duplicata;Produto Encerrado
Chronos Unitoken #12;Unitoken;27/06/2025;-22;R$ 0,00;R$ 0,03;R$ 0,00;R$ 0,00;R$ 0,00;;R$ 0,00;R$ 0,00;;;;0,0%;;"";;CHRONOS SECURITIZADORA S/A;AMFI COMPANHIA SECURITIZADORA DE CREDITOS FINANCEIROS I SA;Oferta Pública;Duplicata;Produto Encerrado
Lebasq Unitoken #29;Unitoken;27/06/2025;-22;R$ 0,00;R$ 0,00;R$ 0,00;R$ 0,00;R$ 0,00;;;R$ 0,00;;;;0,0%;;"";;LEBASQ SECURITIZAÇÃO DE CRÉDITOS SA;AMFI COMPANHIA SECURITIZADORA DE CREDITOS FINANCEIROS I SA;Oferta Pública;Duplicata;Produto Encerrado
Lebasq Unitoken #33;Unitoken;28/06/2025;-21;R$ 0,00;R$ 5,06;R$ 0,00;R$ 0,00;R$ 0,00;;R$ 0,00;R$ 0,00;;;;0,0%;;"";;LEBASQ SECURITIZAÇÃO DE CRÉDITOS SA;AMFI COMPANHIA SECURITIZADORA DE CREDITOS FINANCEIROS I SA;Oferta Pública;Duplicata;Produto Encerrado
Stockash - Equity Flex - EdTech;Unitoken;28/06/2025;-21;R$ 158.355,34;R$ 0,00;R$ 158.355,34;R$ 158.355,34;R$ 0,00;R$ 0,00;;R$ 0,00;100,0%;0,0%;100,0%;0,0%;2,0%;"";;Stockash Consultoria em Credito LTDA;AMFI COMPANHIA SECURITIZADORA DE CREDITOS FINANCEIROS I SA;Oferta Privada;Nota Comercial / CCB;Captação finalizada
Click Antecipa Unitoken #107;Unitoken;30/06/2025;-19;R$ 0,00;R$ 0,18;R$ 0,00;R$ 0,00;R$ 0,00;;R$ 0,00;R$ 0,00;;;;0,0%;;"";;CLICK SECURITIZADORA S.A.;AMFI COMPANHIA SECURITIZADORA DE CREDITOS FINANCEIROS I SA;Oferta Pública;Duplicata;Produto Encerrado
Formento Unitoken #64;Unitoken;30/06/2025;-19;R$ 0,00;R$ 28,59;R$ 0,00;R$ 0,00;R$ 0,00;;R$ 0,00;R$ 0,00;;;;0,0%;;"";;Formento Securitizadora S.A.;AMFI COMPANHIA SECURITIZADORA DE CREDITOS FINANCEIROS I SA;Oferta Pública;Duplicata;Produto Encerrado
AFA CONSULTORIA DE CREDITO Unitoken #13;Unitoken;30/06/2025;-19;R$ 0,00;R$ 0,00;R$ 0,00;R$ 0,00;R$ 0,00;;;R$ 0,00;;;;0,0%;;"";;AFA CONSULTORIA DE CREDITO UNIPESSOAL LTDA;AMFI COMPANHIA SECURITIZADORA DE CREDITOS FINANCEIROS I SA;Oferta Pública;Duplicata;Produto Encerrado
Formento Unitoken #90;Unitoken;30/06/2025;-19;R$ 0,00;R$ 0,18;R$ 0,00;R$ 0,00;R$ 0,00;;R$ 0,00;R$ 0,00;;;;0,0%;;"";;Formento Securitizadora S.A.;AMFI COMPANHIA SECURITIZADORA DE CREDITOS FINANCEIROS I SA;Oferta Pública;Duplicata;Produto Encerrado
Syntheo Unitoken #97;Unitoken;30/06/2025;-19;R$ 0,00;R$ 0,00;R$ 0,00;R$ 0,00;R$ 0,00;;;R$ 0,00;;;;0,0%;;"";;SYNTHÉO SECURITIZADORA DE CRÉDITOS S.A.;AMFI COMPANHIA SECURITIZADORA DE CREDITOS FINANCEIROS I SA;Oferta Pública;Duplicata;Produto Encerrado
Formento Unitoken #78;Unitoken;30/06/2025;-19;R$ 0,00;R$ 31,35;R$ 0,00;R$ 0,00;R$ 0,00;;R$ 0,00;R$ 0,00;;;;0,0%;;"";;Formento Securitizadora S.A.;AMFI COMPANHIA SECURITIZADORA DE CREDITOS FINANCEIROS I SA;Oferta Pública;Duplicata;Produto Encerrado
B.Invest Unitoken #2;Unitoken;30/06/2025;-19;R$ 0,00;R$ 0,00;R$ 0,00;R$ 0,00;R$ 0,00;;;R$ 0,00;;;;0,0%;;"";;B.Invest Securitizadora de Créditos S.A.;AMFI COMPANHIA SECURITIZADORA DE CREDITOS FINANCEIROS I SA;Oferta Pública;Duplicata;Produto Encerrado
Formento Unitoken #123;Unitoken;30/06/2025;-19;R$ 0,00;R$ 0,00;R$ 0,00;R$ 0,00;R$ 0,00;;;R$ 0,00;;;;0,0%;;"";;Formento Securitizadora S.A.;AMFI COMPANHIA SECURITIZADORA DE CREDITOS FINANCEIROS I SA;Oferta Pública;Duplicata;Produto Encerrado
BRL Unitoken #8;Unitoken;30/06/2025;-19;R$ 0,00;R$ 0,00;R$ 0,00;R$ 0,00;R$ 0,00;;;R$ 0,00;;;;0,0%;;"";;BRL SECURITIZADORA S.A;AMFI COMPANHIA SECURITIZADORA DE CREDITOS FINANCEIROS I SA;Oferta Pública;Duplicata;Produto Encerrado
Click Antecipa Unitoken #106;Unitoken;30/06/2025;-19;R$ 0,00;R$ 0,45;R$ 0,00;R$ 0,00;R$ 0,00;;R$ 0,00;R$ 0,00;;;;0,0%;;"";;CLICK SECURITIZADORA S.A.;AMFI COMPANHIA SECURITIZADORA DE CREDITOS FINANCEIROS I SA;Oferta Pública;Duplicata;Produto Encerrado
Fintrust  Unitoken #6;Unitoken;01/07/2025;-18;R$ 0,00;R$ 0,00;R$ 0,00;R$ 0,00;R$ 0,00;;;R$ 0,00;;;;0,0%;;"";;Fintrust Securitizadora;AMFI COMPANHIA SECURITIZADORA DE CREDITOS FINANCEIROS I SA;Oferta Pública;Duplicata;Produto Encerrado
Learnbase Unitoken #44;Unitoken;01/07/2025;-18;R$ 0,00;R$ 0,00;R$ 0,00;R$ 0,00;R$ 0,00;;;R$ 0,00;;;;0,0%;;"";;Learnbase Gestão e Consultoria Educacional S.A.;AMFI COMPANHIA SECURITIZADORA DE CREDITOS FINANCEIROS I SA;Oferta Pública;Duplicata;Produto Encerrado
Formento Unitoken #91;Unitoken;01/07/2025;-18;R$ 0,00;R$ 0,00;R$ 0,00;R$ 0,00;R$ 0,00;;;R$ 0,00;;;;0,0%;;"";;Formento Securitizadora S.A.;AMFI COMPANHIA SECURITIZADORA DE CREDITOS FINANCEIROS I SA;Oferta Pública;Duplicata;Produto Encerrado
Click Antecipa Unitoken #111;Unitoken;01/07/2025;-18;R$ 0,00;R$ 0,20;R$ 0,00;R$ 0,00;R$ 0,00;;R$ 0,00;R$ 0,00;;;;0,0%;;"";;CLICK SECURITIZADORA S.A.;AMFI COMPANHIA SECURITIZADORA DE CREDITOS FINANCEIROS I SA;Oferta Pública;Duplicata;Produto Encerrado
Learnbase Unitoken #58;Unitoken;02/07/2025;-17;R$ 0,00;R$ 0,00;R$ 0,00;R$ 0,00;R$ 0,00;;;R$ 0,00;;;;0,0%;;"";;Learnbase Gestão e Consultoria Educacional S.A.;AMFI COMPANHIA SECURITIZADORA DE CREDITOS FINANCEIROS I SA;Oferta Pública;Duplicata;Produto Encerrado
Syntheo Unitoken #84;Unitoken;03/07/2025;-16;R$ 0,00;R$ 49,52;R$ 0,00;R$ 0,00;R$ 0,00;;R$ 0,00;R$ 0,00;;;;0,0%;;"";;SYNTHÉO SECURITIZADORA DE CRÉDITOS S.A.;AMFI COMPANHIA SECURITIZADORA DE CREDITOS FINANCEIROS I SA;Oferta Pública;Duplicata;Produto Encerrado
Formento Unitoken #92;Unitoken;03/07/2025;-16;R$ 0,00;R$ 0,01;R$ 0,00;R$ 0,00;R$ 0,00;;R$ 0,00;R$ 0,00;;;;0,0%;;"";;Formento Securitizadora S.A.;AMFI COMPANHIA SECURITIZADORA DE CREDITOS FINANCEIROS I SA;Oferta Pública;Duplicata;Produto Encerrado
Syntheo Unitoken #90;Unitoken;03/07/2025;-16;R$ 0,00;R$ 0,05;R$ 0,00;R$ 0,00;R$ 0,00;;R$ 0,00;R$ 0,00;;;;0,0%;;"";;SYNTHÉO SECURITIZADORA DE CRÉDITOS S.A.;AMFI COMPANHIA SECURITIZADORA DE CREDITOS FINANCEIROS I SA;Oferta Pública;Duplicata;Produto Encerrado
Grana.ai Unitoken #9;Unitoken;04/07/2025;-15;R$ 0,00;R$ 0,00;R$ 0,00;R$ 0,00;R$ 0,00;;;R$ 0,00;;;;0,0%;;"";;GRANA.AI TECNOLOGIA LTDA;AMFI COMPANHIA SECURITIZADORA DE CREDITOS FINANCEIROS I SA;Oferta Pública;Recebível de Cartão;Produto Encerrado
Chronos Unitoken #10;Unitoken;04/07/2025;-15;R$ 0,00;R$ 0,00;R$ 0,00;R$ 0,00;R$ 0,00;;;R$ 0,00;;;;0,0%;;"";;CHRONOS SECURITIZADORA S/A;AMFI COMPANHIA SECURITIZADORA DE CREDITOS FINANCEIROS I SA;Oferta Pública;Duplicata;Produto Encerrado
Syntheo Unitoken #86;Unitoken;04/07/2025;-15;R$ 0,00;R$ 0,00;R$ 0,00;R$ 0,00;R$ 0,00;;;R$ 0,00;;;;0,0%;;"";;SYNTHÉO SECURITIZADORA DE CRÉDITOS S.A.;AMFI COMPANHIA SECURITIZADORA DE CREDITOS FINANCEIROS I SA;Oferta Pública;Duplicata;Produto Encerrado
Formento Unitoken #81;Unitoken;04/07/2025;-15;R$ 0,00;R$ 0,00;R$ 0,00;R$ 0,00;R$ 0,00;;;R$ 0,00;;;;0,0%;;"";;Formento Securitizadora S.A.;AMFI COMPANHIA SECURITIZADORA DE CREDITOS FINANCEIROS I SA;Oferta Pública;Duplicata;Produto Encerrado
Formento Unitoken #93;Unitoken;04/07/2025;-15;R$ 0,00;R$ 0,00;R$ 0,00;R$ 0,00;R$ 0,00;;;R$ 0,00;;;;0,0%;;"";;Formento Securitizadora S.A.;AMFI COMPANHIA SECURITIZADORA DE CREDITOS FINANCEIROS I SA;Oferta Pública;Duplicata;Produto Encerrado
Conecta Lá Unitoken #148;Unitoken;07/07/2025;-12;R$ 0,00;R$ 0,00;R$ 0,00;R$ 0,00;R$ 0,00;;;R$ 0,00;;;;0,0%;;"";;FULL NINE DIGITAL CONSULTORIA S.A.;AMFI COMPANHIA SECURITIZADORA DE CREDITOS FINANCEIROS I SA;Oferta Pública;Duplicata;Produto Encerrado
Syntheo Unitoken #103;Unitoken;07/07/2025;-12;R$ 0,00;R$ 9,93;R$ 0,00;R$ 0,00;R$ 0,00;;R$ 0,00;R$ 0,00;;;;0,0%;;"";;SYNTHÉO SECURITIZADORA DE CRÉDITOS S.A.;AMFI COMPANHIA SECURITIZADORA DE CREDITOS FINANCEIROS I SA;Oferta Pública;Duplicata;Produto Encerrado
Conecta Lá Unitoken #134;Unitoken;07/07/2025;-12;R$ 0,00;R$ 0,00;R$ 0,00;R$ 0,00;R$ 0,00;;;R$ 0,00;;;;0,0%;;"";;FULL NINE DIGITAL CONSULTORIA S.A.;AMFI COMPANHIA SECURITIZADORA DE CREDITOS FINANCEIROS I SA;Oferta Pública;Duplicata;Produto Encerrado
Click Antecipa Unitoken #102;Unitoken;07/07/2025;-12;R$ 0,00;R$ 0,00;R$ 0,00;R$ 0,00;R$ 0,00;;;R$ 0,00;;;;0,0%;;"";;CLICK SECURITIZADORA S.A.;AMFI COMPANHIA SECURITIZADORA DE CREDITOS FINANCEIROS I SA;Oferta Pública;Duplicata;Produto Encerrado
Click Antecipa Unitoken #113;Unitoken;08/07/2025;-11;R$ 0,00;R$ 0,00;R$ 0,00;R$ 0,00;R$ 0,00;;;R$ 0,00;;;;0,0%;;"";;CLICK SECURITIZADORA S.A.;AMFI COMPANHIA SECURITIZADORA DE CREDITOS FINANCEIROS I SA;Oferta Pública;Duplicata;Produto Encerrado
Formento Unitoken #97;Unitoken;08/07/2025;-11;R$ 0,00;R$ 0,22;R$ 0,00;R$ 0,00;R$ 0,00;;R$ 0,00;R$ 0,00;;;;0,0%;;"";;Formento Securitizadora S.A.;AMFI COMPANHIA SECURITIZADORA DE CREDITOS FINANCEIROS I SA;Oferta Pública;Duplicata;Produto Encerrado
Formento Unitoken #68;Unitoken;08/07/2025;-11;R$ 0,00;R$ 4,96;R$ 0,00;R$ 0,00;R$ 0,00;;R$ 0,00;R$ 0,00;;;;0,0%;;"";;Formento Securitizadora S.A.;AMFI COMPANHIA SECURITIZADORA DE CREDITOS FINANCEIROS I SA;Oferta Pública;Duplicata;Produto Encerrado
B.Invest Unitoken #5;Unitoken;08/07/2025;-11;R$ 0,00;R$ 0,00;R$ 0,00;R$ 0,00;R$ 0,00;;;R$ 0,00;;;;0,0%;;"";;B.Invest Securitizadora de Créditos S.A.;AMFI COMPANHIA SECURITIZADORA DE CREDITOS FINANCEIROS I SA;Oferta Pública;Duplicata;Produto Encerrado
Faighus Unitoken #18;Unitoken;08/07/2025;-11;R$ 0,00;R$ 0,00;R$ 0,00;R$ 0,00;R$ 0,00;;;R$ 0,00;;;;0,0%;;"";;FAIGHUS SECURITIZADORA S.A.;AMFI COMPANHIA SECURITIZADORA DE CREDITOS FINANCEIROS I SA;Oferta Pública;Duplicata;Produto Encerrado
Syntheo Unitoken #98;Unitoken;08/07/2025;-11;R$ 0,00;R$ 0,00;R$ 0,00;R$ 0,00;R$ 0,00;;;R$ 0,00;;;;0,0%;;"";;SYNTHÉO SECURITIZADORA DE CRÉDITOS S.A.;AMFI COMPANHIA SECURITIZADORA DE CREDITOS FINANCEIROS I SA;Oferta Pública;Duplicata;Produto Encerrado
Baru Unitoken #13;Unitoken;08/07/2025;-11;R$ 0,00;R$ 0,00;R$ 0,00;R$ 0,00;R$ 0,00;;;R$ 0,00;;;;0,0%;;"";;GRIFFIN CAPITAL S.A. SECURITIZADORA;AMFI COMPANHIA SECURITIZADORA DE CREDITOS FINANCEIROS I SA;Oferta Pública;Duplicata;Produto Encerrado
Syntheo Unitoken #99;Unitoken;09/07/2025;-10;R$ 0,00;R$ 0,00;R$ 0,00;R$ 0,00;R$ 0,00;;;R$ 0,00;;;;0,0%;;"";;SYNTHÉO SECURITIZADORA DE CRÉDITOS S.A.;AMFI COMPANHIA SECURITIZADORA DE CREDITOS FINANCEIROS I SA;Oferta Pública;Duplicata;Produto Encerrado
Syntheo Unitoken #104;Unitoken;09/07/2025;-10;R$ 0,00;R$ 0,00;R$ 0,00;R$ 0,00;R$ 0,00;;;R$ 0,00;;;;0,0%;;"";;SYNTHÉO SECURITIZADORA DE CRÉDITOS S.A.;AMFI COMPANHIA SECURITIZADORA DE CREDITOS FINANCEIROS I SA;Oferta Pública;Duplicata;Produto Encerrado
Syntheo Unitoken #93;Unitoken;09/07/2025;-10;R$ 0,00;R$ 0,00;R$ 0,00;R$ 0,00;R$ 0,00;;;R$ 0,00;;;;0,0%;;"";;SYNTHÉO SECURITIZADORA DE CRÉDITOS S.A.;AMFI COMPANHIA SECURITIZADORA DE CREDITOS FINANCEIROS I SA;Oferta Pública;Duplicata;Produto Encerrado
BRL Unitoken #10;Unitoken;09/07/2025;-10;R$ 0,00;R$ 0,00;R$ 0,00;R$ 0,00;R$ 0,00;;;R$ 0,00;;;;0,0%;;"";;BRL SECURITIZADORA S.A;AMFI COMPANHIA SECURITIZADORA DE CREDITOS FINANCEIROS I SA;Oferta Pública;Duplicata;Produto Encerrado
Formento Unitoken #125;Unitoken;09/07/2025;-10;R$ 0,00;R$ 0,00;R$ 0,00;R$ 0,00;R$ 0,00;;;R$ 0,00;;;;0,0%;;"";;Formento Securitizadora S.A.;AMFI COMPANHIA SECURITIZADORA DE CREDITOS FINANCEIROS I SA;Oferta Pública;Duplicata;Produto Encerrado
Syntheo Unitoken #89;Unitoken;09/07/2025;-10;R$ 0,00;R$ 0,00;R$ 0,00;R$ 0,00;R$ 0,00;;;R$ 0,00;;;;0,0%;;"";;SYNTHÉO SECURITIZADORA DE CRÉDITOS S.A.;AMFI COMPANHIA SECURITIZADORA DE CREDITOS FINANCEIROS I SA;Oferta Pública;Duplicata;Produto Encerrado
Lecapital Unitoken #3;Unitoken;09/07/2025;-10;R$ 0,00;R$ 0,00;R$ 0,00;R$ 0,00;R$ 0,00;;;R$ 0,00;;;;0,0%;;"";;LECAPITAL SECURITIZADORA S/A;AMFI COMPANHIA SECURITIZADORA DE CREDITOS FINANCEIROS I SA;Oferta Pública;Duplicata;Produto Encerrado
Lebasq Unitoken #51;Unitoken;10/07/2025;-9;R$ 0,00;R$ 0,00;R$ 0,00;R$ 0,00;R$ 0,00;;;R$ 0,00;;;;0,0%;;"";;LEBASQ SECURITIZAÇÃO DE CRÉDITOS SA;AMFI COMPANHIA SECURITIZADORA DE CREDITOS FINANCEIROS I SA;Oferta Pública;Duplicata;Produto Encerrado
Grana.ai Unitoken #10;Unitoken;10/07/2025;-9;R$ 0,00;R$ 578,24;R$ 0,00;R$ 0,00;R$ 0,00;;R$ 0,00;R$ 0,00;;;;0,0%;;"";;GRANA.AI TECNOLOGIA LTDA;AMFI COMPANHIA SECURITIZADORA DE CREDITOS FINANCEIROS I SA;Oferta Pública;Recebível de Cartão;Produto Encerrado
a55  Unitoken #32;Unitoken;10/07/2025;-9;R$ 0,00;R$ 0,00;R$ 0,00;R$ 0,00;R$ 0,00;;;R$ 0,00;;;;0,0%;;"";;a55 SECURITIZADORA S.A.;a55 SECURITIZADORA S.A.;Oferta Pública;CCB;Produto Encerrado
Click Antecipa Unitoken #115;Unitoken;10/07/2025;-9;R$ 0,00;R$ 0,17;R$ 0,00;R$ 0,00;R$ 0,00;;R$ 0,00;R$ 0,00;;;;0,0%;;"";;CLICK SECURITIZADORA S.A.;AMFI COMPANHIA SECURITIZADORA DE CREDITOS FINANCEIROS I SA;Oferta Pública;Duplicata;Produto Encerrado
Wynvest Unitoken #6;Unitoken;10/07/2025;-9;R$ 0,00;R$ 0,89;R$ 0,00;R$ 0,00;R$ 0,00;;R$ 0,00;R$ 0,00;;;;0,0%;;"";;WYNVEST SECURITIZADORA DE CRÉDITO S.A;AMFI COMPANHIA SECURITIZADORA DE CREDITOS FINANCEIROS I SA;Oferta Pública;Duplicata;Produto Encerrado
C4 Unitoken #61;Unitoken;10/07/2025;-9;R$ 0,00;R$ 0,00;R$ 0,00;R$ 0,00;R$ 0,00;;;R$ 0,00;;;;0,0%;;"";;C4 CAPITAL SECURITIZADORA S/A;AMFI COMPANHIA SECURITIZADORA DE CREDITOS FINANCEIROS I SA;Oferta Pública;Duplicata;Produto Encerrado
Formento Unitoken #84;Unitoken;11/07/2025;-8;R$ 0,00;R$ 0,00;R$ 0,00;R$ 0,00;R$ 0,00;;;R$ 0,00;;;;0,0%;;"";;Formento Securitizadora S.A.;AMFI COMPANHIA SECURITIZADORA DE CREDITOS FINANCEIROS I SA;Oferta Pública;Duplicata;Produto Encerrado
B.Invest Unitoken #3;Unitoken;11/07/2025;-8;R$ 0,00;R$ 0,00;R$ 0,00;R$ 0,00;R$ 0,00;;;R$ 0,00;;;;0,0%;;"";;B.Invest Securitizadora de Créditos S.A.;AMFI COMPANHIA SECURITIZADORA DE CREDITOS FINANCEIROS I SA;Oferta Pública;Duplicata;Produto Encerrado
Lebasq Unitoken #44;Unitoken;14/07/2025;-5;R$ 0,00;R$ 0,00;R$ 0,00;R$ 0,00;R$ 0,00;;;R$ 0,00;;;;0,0%;;"";;LEBASQ SECURITIZAÇÃO DE CRÉDITOS SA;AMFI COMPANHIA SECURITIZADORA DE CREDITOS FINANCEIROS I SA;Oferta Pública;Duplicata;Produto Encerrado
Chronos Unitoken #14;Unitoken;14/07/2025;-5;R$ 0,00;R$ 0,00;R$ 0,00;R$ 0,00;R$ 0,00;;;R$ 0,00;;;;0,0%;;"";;CHRONOS SECURITIZADORA S/A;AMFI COMPANHIA SECURITIZADORA DE CREDITOS FINANCEIROS I SA;Oferta Pública;Duplicata;Produto Encerrado
Click Antecipa Unitoken #104;Unitoken;14/07/2025;-5;R$ 0,00;R$ 0,00;R$ 0,00;R$ 0,00;R$ 0,00;;;R$ 0,00;;;;0,0%;;"";;CLICK SECURITIZADORA S.A.;AMFI COMPANHIA SECURITIZADORA DE CREDITOS FINANCEIROS I SA;Oferta Pública;Duplicata;Produto Encerrado
OUB CAPITAL Unitoken #12;Unitoken;15/07/2025;-4;R$ 0,00;R$ 0,00;R$ 0,00;R$ 0,00;R$ 0,00;;;R$ 0,00;;;;0,0%;;"";;OUB CAPITAL SA;AMFI COMPANHIA SECURITIZADORA DE CREDITOS FINANCEIROS I SA;Oferta Pública;Duplicata;Produto Encerrado
C4 Unitoken #58;Unitoken;15/07/2025;-4;R$ 0,00;R$ 0,00;R$ 0,00;R$ 0,00;R$ 0,00;;;R$ 0,00;;;;0,0%;;"";;C4 CAPITAL SECURITIZADORA S/A;AMFI COMPANHIA SECURITIZADORA DE CREDITOS FINANCEIROS I SA;Oferta Pública;Duplicata;Produto Encerrado
Conecta Lá Unitoken #146;Unitoken;15/07/2025;-4;R$ 0,00;R$ 0,00;R$ 0,00;R$ 0,00;R$ 0,00;;;R$ 0,00;;;;0,0%;;"";;FULL NINE DIGITAL CONSULTORIA S.A.;AMFI COMPANHIA SECURITIZADORA DE CREDITOS FINANCEIROS I SA;Oferta Pública;Duplicata;Produto Encerrado
Conecta Lá Unitoken #147;Unitoken;15/07/2025;-4;R$ 0,00;R$ 0,00;R$ 0,00;R$ 0,00;R$ 0,00;;;R$ 0,00;;;;0,0%;;"";;FULL NINE DIGITAL CONSULTORIA S.A.;AMFI COMPANHIA SECURITIZADORA DE CREDITOS FINANCEIROS I SA;Oferta Pública;Duplicata;Produto Encerrado
C4 Unitoken #53;Unitoken;15/07/2025;-4;R$ 0,00;R$ 0,00;R$ 0,00;R$ 0,00;R$ 0,00;;;R$ 0,00;;;;0,0%;;"";;C4 CAPITAL SECURITIZADORA S/A;AMFI COMPANHIA SECURITIZADORA DE CREDITOS FINANCEIROS I SA;Oferta Pública;Duplicata;Produto Encerrado
Faighus Unitoken #24;Unitoken;15/07/2025;-4;R$ 0,00;R$ 0,00;R$ 0,00;R$ 0,00;R$ 0,00;;;R$ 0,00;;;;0,0%;;"";;FAIGHUS SECURITIZADORA S.A.;AMFI COMPANHIA SECURITIZADORA DE CREDITOS FINANCEIROS I SA;Oferta Pública;Duplicata;Produto Encerrado
Syntheo Unitoken #94;Unitoken;15/07/2025;-4;R$ 0,00;R$ 4,27;R$ 0,00;R$ 0,00;R$ 0,00;;R$ 0,00;R$ 0,00;;;;0,0%;;"";;SYNTHÉO SECURITIZADORA DE CRÉDITOS S.A.;AMFI COMPANHIA SECURITIZADORA DE CREDITOS FINANCEIROS I SA;Oferta Pública;Duplicata;Produto Encerrado
C4 Unitoken #55;Unitoken;15/07/2025;-4;R$ 0,00;R$ 0,00;R$ 0,00;R$ 0,00;R$ 0,00;;;R$ 0,00;;;;0,0%;;"";;C4 CAPITAL SECURITIZADORA S/A;AMFI COMPANHIA SECURITIZADORA DE CREDITOS FINANCEIROS I SA;Oferta Pública;Duplicata;Produto Encerrado
Conecta Lá Unitoken #155;Unitoken;15/07/2025;-4;R$ 0,00;R$ 0,00;R$ 0,00;R$ 0,00;R$ 0,00;;;R$ 0,00;;;;0,0%;;"";;FULL NINE DIGITAL CONSULTORIA S.A.;AMFI COMPANHIA SECURITIZADORA DE CREDITOS FINANCEIROS I SA;Oferta Pública;Duplicata;Produto Encerrado
BRL Unitoken #11;Unitoken;15/07/2025;-4;R$ 0,00;R$ 0,00;R$ 0,00;R$ 0,00;R$ 0,00;;;R$ 0,00;;;;0,0%;;"";;BRL SECURITIZADORA S.A;AMFI COMPANHIA SECURITIZADORA DE CREDITOS FINANCEIROS I SA;Oferta Pública;Duplicata;Produto Encerrado
BMDC Unitoken #3;Unitoken;15/07/2025;-4;R$ 0,00;R$ 0,00;R$ 0,00;R$ 0,00;R$ 0,00;;;R$ 0,00;;;;0,0%;;"";;BMDC SECURITIZADORA SA;AMFI COMPANHIA SECURITIZADORA DE CREDITOS FINANCEIROS I SA;;CCB;
Conecta Lá Unitoken #135;Unitoken;15/07/2025;-4;R$ 0,00;R$ 8,62;R$ 0,00;R$ 0,00;R$ 0,00;;R$ 0,00;R$ 0,00;;;;0,0%;;"";;FULL NINE DIGITAL CONSULTORIA S.A.;AMFI COMPANHIA SECURITIZADORA DE CREDITOS FINANCEIROS I SA;Oferta Pública;Duplicata;Produto Encerrado
Learnbase Unitoken #59;Unitoken;15/07/2025;-4;R$ 0,00;R$ 0,00;R$ 0,00;R$ 0,00;R$ 0,00;;;R$ 0,00;;;;0,0%;;"";;Learnbase Gestão e Consultoria Educacional S.A.;AMFI COMPANHIA SECURITIZADORA DE CREDITOS FINANCEIROS I SA;Oferta Pública;Duplicata;Produto Encerrado
Wynvest Unitoken #8;Unitoken;16/07/2025;-3;R$ 0,00;R$ 0,00;R$ 0,00;R$ 0,00;R$ 0,00;;;R$ 0,00;;;;0,0%;;"";;WYNVEST SECURITIZADORA DE CRÉDITO S.A;AMFI COMPANHIA SECURITIZADORA DE CREDITOS FINANCEIROS I SA;Oferta Pública;Duplicata;Produto Encerrado
Lebasq Unitoken #45;Unitoken;16/07/2025;-3;R$ 0,00;R$ 0,00;R$ 0,00;R$ 0,00;R$ 0,00;;;R$ 0,00;;;;0,0%;;"";;LEBASQ SECURITIZAÇÃO DE CRÉDITOS SA;AMFI COMPANHIA SECURITIZADORA DE CREDITOS FINANCEIROS I SA;Oferta Pública;Duplicata;Produto Encerrado
AFA CONSULTORIA DE CREDITO Unitoken #27;Unitoken;17/07/2025;-2;R$ 35.000,00;R$ 35.031,22;R$ 0,00;R$ 35.000,00;R$ 0,00;;R$ 1,00;R$ 0,00;;;100,0%;0,0%;1,4%;"";;AFA CONSULTORIA DE CREDITO UNIPESSOAL LTDA;AMFI COMPANHIA SECURITIZADORA DE CREDITOS FINANCEIROS I SA;Oferta Pública;Duplicata;Captação finalizada
C4 Unitoken #52;Unitoken;17/07/2025;-2;R$ 0,00;R$ 0,00;R$ 0,00;R$ 0,00;R$ 0,00;;;R$ 0,00;;;;0,0%;;"";;C4 CAPITAL SECURITIZADORA S/A;AMFI COMPANHIA SECURITIZADORA DE CREDITOS FINANCEIROS I SA;Oferta Pública;Duplicata;Produto Encerrado
Faighus Unitoken #19;Unitoken;18/07/2025;-1;R$ 0,00;R$ 0,00;R$ 0,00;R$ 0,00;R$ 0,00;;;R$ 0,00;;;;0,0%;;"";;FAIGHUS SECURITIZADORA S.A.;AMFI COMPANHIA SECURITIZADORA DE CREDITOS FINANCEIROS I SA;Oferta Pública;Duplicata;Produto Encerrado
Lebasq Unitoken #49;Unitoken;18/07/2025;-1;R$ 0,00;R$ 0,00;R$ 0,00;R$ 0,00;R$ 0,00;;;R$ 0,00;;;;0,0%;;"";;LEBASQ SECURITIZAÇÃO DE CRÉDITOS SA;AMFI COMPANHIA SECURITIZADORA DE CREDITOS FINANCEIROS I SA;Oferta Pública;Duplicata;Produto Encerrado
Formento Unitoken #121;Unitoken;18/07/2025;-1;R$ 0,00;R$ 0,00;R$ 0,00;R$ 0,00;R$ 0,00;;;R$ 0,00;;;;0,0%;;"";;Formento Securitizadora S.A.;AMFI COMPANHIA SECURITIZADORA DE CREDITOS FINANCEIROS I SA;Oferta Pública;Duplicata;Produto Encerrado
Conecta Lá Unitoken #141;Unitoken;21/07/2025;2;R$ 0,00;R$ 0,00;R$ 0,00;R$ 0,00;R$ 0,00;;;R$ 0,00;;;;0,0%;;"";21/07/2025;FULL NINE DIGITAL CONSULTORIA S.A.;AMFI COMPANHIA SECURITIZADORA DE CREDITOS FINANCEIROS I SA;Oferta Pública;Duplicata;Produto Encerrado
Conecta Lá Unitoken #160;Unitoken;21/07/2025;2;R$ 0,00;R$ 0,00;R$ 0,00;R$ 0,00;R$ 0,00;;;R$ 0,00;;;;0,0%;;"";21/07/2025;FULL NINE DIGITAL CONSULTORIA S.A.;AMFI COMPANHIA SECURITIZADORA DE CREDITOS FINANCEIROS I SA;Oferta Pública;Duplicata;Produto Encerrado
Conecta Lá Unitoken #145;Unitoken;21/07/2025;2;R$ 0,00;R$ 0,00;R$ 0,00;R$ 0,00;R$ 0,00;;;R$ 0,00;;;;0,0%;;"";21/07/2025;FULL NINE DIGITAL CONSULTORIA S.A.;AMFI COMPANHIA SECURITIZADORA DE CREDITOS FINANCEIROS I SA;Oferta Pública;Duplicata;Produto Encerrado
C4 Unitoken #56;Unitoken;21/07/2025;2;R$ 4.167,24;R$ 4.167,16;R$ 0,08;R$ 4.167,24;R$ 0,00;;R$ 1,00;R$ 0,00;;;;0,0%;1,7%;"";21/07/2025;C4 CAPITAL SECURITIZADORA S/A;AMFI COMPANHIA SECURITIZADORA DE CREDITOS FINANCEIROS I SA;Oferta Pública;Duplicata;Captação finalizada
Conecta Lá Unitoken #164;Unitoken;21/07/2025;2;R$ 0,00;R$ 0,00;R$ 0,00;R$ 0,00;R$ 0,00;;;R$ 0,00;;;;0,0%;;"";21/07/2025;FULL NINE DIGITAL CONSULTORIA S.A.;AMFI COMPANHIA SECURITIZADORA DE CREDITOS FINANCEIROS I SA;Oferta Pública;Duplicata;Produto Encerrado
Wynvest Unitoken #7;Unitoken;21/07/2025;2;R$ 122.315,68;R$ 122.252,69;R$ 62,99;R$ 122.315,68;R$ 0,00;;R$ 1,00;R$ 0,00;;;;0,0%;1,6%;"";21/07/2025;WYNVEST SECURITIZADORA DE CRÉDITO S.A;AMFI COMPANHIA SECURITIZADORA DE CREDITOS FINANCEIROS I SA;Oferta Pública;Duplicata;Captação finalizada
Conecta Lá Unitoken #143;Unitoken;21/07/2025;2;R$ 109.938,31;R$ 109.877,64;R$ 60,67;R$ 109.938,31;R$ 0,00;;R$ 1,00;R$ 0,00;;;;0,0%;1,7%;"";21/07/2025;FULL NINE DIGITAL CONSULTORIA S.A.;AMFI COMPANHIA SECURITIZADORA DE CREDITOS FINANCEIROS I SA;Oferta Pública;Duplicata;Captação finalizada
Grana.ai Unitoken #11;Unitoken;21/07/2025;2;R$ 7.605,53;R$ 7.618,76;R$ 0,00;R$ 7.605,53;R$ 0,00;;R$ 1,00;R$ 0,00;;;41,6%;0,0%;1,6%;"";21/07/2025;GRANA.AI TECNOLOGIA LTDA;AMFI COMPANHIA SECURITIZADORA DE CREDITOS FINANCEIROS I SA;Oferta Pública;Recebível de Cartão;Captação finalizada
Syntheo Unitoken #96;Unitoken;21/07/2025;2;R$ 21.392,66;R$ 21.417,70;R$ 0,00;R$ 21.392,66;R$ 0,00;;R$ 1,00;R$ 0,00;;;;0,0%;1,6%;"";21/07/2025;SYNTHÉO SECURITIZADORA DE CRÉDITOS S.A.;AMFI COMPANHIA SECURITIZADORA DE CREDITOS FINANCEIROS I SA;Oferta Pública;Duplicata;Captação finalizada
Learnbase Unitoken #61;Unitoken;21/07/2025;2;R$ 0,00;R$ 0,00;R$ 0,00;R$ 0,00;R$ 0,00;;;R$ 0,00;;;;0,0%;;"";21/07/2025;Learnbase Gestão e Consultoria Educacional S.A.;AMFI COMPANHIA SECURITIZADORA DE CREDITOS FINANCEIROS I SA;Oferta Pública;Duplicata;Produto Encerrado
Learnbase Unitoken #60;Unitoken;22/07/2025;3;R$ 21.750,62;R$ 21.737,75;R$ 12,87;R$ 21.750,62;R$ 0,00;;R$ 1,00;R$ 0,00;;;;0,0%;1,9%;"";22/07/2025;Learnbase Gestão e Consultoria Educacional S.A.;AMFI COMPANHIA SECURITIZADORA DE CREDITOS FINANCEIROS I SA;Oferta Pública;Duplicata;Captação finalizada
Learnbase Unitoken #62;Unitoken;22/07/2025;3;R$ 26.746,83;R$ 26.731,21;R$ 15,62;R$ 26.746,83;R$ 0,00;;R$ 1,00;R$ 0,00;;;;0,0%;1,9%;"";22/07/2025;Learnbase Gestão e Consultoria Educacional S.A.;AMFI COMPANHIA SECURITIZADORA DE CREDITOS FINANCEIROS I SA;Oferta Pública;Duplicata;Captação finalizada
OUB CAPITAL Unitoken #9;Unitoken;22/07/2025;3;R$ 7.192,89;R$ 7.047,23;R$ 145,66;R$ 7.192,89;R$ 0,00;;R$ 1,02;R$ 0,00;;;;0,0%;1,5%;"";22/07/2025;OUB CAPITAL SA;AMFI COMPANHIA SECURITIZADORA DE CREDITOS FINANCEIROS I SA;Oferta Pública;Duplicata;Captação finalizada
Faighus Unitoken #20;Unitoken;22/07/2025;3;R$ 14.495,82;R$ 14.495,80;R$ 0,02;R$ 14.495,82;R$ 0,00;;R$ 1,00;R$ 0,00;;;;0,0%;1,6%;"";22/07/2025;FAIGHUS SECURITIZADORA S.A.;AMFI COMPANHIA SECURITIZADORA DE CREDITOS FINANCEIROS I SA;Oferta Pública;Duplicata;Captação finalizada
Formento Unitoken #105;Unitoken;22/07/2025;3;R$ 22.267,70;R$ 22.237,83;R$ 29,87;R$ 22.267,70;R$ 0,00;;R$ 1,00;R$ 0,00;;;;0,0%;1,6%;"";21/07/2025;Formento Securitizadora S.A.;AMFI COMPANHIA SECURITIZADORA DE CREDITOS FINANCEIROS I SA;Oferta Pública;Duplicata;Captação finalizada
Syntheo Unitoken #92;Unitoken;22/07/2025;3;R$ 32.931,21;R$ 32.939,83;R$ 0,00;R$ 32.948,39;R$ 0,00;;R$ 1,00;R$ 0,00;;;;0,0%;1,6%;"";22/07/2025;SYNTHÉO SECURITIZADORA DE CRÉDITOS S.A.;AMFI COMPANHIA SECURITIZADORA DE CREDITOS FINANCEIROS I SA;Oferta Pública;Duplicata;Captação finalizada
Faighus Unitoken #21;Unitoken;22/07/2025;3;R$ 13.006,94;R$ 13.006,92;R$ 0,02;R$ 13.006,94;R$ 0,00;;R$ 1,00;R$ 0,00;;;;0,0%;1,6%;"";22/07/2025;FAIGHUS SECURITIZADORA S.A.;AMFI COMPANHIA SECURITIZADORA DE CREDITOS FINANCEIROS I SA;Oferta Pública;Duplicata;Captação finalizada
Faighus Unitoken #22;Unitoken;22/07/2025;3;R$ 21.246,89;R$ 21.246,87;R$ 0,02;R$ 21.246,89;R$ 0,00;;R$ 1,00;R$ 0,00;;;;0,0%;1,6%;"";22/07/2025;FAIGHUS SECURITIZADORA S.A.;AMFI COMPANHIA SECURITIZADORA DE CREDITOS FINANCEIROS I SA;Oferta Pública;Duplicata;Captação finalizada
Formento Unitoken #98;Unitoken;23/07/2025;4;R$ 16.372,94;R$ 16.361,88;R$ 11,06;R$ 16.372,94;R$ 0,00;;R$ 1,00;R$ 0,00;;;;0,0%;1,5%;"";23/07/2025;Formento Securitizadora S.A.;AMFI COMPANHIA SECURITIZADORA DE CREDITOS FINANCEIROS I SA;Oferta Pública;Duplicata;Captação finalizada
Wynvest Unitoken #11;Unitoken;23/07/2025;4;R$ 155.075,29;R$ 135.886,21;R$ 19.189,08;R$ 155.075,29;R$ 0,00;;R$ 1,14;R$ 0,00;;;;0,0%;1,6%;"";23/07/2025;WYNVEST SECURITIZADORA DE CRÉDITO S.A;AMFI COMPANHIA SECURITIZADORA DE CREDITOS FINANCEIROS I SA;Oferta Pública;Duplicata;Em captação
AFA CONSULTORIA DE CREDITO Unitoken #15;Unitoken;24/07/2025;5;R$ 17.460,06;R$ 17.460,02;R$ 0,04;R$ 17.460,06;R$ 0,00;;R$ 1,00;R$ 0,00;;;;0,0%;1,4%;"";24/07/2025;AFA CONSULTORIA DE CREDITO UNIPESSOAL LTDA;AMFI COMPANHIA SECURITIZADORA DE CREDITOS FINANCEIROS I SA;Oferta Pública;Duplicata;Captação finalizada
Syntheo Unitoken #100;Unitoken;24/07/2025;5;R$ 26.763,43;R$ 26.787,32;R$ 0,00;R$ 26.763,43;R$ 0,00;;R$ 1,00;R$ 0,00;;;;0,0%;1,6%;"";24/07/2025;SYNTHÉO SECURITIZADORA DE CRÉDITOS S.A.;AMFI COMPANHIA SECURITIZADORA DE CREDITOS FINANCEIROS I SA;Oferta Pública;Duplicata;Captação finalizada
Syntheo Unitoken #108;Unitoken;25/07/2025;6;R$ 53.233,13;R$ 53.233,06;R$ 0,07;R$ 53.233,13;R$ 0,00;;R$ 1,00;R$ 0,00;;;;0,0%;1,6%;"";25/07/2025;SYNTHÉO SECURITIZADORA DE CRÉDITOS S.A.;AMFI COMPANHIA SECURITIZADORA DE CREDITOS FINANCEIROS I SA;Oferta Pública;Duplicata;Captação finalizada
C4 Unitoken #62;Unitoken;25/07/2025;6;R$ 27.281,75;R$ 27.281,61;R$ 0,14;R$ 27.281,75;R$ 0,00;;R$ 1,00;R$ 0,00;;;;0,0%;1,6%;"";25/07/2025;C4 CAPITAL SECURITIZADORA S/A;AMFI COMPANHIA SECURITIZADORA DE CREDITOS FINANCEIROS I SA;Oferta Pública;Duplicata;Captação finalizada
C4 Unitoken #60;Unitoken;25/07/2025;6;R$ 3.005,43;R$ 3.005,27;R$ 0,16;R$ 3.005,43;R$ 0,00;;R$ 1,00;R$ 0,00;;;;0,0%;1,6%;"";25/07/2025;C4 CAPITAL SECURITIZADORA S/A;AMFI COMPANHIA SECURITIZADORA DE CREDITOS FINANCEIROS I SA;Oferta Pública;Duplicata;Captação finalizada
Conecta Lá Unitoken #149;Unitoken;25/07/2025;6;R$ 27.963,77;R$ 27.963,74;R$ 0,03;R$ 27.963,77;R$ 0,00;;R$ 1,00;R$ 0,00;;;;0,0%;1,7%;"";25/07/2025;FULL NINE DIGITAL CONSULTORIA S.A.;AMFI COMPANHIA SECURITIZADORA DE CREDITOS FINANCEIROS I SA;Oferta Pública;Duplicata;Captação finalizada
Faighus Unitoken #23;Unitoken;25/07/2025;6;R$ 11.108,87;R$ 11.108,85;R$ 0,02;R$ 11.108,87;R$ 0,00;;R$ 1,00;R$ 0,00;;;;0,0%;1,6%;"";25/07/2025;FAIGHUS SECURITIZADORA S.A.;AMFI COMPANHIA SECURITIZADORA DE CREDITOS FINANCEIROS I SA;Oferta Pública;Duplicata;Captação finalizada
Conecta Lá Unitoken #144;Unitoken;25/07/2025;6;R$ 25.812,97;R$ 25.812,94;R$ 0,03;R$ 25.812,97;R$ 0,00;;R$ 1,00;R$ 0,00;;;;0,0%;1,7%;"";25/07/2025;FULL NINE DIGITAL CONSULTORIA S.A.;AMFI COMPANHIA SECURITIZADORA DE CREDITOS FINANCEIROS I SA;Oferta Pública;Duplicata;Captação finalizada
Lebasq Unitoken #37;Unitoken;26/07/2025;7;R$ 340,18;R$ 303,20;R$ 36,98;R$ 340,18;R$ 0,00;;R$ 1,13;R$ 0,00;;;;0,0%;1,3%;"";26/07/2025;LEBASQ SECURITIZAÇÃO DE CRÉDITOS SA;AMFI COMPANHIA SECURITIZADORA DE CREDITOS FINANCEIROS I SA;Oferta Pública;Duplicata;Captação finalizada
Blipay Pool #1;Pool;26/07/2025;7;R$ 4.252.574,70;R$ 1.591.343,12;R$ 2.661.231,59;R$ 7.171.232,79;R$ 1.710.424,61;R$ 5.000,00;R$ 4,51;R$ 0,00;62,6%;30,0%;168,6%;4.292.435,2%;40,9%;"";26/07/2025;BLIPAY INTERMEDIACAO DE NEGOCIOS E TECNOLOGIA LTDA;AMFI COMPANHIA SECURITIZADORA DE CREDITOS FINANCEIROS I SA;Oferta Pública;CCB;Captação finalizada
Lebasq Unitoken #50;Unitoken;28/07/2025;9;R$ 2.587,73;R$ 2.575,15;R$ 12,58;R$ 2.587,73;R$ 0,00;;R$ 1,01;R$ 0,00;;;;0,0%;1,3%;"";23/07/2025;LEBASQ SECURITIZAÇÃO DE CRÉDITOS SA;AMFI COMPANHIA SECURITIZADORA DE CREDITOS FINANCEIROS I SA;Oferta Pública;Duplicata;Captação finalizada
Conecta Lá Unitoken #108;Unitoken;28/07/2025;9;R$ 12.952,42;R$ 12.973,96;R$ 0,00;R$ 12.952,42;R$ 0,00;;R$ 1,00;R$ 0,00;;;;0,0%;1,6%;"";28/07/2025;FULL NINE DIGITAL CONSULTORIA S.A.;AMFI COMPANHIA SECURITIZADORA DE CREDITOS FINANCEIROS I SA;Oferta Pública;Duplicata;Captação finalizada
Formento Unitoken #102;Unitoken;28/07/2025;9;R$ 6.230,21;R$ 6.203,27;R$ 26,94;R$ 6.230,21;R$ 0,00;;R$ 1,01;R$ 0,00;;;;0,0%;1,6%;"";28/07/2025;Formento Securitizadora S.A.;AMFI COMPANHIA SECURITIZADORA DE CREDITOS FINANCEIROS I SA;Oferta Pública;Duplicata;Captação finalizada
Grana.ai Unitoken #12;Unitoken;28/07/2025;9;R$ 17.929,80;R$ 17.929,98;R$ 0,00;R$ 17.929,80;R$ 0,00;;R$ 1,00;R$ 0,00;;;;0,0%;1,6%;"";21/07/2025;GRANA.AI TECNOLOGIA LTDA;AMFI COMPANHIA SECURITIZADORA DE CREDITOS FINANCEIROS I SA;Oferta Pública;Recebível de Cartão;Captação finalizada
Syntheo Unitoken #91;Unitoken;28/07/2025;9;R$ 7.562,18;R$ 7.570,53;R$ 0,00;R$ 7.562,18;R$ 0,00;;R$ 1,00;R$ 0,00;;;;0,0%;1,6%;"";28/07/2025;SYNTHÉO SECURITIZADORA DE CRÉDITOS S.A.;AMFI COMPANHIA SECURITIZADORA DE CREDITOS FINANCEIROS I SA;Oferta Pública;Duplicata;Captação finalizada
AFA CONSULTORIA DE CREDITO Unitoken #26;Unitoken;29/07/2025;10;R$ 17.421,63;R$ 17.421,72;R$ 0,00;R$ 17.421,63;R$ 0,00;;R$ 1,00;R$ 0,00;;;;0,0%;1,4%;"";29/07/2025;AFA CONSULTORIA DE CREDITO UNIPESSOAL LTDA;AMFI COMPANHIA SECURITIZADORA DE CREDITOS FINANCEIROS I SA;Oferta Pública;Duplicata;Captação finalizada
Click Antecipa Unitoken #116;Unitoken;29/07/2025;10;R$ 17.393,92;R$ 17.345,03;R$ 48,89;R$ 17.393,92;R$ 0,00;;R$ 1,01;R$ 0,00;;;;0,0%;1,6%;"";24/07/2025;CLICK SECURITIZADORA S.A.;AMFI COMPANHIA SECURITIZADORA DE CREDITOS FINANCEIROS I SA;Oferta Pública;Duplicata;Captação finalizada
BRL Unitoken #12;Unitoken;29/07/2025;10;R$ 33.526,41;R$ 33.551,73;R$ 0,00;R$ 33.526,41;R$ 0,00;;R$ 1,00;R$ 0,00;;;;0,0%;1,9%;"";21/07/2025;BRL SECURITIZADORA S.A;AMFI COMPANHIA SECURITIZADORA DE CREDITOS FINANCEIROS I SA;Oferta Pública;Duplicata;Captação finalizada
OUB CAPITAL Unitoken #13;Unitoken;29/07/2025;10;R$ 9.937,06;R$ 9.690,90;R$ 246,16;R$ 9.937,06;R$ 0,00;;R$ 1,03;R$ 0,00;;;;0,0%;1,6%;"";29/07/2025;OUB CAPITAL SA;AMFI COMPANHIA SECURITIZADORA DE CREDITOS FINANCEIROS I SA;Oferta Pública;Duplicata;Captação finalizada
Lebasq Unitoken #38;Unitoken;29/07/2025;10;R$ 1.973,91;R$ 1.979,11;R$ 0,00;R$ 1.973,91;R$ 0,00;;R$ 1,00;R$ 0,00;;;;0,0%;1,3%;"";29/07/2025;LEBASQ SECURITIZAÇÃO DE CRÉDITOS SA;AMFI COMPANHIA SECURITIZADORA DE CREDITOS FINANCEIROS I SA;Oferta Pública;Duplicata;Captação finalizada
Faighus Unitoken #25;Unitoken;29/07/2025;10;R$ 16.773,05;R$ 16.773,04;R$ 0,01;R$ 16.773,05;R$ 0,00;;R$ 1,01;R$ 0,00;;;;0,0%;1,6%;"";29/07/2025;FAIGHUS SECURITIZADORA S.A.;AMFI COMPANHIA SECURITIZADORA DE CREDITOS FINANCEIROS I SA;Oferta Pública;Duplicata;Captação finalizada
Faighus Unitoken #26;Unitoken;29/07/2025;10;R$ 16.524,71;R$ 16.524,69;R$ 0,02;R$ 16.524,71;R$ 0,00;;R$ 1,01;R$ 0,00;;;;0,0%;1,6%;"";29/07/2025;FAIGHUS SECURITIZADORA S.A.;AMFI COMPANHIA SECURITIZADORA DE CREDITOS FINANCEIROS I SA;Oferta Pública;Duplicata;Captação finalizada
Lebasq Unitoken #39;Unitoken;29/07/2025;10;R$ 760,70;R$ 728,03;R$ 32,67;R$ 760,70;R$ 0,00;;R$ 1,05;R$ 0,00;;;;0,0%;1,3%;"";29/07/2025;LEBASQ SECURITIZAÇÃO DE CRÉDITOS SA;AMFI COMPANHIA SECURITIZADORA DE CREDITOS FINANCEIROS I SA;Oferta Pública;Duplicata;Captação finalizada
Formento Unitoken #107;Unitoken;29/07/2025;10;R$ 50.967,01;R$ 50.916,94;R$ 50,07;R$ 50.967,01;R$ 0,00;;R$ 1,00;R$ 0,00;;;;0,0%;1,6%;"";23/07/2025;Formento Securitizadora S.A.;AMFI COMPANHIA SECURITIZADORA DE CREDITOS FINANCEIROS I SA;Oferta Pública;Duplicata;Captação finalizada
Formento Unitoken #108;Unitoken;29/07/2025;10;R$ 22.232,22;R$ 22.213,29;R$ 18,93;R$ 22.232,22;R$ 0,00;;R$ 1,00;R$ 0,00;;;;0,0%;1,6%;"";25/07/2025;Formento Securitizadora S.A.;AMFI COMPANHIA SECURITIZADORA DE CREDITOS FINANCEIROS I SA;Oferta Pública;Duplicata;Captação finalizada
Formento Unitoken #109;Unitoken;29/07/2025;10;R$ 14.980,69;R$ 14.960,14;R$ 20,55;R$ 14.980,69;R$ 0,00;;R$ 1,01;R$ 0,00;;;;0,0%;1,6%;"";29/07/2025;Formento Securitizadora S.A.;AMFI COMPANHIA SECURITIZADORA DE CREDITOS FINANCEIROS I SA;Oferta Pública;Duplicata;Captação finalizada
OUB CAPITAL Unitoken #16;Unitoken;29/07/2025;10;R$ 38.761,27;R$ 38.747,54;R$ 13,73;R$ 38.761,27;R$ 0,00;;R$ 1,01;R$ 0,00;;;;0,0%;1,7%;"";29/07/2025;OUB CAPITAL SA;AMFI COMPANHIA SECURITIZADORA DE CREDITOS FINANCEIROS I SA;Oferta Pública;Duplicata;Captação finalizada
Formento Unitoken #110;Unitoken;30/07/2025;11;R$ 17.121,33;R$ 17.113,83;R$ 7,50;R$ 17.121,33;R$ 0,00;;R$ 1,01;R$ 0,00;;;;0,0%;1,6%;"";29/07/2025;Formento Securitizadora S.A.;AMFI COMPANHIA SECURITIZADORA DE CREDITOS FINANCEIROS I SA;Oferta Pública;Duplicata;Captação finalizada
Formento Unitoken #89;Unitoken;30/07/2025;11;R$ 34.812,20;R$ 34.796,37;R$ 15,83;R$ 34.812,20;R$ 0,00;;R$ 1,01;R$ 0,00;;;;0,0%;1,5%;"";30/07/2025;Formento Securitizadora S.A.;AMFI COMPANHIA SECURITIZADORA DE CREDITOS FINANCEIROS I SA;Oferta Pública;Duplicata;Captação finalizada
Lebasq Unitoken #41;Unitoken;30/07/2025;11;R$ 620,68;R$ 608,19;R$ 12,49;R$ 620,68;R$ 0,00;;R$ 1,03;R$ 0,00;;;;0,0%;1,3%;"";30/07/2025;LEBASQ SECURITIZAÇÃO DE CRÉDITOS SA;AMFI COMPANHIA SECURITIZADORA DE CREDITOS FINANCEIROS I SA;Oferta Pública;Duplicata;Captação finalizada
C4 Unitoken #54;Unitoken;30/07/2025;11;R$ 42.828,15;R$ 42.827,95;R$ 0,20;R$ 42.828,15;R$ 0,00;;R$ 1,01;R$ 0,00;;;;0,0%;1,6%;"";30/07/2025;C4 CAPITAL SECURITIZADORA S/A;AMFI COMPANHIA SECURITIZADORA DE CREDITOS FINANCEIROS I SA;Oferta Pública;Duplicata;Captação finalizada
Baru Unitoken #9;Unitoken;31/07/2025;12;R$ 28.630,63;R$ 28.547,40;R$ 83,23;R$ 28.630,63;R$ 0,00;;R$ 1,01;R$ 0,00;;;;0,0%;1,6%;"";21/07/2025;GRIFFIN CAPITAL S.A. SECURITIZADORA;AMFI COMPANHIA SECURITIZADORA DE CREDITOS FINANCEIROS I SA;Oferta Pública;Ativo Judicial;Captação finalizada
BRL Unitoken #13;Unitoken;31/07/2025;12;R$ 278.257,03;R$ 278.074,00;R$ 183,03;R$ 278.257,03;R$ 0,00;;R$ 1,01;R$ 0,00;;;;0,0%;1,9%;"";23/07/2025;BRL SECURITIZADORA S.A;AMFI COMPANHIA SECURITIZADORA DE CREDITOS FINANCEIROS I SA;Oferta Pública;Duplicata;Captação finalizada
Grana.ai Unitoken #13;Unitoken;01/08/2025;13;R$ 11.827,75;R$ 11.827,81;R$ 0,00;R$ 11.827,75;R$ 0,00;;R$ 1,01;R$ 0,00;;;;0,0%;1,6%;"";28/07/2025;GRANA.AI TECNOLOGIA LTDA;AMFI COMPANHIA SECURITIZADORA DE CREDITOS FINANCEIROS I SA;Oferta Pública;Recebível de Cartão;Captação finalizada
C4 Unitoken #51;Unitoken;01/08/2025;13;R$ 16.444,04;R$ 16.443,79;R$ 0,25;R$ 16.444,04;R$ 0,00;;R$ 1,01;R$ 0,00;;;;0,0%;1,6%;"";01/08/2025;C4 CAPITAL SECURITIZADORA S/A;AMFI COMPANHIA SECURITIZADORA DE CREDITOS FINANCEIROS I SA;Oferta Pública;Duplicata;Captação finalizada
Lebasq Unitoken #52;Unitoken;01/08/2025;13;R$ 1.425,96;R$ 1.401,47;R$ 24,49;R$ 1.425,96;R$ 0,00;;R$ 1,02;R$ 0,00;;;;0,0%;1,4%;"";01/08/2025;LEBASQ SECURITIZAÇÃO DE CRÉDITOS SA;AMFI COMPANHIA SECURITIZADORA DE CREDITOS FINANCEIROS I SA;Oferta Pública;Duplicata;Captação finalizada
Formento Unitoken #116;Unitoken;04/08/2025;16;R$ 13.733,26;R$ 13.722,96;R$ 10,30;R$ 13.733,26;R$ 0,00;;R$ 1,00;R$ 0,00;;;;0,0%;1,6%;"";22/07/2025;Formento Securitizadora S.A.;AMFI COMPANHIA SECURITIZADORA DE CREDITOS FINANCEIROS I SA;Oferta Pública;Duplicata;Captação finalizada
Wynvest Unitoken #10;Unitoken;04/08/2025;16;R$ 83.405,90;R$ 0,00;R$ 83.405,90;R$ 83.405,90;R$ 0,00;;;R$ 0,00;;;;0,0%;1,6%;"";04/08/2025;WYNVEST SECURITIZADORA DE CRÉDITO S.A;AMFI COMPANHIA SECURITIZADORA DE CREDITOS FINANCEIROS I SA;Oferta Pública;Duplicata;Em captação
Click Antecipa Unitoken #122;Unitoken;05/08/2025;17;R$ 18.085,49;R$ 18.085,41;R$ 0,08;R$ 18.085,49;R$ 0,00;;R$ 1,01;R$ 0,00;;;;0,0%;1,6%;"";05/08/2025;CLICK SECURITIZADORA S.A.;AMFI COMPANHIA SECURITIZADORA DE CREDITOS FINANCEIROS I SA;Oferta Pública;Duplicata;Captação finalizada
Learnbase Unitoken #53;Unitoken;05/08/2025;17;R$ 27.203,80;R$ 27.190,87;R$ 12,93;R$ 27.203,80;R$ 0,00;;R$ 1,01;R$ 0,00;;;;0,0%;1,9%;"";05/08/2025;Learnbase Gestão e Consultoria Educacional S.A.;AMFI COMPANHIA SECURITIZADORA DE CREDITOS FINANCEIROS I SA;Oferta Pública;Duplicata;Captação finalizada
Learnbase Unitoken #63;Unitoken;05/08/2025;17;R$ 15.419,87;R$ 15.414,80;R$ 5,07;R$ 15.419,87;R$ 0,00;;R$ 1,01;R$ 0,00;;;;0,0%;1,9%;"";05/08/2025;Learnbase Gestão e Consultoria Educacional S.A.;AMFI COMPANHIA SECURITIZADORA DE CREDITOS FINANCEIROS I SA;Oferta Pública;Duplicata;Captação finalizada
Lebasq Unitoken #54;Unitoken;05/08/2025;17;R$ 3.704,00;R$ 3.694,42;R$ 9,58;R$ 3.704,00;R$ 0,00;;R$ 1,01;R$ 0,00;;;;0,0%;1,4%;"";25/07/2025;LEBASQ SECURITIZAÇÃO DE CRÉDITOS SA;AMFI COMPANHIA SECURITIZADORA DE CREDITOS FINANCEIROS I SA;Oferta Pública;Duplicata;Captação finalizada
Formento Unitoken #115;Unitoken;05/08/2025;17;R$ 63.333,05;R$ 63.270,11;R$ 62,94;R$ 63.333,05;R$ 0,00;;R$ 1,01;R$ 0,00;;;;0,0%;1,6%;"";29/07/2025;Formento Securitizadora S.A.;AMFI COMPANHIA SECURITIZADORA DE CREDITOS FINANCEIROS I SA;Oferta Pública;Duplicata;Captação finalizada
BRL Unitoken #14;Unitoken;05/08/2025;17;R$ 253.631,67;R$ 253.559,63;R$ 72,04;R$ 253.787,67;R$ 0,00;;R$ 1,01;R$ 0,00;;;;0,0%;1,9%;"";31/07/2025;BRL SECURITIZADORA S.A;AMFI COMPANHIA SECURITIZADORA DE CREDITOS FINANCEIROS I SA;Oferta Pública;Duplicata;Captação finalizada
Conecta Lá Unitoken #165;Unitoken;05/08/2025;17;R$ 21.786,63;R$ 21.786,57;R$ 0,06;R$ 21.786,63;R$ 0,00;;R$ 1,01;R$ 0,00;;;;0,0%;1,7%;"";05/08/2025;FULL NINE DIGITAL CONSULTORIA S.A.;AMFI COMPANHIA SECURITIZADORA DE CREDITOS FINANCEIROS I SA;Oferta Pública;Duplicata;Captação finalizada
Conecta Lá Unitoken #163;Unitoken;05/08/2025;17;R$ 25.648,81;R$ 25.648,74;R$ 0,07;R$ 25.648,81;R$ 0,00;;R$ 1,01;R$ 0,00;;;;0,0%;1,7%;"";05/08/2025;FULL NINE DIGITAL CONSULTORIA S.A.;AMFI COMPANHIA SECURITIZADORA DE CREDITOS FINANCEIROS I SA;Oferta Pública;Duplicata;Captação finalizada
Lebasq Unitoken #53;Unitoken;05/08/2025;17;R$ 753,02;R$ 753,09;R$ 0,00;R$ 753,02;R$ 0,00;;R$ 1,01;R$ 0,00;;;;0,0%;1,4%;"";05/08/2025;LEBASQ SECURITIZAÇÃO DE CRÉDITOS SA;AMFI COMPANHIA SECURITIZADORA DE CREDITOS FINANCEIROS I SA;Oferta Pública;Duplicata;Captação finalizada
Conecta Lá Unitoken #151;Unitoken;05/08/2025;17;R$ 12.711,20;R$ 12.711,19;R$ 0,01;R$ 12.711,20;R$ 0,00;;R$ 1,01;R$ 0,00;;;;0,0%;1,7%;"";05/08/2025;FULL NINE DIGITAL CONSULTORIA S.A.;AMFI COMPANHIA SECURITIZADORA DE CREDITOS FINANCEIROS I SA;Oferta Pública;Duplicata;Captação finalizada
Lecapital Unitoken #5;Unitoken;06/08/2025;18;R$ 68.054,55;R$ 67.725,76;R$ 328,79;R$ 68.054,55;R$ 0,00;;R$ 1,01;R$ 0,00;;;;0,0%;1,6%;"";22/07/2025;LECAPITAL SECURITIZADORA S/A;AMFI COMPANHIA SECURITIZADORA DE CREDITOS FINANCEIROS I SA;Oferta Pública;Duplicata;Captação finalizada
CENTURY Unitoken #1;Unitoken;06/08/2025;18;R$ 258.531,84;R$ 258.319,93;R$ 211,91;R$ 258.531,84;R$ 0,00;;R$ 1,02;R$ 0,00;;;;0,0%;2,5%;"";06/08/2025;CENTURY PROJETOS E CONSTRUÇÕES LTDA;AMFI COMPANHIA SECURITIZADORA DE CREDITOS FINANCEIROS I SA;Oferta Pública;Duplicata;Captação finalizada
Wynvest Unitoken #12;Unitoken;07/08/2025;19;R$ 74.951,61;R$ 74.951,62;R$ 0,00;R$ 74.951,61;R$ 0,00;;R$ 1,01;R$ 0,00;;;;0,0%;1,6%;"";07/08/2025;WYNVEST SECURITIZADORA DE CRÉDITO S.A;AMFI COMPANHIA SECURITIZADORA DE CREDITOS FINANCEIROS I SA;Oferta Pública;Duplicata;Captação finalizada
Grana.ai Unitoken #14;Unitoken;07/08/2025;19;R$ 14.101,96;R$ 14.102,04;R$ 0,00;R$ 14.101,96;R$ 0,00;;R$ 1,01;R$ 0,00;;;;0,0%;1,6%;"";04/08/2025;GRANA.AI TECNOLOGIA LTDA;AMFI COMPANHIA SECURITIZADORA DE CREDITOS FINANCEIROS I SA;Oferta Pública;Recebível de Cartão;Captação finalizada
BRL Unitoken #16;Unitoken;08/08/2025;20;R$ 175.013,67;R$ 21.964,88;R$ 153.048,79;R$ 167.519,61;R$ 7.494,06;;R$ 7,69;R$ 0,00;;;;0,0%;2,1%;"";29/07/2025;BRL SECURITIZADORA S.A;AMFI COMPANHIA SECURITIZADORA DE CREDITOS FINANCEIROS I SA;Oferta Pública;Duplicata;Em captação
Syntheo Unitoken #102;Unitoken;08/08/2025;20;R$ 34.042,98;R$ 34.042,86;R$ 0,12;R$ 34.042,98;R$ 0,00;;R$ 1,01;R$ 0,00;;;;0,0%;1,6%;"";08/08/2025;SYNTHÉO SECURITIZADORA DE CRÉDITOS S.A.;AMFI COMPANHIA SECURITIZADORA DE CREDITOS FINANCEIROS I SA;Oferta Pública;Duplicata;Captação finalizada
Formento Unitoken #119;Unitoken;08/08/2025;20;R$ 16.590,23;R$ 16.583,68;R$ 6,55;R$ 16.590,23;R$ 0,00;;R$ 1,01;R$ 0,00;;;;0,0%;1,6%;"";07/08/2025;Formento Securitizadora S.A.;AMFI COMPANHIA SECURITIZADORA DE CREDITOS FINANCEIROS I SA;Oferta Pública;Duplicata;Captação finalizada
Formento Unitoken #132;Unitoken;11/08/2025;23;R$ 60.072,70;R$ 60.046,25;R$ 26,45;R$ 60.072,70;R$ 0,00;;R$ 1,01;R$ 0,00;;;;0,0%;1,7%;"";04/08/2025;Formento Securitizadora S.A.;AMFI COMPANHIA SECURITIZADORA DE CREDITOS FINANCEIROS I SA;Oferta Pública;Duplicata;Captação finalizada
Learnbase Unitoken #64;Unitoken;11/08/2025;23;R$ 109.024,94;R$ 108.938,02;R$ 86,92;R$ 109.024,94;R$ 0,00;;R$ 1,01;R$ 0,00;;;;0,0%;2,0%;"";11/08/2025;Learnbase Gestão e Consultoria Educacional S.A.;AMFI COMPANHIA SECURITIZADORA DE CREDITOS FINANCEIROS I SA;Oferta Pública;Duplicata;Captação finalizada
Chronos Unitoken #17;Unitoken;11/08/2025;23;R$ 52.291,98;R$ 52.280,04;R$ 11,94;R$ 52.291,98;R$ 0,00;;R$ 1,01;R$ 0,00;;;;0,0%;1,8%;"";01/08/2025;CHRONOS SECURITIZADORA S/A;AMFI COMPANHIA SECURITIZADORA DE CREDITOS FINANCEIROS I SA;Oferta Pública;Duplicata;Captação finalizada
Wynvest Unitoken #5;Unitoken;11/08/2025;23;R$ 393.925,67;R$ 393.807,89;R$ 117,78;R$ 393.925,67;R$ 0,00;;R$ 1,01;R$ 0,00;;;;0,0%;1,6%;"";11/08/2025;WYNVEST SECURITIZADORA DE CRÉDITO S.A;AMFI COMPANHIA SECURITIZADORA DE CREDITOS FINANCEIROS I SA;Oferta Pública;Duplicata;Captação finalizada
Conecta Lá Unitoken #154;Unitoken;11/08/2025;23;R$ 15.257,69;R$ 15.251,29;R$ 6,40;R$ 15.257,69;R$ 0,00;;R$ 1,01;R$ 0,00;;;;0,0%;1,7%;"";11/08/2025;FULL NINE DIGITAL CONSULTORIA S.A.;AMFI COMPANHIA SECURITIZADORA DE CREDITOS FINANCEIROS I SA;Oferta Pública;Duplicata;Captação finalizada
Conecta Lá Unitoken #156;Unitoken;11/08/2025;23;R$ 34.016,79;R$ 34.002,71;R$ 14,08;R$ 34.016,79;R$ 0,00;;R$ 1,01;R$ 0,00;;;;0,0%;1,7%;"";11/08/2025;FULL NINE DIGITAL CONSULTORIA S.A.;AMFI COMPANHIA SECURITIZADORA DE CREDITOS FINANCEIROS I SA;Oferta Pública;Duplicata;Captação finalizada
Girubank Unitoken #27;Unitoken;12/08/2025;24;R$ 29.988,05;R$ 29.985,36;R$ 2,69;R$ 29.988,05;R$ 0,00;;R$ 1,01;R$ 0,00;;;;0,0%;1,9%;"";12/08/2025;Girubank Securitizadora SA;AMFI COMPANHIA SECURITIZADORA DE CREDITOS FINANCEIROS I SA;Oferta Pública;Duplicata;Captação finalizada
Primer Unitoken #5;Unitoken;12/08/2025;24;R$ 53.741,84;R$ 53.692,25;R$ 49,59;R$ 53.741,84;R$ 0,00;;R$ 1,01;R$ 0,00;;;;0,0%;1,9%;"";24/07/2025;Primer Securitizadora S.A;AMFI COMPANHIA SECURITIZADORA DE CREDITOS FINANCEIROS I SA;Oferta Pública;Duplicata;Captação finalizada
Formento Unitoken #122;Unitoken;12/08/2025;24;R$ 50.468,91;R$ 50.436,84;R$ 32,07;R$ 50.468,91;R$ 0,00;;R$ 1,01;R$ 0,00;;;;0,0%;1,6%;"";08/08/2025;Formento Securitizadora S.A.;AMFI COMPANHIA SECURITIZADORA DE CREDITOS FINANCEIROS I SA;Oferta Pública;Duplicata;Captação finalizada
Formento Unitoken #118;Unitoken;12/08/2025;24;R$ 54.450,65;R$ 54.413,92;R$ 36,73;R$ 54.450,65;R$ 0,00;;R$ 1,01;R$ 0,00;;;;0,0%;1,6%;"";06/08/2025;Formento Securitizadora S.A.;AMFI COMPANHIA SECURITIZADORA DE CREDITOS FINANCEIROS I SA;Oferta Pública;Duplicata;Captação finalizada
Formento Unitoken #120;Unitoken;13/08/2025;25;R$ 69.026,79;R$ 69.034,17;R$ 0,00;R$ 69.026,79;R$ 0,00;;R$ 1,01;R$ 0,00;;;;0,0%;1,6%;"";21/07/2025;Formento Securitizadora S.A.;AMFI COMPANHIA SECURITIZADORA DE CREDITOS FINANCEIROS I SA;Oferta Pública;Duplicata;Captação finalizada
Syntheo Unitoken #105;Unitoken;13/08/2025;25;R$ 43.081,86;R$ 43.104,83;R$ 0,00;R$ 43.081,86;R$ 0,00;;R$ 1,00;R$ 0,00;;;;0,0%;1,6%;"";21/07/2025;SYNTHÉO SECURITIZADORA DE CRÉDITOS S.A.;AMFI COMPANHIA SECURITIZADORA DE CREDITOS FINANCEIROS I SA;Oferta Pública;Duplicata;Captação finalizada
BRL Unitoken #15;Unitoken;14/08/2025;26;R$ 265.966,14;R$ 265.898,05;R$ 68,09;R$ 265.966,14;R$ 0,00;;R$ 1,01;R$ 0,00;;;;0,0%;2,0%;"";31/07/2025;BRL SECURITIZADORA S.A;AMFI COMPANHIA SECURITIZADORA DE CREDITOS FINANCEIROS I SA;Oferta Pública;Duplicata;Captação finalizada
Baru Unitoken #15;Unitoken;14/08/2025;26;R$ 90.224,16;R$ 90.223,71;R$ 0,45;R$ 90.224,16;R$ 0,00;;R$ 1,01;R$ 0,00;;;;0,0%;1,5%;"";04/08/2025;GRIFFIN CAPITAL S.A. SECURITIZADORA;AMFI COMPANHIA SECURITIZADORA DE CREDITOS FINANCEIROS I SA;Oferta Pública;Duplicata;Captação finalizada
Digcap Pool #2;Pool;14/08/2025;26;R$ 1.001.551,29;R$ 438.461,30;R$ 563.090,00;R$ 992.420,03;R$ 0,00;R$ 1.500,00;R$ 3,19;R$ 0,00;56,2%;10,0%;20,7%;0,0%;4,0%;Prazo máximo por ativo (dias), Concentração máx por cedente em percentual;;Digcap Intermediação de Créditos Judiciais Ltda	;;Oferta Privada;Ativo Judicial;Captação finalizada
Syntheo Unitoken #115;Unitoken;14/08/2025;26;R$ 42.463,65;R$ 42.463,68;R$ 0,00;R$ 42.463,65;R$ 0,00;;R$ 1,01;R$ 0,00;;;;0,0%;1,6%;"";06/08/2025;SYNTHÉO SECURITIZADORA DE CRÉDITOS S.A.;AMFI COMPANHIA SECURITIZADORA DE CREDITOS FINANCEIROS I SA;Oferta Pública;Duplicata;Captação finalizada
BMDC Unitoken #1;Unitoken;15/08/2025;27;R$ 499,93;R$ 0,00;R$ 499,93;R$ 499,93;R$ 0,00;;;R$ 0,00;;;;0,0%;1,7%;"";;BMDC SECURITIZADORA SA;AMFI COMPANHIA SECURITIZADORA DE CREDITOS FINANCEIROS I SA;;CCB;
BMDC Unitoken #5;Unitoken;15/08/2025;27;R$ 1.584,62;R$ 0,00;R$ 1.584,62;R$ 1.584,62;R$ 0,00;;;R$ 0,00;;;;0,0%;1,7%;"";;BMDC SECURITIZADORA SA;AMFI COMPANHIA SECURITIZADORA DE CREDITOS FINANCEIROS I SA;;CCB;
Grana.ai Unitoken #15;Unitoken;15/08/2025;27;R$ 17.222,19;R$ 17.222,26;R$ 0,00;R$ 17.222,19;R$ 0,00;;R$ 1,01;R$ 0,00;;;;0,0%;1,6%;"";08/08/2025;GRANA.AI TECNOLOGIA LTDA;AMFI COMPANHIA SECURITIZADORA DE CREDITOS FINANCEIROS I SA;Oferta Pública;Recebível de Cartão;Captação finalizada
Conecta Lá Unitoken #153;Unitoken;15/08/2025;27;R$ 25.510,69;R$ 25.510,67;R$ 0,02;R$ 25.510,69;R$ 0,00;;R$ 1,02;R$ 0,00;;;;0,0%;1,7%;"";15/08/2025;FULL NINE DIGITAL CONSULTORIA S.A.;AMFI COMPANHIA SECURITIZADORA DE CREDITOS FINANCEIROS I SA;Oferta Pública;Duplicata;Captação finalizada
C4 Unitoken #57;Unitoken;15/08/2025;27;R$ 177.278,29;R$ 177.278,20;R$ 0,09;R$ 177.278,29;R$ 0,00;;R$ 1,01;R$ 0,00;;;;0,0%;1,7%;"";21/07/2025;C4 CAPITAL SECURITIZADORA S/A;AMFI COMPANHIA SECURITIZADORA DE CREDITOS FINANCEIROS I SA;Oferta Pública;Duplicata;Captação finalizada
Click Antecipa Unitoken #103;Unitoken;15/08/2025;27;R$ 21.448,64;R$ 0,00;R$ 21.448,64;R$ 0,00;R$ 0,00;;;R$ 0,00;;;;0,0%;;"";15/08/2025;CLICK SECURITIZADORA S.A.;AMFI COMPANHIA SECURITIZADORA DE CREDITOS FINANCEIROS I SA;Oferta Pública;Duplicata;Cancelada
Conecta Lá Unitoken #152;Unitoken;15/08/2025;27;R$ 24.689,84;R$ 24.689,82;R$ 0,02;R$ 24.689,84;R$ 0,00;;R$ 1,02;R$ 0,00;;;;0,0%;1,7%;"";15/08/2025;FULL NINE DIGITAL CONSULTORIA S.A.;AMFI COMPANHIA SECURITIZADORA DE CREDITOS FINANCEIROS I SA;Oferta Pública;Duplicata;Captação finalizada
DS Pool #1;Pool;17/08/2025;29;R$ 276.044,43;R$ 354.690,65;R$ 0,00;R$ 495.180,89;R$ 0,00;R$ 2.500,00;R$ 1,40;R$ 0,00;-14,7%;20,0%;179,4%;219.226,0%;3,5%;Concentração máx por sacado, Nível crítico de Subordinação da tranche Sênior;17/08/2025;COMPANHIA SECURITIZADORA X S.A;;Oferta Pública;Duplicata;Captação finalizada
Learnbase Unitoken #65;Unitoken;18/08/2025;30;R$ 37.350,18;R$ 37.341,12;R$ 9,06;R$ 37.350,18;R$ 0,00;;R$ 1,02;R$ 0,00;;;;0,0%;2,1%;"";18/08/2025;Learnbase Gestão e Consultoria Educacional S.A.;AMFI COMPANHIA SECURITIZADORA DE CREDITOS FINANCEIROS I SA;Oferta Pública;Duplicata;Captação finalizada
Girubank Unitoken #26;Unitoken;18/08/2025;30;R$ 28.527,91;R$ 28.521,57;R$ 6,34;R$ 28.527,91;R$ 0,00;;R$ 1,01;R$ 0,00;;;;0,0%;1,9%;"";12/08/2025;Girubank Securitizadora SA;AMFI COMPANHIA SECURITIZADORA DE CREDITOS FINANCEIROS I SA;Oferta Pública;Duplicata;Captação finalizada
AFA CONSULTORIA DE CREDITO Unitoken #25;Unitoken;18/08/2025;30;R$ 34.528,89;R$ 34.529,38;R$ 0,00;R$ 34.528,89;R$ 0,00;;R$ 1,01;R$ 0,00;;;;0,0%;1,4%;"";18/08/2025;AFA CONSULTORIA DE CREDITO UNIPESSOAL LTDA;AMFI COMPANHIA SECURITIZADORA DE CREDITOS FINANCEIROS I SA;Oferta Pública;Duplicata;Captação finalizada
Girubank Unitoken #28;Unitoken;18/08/2025;30;R$ 32.167,92;R$ 32.164,72;R$ 3,20;R$ 32.167,92;R$ 0,00;;R$ 1,01;R$ 0,00;;;;0,0%;1,9%;"";12/08/2025;Girubank Securitizadora SA;AMFI COMPANHIA SECURITIZADORA DE CREDITOS FINANCEIROS I SA;Oferta Pública;Duplicata;Captação finalizada
Baru Unitoken #10;Unitoken;18/08/2025;30;R$ 101.986,40;R$ 101.924,34;R$ 62,06;R$ 101.986,40;R$ 0,00;;R$ 1,01;R$ 0,00;;;;0,0%;1,5%;"";04/08/2025;GRIFFIN CAPITAL S.A. SECURITIZADORA;AMFI COMPANHIA SECURITIZADORA DE CREDITOS FINANCEIROS I SA;Oferta Pública;Ativo Judicial;Captação finalizada
CENTURY Unitoken #2;Unitoken;19/08/2025;31;R$ 359.145,85;R$ 358.983,76;R$ 162,09;R$ 359.145,85;R$ 0,00;;R$ 1,03;R$ 0,00;;;;0,0%;2,6%;"";19/08/2025;CENTURY PROJETOS E CONSTRUÇÕES LTDA;AMFI COMPANHIA SECURITIZADORA DE CREDITOS FINANCEIROS I SA;Oferta Pública;Duplicata;Captação finalizada
Formento Unitoken #124;Unitoken;19/08/2025;31;R$ 30.491,28;R$ 30.473,87;R$ 17,41;R$ 30.491,28;R$ 0,00;;R$ 1,01;R$ 0,00;;;;0,0%;1,6%;"";29/07/2025;Formento Securitizadora S.A.;AMFI COMPANHIA SECURITIZADORA DE CREDITOS FINANCEIROS I SA;Oferta Pública;Duplicata;Captação finalizada
C4 Unitoken #65;Unitoken;20/08/2025;32;R$ 38.477,41;R$ 38.477,35;R$ 0,06;R$ 38.477,41;R$ 0,00;;R$ 1,02;R$ 0,00;;;;0,0%;1,6%;"";20/08/2025;C4 CAPITAL SECURITIZADORA S/A;AMFI COMPANHIA SECURITIZADORA DE CREDITOS FINANCEIROS I SA;Oferta Pública;Duplicata;Captação finalizada
C4 Unitoken #64;Unitoken;20/08/2025;32;R$ 98.296,57;R$ 98.296,36;R$ 0,21;R$ 98.296,57;R$ 0,00;;R$ 1,01;R$ 0,00;;;;0,0%;1,6%;"";04/08/2025;C4 CAPITAL SECURITIZADORA S/A;AMFI COMPANHIA SECURITIZADORA DE CREDITOS FINANCEIROS I SA;Oferta Pública;Duplicata;Captação finalizada
Conecta Lá Unitoken #159;Unitoken;20/08/2025;32;R$ 19.636,45;R$ 19.636,34;R$ 0,11;R$ 19.636,45;R$ 0,00;;R$ 1,02;R$ 0,00;;;;0,0%;1,7%;"";20/08/2025;FULL NINE DIGITAL CONSULTORIA S.A.;AMFI COMPANHIA SECURITIZADORA DE CREDITOS FINANCEIROS I SA;Oferta Pública;Duplicata;Captação finalizada
Conecta Lá Unitoken #157;Unitoken;20/08/2025;32;R$ 40.759,71;R$ 40.759,67;R$ 0,04;R$ 40.759,71;R$ 0,00;;R$ 1,02;R$ 0,00;;;;0,0%;1,7%;"";20/08/2025;FULL NINE DIGITAL CONSULTORIA S.A.;AMFI COMPANHIA SECURITIZADORA DE CREDITOS FINANCEIROS I SA;Oferta Pública;Duplicata;Captação finalizada
Girubank Unitoken #13;Unitoken;21/08/2025;33;R$ 4.841,20;R$ 4.776,28;R$ 64,92;R$ 4.841,20;R$ 0,00;;R$ 1,03;R$ 0,00;;;;0,0%;1,8%;"";22/07/2025;Girubank Securitizadora SA;AMFI COMPANHIA SECURITIZADORA DE CREDITOS FINANCEIROS I SA;Oferta Pública;Duplicata;Captação finalizada
Syntheo Unitoken #107;Unitoken;21/08/2025;33;R$ 73.745,27;R$ 73.732,60;R$ 12,67;R$ 73.745,27;R$ 0,00;;R$ 1,00;R$ 0,00;;;;0,0%;1,6%;"";21/07/2025;SYNTHÉO SECURITIZADORA DE CRÉDITOS S.A.;AMFI COMPANHIA SECURITIZADORA DE CREDITOS FINANCEIROS I SA;Oferta Pública;Duplicata;Captação finalizada
Click Antecipa Unitoken #118;Unitoken;21/08/2025;33;R$ 15.912,26;R$ 15.899,52;R$ 12,74;R$ 15.912,26;R$ 0,00;;R$ 1,00;R$ 0,00;;;;0,0%;1,7%;"";21/07/2025;CLICK SECURITIZADORA S.A.;AMFI COMPANHIA SECURITIZADORA DE CREDITOS FINANCEIROS I SA;Oferta Pública;Duplicata;Captação finalizada
Formento Unitoken #126;Unitoken;21/08/2025;33;R$ 33.665,11;R$ 33.651,79;R$ 13,32;R$ 33.665,11;R$ 0,00;;R$ 1,01;R$ 0,00;;;;0,0%;1,6%;"";30/07/2025;Formento Securitizadora S.A.;AMFI COMPANHIA SECURITIZADORA DE CREDITOS FINANCEIROS I SA;Oferta Pública;Duplicata;Captação finalizada
Formento Unitoken #117;Unitoken;22/08/2025;34;R$ 7.232,36;R$ 7.227,43;R$ 4,93;R$ 7.232,36;R$ 0,00;;R$ 1,01;R$ 0,00;;;;0,0%;1,6%;"";22/07/2025;Formento Securitizadora S.A.;AMFI COMPANHIA SECURITIZADORA DE CREDITOS FINANCEIROS I SA;Oferta Pública;Duplicata;Captação finalizada
Conecta Lá Unitoken #169;Unitoken;25/08/2025;37;R$ 15.892,11;R$ 15.892,07;R$ 0,04;R$ 15.892,11;R$ 0,00;;R$ 1,02;R$ 0,00;;;;0,0%;1,7%;"";25/08/2025;FULL NINE DIGITAL CONSULTORIA S.A.;AMFI COMPANHIA SECURITIZADORA DE CREDITOS FINANCEIROS I SA;Oferta Pública;Duplicata;Captação finalizada
Chronos Unitoken #13;Unitoken;25/08/2025;37;R$ 36.015,67;R$ 35.983,64;R$ 32,03;R$ 36.015,67;R$ 0,00;;R$ 1,02;R$ 0,00;;;;0,0%;1,7%;"";25/08/2025;CHRONOS SECURITIZADORA S/A;AMFI COMPANHIA SECURITIZADORA DE CREDITOS FINANCEIROS I SA;Oferta Pública;Duplicata;Captação finalizada
Syntheo Unitoken #106;Unitoken;25/08/2025;37;R$ 52.250,67;R$ 52.253,96;R$ 0,00;R$ 52.250,67;R$ 0,00;;R$ 1,01;R$ 0,00;;;;0,0%;1,6%;"";22/07/2025;SYNTHÉO SECURITIZADORA DE CRÉDITOS S.A.;AMFI COMPANHIA SECURITIZADORA DE CREDITOS FINANCEIROS I SA;Oferta Pública;Duplicata;Captação finalizada
Conecta Lá Unitoken #167;Unitoken;25/08/2025;37;R$ 25.356,42;R$ 25.356,36;R$ 0,06;R$ 25.356,42;R$ 0,00;;R$ 1,02;R$ 0,00;;;;0,0%;1,7%;"";25/08/2025;FULL NINE DIGITAL CONSULTORIA S.A.;AMFI COMPANHIA SECURITIZADORA DE CREDITOS FINANCEIROS I SA;Oferta Pública;Duplicata;Captação finalizada
AFA CONSULTORIA DE CREDITO Unitoken #5;Unitoken;25/08/2025;37;R$ 17.205,35;R$ 17.205,58;R$ 0,00;R$ 17.205,35;R$ 0,00;;R$ 1,02;R$ 0,00;;;;0,0%;1,4%;"";25/08/2025;AFA CONSULTORIA DE CREDITO UNIPESSOAL LTDA;AMFI COMPANHIA SECURITIZADORA DE CREDITOS FINANCEIROS I SA;Oferta Pública;Duplicata;Captação finalizada
Syntheo Unitoken #110;Unitoken;25/08/2025;37;R$ 75.635,89;R$ 75.625,28;R$ 10,61;R$ 75.635,89;R$ 0,00;;R$ 1,01;R$ 0,00;;;;0,0%;1,6%;"";25/07/2025;SYNTHÉO SECURITIZADORA DE CRÉDITOS S.A.;AMFI COMPANHIA SECURITIZADORA DE CREDITOS FINANCEIROS I SA;Oferta Pública;Duplicata;Captação finalizada
Conecta Lá Unitoken #172;Unitoken;25/08/2025;37;R$ 13.212,26;R$ 13.212,23;R$ 0,03;R$ 13.212,26;R$ 0,00;;R$ 1,02;R$ 0,00;;;;0,0%;1,7%;"";25/08/2025;FULL NINE DIGITAL CONSULTORIA S.A.;AMFI COMPANHIA SECURITIZADORA DE CREDITOS FINANCEIROS I SA;Oferta Pública;Duplicata;Captação finalizada
Conecta Lá Unitoken #158;Unitoken;25/08/2025;37;R$ 72.936,44;R$ 72.936,05;R$ 0,39;R$ 72.936,44;R$ 0,00;;R$ 1,02;R$ 0,00;;;;0,0%;1,7%;"";25/08/2025;FULL NINE DIGITAL CONSULTORIA S.A.;AMFI COMPANHIA SECURITIZADORA DE CREDITOS FINANCEIROS I SA;Oferta Pública;Duplicata;Captação finalizada
Up Vendas Unitoken #11;Unitoken;25/08/2025;37;R$ 334.928,36;R$ 335.038,15;R$ 0,00;R$ 334.928,36;R$ 0,00;;R$ 1,01;R$ 0,00;;;;0,0%;1,6%;"";21/07/2025;Up Vendas;AMFI COMPANHIA SECURITIZADORA DE CREDITOS FINANCEIROS I SA;Oferta Pública;Recebível de Cartão;Captação finalizada
Conecta Lá Unitoken #162;Unitoken;25/08/2025;37;R$ 26.804,29;R$ 26.804,19;R$ 0,10;R$ 26.804,29;R$ 0,00;;R$ 1,02;R$ 0,00;;;;0,0%;1,7%;"";25/08/2025;FULL NINE DIGITAL CONSULTORIA S.A.;AMFI COMPANHIA SECURITIZADORA DE CREDITOS FINANCEIROS I SA;Oferta Pública;Duplicata;Captação finalizada
Syntheo Unitoken #109;Unitoken;26/08/2025;38;R$ 62.101,77;R$ 62.101,67;R$ 0,10;R$ 62.101,77;R$ 0,00;;R$ 1,01;R$ 0,00;;;;0,0%;1,6%;"";21/07/2025;SYNTHÉO SECURITIZADORA DE CRÉDITOS S.A.;AMFI COMPANHIA SECURITIZADORA DE CREDITOS FINANCEIROS I SA;Oferta Pública;Duplicata;Captação finalizada
Primer Unitoken #6;Unitoken;27/08/2025;39;R$ 48.584,76;R$ 48.549,81;R$ 34,95;R$ 48.584,76;R$ 0,00;;R$ 1,01;R$ 0,00;;;;0,0%;1,9%;"";21/07/2025;Primer Securitizadora S.A;AMFI COMPANHIA SECURITIZADORA DE CREDITOS FINANCEIROS I SA;Oferta Pública;Duplicata;Captação finalizada
OUB CAPITAL Unitoken #14;Unitoken;27/08/2025;39;R$ 2.999,31;R$ 2.996,60;R$ 2,71;R$ 2.999,31;R$ 0,00;;R$ 1,00;R$ 0,00;;;;0,0%;1,7%;"";21/07/2025;OUB CAPITAL SA;AMFI COMPANHIA SECURITIZADORA DE CREDITOS FINANCEIROS I SA;Oferta Pública;Duplicata;Captação finalizada
Formento Unitoken #128;Unitoken;27/08/2025;39;R$ 49.954,63;R$ 49.928,11;R$ 26,52;R$ 49.954,63;R$ 0,00;;R$ 1,02;R$ 0,00;;;;0,0%;1,6%;"";26/08/2025;Formento Securitizadora S.A.;AMFI COMPANHIA SECURITIZADORA DE CREDITOS FINANCEIROS I SA;Oferta Pública;Duplicata;Captação finalizada
Descontanet Unitoken #5;Unitoken;27/08/2025;39;R$ 61.791,47;R$ 61.729,80;R$ 61,67;R$ 61.791,47;R$ 0,00;;R$ 1,01;R$ 0,00;;;;0,0%;1,8%;"";22/07/2025;DESCONTANET SECURITIZADORA S.A.;AMFI COMPANHIA SECURITIZADORA DE CREDITOS FINANCEIROS I SA;Oferta Pública;Duplicata;Captação finalizada
Lecapital Unitoken #6;Unitoken;28/08/2025;40;R$ 104.417,34;R$ 104.356,29;R$ 61,05;R$ 104.417,34;R$ 0,00;;R$ 1,01;R$ 0,00;;;;0,0%;1,6%;"";29/07/2025;LECAPITAL SECURITIZADORA S/A;AMFI COMPANHIA SECURITIZADORA DE CREDITOS FINANCEIROS I SA;Oferta Pública;Duplicata;Captação finalizada
Formento Unitoken #135;Unitoken;28/08/2025;40;R$ 182.994,10;R$ 182.968,45;R$ 25,65;R$ 182.994,10;R$ 0,00;;R$ 1,01;R$ 0,00;;;;0,0%;1,7%;"";04/08/2025;Formento Securitizadora S.A.;AMFI COMPANHIA SECURITIZADORA DE CREDITOS FINANCEIROS I SA;Oferta Pública;Duplicata;Captação finalizada
Formento Unitoken #111;Unitoken;29/08/2025;41;R$ 24.941,56;R$ 24.933,57;R$ 7,99;R$ 24.941,56;R$ 0,00;;R$ 1,02;R$ 0,00;;;;0,0%;1,6%;"";29/08/2025;Formento Securitizadora S.A.;AMFI COMPANHIA SECURITIZADORA DE CREDITOS FINANCEIROS I SA;Oferta Pública;Duplicata;Captação finalizada
AFA CONSULTORIA DE CREDITO Unitoken #6;Unitoken;29/08/2025;41;R$ 17.178,17;R$ 17.178,31;R$ 0,00;R$ 17.178,17;R$ 0,00;;R$ 1,02;R$ 0,00;;;;0,0%;1,4%;"";29/08/2025;AFA CONSULTORIA DE CREDITO UNIPESSOAL LTDA;AMFI COMPANHIA SECURITIZADORA DE CREDITOS FINANCEIROS I SA;Oferta Pública;Duplicata;Captação finalizada
CENTURY Unitoken #3;Unitoken;01/09/2025;44;R$ 173.534,35;R$ 173.472,59;R$ 61,76;R$ 173.534,35;R$ 0,00;;R$ 1,03;R$ 0,00;;;;0,0%;2,1%;"";01/09/2025;CENTURY PROJETOS E CONSTRUÇÕES LTDA;AMFI COMPANHIA SECURITIZADORA DE CREDITOS FINANCEIROS I SA;Oferta Pública;Duplicata;Captação finalizada
Lebasq Unitoken #56;Unitoken;01/09/2025;44;R$ 3.456,35;R$ 3.422,64;R$ 33,71;R$ 3.456,35;R$ 0,00;;R$ 1,02;R$ 0,00;;;;0,0%;1,4%;"";30/07/2025;LEBASQ SECURITIZAÇÃO DE CRÉDITOS SA;AMFI COMPANHIA SECURITIZADORA DE CREDITOS FINANCEIROS I SA;Oferta Pública;Duplicata;Captação finalizada
Click Antecipa Unitoken #86;Unitoken;01/09/2025;44;R$ 7.951,24;R$ 7.949,97;R$ 1,27;R$ 7.951,24;R$ 0,00;;R$ 1,01;R$ 0,00;;;;0,0%;1,4%;"";31/07/2025;CLICK SECURITIZADORA S.A.;AMFI COMPANHIA SECURITIZADORA DE CREDITOS FINANCEIROS I SA;Oferta Pública;Duplicata;Captação finalizada
Wynvest Unitoken #9;Unitoken;01/09/2025;44;R$ 82.193,64;R$ 82.193,65;R$ 0,00;R$ 82.193,64;R$ 0,00;;R$ 1,02;R$ 0,00;;;;0,0%;1,6%;"";01/09/2025;WYNVEST SECURITIZADORA DE CRÉDITO S.A;AMFI COMPANHIA SECURITIZADORA DE CREDITOS FINANCEIROS I SA;Oferta Pública;Duplicata;Captação finalizada
C4 Unitoken #66;Unitoken;01/09/2025;44;R$ 143.929,79;R$ 143.929,62;R$ 0,17;R$ 143.929,79;R$ 0,00;;R$ 1,02;R$ 0,00;;;;0,0%;1,6%;"";20/08/2025;C4 CAPITAL SECURITIZADORA S/A;AMFI COMPANHIA SECURITIZADORA DE CREDITOS FINANCEIROS I SA;Oferta Pública;Duplicata;Captação finalizada
Formento Unitoken #129;Unitoken;01/09/2025;44;R$ 46.577,41;R$ 46.547,50;R$ 29,91;R$ 46.577,41;R$ 0,00;;R$ 1,02;R$ 0,00;;;;0,0%;1,6%;"";04/08/2025;Formento Securitizadora S.A.;AMFI COMPANHIA SECURITIZADORA DE CREDITOS FINANCEIROS I SA;Oferta Pública;Duplicata;Captação finalizada
Primer Unitoken #3;Unitoken;01/09/2025;44;R$ 60.098,58;R$ 60.049,46;R$ 49,12;R$ 60.136,01;R$ 0,00;;R$ 1,02;R$ 0,00;;;;0,0%;1,9%;"";22/07/2025;Primer Securitizadora S.A;AMFI COMPANHIA SECURITIZADORA DE CREDITOS FINANCEIROS I SA;Oferta Pública;Duplicata;Captação finalizada
Formento Unitoken #131;Unitoken;03/09/2025;46;R$ 33.980,19;R$ 33.970,80;R$ 9,39;R$ 33.980,19;R$ 0,00;;R$ 1,02;R$ 0,00;;;;0,0%;1,6%;"";04/08/2025;Formento Securitizadora S.A.;AMFI COMPANHIA SECURITIZADORA DE CREDITOS FINANCEIROS I SA;Oferta Pública;Duplicata;Captação finalizada
Up Vendas Unitoken #3;Unitoken;03/09/2025;46;R$ 257.751,13;R$ 257.750,83;R$ 0,30;R$ 257.751,13;R$ 0,00;;R$ 1,02;R$ 0,00;;;;0,0%;1,6%;"";08/08/2025;Up Vendas;AMFI COMPANHIA SECURITIZADORA DE CREDITOS FINANCEIROS I SA;Oferta Pública;Recebível de Cartão;Captação finalizada
Syntheo Unitoken #112;Unitoken;03/09/2025;46;R$ 101.006,68;R$ 101.006,62;R$ 0,06;R$ 101.006,68;R$ 0,00;;R$ 1,01;R$ 0,00;;;;0,0%;1,6%;"";29/07/2025;SYNTHÉO SECURITIZADORA DE CRÉDITOS S.A.;AMFI COMPANHIA SECURITIZADORA DE CREDITOS FINANCEIROS I SA;Oferta Pública;Duplicata;Captação finalizada
Learnbase Unitoken #54;Unitoken;03/09/2025;46;R$ 26.710,33;R$ 26.700,79;R$ 9,54;R$ 26.710,33;R$ 0,00;;R$ 1,03;R$ 0,00;;;;0,0%;1,9%;"";03/09/2025;Learnbase Gestão e Consultoria Educacional S.A.;AMFI COMPANHIA SECURITIZADORA DE CREDITOS FINANCEIROS I SA;Oferta Pública;Duplicata;Captação finalizada
Syntheo Unitoken #117;Unitoken;03/09/2025;46;R$ 106.470,72;R$ 7.127,94;R$ 99.342,78;R$ 99.346,54;R$ 7.124,18;;R$ 14,16;R$ 0,00;;;;0,0%;1,6%;"";06/08/2025;SYNTHÉO SECURITIZADORA DE CRÉDITOS S.A.;AMFI COMPANHIA SECURITIZADORA DE CREDITOS FINANCEIROS I SA;Oferta Pública;Duplicata;Em captação
Formento Unitoken #101;Unitoken;04/09/2025;47;R$ 11.985,99;R$ 11.982,21;R$ 3,78;R$ 11.985,99;R$ 0,00;;R$ 1,02;R$ 0,00;;;;0,0%;1,6%;"";05/08/2025;Formento Securitizadora S.A.;AMFI COMPANHIA SECURITIZADORA DE CREDITOS FINANCEIROS I SA;Oferta Pública;Duplicata;Captação finalizada
Baru Unitoken #11;Unitoken;04/09/2025;47;R$ 100.264,85;R$ 100.208,05;R$ 56,80;R$ 100.264,85;R$ 0,00;;R$ 1,02;R$ 0,00;;;;0,0%;1,6%;"";18/08/2025;GRIFFIN CAPITAL S.A. SECURITIZADORA;AMFI COMPANHIA SECURITIZADORA DE CREDITOS FINANCEIROS I SA;Oferta Pública;Ativo Judicial;Captação finalizada
Conecta Lá Unitoken #161;Unitoken;05/09/2025;48;R$ 12.484,69;R$ 12.484,64;R$ 0,05;R$ 12.484,69;R$ 0,00;;R$ 1,03;R$ 0,00;;;;0,0%;1,7%;"";05/09/2025;FULL NINE DIGITAL CONSULTORIA S.A.;AMFI COMPANHIA SECURITIZADORA DE CREDITOS FINANCEIROS I SA;Oferta Pública;Duplicata;Captação finalizada
Up Vendas Unitoken #10;Unitoken;05/09/2025;48;R$ 88.103,95;R$ 88.250,38;R$ 0,00;R$ 88.103,95;R$ 0,00;;R$ 1,01;R$ 0,00;;;;0,0%;1,6%;"";11/08/2025;Up Vendas;AMFI COMPANHIA SECURITIZADORA DE CREDITOS FINANCEIROS I SA;Oferta Pública;Recebível de Cartão;Captação finalizada
Conecta Lá Unitoken #174;Unitoken;05/09/2025;48;R$ 7.782,86;R$ 7.782,84;R$ 0,02;R$ 7.782,86;R$ 0,00;;R$ 1,03;R$ 0,00;;;;0,0%;1,7%;"";05/09/2025;FULL NINE DIGITAL CONSULTORIA S.A.;AMFI COMPANHIA SECURITIZADORA DE CREDITOS FINANCEIROS I SA;Oferta Pública;Duplicata;Captação finalizada
Descontanet Unitoken #6;Unitoken;05/09/2025;48;R$ 74.023,27;R$ 74.003,27;R$ 20,00;R$ 74.023,27;R$ 0,00;;R$ 1,02;R$ 0,00;;;;0,0%;1,8%;"";25/07/2025;DESCONTANET SECURITIZADORA S.A.;AMFI COMPANHIA SECURITIZADORA DE CREDITOS FINANCEIROS I SA;Oferta Pública;Duplicata;Captação finalizada
Conecta Lá Unitoken #168;Unitoken;05/09/2025;48;R$ 23.835,03;R$ 23.834,97;R$ 0,06;R$ 23.835,03;R$ 0,00;;R$ 1,03;R$ 0,00;;;;0,0%;1,7%;"";05/09/2025;FULL NINE DIGITAL CONSULTORIA S.A.;AMFI COMPANHIA SECURITIZADORA DE CREDITOS FINANCEIROS I SA;Oferta Pública;Duplicata;Captação finalizada
Girubank Unitoken #10;Unitoken;08/09/2025;51;R$ 15.985,83;R$ 15.856,11;R$ 129,72;R$ 15.985,83;R$ 0,00;;R$ 1,02;R$ 0,00;;;;0,0%;1,7%;"";22/07/2025;Girubank Securitizadora SA;AMFI COMPANHIA SECURITIZADORA DE CREDITOS FINANCEIROS I SA;Oferta Pública;Duplicata;Captação finalizada
Click Antecipa Unitoken #121;Unitoken;08/09/2025;51;R$ 53.448,59;R$ 53.434,16;R$ 14,43;R$ 53.448,59;R$ 0,00;;R$ 1,01;R$ 0,00;;;;0,0%;1,6%;"";25/07/2025;CLICK SECURITIZADORA S.A.;AMFI COMPANHIA SECURITIZADORA DE CREDITOS FINANCEIROS I SA;Oferta Pública;Duplicata;Captação finalizada
Up Vendas Unitoken #2;Unitoken;08/09/2025;51;R$ 134.964,14;R$ 134.963,98;R$ 0,16;R$ 134.964,14;R$ 0,00;;R$ 1,02;R$ 0,00;;;;0,0%;1,6%;"";25/08/2025;Up Vendas;AMFI COMPANHIA SECURITIZADORA DE CREDITOS FINANCEIROS I SA;Oferta Pública;Recebível de Cartão;Captação finalizada
Lecapital Unitoken #7;Unitoken;08/09/2025;51;R$ 44.081,06;R$ 44.056,07;R$ 24,99;R$ 44.081,06;R$ 0,00;;R$ 1,01;R$ 0,00;;;;0,0%;1,6%;"";22/07/2025;LECAPITAL SECURITIZADORA S/A;AMFI COMPANHIA SECURITIZADORA DE CREDITOS FINANCEIROS I SA;Oferta Pública;Duplicata;Captação finalizada
Syntheo Unitoken #114;Unitoken;08/09/2025;51;R$ 41.475,15;R$ 41.472,29;R$ 2,86;R$ 41.475,15;R$ 0,00;;R$ 1,02;R$ 0,00;;;;0,0%;1,6%;"";08/08/2025;SYNTHÉO SECURITIZADORA DE CRÉDITOS S.A.;AMFI COMPANHIA SECURITIZADORA DE CREDITOS FINANCEIROS I SA;Oferta Pública;Duplicata;Captação finalizada
Chronos Unitoken #16;Unitoken;10/09/2025;53;R$ 28.057,08;R$ 28.055,71;R$ 1,37;R$ 28.057,08;R$ 0,00;;R$ 1,03;R$ 0,00;;;;0,0%;1,7%;"";10/09/2025;CHRONOS SECURITIZADORA S/A;AMFI COMPANHIA SECURITIZADORA DE CREDITOS FINANCEIROS I SA;Oferta Pública;Duplicata;Captação finalizada
C4 Unitoken #63;Unitoken;10/09/2025;53;R$ 149.815,34;R$ 149.814,79;R$ 0,55;R$ 149.815,34;R$ 0,00;;R$ 1,03;R$ 0,00;;;;0,0%;1,6%;"";10/09/2025;C4 CAPITAL SECURITIZADORA S/A;AMFI COMPANHIA SECURITIZADORA DE CREDITOS FINANCEIROS I SA;Oferta Pública;Duplicata;Captação finalizada
Conecta Lá Unitoken #171;Unitoken;10/09/2025;53;R$ 12.564,56;R$ 12.564,54;R$ 0,02;R$ 12.564,56;R$ 0,00;;R$ 1,03;R$ 0,00;;;;0,0%;1,7%;"";10/09/2025;FULL NINE DIGITAL CONSULTORIA S.A.;AMFI COMPANHIA SECURITIZADORA DE CREDITOS FINANCEIROS I SA;Oferta Pública;Duplicata;Captação finalizada
Up Vendas Unitoken #9;Unitoken;11/09/2025;54;R$ 127.302,33;R$ 127.302,23;R$ 0,10;R$ 127.302,33;R$ 0,00;;R$ 1,03;R$ 0,00;;;;0,0%;1,6%;"";08/09/2025;Up Vendas;AMFI COMPANHIA SECURITIZADORA DE CREDITOS FINANCEIROS I SA;Oferta Pública;Recebível de Cartão;Captação finalizada
Syntheo Unitoken #116;Unitoken;11/09/2025;54;R$ 72.875,41;R$ 72.875,41;R$ 0,00;R$ 72.875,41;R$ 0,00;;R$ 1,01;R$ 0,00;;;;0,0%;1,6%;"";30/07/2025;SYNTHÉO SECURITIZADORA DE CRÉDITOS S.A.;AMFI COMPANHIA SECURITIZADORA DE CREDITOS FINANCEIROS I SA;Oferta Pública;Duplicata;Captação finalizada
Click Antecipa Unitoken #117;Unitoken;11/09/2025;54;R$ 8.681,66;R$ 8.682,49;R$ 0,00;R$ 8.681,66;R$ 0,00;;R$ 1,01;R$ 0,00;;;;0,0%;1,6%;"";31/07/2025;CLICK SECURITIZADORA S.A.;AMFI COMPANHIA SECURITIZADORA DE CREDITOS FINANCEIROS I SA;Oferta Pública;Duplicata;Captação finalizada
C4 Unitoken #67;Unitoken;12/09/2025;55;R$ 404.730,19;R$ 404.729,84;R$ 0,35;R$ 404.730,19;R$ 0,00;;R$ 1,01;R$ 0,00;;;;0,0%;1,6%;"";01/08/2025;C4 CAPITAL SECURITIZADORA S/A;AMFI COMPANHIA SECURITIZADORA DE CREDITOS FINANCEIROS I SA;Oferta Pública;Duplicata;Captação finalizada
Click Antecipa Unitoken #123;Unitoken;12/09/2025;55;R$ 37.833,21;R$ 37.825,01;R$ 8,20;R$ 37.833,21;R$ 0,00;;R$ 1,01;R$ 0,00;;;;0,0%;1,7%;"";21/07/2025;CLICK SECURITIZADORA S.A.;AMFI COMPANHIA SECURITIZADORA DE CREDITOS FINANCEIROS I SA;Oferta Pública;Duplicata;Captação finalizada
Up Vendas Unitoken #4;Unitoken;12/09/2025;55;R$ 347.064,60;R$ 347.064,18;R$ 0,42;R$ 347.064,60;R$ 0,00;;R$ 1,01;R$ 0,00;;;;0,0%;1,6%;"";28/07/2025;Up Vendas;AMFI COMPANHIA SECURITIZADORA DE CREDITOS FINANCEIROS I SA;Oferta Pública;Recebível de Cartão;Captação finalizada
a55 Pool #2;Pool;13/09/2025;56;R$ 152,80;R$ 0,00;R$ 152,80;R$ 358.969,61;R$ 0,00;R$ 2.000,00;R$ 817.032.428,83;R$ 0,00;100,0%;20,0%;234.924,8%;358.969,6%;5,0%;Concentração máx por sacado, Concentração máx por cedente em percentual, Inadimplência percentual máxima da carteira;12/09/2025;a55 Consultoria em Credito Ltda.;AMFI COMPANHIA SECURITIZADORA DE CREDITOS FINANCEIROS I SA;Oferta Pública;Duplicata;Captação finalizada
Conecta Lá Unitoken #178;Unitoken;15/09/2025;58;R$ 14.774,50;R$ 14.774,48;R$ 0,02;R$ 14.774,50;R$ 0,00;;R$ 1,03;R$ 0,00;;;;0,0%;1,7%;"";15/09/2025;FULL NINE DIGITAL CONSULTORIA S.A.;AMFI COMPANHIA SECURITIZADORA DE CREDITOS FINANCEIROS I SA;Oferta Pública;Duplicata;Captação finalizada
Lebasq Unitoken #58;Unitoken;15/09/2025;58;R$ 12.501,85;R$ 12.437,97;R$ 63,88;R$ 12.507,66;R$ 0,00;;R$ 1,02;R$ 0,00;;;;0,0%;1,4%;"";21/07/2025;LEBASQ SECURITIZAÇÃO DE CRÉDITOS SA;AMFI COMPANHIA SECURITIZADORA DE CREDITOS FINANCEIROS I SA;Oferta Pública;Duplicata;Captação finalizada
Conecta Lá Unitoken #173;Unitoken;15/09/2025;58;R$ 48.364,86;R$ 48.281,68;R$ 83,18;R$ 48.364,86;R$ 0,00;;R$ 1,04;R$ 0,00;;;;0,0%;1,7%;"";15/09/2025;FULL NINE DIGITAL CONSULTORIA S.A.;AMFI COMPANHIA SECURITIZADORA DE CREDITOS FINANCEIROS I SA;Oferta Pública;Duplicata;Captação finalizada
Click Antecipa Unitoken #125;Unitoken;15/09/2025;58;R$ 93.281,95;R$ 93.270,51;R$ 11,44;R$ 93.281,95;R$ 0,00;;R$ 1,01;R$ 0,00;;;;0,0%;1,6%;"";21/07/2025;CLICK SECURITIZADORA S.A.;AMFI COMPANHIA SECURITIZADORA DE CREDITOS FINANCEIROS I SA;Oferta Pública;Duplicata;Captação finalizada
Afinz Unitoken #3;Unitoken;16/09/2025;59;R$ 2.347,01;R$ 2.351,54;R$ 0,00;R$ 2.347,01;R$ 0,00;;R$ 1,02;R$ 0,00;;;;0,0%;1,7%;"";16/08/2025;BANCO AFINZ S.A. – BANCO MÚLTIPLO;AMFI COMPANHIA SECURITIZADORA DE CREDITOS FINANCEIROS I SA;Oferta Pública;CCB;Captação finalizada
Afinz Unitoken #2;Unitoken;16/09/2025;59;R$ 2.480,29;R$ 2.485,10;R$ 0,00;R$ 2.480,29;R$ 0,00;;R$ 1,02;R$ 0,00;;;;0,0%;1,7%;"";16/08/2025;BANCO AFINZ S.A. – BANCO MÚLTIPLO;AMFI COMPANHIA SECURITIZADORA DE CREDITOS FINANCEIROS I SA;Oferta Pública;CCB;Captação finalizada
Afinz Unitoken #4;Unitoken;17/09/2025;60;R$ 2.453,46;R$ 2.456,54;R$ 0,00;R$ 2.453,46;R$ 0,00;;R$ 1,02;R$ 0,00;;;;0,0%;1,7%;"";17/08/2025;BANCO AFINZ S.A. – BANCO MÚLTIPLO;AMFI COMPANHIA SECURITIZADORA DE CREDITOS FINANCEIROS I SA;Oferta Pública;CCB;Captação finalizada
Syntheo Unitoken #111;Unitoken;17/09/2025;60;R$ 38.923,89;R$ 38.912,36;R$ 11,53;R$ 38.923,89;R$ 0,00;;R$ 1,01;R$ 0,00;;;;0,0%;1,7%;"";21/07/2025;SYNTHÉO SECURITIZADORA DE CRÉDITOS S.A.;AMFI COMPANHIA SECURITIZADORA DE CREDITOS FINANCEIROS I SA;Oferta Pública;Duplicata;Captação finalizada
AFA CONSULTORIA DE CREDITO Unitoken #8;Unitoken;17/09/2025;60;R$ 34.057,43;R$ 34.057,84;R$ 0,00;R$ 34.057,43;R$ 0,00;;R$ 1,03;R$ 0,00;;;;0,0%;1,4%;"";17/09/2025;AFA CONSULTORIA DE CREDITO UNIPESSOAL LTDA;AMFI COMPANHIA SECURITIZADORA DE CREDITOS FINANCEIROS I SA;Oferta Pública;Duplicata;Captação finalizada
Formento Unitoken #113;Unitoken;17/09/2025;60;R$ 11.237,40;R$ 11.227,09;R$ 10,31;R$ 11.237,40;R$ 0,00;;R$ 1,02;R$ 0,00;;;;0,0%;1,6%;"";19/08/2025;Formento Securitizadora S.A.;AMFI COMPANHIA SECURITIZADORA DE CREDITOS FINANCEIROS I SA;Oferta Pública;Duplicata;Captação finalizada
Click Antecipa Unitoken #124;Unitoken;17/09/2025;60;R$ 51.260,27;R$ 51.254,00;R$ 6,27;R$ 51.260,27;R$ 0,00;;R$ 1,01;R$ 0,00;;;;0,0%;1,6%;"";21/07/2025;CLICK SECURITIZADORA S.A.;AMFI COMPANHIA SECURITIZADORA DE CREDITOS FINANCEIROS I SA;Oferta Pública;Duplicata;Captação finalizada
Click Antecipa Unitoken #120;Unitoken;18/09/2025;61;R$ 34.692,10;R$ 34.688,84;R$ 3,26;R$ 34.692,10;R$ 0,00;;R$ 1,01;R$ 0,00;;;;0,0%;1,6%;"";21/07/2025;CLICK SECURITIZADORA S.A.;AMFI COMPANHIA SECURITIZADORA DE CREDITOS FINANCEIROS I SA;Oferta Pública;Duplicata;Captação finalizada
C4 Unitoken #59;Unitoken;18/09/2025;61;R$ 249.121,59;R$ 249.121,48;R$ 0,11;R$ 249.121,59;R$ 0,00;;R$ 1,01;R$ 0,00;;;;0,0%;1,7%;"";21/07/2025;C4 CAPITAL SECURITIZADORA S/A;AMFI COMPANHIA SECURITIZADORA DE CREDITOS FINANCEIROS I SA;Oferta Pública;Duplicata;Captação finalizada
Afinz Unitoken #5;Unitoken;18/09/2025;61;R$ 2.344,40;R$ 2.350,90;R$ 0,00;R$ 2.344,40;R$ 0,00;;R$ 1,02;R$ 0,00;;;;0,0%;1,7%;"";18/08/2025;BANCO AFINZ S.A. – BANCO MÚLTIPLO;AMFI COMPANHIA SECURITIZADORA DE CREDITOS FINANCEIROS I SA;Oferta Pública;CCB;Captação finalizada
Afinz Unitoken #1;Unitoken;20/09/2025;63;R$ 3.567,53;R$ 3.571,25;R$ 0,00;R$ 3.567,53;R$ 0,00;;R$ 1,02;R$ 0,00;;;;0,0%;1,7%;"";20/07/2025;BANCO AFINZ S.A. – BANCO MÚLTIPLO;AMFI COMPANHIA SECURITIZADORA DE CREDITOS FINANCEIROS I SA;Oferta Pública;CCB;Captação finalizada
Conecta Lá Unitoken #170;Unitoken;22/09/2025;65;R$ 25.445,03;R$ 25.436,93;R$ 8,10;R$ 25.445,03;R$ 0,00;;R$ 1,04;R$ 0,00;;;;0,0%;1,8%;"";22/09/2025;FULL NINE DIGITAL CONSULTORIA S.A.;AMFI COMPANHIA SECURITIZADORA DE CREDITOS FINANCEIROS I SA;Oferta Pública;Duplicata;Captação finalizada
Conecta Lá Unitoken #187;Unitoken;22/09/2025;65;R$ 24.953,54;R$ 24.952,65;R$ 0,89;R$ 24.953,54;R$ 0,00;;R$ 1,04;R$ 0,00;;;;0,0%;1,8%;"";22/09/2025;FULL NINE DIGITAL CONSULTORIA S.A.;AMFI COMPANHIA SECURITIZADORA DE CREDITOS FINANCEIROS I SA;Oferta Pública;Duplicata;Captação finalizada
Lebasq Unitoken #55;Unitoken;22/09/2025;65;R$ 10.482,61;R$ 10.450,64;R$ 31,97;R$ 10.482,61;R$ 0,00;;R$ 1,02;R$ 0,00;;;;0,0%;1,4%;"";22/07/2025;LEBASQ SECURITIZAÇÃO DE CRÉDITOS SA;AMFI COMPANHIA SECURITIZADORA DE CREDITOS FINANCEIROS I SA;Oferta Pública;Duplicata;Captação finalizada
Conecta Lá Unitoken #183;Unitoken;22/09/2025;65;R$ 8.671,26;R$ 8.670,81;R$ 0,45;R$ 8.671,26;R$ 0,00;;R$ 1,04;R$ 0,00;;;;0,0%;1,8%;"";22/09/2025;FULL NINE DIGITAL CONSULTORIA S.A.;AMFI COMPANHIA SECURITIZADORA DE CREDITOS FINANCEIROS I SA;Oferta Pública;Duplicata;Captação finalizada
CENTURY Unitoken #4;Unitoken;23/09/2025;66;R$ 178.532,15;R$ 178.516,05;R$ 16,10;R$ 178.532,15;R$ 0,00;;R$ 1,04;R$ 0,00;;;;0,0%;2,1%;"";23/09/2025;CENTURY PROJETOS E CONSTRUÇÕES LTDA;AMFI COMPANHIA SECURITIZADORA DE CREDITOS FINANCEIROS I SA;Oferta Pública;Duplicata;Captação finalizada
Chronos Unitoken #8;Unitoken;23/09/2025;66;R$ 44.316,99;R$ 44.300,76;R$ 16,23;R$ 44.316,99;R$ 0,00;;R$ 1,02;R$ 0,00;;;;0,0%;1,6%;"";23/07/2025;CHRONOS SECURITIZADORA S/A;AMFI COMPANHIA SECURITIZADORA DE CREDITOS FINANCEIROS I SA;Oferta Pública;Duplicata;Captação finalizada
LC INVESTE UNITOKEN #3;Unitoken;24/09/2025;67;R$ 3.502,16;R$ 0,00;R$ 3.502,16;R$ 3.502,16;R$ 0,00;;;R$ 0,00;;;;0,0%;2,5%;"";;LC Investe LTDA;AMFI COMPANHIA SECURITIZADORA DE CREDITOS FINANCEIROS I SA;;Ativo Judicial;
Conecta Lá Unitoken #45;Unitoken;24/09/2025;67;R$ 58.980,21;R$ 58.979,95;R$ 0,26;R$ 58.980,21;R$ 0,00;;R$ 1,02;R$ 0,00;;;;0,0%;1,4%;"";24/07/2025;FULL NINE DIGITAL CONSULTORIA S.A.;AMFI COMPANHIA SECURITIZADORA DE CREDITOS FINANCEIROS I SA;Oferta Pública;Duplicata;Captação finalizada
AFA CONSULTORIA DE CREDITO Unitoken #28;Unitoken;24/09/2025;67;R$ 16.966,75;R$ 16.966,63;R$ 0,12;R$ 16.966,75;R$ 0,00;;R$ 1,03;R$ 0,00;;;;0,0%;1,4%;"";24/09/2025;AFA CONSULTORIA DE CREDITO UNIPESSOAL LTDA;AMFI COMPANHIA SECURITIZADORA DE CREDITOS FINANCEIROS I SA;Oferta Pública;Duplicata;Captação finalizada
Conecta Lá Unitoken #175;Unitoken;25/09/2025;68;R$ 12.979,53;R$ 12.979,51;R$ 0,02;R$ 12.979,53;R$ 0,00;;R$ 1,04;R$ 0,00;;;;0,0%;1,7%;"";25/09/2025;FULL NINE DIGITAL CONSULTORIA S.A.;AMFI COMPANHIA SECURITIZADORA DE CREDITOS FINANCEIROS I SA;Oferta Pública;Duplicata;Captação finalizada
Conecta Lá Unitoken #182;Unitoken;25/09/2025;68;R$ 26.332,15;R$ 26.332,15;R$ 0,00;R$ 26.332,15;R$ 0,00;;R$ 1,04;R$ 0,00;;;;0,0%;1,7%;"";25/09/2025;FULL NINE DIGITAL CONSULTORIA S.A.;AMFI COMPANHIA SECURITIZADORA DE CREDITOS FINANCEIROS I SA;Oferta Pública;Duplicata;Captação finalizada
Conecta Lá Unitoken #177;Unitoken;25/09/2025;68;R$ 17.365,61;R$ 17.365,59;R$ 0,02;R$ 17.365,61;R$ 0,00;;R$ 1,04;R$ 0,00;;;;0,0%;1,7%;"";25/09/2025;FULL NINE DIGITAL CONSULTORIA S.A.;AMFI COMPANHIA SECURITIZADORA DE CREDITOS FINANCEIROS I SA;Oferta Pública;Duplicata;Captação finalizada
Conecta Lá Unitoken #166;Unitoken;25/09/2025;68;R$ 48.187,46;R$ 48.187,33;R$ 0,13;R$ 48.187,46;R$ 0,00;;R$ 1,04;R$ 0,00;;;;0,0%;1,7%;"";25/09/2025;FULL NINE DIGITAL CONSULTORIA S.A.;AMFI COMPANHIA SECURITIZADORA DE CREDITOS FINANCEIROS I SA;Oferta Pública;Duplicata;Captação finalizada
Syntheo Unitoken #113;Unitoken;29/09/2025;72;R$ 99.997,46;R$ 99.990,67;R$ 6,79;R$ 99.997,46;R$ 0,00;;R$ 1,01;R$ 0,00;;;;0,0%;1,6%;"";23/07/2025;SYNTHÉO SECURITIZADORA DE CRÉDITOS S.A.;AMFI COMPANHIA SECURITIZADORA DE CREDITOS FINANCEIROS I SA;Oferta Pública;Duplicata;Captação finalizada
AFA CONSULTORIA DE CREDITO Unitoken #24;Unitoken;29/09/2025;72;R$ 16.937,99;R$ 16.938,21;R$ 0,00;R$ 16.937,99;R$ 0,00;;R$ 1,03;R$ 0,00;;;;0,0%;1,4%;"";29/09/2025;AFA CONSULTORIA DE CREDITO UNIPESSOAL LTDA;AMFI COMPANHIA SECURITIZADORA DE CREDITOS FINANCEIROS I SA;Oferta Pública;Duplicata;Captação finalizada
Click Antecipa Unitoken #119;Unitoken;29/09/2025;72;R$ 58.116,77;R$ 58.102,12;R$ 14,65;R$ 58.116,77;R$ 0,00;;R$ 1,02;R$ 0,00;;;;0,0%;1,7%;"";21/07/2025;CLICK SECURITIZADORA S.A.;AMFI COMPANHIA SECURITIZADORA DE CREDITOS FINANCEIROS I SA;Oferta Pública;Duplicata;Captação finalizada
C4 Unitoken #69;Unitoken;30/09/2025;73;R$ 179.103,95;R$ 0,00;R$ 179.103,95;R$ 179.103,95;R$ 0,00;;;R$ 0,00;;;;0,0%;1,6%;"";01/08/2025;C4 CAPITAL SECURITIZADORA S/A;AMFI COMPANHIA SECURITIZADORA DE CREDITOS FINANCEIROS I SA;Oferta Pública;Duplicata;Em captação
Girubank Unitoken #3;Unitoken;30/09/2025;73;R$ 19.605,56;R$ 19.547,38;R$ 58,18;R$ 19.605,56;R$ 0,00;;R$ 1,03;R$ 0,00;;;;0,0%;1,7%;"";21/07/2025;Girubank Securitizadora SA;AMFI COMPANHIA SECURITIZADORA DE CREDITOS FINANCEIROS I SA;Oferta Pública;Duplicata;Captação finalizada
B.Invest Unitoken #6;Unitoken;30/09/2025;73;R$ 295.672,48;R$ 295.569,13;R$ 103,35;R$ 295.672,48;R$ 0,00;;R$ 1,03;R$ 0,00;;;;0,0%;1,7%;"";01/09/2025;B.Invest Securitizadora de Créditos S.A.;AMFI COMPANHIA SECURITIZADORA DE CREDITOS FINANCEIROS I SA;Oferta Pública;Duplicata;Captação finalizada
AFA CONSULTORIA DE CREDITO Unitoken #33;Unitoken;30/09/2025;73;R$ 66.527,69;R$ 66.235,52;R$ 292,17;R$ 66.527,69;R$ 0,00;;R$ 1,03;R$ 0,00;;;;0,0%;2,0%;"";30/07/2025;AFA CONSULTORIA DE CREDITO UNIPESSOAL LTDA;AMFI COMPANHIA SECURITIZADORA DE CREDITOS FINANCEIROS I SA;Oferta Pública;Duplicata;Captação finalizada
Conecta Lá Unitoken #176;Unitoken;06/10/2025;79;R$ 23.417,35;R$ 23.415,16;R$ 2,19;R$ 23.417,35;R$ 0,00;;R$ 1,05;R$ 0,00;;;;0,0%;1,8%;"";06/10/2025;FULL NINE DIGITAL CONSULTORIA S.A.;AMFI COMPANHIA SECURITIZADORA DE CREDITOS FINANCEIROS I SA;Oferta Pública;Duplicata;Captação finalizada
Conecta Lá Unitoken #179;Unitoken;06/10/2025;79;R$ 9.557,72;R$ 9.557,20;R$ 0,52;R$ 9.557,72;R$ 0,00;;R$ 1,05;R$ 0,00;;;;0,0%;1,8%;"";06/10/2025;FULL NINE DIGITAL CONSULTORIA S.A.;AMFI COMPANHIA SECURITIZADORA DE CREDITOS FINANCEIROS I SA;Oferta Pública;Duplicata;Captação finalizada
Conecta Lá Unitoken #180;Unitoken;06/10/2025;79;R$ 8.601,94;R$ 8.601,50;R$ 0,44;R$ 8.601,94;R$ 0,00;;R$ 1,05;R$ 0,00;;;;0,0%;1,8%;"";06/10/2025;FULL NINE DIGITAL CONSULTORIA S.A.;AMFI COMPANHIA SECURITIZADORA DE CREDITOS FINANCEIROS I SA;Oferta Pública;Duplicata;Captação finalizada
Learnbase Unitoken #55;Unitoken;06/10/2025;79;R$ 26.181,62;R$ 26.160,27;R$ 21,35;R$ 26.181,62;R$ 0,00;;R$ 1,05;R$ 0,00;;;;0,0%;1,9%;"";06/10/2025;Learnbase Gestão e Consultoria Educacional S.A.;AMFI COMPANHIA SECURITIZADORA DE CREDITOS FINANCEIROS I SA;Oferta Pública;Duplicata;Captação finalizada
Conecta Lá Unitoken #189;Unitoken;06/10/2025;79;R$ 7.645,82;R$ 7.645,77;R$ 0,05;R$ 7.645,82;R$ 0,00;;R$ 1,05;R$ 0,00;;;;0,0%;1,8%;"";06/10/2025;FULL NINE DIGITAL CONSULTORIA S.A.;AMFI COMPANHIA SECURITIZADORA DE CREDITOS FINANCEIROS I SA;Oferta Pública;Duplicata;Captação finalizada
Lecapital Unitoken #8;Unitoken;07/10/2025;80;R$ 89.077,85;R$ 89.033,49;R$ 44,36;R$ 89.077,85;R$ 0,00;;R$ 1,12;R$ 0,00;;;;0,0%;4,5%;"";07/10/2025;LECAPITAL SECURITIZADORA S/A;AMFI COMPANHIA SECURITIZADORA DE CREDITOS FINANCEIROS I SA;Oferta Privada;Duplicata;Captação finalizada
Chronos Unitoken #15;Unitoken;10/10/2025;83;R$ 65.712,90;R$ 65.705,82;R$ 7,08;R$ 65.712,90;R$ 0,00;;R$ 1,03;R$ 0,00;;;;0,0%;1,7%;"";08/08/2025;CHRONOS SECURITIZADORA S/A;AMFI COMPANHIA SECURITIZADORA DE CREDITOS FINANCEIROS I SA;Oferta Pública;Duplicata;Captação finalizada
Formento Unitoken #136;Unitoken;10/10/2025;83;R$ 180.461,53;R$ 180.453,47;R$ 8,06;R$ 180.461,53;R$ 0,00;;R$ 1,03;R$ 0,00;;;;0,0%;1,6%;"";06/08/2025;Formento Securitizadora S.A.;AMFI COMPANHIA SECURITIZADORA DE CREDITOS FINANCEIROS I SA;Oferta Pública;Duplicata;Captação finalizada
Conecta Lá Unitoken #184;Unitoken;10/10/2025;83;R$ 24.696,50;R$ 24.696,50;R$ 0,00;R$ 24.696,50;R$ 0,00;;R$ 1,05;R$ 0,00;;;;0,0%;1,7%;"";10/10/2025;FULL NINE DIGITAL CONSULTORIA S.A.;AMFI COMPANHIA SECURITIZADORA DE CREDITOS FINANCEIROS I SA;Oferta Pública;Duplicata;Captação finalizada
Click Antecipa Unitoken #129;Unitoken;10/10/2025;83;R$ 125.163,53;R$ 125.135,29;R$ 28,24;R$ 125.163,53;R$ 0,00;;R$ 1,02;R$ 0,00;;;;0,0%;1,8%;"";31/07/2025;CLICK SECURITIZADORA S.A.;AMFI COMPANHIA SECURITIZADORA DE CREDITOS FINANCEIROS I SA;Oferta Pública;Duplicata;Captação finalizada
Conecta Lá Unitoken #181;Unitoken;10/10/2025;83;R$ 9.439,97;R$ 9.439,97;R$ 0,00;R$ 9.439,97;R$ 0,00;;R$ 1,05;R$ 0,00;;;;0,0%;1,7%;"";10/10/2025;FULL NINE DIGITAL CONSULTORIA S.A.;AMFI COMPANHIA SECURITIZADORA DE CREDITOS FINANCEIROS I SA;Oferta Pública;Duplicata;Captação finalizada
OUB CAPITAL Unitoken #17;Unitoken;13/10/2025;86;R$ 45.318,38;R$ 45.313,53;R$ 4,85;R$ 45.318,38;R$ 0,00;;R$ 1,03;R$ 0,00;;;;0,0%;1,7%;"";08/08/2025;OUB CAPITAL SA;AMFI COMPANHIA SECURITIZADORA DE CREDITOS FINANCEIROS I SA;Oferta Pública;Duplicata;Captação finalizada
Girubank Unitoken #19;Unitoken;13/10/2025;86;R$ 5.069,38;R$ 5.047,26;R$ 22,12;R$ 5.069,38;R$ 0,00;;R$ 1,04;R$ 0,00;;;;0,0%;1,8%;"";12/08/2025;Girubank Securitizadora SA;AMFI COMPANHIA SECURITIZADORA DE CREDITOS FINANCEIROS I SA;Oferta Pública;Duplicata;Captação finalizada
Formento Unitoken #134;Unitoken;14/10/2025;87;R$ 167.109,79;R$ 167.089,41;R$ 20,38;R$ 167.109,79;R$ 0,00;;R$ 1,03;R$ 0,00;;;;0,0%;1,6%;"";25/07/2025;Formento Securitizadora S.A.;AMFI COMPANHIA SECURITIZADORA DE CREDITOS FINANCEIROS I SA;Oferta Pública;Duplicata;Captação finalizada
Chronos Unitoken #9;Unitoken;15/10/2025;88;R$ 81.938,21;R$ 81.911,67;R$ 26,54;R$ 81.938,21;R$ 0,00;;R$ 1,03;R$ 0,00;;;;0,0%;1,6%;"";08/08/2025;CHRONOS SECURITIZADORA S/A;AMFI COMPANHIA SECURITIZADORA DE CREDITOS FINANCEIROS I SA;Oferta Pública;Duplicata;Captação finalizada
Lecapital Unitoken #4;Unitoken;17/10/2025;90;R$ 94.594,33;R$ 94.576,59;R$ 17,74;R$ 94.594,33;R$ 0,00;;R$ 1,05;R$ 0,00;;;;0,0%;1,5%;"";17/10/2025;LECAPITAL SECURITIZADORA S/A;AMFI COMPANHIA SECURITIZADORA DE CREDITOS FINANCEIROS I SA;Oferta Pública;Duplicata;Captação finalizada
AFA CONSULTORIA DE CREDITO Unitoken #23;Unitoken;17/10/2025;90;R$ 33.588,79;R$ 33.588,35;R$ 0,44;R$ 33.588,79;R$ 0,00;;R$ 1,04;R$ 0,00;;;;0,0%;1,4%;"";17/10/2025;AFA CONSULTORIA DE CREDITO UNIPESSOAL LTDA;AMFI COMPANHIA SECURITIZADORA DE CREDITOS FINANCEIROS I SA;Oferta Pública;Duplicata;Captação finalizada
Pool M2 #1;Pool;19/10/2025;92;R$ 0,00;;;R$ 0,00;;R$ 0,00;;R$ 0,00;;;;0,0%;;"";;AMFI CONSULTING LTDA;;;"";
Conecta Lá Unitoken #185;Unitoken;20/10/2025;93;R$ 33.074,76;R$ 33.074,76;R$ 0,00;R$ 33.074,76;R$ 0,00;;R$ 1,05;R$ 0,00;;;;0,0%;1,7%;"";20/10/2025;FULL NINE DIGITAL CONSULTORIA S.A.;AMFI COMPANHIA SECURITIZADORA DE CREDITOS FINANCEIROS I SA;Oferta Pública;Duplicata;Captação finalizada
Conecta Lá Unitoken #186;Unitoken;20/10/2025;93;R$ 33.744,29;R$ 33.744,29;R$ 0,00;R$ 33.744,29;R$ 0,00;;R$ 1,05;R$ 0,00;;;;0,0%;1,7%;"";20/10/2025;FULL NINE DIGITAL CONSULTORIA S.A.;AMFI COMPANHIA SECURITIZADORA DE CREDITOS FINANCEIROS I SA;Oferta Pública;Duplicata;Captação finalizada
Lebasq Unitoken #57;Unitoken;20/10/2025;93;R$ 13.115,81;R$ 13.030,61;R$ 85,20;R$ 13.115,81;R$ 0,00;;R$ 1,02;R$ 0,00;;;;0,0%;1,4%;"";21/07/2025;LEBASQ SECURITIZAÇÃO DE CRÉDITOS SA;AMFI COMPANHIA SECURITIZADORA DE CREDITOS FINANCEIROS I SA;Oferta Pública;Duplicata;Captação finalizada
Formento Unitoken #133;Unitoken;20/10/2025;93;R$ 390.881,46;R$ 390.791,97;R$ 89,49;R$ 390.881,46;R$ 0,00;;R$ 1,02;R$ 0,00;;;;0,0%;1,7%;"";29/07/2025;Formento Securitizadora S.A.;AMFI COMPANHIA SECURITIZADORA DE CREDITOS FINANCEIROS I SA;Oferta Pública;Duplicata;Captação finalizada
Formento Unitoken #127;Unitoken;21/10/2025;94;R$ 32.258,14;R$ 32.239,89;R$ 18,25;R$ 32.258,14;R$ 0,00;;R$ 1,03;R$ 0,00;;;;0,0%;1,6%;"";22/07/2025;Formento Securitizadora S.A.;AMFI COMPANHIA SECURITIZADORA DE CREDITOS FINANCEIROS I SA;Oferta Pública;Duplicata;Captação finalizada
Baru Unitoken #12;Unitoken;23/10/2025;96;R$ 196.775,29;R$ 196.708,15;R$ 67,14;R$ 196.775,29;R$ 0,00;;R$ 1,04;R$ 0,00;;;;0,0%;1,6%;"";04/09/2025;GRIFFIN CAPITAL S.A. SECURITIZADORA;AMFI COMPANHIA SECURITIZADORA DE CREDITOS FINANCEIROS I SA;Oferta Pública;Ativo Judicial;Captação finalizada
Conecta Lá Unitoken #57;Unitoken;24/10/2025;97;R$ 19.093,45;R$ 19.093,37;R$ 0,08;R$ 19.093,45;R$ 0,00;;R$ 1,05;R$ 0,00;;;;0,0%;1,4%;"";24/10/2025;FULL NINE DIGITAL CONSULTORIA S.A.;AMFI COMPANHIA SECURITIZADORA DE CREDITOS FINANCEIROS I SA;Oferta Pública;Duplicata;Captação finalizada
AFA CONSULTORIA DE CREDITO Unitoken #22;Unitoken;24/10/2025;97;R$ 16.730,10;R$ 16.730,23;R$ 0,00;R$ 16.730,10;R$ 0,00;;R$ 1,05;R$ 0,00;;;;0,0%;1,4%;"";24/10/2025;AFA CONSULTORIA DE CREDITO UNIPESSOAL LTDA;AMFI COMPANHIA SECURITIZADORA DE CREDITOS FINANCEIROS I SA;Oferta Pública;Duplicata;Captação finalizada
Conecta Lá Unitoken #188;Unitoken;27/10/2025;100;R$ 41.137,18;R$ 27.942,97;R$ 13.194,21;R$ 27.943,29;R$ 13.193,89;;R$ 1,06;R$ 0,00;;;;0,0%;1,8%;"";27/10/2025;FULL NINE DIGITAL CONSULTORIA S.A.;AMFI COMPANHIA SECURITIZADORA DE CREDITOS FINANCEIROS I SA;Oferta Pública;Duplicata;Captação finalizada
Baru Unitoken #16;Unitoken;29/10/2025;102;R$ 51,84;R$ 4.876,50;R$ 0,00;R$ 0,00;R$ 51,84;;R$ 0,00;R$ 0,00;;;;0,0%;;"";29/10/2025;GRIFFIN CAPITAL S.A. SECURITIZADORA;AMFI COMPANHIA SECURITIZADORA DE CREDITOS FINANCEIROS I SA;Oferta Pública;Duplicata;Captação finalizada
AFA CONSULTORIA DE CREDITO Unitoken #17;Unitoken;29/10/2025;102;R$ 16.706,39;R$ 16.706,58;R$ 0,00;R$ 16.706,39;R$ 0,00;;R$ 1,05;R$ 0,00;;;;0,0%;1,4%;"";29/10/2025;AFA CONSULTORIA DE CREDITO UNIPESSOAL LTDA;AMFI COMPANHIA SECURITIZADORA DE CREDITOS FINANCEIROS I SA;Oferta Pública;Duplicata;Captação finalizada
Teddy Hub Pool 1;Pool;30/10/2025;103;R$ 0,00;R$ 0,00;R$ 0,00;R$ 0,00;R$ 0,00;;;R$ 0,00;;20,0%;;0,0%;;"";10/11/2025;TEDDY HUB DIGITAL LTDA;AMFI COMPANHIA SECURITIZADORA DE CREDITOS FINANCEIROS I SA;Oferta Privada;Duplicata;Captação finalizada
AFA CONSULTORIA DE CREDITO Unitoken #32;Unitoken;30/10/2025;103;R$ 38.421,85;R$ 38.421,68;R$ 0,17;R$ 38.421,85;R$ 0,00;;R$ 1,06;R$ 0,00;;;;0,0%;2,0%;"";30/09/2025;AFA CONSULTORIA DE CREDITO UNIPESSOAL LTDA;AMFI COMPANHIA SECURITIZADORA DE CREDITOS FINANCEIROS I SA;Oferta Pública;Duplicata;Captação finalizada
Denali Tax Unitoken #1;Unitoken;31/10/2025;104;R$ 384.739,67;R$ 0,00;R$ 384.739,67;R$ 384.739,67;R$ 0,00;;;R$ 0,00;;;;0,0%;1,8%;"";;DENALI TAX CONSULTORIA LTDA;AMFI COMPANHIA SECURITIZADORA DE CREDITOS FINANCEIROS I SA;;Ativo Judicial;
Formento Unitoken #130;Unitoken;31/10/2025;104;R$ 59.665,17;R$ 59.657,33;R$ 7,84;R$ 59.665,17;R$ 0,00;;R$ 1,04;R$ 0,00;;;;0,0%;1,6%;"";08/09/2025;Formento Securitizadora S.A.;AMFI COMPANHIA SECURITIZADORA DE CREDITOS FINANCEIROS I SA;Oferta Pública;Duplicata;Captação finalizada
C4 Unitoken #68;Unitoken;03/11/2025;107;R$ 263.159,94;R$ 263.152,18;R$ 7,76;R$ 263.159,94;R$ 0,00;;R$ 1,01;R$ 0,00;;;;0,0%;1,6%;"";01/08/2025;C4 CAPITAL SECURITIZADORA S/A;AMFI COMPANHIA SECURITIZADORA DE CREDITOS FINANCEIROS I SA;Oferta Pública;Duplicata;Captação finalizada
Learnbase Unitoken #56;Unitoken;05/11/2025;109;R$ 25.684,10;R$ 25.678,40;R$ 5,70;R$ 25.684,10;R$ 0,00;;R$ 1,07;R$ 0,00;;;;0,0%;1,9%;"";05/11/2025;Learnbase Gestão e Consultoria Educacional S.A.;AMFI COMPANHIA SECURITIZADORA DE CREDITOS FINANCEIROS I SA;Oferta Pública;Duplicata;Captação finalizada
Lebasq Unitoken #59;Unitoken;05/11/2025;109;R$ 5.123,80;R$ 5.122,66;R$ 1,14;R$ 5.123,80;R$ 0,00;;R$ 1,02;R$ 0,00;;;;0,0%;1,4%;"";07/08/2025;LEBASQ SECURITIZAÇÃO DE CRÉDITOS SA;AMFI COMPANHIA SECURITIZADORA DE CREDITOS FINANCEIROS I SA;Oferta Pública;Duplicata;Captação finalizada
Click Antecipa Unitoken #126;Unitoken;05/11/2025;109;R$ 83.900,79;R$ 83.894,92;R$ 5,87;R$ 83.900,79;R$ 0,00;;R$ 1,01;R$ 0,00;;;;0,0%;1,6%;"";22/07/2025;CLICK SECURITIZADORA S.A.;AMFI COMPANHIA SECURITIZADORA DE CREDITOS FINANCEIROS I SA;Oferta Pública;Duplicata;Captação finalizada
Lebasq Unitoken #65;Unitoken;05/11/2025;109;R$ 17.746,98;R$ 17.748,77;R$ 0,00;R$ 17.746,98;R$ 0,00;;R$ 1,03;R$ 0,00;;;;0,0%;1,6%;"";05/08/2025;LEBASQ SECURITIZAÇÃO DE CRÉDITOS SA;AMFI COMPANHIA SECURITIZADORA DE CREDITOS FINANCEIROS I SA;Oferta Pública;Duplicata;Captação finalizada
Click Antecipa Unitoken #128;Unitoken;07/11/2025;111;R$ 135.296,00;R$ 135.266,89;R$ 29,11;R$ 135.296,00;R$ 0,00;;R$ 1,02;R$ 0,00;;;;0,0%;1,8%;"";22/07/2025;CLICK SECURITIZADORA S.A.;AMFI COMPANHIA SECURITIZADORA DE CREDITOS FINANCEIROS I SA;Oferta Pública;Duplicata;Captação finalizada
Tiba Unitoken #2;Unitoken;14/11/2025;118;R$ 5.784,93;R$ 5.876,47;R$ 0,00;R$ 5.784,93;R$ 0,00;;R$ 1,00;R$ 0,00;;;;0,0%;1,6%;"";22/07/2025;TIBA ASSETS LTDA;AMFI COMPANHIA SECURITIZADORA DE CREDITOS FINANCEIROS I SA;Oferta Pública;CCB;Captação finalizada
Teddy  Unitoken #13;Unitoken;15/11/2025;119;R$ 63.065,12;R$ 51.005,09;R$ 12.060,03;R$ 63.065,12;R$ 0,00;;R$ 1,29;R$ 0,00;;;;0,0%;1,6%;"";15/08/2025;TEDDY HUB DIGITAL LTDA;AMFI COMPANHIA SECURITIZADORA DE CREDITOS FINANCEIROS I SA;Oferta Pública;Duplicata;Captação finalizada
Teddy  Unitoken #12;Unitoken;15/11/2025;119;R$ 96.061,59;R$ 95.985,83;R$ 75,76;R$ 96.061,59;R$ 0,00;;R$ 1,04;R$ 0,00;;;;0,0%;1,6%;"";15/08/2025;TEDDY HUB DIGITAL LTDA;AMFI COMPANHIA SECURITIZADORA DE CREDITOS FINANCEIROS I SA;Oferta Pública;Duplicata;Captação finalizada
Teddy  Unitoken #11;Unitoken;15/11/2025;119;R$ 96.061,58;R$ 95.985,70;R$ 75,88;R$ 96.061,58;R$ 0,00;;R$ 1,04;R$ 0,00;;;;0,0%;1,6%;"";15/08/2025;TEDDY HUB DIGITAL LTDA;AMFI COMPANHIA SECURITIZADORA DE CREDITOS FINANCEIROS I SA;Oferta Pública;Duplicata;Captação finalizada
BMDC Unitoken #8;Unitoken;15/11/2025;119;R$ 2.158,84;R$ 0,00;R$ 2.158,84;R$ 2.158,84;R$ 0,00;;;R$ 0,00;;;;0,0%;1,7%;"";;BMDC SECURITIZADORA SA;AMFI COMPANHIA SECURITIZADORA DE CREDITOS FINANCEIROS I SA;;CCB;
Click Antecipa Unitoken #127;Unitoken;17/11/2025;121;R$ 78.804,50;R$ 78.812,65;R$ 0,00;R$ 78.804,50;R$ 0,00;;R$ 1,02;R$ 0,00;;;10,6%;0,0%;1,6%;"";31/07/2025;CLICK SECURITIZADORA S.A.;AMFI COMPANHIA SECURITIZADORA DE CREDITOS FINANCEIROS I SA;Oferta Pública;Duplicata;Captação finalizada
AFA CONSULTORIA DE CREDITO Unitoken #21;Unitoken;17/11/2025;121;R$ 33.117,31;R$ 33.117,27;R$ 0,04;R$ 33.117,31;R$ 0,00;;R$ 1,06;R$ 0,00;;;;0,0%;1,4%;"";17/11/2025;AFA CONSULTORIA DE CREDITO UNIPESSOAL LTDA;AMFI COMPANHIA SECURITIZADORA DE CREDITOS FINANCEIROS I SA;Oferta Pública;Duplicata;Captação finalizada
Click Antecipa Unitoken #130;Unitoken;18/11/2025;122;R$ 68.454,05;R$ 15.064,03;R$ 53.390,02;R$ 63.398,41;R$ 5.055,64;;R$ 4,34;R$ 0,00;;;;0,0%;1,7%;"";31/07/2025;CLICK SECURITIZADORA S.A.;AMFI COMPANHIA SECURITIZADORA DE CREDITOS FINANCEIROS I SA;Oferta Pública;Duplicata;Em captação
Tiba Unitoken #1;Unitoken;20/11/2025;124;R$ 5.906,84;R$ 5.077,10;R$ 829,74;R$ 5.906,84;R$ 0,00;;R$ 1,18;R$ 0,00;;;;0,0%;1,5%;"";21/07/2025;TIBA ASSETS LTDA;AMFI COMPANHIA SECURITIZADORA DE CREDITOS FINANCEIROS I SA;Oferta Pública;CCB;Captação finalizada
Tiba Unitoken #1 (unitoken cancelado);Unitoken;20/11/2025;124;R$ 0,00;;;R$ 0,00;;;;R$ 0,00;;;;0,0%;;"";21/07/2025;TIBA ASSETS LTDA;AMFI COMPANHIA SECURITIZADORA DE CREDITOS FINANCEIROS I SA;Oferta Pública;CCB;Cancelada
Baru Unitoken #14;Unitoken;21/11/2025;125;R$ 152.952,26;R$ 152.948,54;R$ 3,72;R$ 153.036,87;R$ 0,00;;R$ 1,07;R$ 0,00;;;;0,0%;1,7%;"";03/11/2025;GRIFFIN CAPITAL S.A. SECURITIZADORA;AMFI COMPANHIA SECURITIZADORA DE CREDITOS FINANCEIROS I SA;Oferta Pública;Ativo Judicial;Captação finalizada
Stockash Equity Flex EdTech#2;Unitoken;21/11/2025;125;R$ 315.456,70;R$ 0,00;R$ 315.456,70;R$ 315.456,70;R$ 0,00;R$ 0,00;;R$ 0,00;;;;0,0%;2,0%;"";;Stockash Consultoria em Credito LTDA;AMFI COMPANHIA SECURITIZADORA DE CREDITOS FINANCEIROS I SA;;Nota Comercial / Duplicata;
AFA CONSULTORIA DE CREDITO Unitoken #20;Unitoken;24/11/2025;128;R$ 16.493,33;R$ 16.493,10;R$ 0,23;R$ 16.493,33;R$ 0,00;;R$ 1,06;R$ 0,00;;;;0,0%;1,4%;"";24/11/2025;AFA CONSULTORIA DE CREDITO UNIPESSOAL LTDA;AMFI COMPANHIA SECURITIZADORA DE CREDITOS FINANCEIROS I SA;Oferta Pública;Duplicata;Captação finalizada
Girubank Unitoken #14;Unitoken;24/11/2025;128;R$ 16.615,07;R$ 16.605,78;R$ 9,29;R$ 16.615,07;R$ 0,00;;R$ 1,03;R$ 0,00;;;;0,0%;1,8%;"";21/08/2025;Girubank Securitizadora SA;AMFI COMPANHIA SECURITIZADORA DE CREDITOS FINANCEIROS I SA;Oferta Pública;Duplicata;Captação finalizada
Girubank Unitoken #17;Unitoken;24/11/2025;128;R$ 958,30;R$ 951,36;R$ 6,94;R$ 958,30;R$ 0,00;;R$ 1,06;R$ 0,00;;;;0,0%;1,8%;"";23/09/2025;Girubank Securitizadora SA;AMFI COMPANHIA SECURITIZADORA DE CREDITOS FINANCEIROS I SA;Oferta Pública;Duplicata;Captação finalizada
Conecta Lá Unitoken #109;Unitoken;26/11/2025;130;R$ 49.769,98;R$ 49.777,08;R$ 0,00;R$ 49.769,98;R$ 0,00;;R$ 1,04;R$ 0,00;;;;0,0%;1,6%;"";26/08/2025;FULL NINE DIGITAL CONSULTORIA S.A.;AMFI COMPANHIA SECURITIZADORA DE CREDITOS FINANCEIROS I SA;Oferta Pública;Duplicata;Captação finalizada
Dinie Pool #2;Pool;30/11/2025;134;R$ 832.053,54;R$ 728.336,47;R$ 103.717,07;R$ 647.591,55;R$ 357.745,77;R$ 6.000,00;R$ 0,98;R$ 0,00;14,2%;20,0%;25,2%;178.472,4%;10,9%;Nível crítico de Subordinação da tranche Sênior;31/07/2025;DINIE CORRESPONDENTE BANCÁRIO E MEIOS DE PAGAMENTOS LTDA;AMFI COMPANHIA SECURITIZADORA DE CREDITOS FINANCEIROS I SA;Oferta Pública;CCB;Captação finalizada
AFA CONSULTORIA DE CREDITO Unitoken #19;Unitoken;01/12/2025;135;R$ 16.449,93;R$ 16.450,12;R$ 0,00;R$ 16.457,42;R$ 0,00;;R$ 1,06;R$ 0,00;;;;0,0%;1,4%;"";01/12/2025;AFA CONSULTORIA DE CREDITO UNIPESSOAL LTDA;AMFI COMPANHIA SECURITIZADORA DE CREDITOS FINANCEIROS I SA;Oferta Pública;Duplicata;Captação finalizada
Learnbase Unitoken #57;Unitoken;04/12/2025;138;R$ 25.225,71;R$ 25.221,04;R$ 4,67;R$ 25.225,71;R$ 0,00;;R$ 1,09;R$ 0,00;;;;0,0%;1,9%;"";04/12/2025;Learnbase Gestão e Consultoria Educacional S.A.;AMFI COMPANHIA SECURITIZADORA DE CREDITOS FINANCEIROS I SA;Oferta Pública;Duplicata;Captação finalizada
Lebasq Unitoken #66;Unitoken;05/12/2025;139;R$ 8.609,62;R$ 8.603,55;R$ 6,07;R$ 8.609,62;R$ 0,00;;R$ 1,04;R$ 0,00;;;;0,0%;1,6%;"";05/08/2025;LEBASQ SECURITIZAÇÃO DE CRÉDITOS SA;AMFI COMPANHIA SECURITIZADORA DE CREDITOS FINANCEIROS I SA;Oferta Pública;Duplicata;Captação finalizada
Girubank Unitoken #16;Unitoken;11/12/2025;145;R$ 13.683,15;R$ 13.674,81;R$ 8,34;R$ 13.683,15;R$ 0,00;;R$ 1,07;R$ 0,00;;;;0,0%;1,7%;"";21/08/2025;Girubank Securitizadora SA;AMFI COMPANHIA SECURITIZADORA DE CREDITOS FINANCEIROS I SA;Oferta Pública;Duplicata;Captação finalizada
Plin Unitoken #6;Unitoken;15/12/2025;149;R$ 276.646,40;R$ 276.393,33;R$ 253,07;R$ 276.646,40;R$ 0,00;;R$ 1,06;R$ 0,00;;;;0,0%;1,8%;"";15/09/2025;GARANTIZA SOLUCOES FINANCEIRAS LTDA;AMFI REPRESENTAÇÃO OPERACIONAL LTDA;Oferta Pública;Nota Comercial;Captação finalizada
Lebasq Unitoken #61;Unitoken;15/12/2025;149;R$ 14.946,80;R$ 14.947,49;R$ 0,00;R$ 14.946,80;R$ 0,00;;R$ 1,02;R$ 0,00;;;;0,0%;1,6%;"";29/07/2025;LEBASQ SECURITIZAÇÃO DE CRÉDITOS SA;AMFI COMPANHIA SECURITIZADORA DE CREDITOS FINANCEIROS I SA;Oferta Pública;Duplicata;Captação finalizada
Teddy  Unitoken #14;Unitoken;15/12/2025;149;R$ 119.162,97;R$ 119.114,69;R$ 48,28;R$ 119.162,97;R$ 0,00;;R$ 1,05;R$ 0,00;;;;0,0%;1,6%;"";15/08/2025;TEDDY HUB DIGITAL LTDA;AMFI COMPANHIA SECURITIZADORA DE CREDITOS FINANCEIROS I SA;Oferta Pública;Duplicata;Captação finalizada
AFA CONSULTORIA DE CREDITO Unitoken #18;Unitoken;17/12/2025;151;R$ 32.663,19;R$ 32.663,32;R$ 0,00;R$ 32.663,19;R$ 0,00;;R$ 1,07;R$ 0,00;;;;0,0%;1,4%;"";17/12/2025;AFA CONSULTORIA DE CREDITO UNIPESSOAL LTDA;AMFI COMPANHIA SECURITIZADORA DE CREDITOS FINANCEIROS I SA;Oferta Pública;Duplicata;Captação finalizada
Girubank Unitoken #2;Unitoken;22/12/2025;156;R$ 8.729,96;R$ 8.709,05;R$ 20,91;R$ 8.729,96;R$ 0,00;;R$ 1,05;R$ 0,00;;;;0,0%;1,7%;"";21/07/2025;Girubank Securitizadora SA;AMFI COMPANHIA SECURITIZADORA DE CREDITOS FINANCEIROS I SA;Oferta Pública;Duplicata;Captação finalizada
Up Vendas Unitoken #5;Unitoken;22/12/2025;156;R$ 107.162,94;R$ 107.162,88;R$ 0,06;R$ 107.162,94;R$ 0,00;;R$ 1,06;R$ 0,00;;;;0,0%;1,6%;"";03/09/2025;Up Vendas;AMFI COMPANHIA SECURITIZADORA DE CREDITOS FINANCEIROS I SA;Oferta Pública;Recebível de Cartão;Captação finalizada
Girubank Unitoken #23;Unitoken;23/12/2025;157;R$ 154.947,97;R$ 154.866,47;R$ 81,50;R$ 154.947,97;R$ 0,00;;R$ 1,05;R$ 0,00;;;;0,0%;1,8%;"";22/07/2025;Girubank Securitizadora SA;AMFI COMPANHIA SECURITIZADORA DE CREDITOS FINANCEIROS I SA;Oferta Pública;Duplicata;Captação finalizada
Girubank Unitoken #18;Unitoken;23/12/2025;157;R$ 14.885,12;R$ 14.854,16;R$ 30,96;R$ 14.885,12;R$ 0,00;;R$ 1,07;R$ 0,00;;;;0,0%;1,8%;"";22/07/2025;Girubank Securitizadora SA;AMFI COMPANHIA SECURITIZADORA DE CREDITOS FINANCEIROS I SA;Oferta Pública;Duplicata;Captação finalizada
AFA CONSULTORIA DE CREDITO Unitoken #14;Unitoken;24/12/2025;158;R$ 16.263,38;R$ 16.263,51;R$ 0,00;R$ 16.263,38;R$ 0,00;;R$ 1,08;R$ 0,00;;;;0,0%;1,4%;"";24/12/2025;AFA CONSULTORIA DE CREDITO UNIPESSOAL LTDA;AMFI COMPANHIA SECURITIZADORA DE CREDITOS FINANCEIROS I SA;Oferta Pública;Duplicata;Captação finalizada
UnionNational Pool #4;Pool;25/12/2025;159;R$ 1.165.516,40;R$ 898.146,66;R$ 267.369,74;R$ 1.115.097,17;R$ 40.419,23;R$ 10.000,00;R$ 1,27;R$ 0,00;22,9%;20,0%;;0,0%;2,1%;"";25/12/2025;SECURITIZADORA DE CRÉDITOS FINANCEIROS S.A.;;Oferta Pública;Duplicata;Captação finalizada
Lebasq Unitoken #69;Unitoken;26/12/2025;160;R$ 13.276,45;R$ 13.275,96;R$ 0,49;R$ 13.276,45;R$ 0,00;;R$ 1,04;R$ 0,00;;;;0,0%;1,6%;"";25/07/2025;LEBASQ SECURITIZAÇÃO DE CRÉDITOS SA;AMFI COMPANHIA SECURITIZADORA DE CREDITOS FINANCEIROS I SA;Oferta Pública;Duplicata;Captação finalizada
Lebasq Unitoken #64;Unitoken;26/12/2025;160;R$ 29.283,81;R$ 29.279,88;R$ 3,93;R$ 29.283,81;R$ 0,00;;R$ 1,04;R$ 0,00;;;;0,0%;1,6%;"";21/07/2025;LEBASQ SECURITIZAÇÃO DE CRÉDITOS SA;AMFI COMPANHIA SECURITIZADORA DE CREDITOS FINANCEIROS I SA;Oferta Pública;Duplicata;Captação finalizada
Lebasq Unitoken #60;Unitoken;29/12/2025;163;R$ 129.134,52;R$ 129.028,93;R$ 105,59;R$ 129.134,52;R$ 0,00;;R$ 1,03;R$ 0,00;;;;0,0%;1,6%;"";21/07/2025;LEBASQ SECURITIZAÇÃO DE CRÉDITOS SA;AMFI COMPANHIA SECURITIZADORA DE CREDITOS FINANCEIROS I SA;Oferta Pública;Duplicata;Captação finalizada
Click Antecipa Unitoken #81 [cancelado];Unitoken;29/12/2025;163;R$ 0,00;;;R$ 0,00;;;;R$ 0,00;;;;0,0%;;"";29/12/2025;CLICK SECURITIZADORA S.A.;AMFI COMPANHIA SECURITIZADORA DE CREDITOS FINANCEIROS I SA;Oferta Pública;Duplicata;Cancelada
AFA CONSULTORIA DE CREDITO Unitoken #16;Unitoken;29/12/2025;163;R$ 16.248,22;R$ 16.248,22;R$ 0,00;R$ 16.248,22;R$ 0,00;;R$ 1,08;R$ 0,00;;;;0,0%;1,4%;"";29/12/2025;AFA CONSULTORIA DE CREDITO UNIPESSOAL LTDA;AMFI COMPANHIA SECURITIZADORA DE CREDITOS FINANCEIROS I SA;Oferta Pública;Duplicata;Captação finalizada
MMK Private;Pool;31/12/2025;165;R$ 0,00;;;R$ 0,00;;R$ 0,00;;R$ 0,00;100,0%;1,0%;;0,0%;;"";;MMK Partners;AMFI COMPANHIA SECURITIZADORA DE CREDITOS FINANCEIROS I SA;Oferta Privada;CCB / Nota Comercial;Produto Encerrado
Lebasq Unitoken #67;Unitoken;07/01/2026;172;R$ 17.906,16;R$ 17.905,19;R$ 0,97;R$ 17.906,16;R$ 0,00;;R$ 1,04;R$ 0,00;;;;0,0%;1,6%;"";04/08/2025;LEBASQ SECURITIZAÇÃO DE CRÉDITOS SA;AMFI COMPANHIA SECURITIZADORA DE CREDITOS FINANCEIROS I SA;Oferta Pública;Duplicata;Captação finalizada
Lebasq Unitoken #62;Unitoken;08/01/2026;173;R$ 26.656,05;R$ 26.653,95;R$ 2,10;R$ 26.656,05;R$ 0,00;;R$ 1,04;R$ 0,00;;;;0,0%;1,6%;"";29/07/2025;LEBASQ SECURITIZAÇÃO DE CRÉDITOS SA;AMFI COMPANHIA SECURITIZADORA DE CREDITOS FINANCEIROS I SA;Oferta Pública;Duplicata;Captação finalizada
Girubank Unitoken #1;Unitoken;12/01/2026;177;R$ 16.766,98;R$ 16.741,55;R$ 25,43;R$ 16.766,98;R$ 0,00;;R$ 1,06;R$ 0,00;;;;0,0%;1,7%;"";21/07/2025;Girubank Securitizadora SA;AMFI COMPANHIA SECURITIZADORA DE CREDITOS FINANCEIROS I SA;Oferta Pública;Duplicata;Captação finalizada
Lebasq Unitoken #68;Unitoken;12/01/2026;177;R$ 9.761,20;R$ 9.760,60;R$ 0,60;R$ 9.761,20;R$ 0,00;;R$ 1,05;R$ 0,00;;;;0,0%;1,6%;"";23/07/2025;LEBASQ SECURITIZAÇÃO DE CRÉDITOS SA;AMFI COMPANHIA SECURITIZADORA DE CREDITOS FINANCEIROS I SA;Oferta Pública;Duplicata;Captação finalizada
AmFi Alta Liquidez #3;Pool;14/01/2026;179;R$ 124.915,15;R$ 0,00;R$ 0,00;R$ 0,00;R$ 0,00;R$ 0,00;;R$ 0,00;;30,0%;;0,0%;;"";14/01/2026;AMFI CONSULTING LTDA;;Oferta Privada;CCB / Recebível de Cartão / Nota Comercial / CPR / Duplicata / Ativo Judicial;Captação finalizada
Girubank Unitoken #4;Unitoken;15/01/2026;180;R$ 34.486,61;R$ 34.468,61;R$ 18,00;R$ 34.486,61;R$ 0,00;;R$ 1,04;R$ 0,00;;;;0,0%;1,7%;"";15/08/2025;Girubank Securitizadora SA;AMFI COMPANHIA SECURITIZADORA DE CREDITOS FINANCEIROS I SA;Oferta Pública;Duplicata;Captação finalizada
BMDC Unitoken #6;Unitoken;15/01/2026;180;R$ 3.852,19;R$ 0,00;R$ 3.852,19;R$ 3.852,19;R$ 0,00;;;R$ 0,00;;;;0,0%;1,7%;"";;BMDC SECURITIZADORA SA;AMFI COMPANHIA SECURITIZADORA DE CREDITOS FINANCEIROS I SA;;CCB;
Lebasq Unitoken #73;Unitoken;15/01/2026;180;R$ 9.301,94;R$ 9.301,94;R$ 0,00;R$ 9.301,94;R$ 0,00;;R$ 1,05;R$ 0,00;;;;0,0%;1,6%;"";15/08/2025;LEBASQ SECURITIZAÇÃO DE CRÉDITOS SA;AMFI COMPANHIA SECURITIZADORA DE CREDITOS FINANCEIROS I SA;Oferta Pública;Duplicata;Captação finalizada
Teddy  Unitoken #19;Unitoken;15/01/2026;180;R$ 515.146,28;R$ 515.139,85;R$ 6,43;R$ 515.146,28;R$ 0,00;;R$ 1,09;R$ 0,00;;;;0,0%;2,1%;"";15/08/2025;TEDDY HUB DIGITAL LTDA;AMFI COMPANHIA SECURITIZADORA DE CREDITOS FINANCEIROS I SA;Oferta Pública;Duplicata;Captação finalizada
Girubank Unitoken #5;Unitoken;15/01/2026;180;R$ 27.148,63;R$ 27.125,07;R$ 23,56;R$ 27.148,63;R$ 0,00;;R$ 1,04;R$ 0,00;;;;0,0%;1,7%;"";01/08/2025;Girubank Securitizadora SA;AMFI COMPANHIA SECURITIZADORA DE CREDITOS FINANCEIROS I SA;Oferta Pública;Duplicata;Captação finalizada
Teddy  Unitoken #15;Unitoken;15/01/2026;180;R$ 141.362,26;R$ 140.911,80;R$ 450,46;R$ 141.439,36;R$ 0,00;;R$ 1,06;R$ 0,00;;;;0,0%;1,6%;"";15/08/2025;TEDDY HUB DIGITAL LTDA;AMFI COMPANHIA SECURITIZADORA DE CREDITOS FINANCEIROS I SA;Oferta Pública;Duplicata;Captação finalizada
Girubank Unitoken #20;Unitoken;21/01/2026;186;R$ 20.227,84;R$ 20.223,59;R$ 4,25;R$ 20.227,84;R$ 0,00;;R$ 1,05;R$ 0,00;;;;0,0%;1,8%;"";16/09/2025;Girubank Securitizadora SA;AMFI COMPANHIA SECURITIZADORA DE CREDITOS FINANCEIROS I SA;Oferta Pública;Duplicata;Captação finalizada
Girubank Unitoken #9;Unitoken;21/01/2026;186;R$ 17.433,17;R$ 17.316,29;R$ 116,88;R$ 17.433,17;R$ 0,00;;R$ 1,06;R$ 0,00;;;;0,0%;1,7%;"";22/07/2025;Girubank Securitizadora SA;AMFI COMPANHIA SECURITIZADORA DE CREDITOS FINANCEIROS I SA;Oferta Pública;Duplicata;Captação finalizada
AFA CONSULTORIA DE CREDITO Unitoken #34;Unitoken;26/01/2026;191;R$ 701.309,93;R$ 700.992,82;R$ 317,11;R$ 701.309,93;R$ 0,00;;R$ 1,12;R$ 0,00;;;;0,0%;1,8%;"";26/01/2026;AFA CONSULTORIA DE CREDITO UNIPESSOAL LTDA;AMFI COMPANHIA SECURITIZADORA DE CREDITOS FINANCEIROS I SA;Oferta Pública;Duplicata;Captação finalizada
Lebasq Unitoken #63;Unitoken;26/01/2026;191;R$ 29.507,28;R$ 29.471,92;R$ 35,36;R$ 29.507,28;R$ 0,00;;R$ 1,04;R$ 0,00;;;;0,0%;1,6%;"";24/07/2025;LEBASQ SECURITIZAÇÃO DE CRÉDITOS SA;AMFI COMPANHIA SECURITIZADORA DE CREDITOS FINANCEIROS I SA;Oferta Pública;Duplicata;Captação finalizada
Conecta Lá Unitoken #142;Unitoken;26/01/2026;191;R$ 13.257,85;R$ 13.259,72;R$ 0,00;R$ 13.257,85;R$ 0,00;;R$ 1,06;R$ 0,00;;;;0,0%;1,7%;"";25/07/2025;FULL NINE DIGITAL CONSULTORIA S.A.;AMFI COMPANHIA SECURITIZADORA DE CREDITOS FINANCEIROS I SA;Oferta Pública;Duplicata;Captação finalizada
Lebasq Unitoken #70;Unitoken;26/01/2026;191;R$ 8.609,22;R$ 8.608,72;R$ 0,50;R$ 8.609,22;R$ 0,00;;R$ 1,05;R$ 0,00;;;;0,0%;1,6%;"";21/07/2025;LEBASQ SECURITIZAÇÃO DE CRÉDITOS SA;AMFI COMPANHIA SECURITIZADORA DE CREDITOS FINANCEIROS I SA;Oferta Pública;Duplicata;Captação finalizada
Up Vendas Unitoken #7;Unitoken;26/01/2026;191;R$ 109.581,12;R$ 109.580,57;R$ 0,55;R$ 109.581,12;R$ 0,00;;R$ 1,07;R$ 0,00;;;;0,0%;1,6%;"";05/08/2025;Up Vendas;AMFI COMPANHIA SECURITIZADORA DE CREDITOS FINANCEIROS I SA;Oferta Pública;Recebível de Cartão;Captação finalizada
Girubank Unitoken #8;Unitoken;27/01/2026;192;R$ 49.017,53;R$ 48.983,69;R$ 33,84;R$ 49.017,53;R$ 0,00;;R$ 1,04;R$ 0,00;;;;0,0%;1,7%;"";28/07/2025;Girubank Securitizadora SA;AMFI COMPANHIA SECURITIZADORA DE CREDITOS FINANCEIROS I SA;Oferta Pública;Duplicata;Captação finalizada
AFA CONSULTORIA DE CREDITO Unitoken #3;Unitoken;29/01/2026;194;R$ 16.019,47;R$ 16.019,29;R$ 0,18;R$ 16.019,47;R$ 0,00;;R$ 1,09;R$ 0,00;;;;0,0%;1,4%;"";29/01/2026;AFA CONSULTORIA DE CREDITO UNIPESSOAL LTDA;AMFI COMPANHIA SECURITIZADORA DE CREDITOS FINANCEIROS I SA;Oferta Pública;Duplicata;Captação finalizada
Lebasq Unitoken #72;Unitoken;30/01/2026;195;R$ 8.613,04;R$ 8.612,69;R$ 0,35;R$ 8.613,04;R$ 0,00;;R$ 1,05;R$ 0,00;;;;0,0%;1,6%;"";05/08/2025;LEBASQ SECURITIZAÇÃO DE CRÉDITOS SA;AMFI COMPANHIA SECURITIZADORA DE CREDITOS FINANCEIROS I SA;Oferta Pública;Duplicata;Captação finalizada
Lebasq Unitoken #71;Unitoken;30/01/2026;195;R$ 53.150,28;R$ 53.148,71;R$ 1,57;R$ 53.178,62;R$ 0,00;;R$ 1,05;R$ 0,00;;;;0,0%;1,6%;"";05/08/2025;LEBASQ SECURITIZAÇÃO DE CRÉDITOS SA;AMFI COMPANHIA SECURITIZADORA DE CREDITOS FINANCEIROS I SA;Oferta Pública;Duplicata;Captação finalizada
LC Investe Pool #2;Pool;31/01/2026;196;R$ 995.394,13;R$ 839.321,84;R$ 156.072,29;R$ 849.401,97;R$ 0,00;R$ 4.500,00;R$ 1,13;R$ 66.833,87;15,7%;10,0%;;0,0%;2,2%;Concentração máx por sacado;05/01/2026;LC Investe LTDA;AMFI COMPANHIA SECURITIZADORA DE CREDITOS FINANCEIROS I SA;Oferta Pública;Ativo Judicial;Captação finalizada
Up Vendas #1;Pool;01/02/2026;197;R$ 0,00;R$ 0,01;R$ 0,00;R$ 0,00;R$ 0,00;;R$ 0,00;R$ 0,00;100,0%;20,0%;;0,0%;;"";;Up Vendas;AMFI COMPANHIA SECURITIZADORA DE CREDITOS FINANCEIROS I SA;Oferta Privada;Recebível de Cartão;Produto Encerrado
Girubank Unitoken #7;Unitoken;02/02/2026;198;R$ 53.746,00;R$ 53.711,43;R$ 34,57;R$ 53.746,00;R$ 0,00;;R$ 1,05;R$ 0,00;;;;0,0%;1,7%;"";22/07/2025;Girubank Securitizadora SA;AMFI COMPANHIA SECURITIZADORA DE CREDITOS FINANCEIROS I SA;Oferta Pública;Duplicata;Captação finalizada
Girubank Unitoken #15;Unitoken;02/02/2026;198;R$ 30.209,68;R$ 30.246,92;R$ 0,00;R$ 30.209,68;R$ 0,00;;R$ 1,05;R$ 0,00;;;;0,0%;1,8%;"";11/09/2025;Girubank Securitizadora SA;AMFI COMPANHIA SECURITIZADORA DE CREDITOS FINANCEIROS I SA;Oferta Pública;Duplicata;Captação finalizada
Girubank Unitoken #22;Unitoken;11/02/2026;207;R$ 35.646,01;R$ 35.627,97;R$ 18,04;R$ 35.646,01;R$ 0,00;;R$ 1,05;R$ 0,00;;;;0,0%;1,8%;"";12/08/2025;Girubank Securitizadora SA;AMFI COMPANHIA SECURITIZADORA DE CREDITOS FINANCEIROS I SA;Oferta Pública;Duplicata;Captação finalizada
BMDC Unitoken #9;Unitoken;15/02/2026;211;R$ 2.831,34;R$ 0,00;R$ 2.831,34;R$ 2.831,34;R$ 0,00;;;R$ 0,00;;;;0,0%;1,7%;"";;BMDC SECURITIZADORA SA;AMFI COMPANHIA SECURITIZADORA DE CREDITOS FINANCEIROS I SA;;CCB;
BMDC Unitoken #4;Unitoken;15/02/2026;211;R$ 4.884,09;R$ 0,00;R$ 4.884,09;R$ 4.884,09;R$ 0,00;;;R$ 0,00;;;;0,0%;1,7%;"";;BMDC SECURITIZADORA SA;AMFI COMPANHIA SECURITIZADORA DE CREDITOS FINANCEIROS I SA;;CCB;
BMDC Unitoken #7;Unitoken;15/02/2026;211;R$ 6.733,86;R$ 0,00;R$ 6.733,86;R$ 6.733,86;R$ 0,00;;;R$ 0,00;;;;0,0%;1,7%;"";;BMDC SECURITIZADORA SA;AMFI COMPANHIA SECURITIZADORA DE CREDITOS FINANCEIROS I SA;;CCB;
Girubank Unitoken #25;Unitoken;23/02/2026;219;R$ 28.175,83;R$ 28.137,91;R$ 37,92;R$ 28.175,83;R$ 0,00;;R$ 1,04;R$ 0,00;;;;0,0%;1,8%;"";22/07/2025;Girubank Securitizadora SA;AMFI COMPANHIA SECURITIZADORA DE CREDITOS FINANCEIROS I SA;Oferta Pública;Duplicata;Captação finalizada
Girubank Unitoken #21;Unitoken;23/02/2026;219;R$ 5.815,18;R$ 5.807,22;R$ 7,96;R$ 5.815,18;R$ 0,00;;R$ 1,05;R$ 0,00;;;;0,0%;1,8%;"";12/08/2025;Girubank Securitizadora SA;AMFI COMPANHIA SECURITIZADORA DE CREDITOS FINANCEIROS I SA;Oferta Pública;Duplicata;Captação finalizada
SuperSim Pool #1;Pool;27/02/2026;223;R$ 16.748.810,66;R$ 7.027.016,18;R$ 9.721.794,48;R$ 21.688.565,08;R$ 1.201.513,03;R$ 100.000,00;R$ 3,46;R$ 2.820.796,98;58,0%;35,0%;73,6%;8.249.993,8%;41,7%;"";27/01/2026;SUPERSIM ANÁLISE DE DADOS E CORRESPONDENTE BANCÁRIO LTDA;;Oferta Privada;CCB;Captação finalizada
Stockash (Educbank) Unitoken #3;Unitoken;28/02/2026;224;R$ 555.264,16;R$ 0,00;R$ 555.264,16;R$ 555.264,15;R$ 0,01;;;R$ 0,00;;;;0,0%;2,0%;"";;Stockash Consultoria em Credito LTDA;AMFI COMPANHIA SECURITIZADORA DE CREDITOS FINANCEIROS I SA;;Nota Comercial;
AFA CONSULTORIA DE CREDITO Unitoken #35;Unitoken;02/03/2026;226;R$ 338.677,96;R$ 338.539,35;R$ 138,61;R$ 338.677,96;R$ 0,00;;R$ 1,14;R$ 0,00;;;;0,0%;1,8%;"";02/03/2026;AFA CONSULTORIA DE CREDITO UNIPESSOAL LTDA;AMFI COMPANHIA SECURITIZADORA DE CREDITOS FINANCEIROS I SA;Oferta Pública;Duplicata;Captação finalizada
Mooney Pool #1;Pool;07/03/2026;231;R$ 6.735,16;R$ 0,01;R$ 6.735,15;R$ 69.945,81;R$ 1.735,16;R$ 5.000,00;R$ 9.190.586,80;R$ 0,00;100,0%;15,0%;1.038,5%;69.945,8%;8,8%;"";06/09/2025;Mooney S.A. Companhia Securitizadora;;Oferta Pública;Duplicata;Produto Encerrado
Lebasq Unitoken #48;Unitoken;16/03/2026;240;R$ 0,00;;;R$ 0,00;;;;R$ 0,00;;;;0,0%;;"";16/03/2026;LEBASQ SECURITIZAÇÃO DE CRÉDITOS SA;AMFI COMPANHIA SECURITIZADORA DE CREDITOS FINANCEIROS I SA;Oferta Pública;Duplicata;Cancelada
Teddy  Unitoken #17;Unitoken;16/03/2026;240;R$ 263.340,73;R$ 263.279,31;R$ 61,42;R$ 263.340,73;R$ 0,00;;R$ 1,14;R$ 0,00;;;;0,0%;1,6%;"";16/03/2026;TEDDY HUB DIGITAL LTDA;AMFI COMPANHIA SECURITIZADORA DE CREDITOS FINANCEIROS I SA;Oferta Pública;Duplicata;Captação finalizada
Allya Unitoken #3;Unitoken;18/03/2026;242;R$ 221.258,51;R$ 221.314,48;R$ 0,00;R$ 221.258,51;R$ 0,00;;R$ 1,07;R$ 0,00;;;11,9%;0,0%;1,8%;"";18/08/2025;ALLYA SERVIÇOS LTDA;AMFI REPRESENTAÇÃO OPERACIONAL LTDA;Oferta Pública;Nota Comercial;Captação finalizada
Lebasq Unitoken #74;Unitoken;20/03/2026;244;R$ 0,00;R$ 0,00;R$ 0,00;R$ 0,00;R$ 0,00;;;R$ 0,00;;;;0,0%;;"";20/08/2025;LEBASQ SECURITIZAÇÃO DE CRÉDITOS SA;AMFI COMPANHIA SECURITIZADORA DE CREDITOS FINANCEIROS I SA;Oferta Pública;Duplicata;Pré-captação
Girubank Unitoken #24;Unitoken;23/03/2026;247;R$ 80.776,69;R$ 80.767,83;R$ 8,86;R$ 80.776,69;R$ 0,00;;R$ 1,10;R$ 0,00;;;;0,0%;1,8%;"";16/10/2025;Girubank Securitizadora SA;AMFI COMPANHIA SECURITIZADORA DE CREDITOS FINANCEIROS I SA;Oferta Pública;Duplicata;Captação finalizada
Up Vendas Unitoken #6;Unitoken;31/03/2026;255;R$ 221.060,07;R$ 221.059,12;R$ 0,95;R$ 221.060,07;R$ 0,00;;R$ 1,09;R$ 0,00;;;;0,0%;1,6%;"";07/08/2025;Up Vendas;AMFI COMPANHIA SECURITIZADORA DE CREDITOS FINANCEIROS I SA;Oferta Pública;Recebível de Cartão;Captação finalizada
Tiba Unitoken #3 [Cancelado];Unitoken;13/04/2026;268;R$ 0,00;;;R$ 0,00;;;;R$ 0,00;;;;0,0%;;"";22/07/2025;TIBA ASSETS LTDA;AMFI COMPANHIA SECURITIZADORA DE CREDITOS FINANCEIROS I SA;Oferta Pública;CCB;Cancelada
Tiba Unitoken #3;Unitoken;13/04/2026;268;R$ 265.937,42;R$ 264.023,63;R$ 1.913,79;R$ 265.937,42;R$ 0,00;;R$ 1,06;R$ 0,00;;;;0,0%;1,7%;"";22/07/2025;TIBA ASSETS LTDA;AMFI COMPANHIA SECURITIZADORA DE CREDITOS FINANCEIROS I SA;Oferta Pública;CCB;Captação finalizada
Teddy  Unitoken #18;Unitoken;15/04/2026;270;R$ 258.926,31;R$ 258.923,48;R$ 2,83;R$ 258.926,31;R$ 0,00;;R$ 1,16;R$ 0,00;;;;0,0%;1,6%;"";15/04/2026;TEDDY HUB DIGITAL LTDA;AMFI COMPANHIA SECURITIZADORA DE CREDITOS FINANCEIROS I SA;Oferta Pública;Duplicata;Captação finalizada
Droom Unitoken #1;Unitoken;31/05/2026;316;R$ 274.232,39;R$ 0,00;R$ 274.232,39;R$ 273.957,98;R$ 0,01;;;R$ 0,00;;;;0,0%;1,4%;"";;GOUVEA E GOUVEA SOCIEDADE DE ADVOGADOS;AMFI COMPANHIA SECURITIZADORA DE CREDITOS FINANCEIROS I SA;;Ativo Judicial;
Up Vendas Unitoken #8;Unitoken;01/06/2026;317;R$ 162.290,99;R$ 162.355,42;R$ 0,00;R$ 162.290,99;R$ 0,00;;R$ 1,08;R$ 0,00;;;0,4%;0,0%;1,6%;"";21/07/2025;Up Vendas;AMFI COMPANHIA SECURITIZADORA DE CREDITOS FINANCEIROS I SA;Oferta Pública;Recebível de Cartão;Captação finalizada
Denali Tax Unitoken #2;Unitoken;04/06/2026;320;R$ 411.898,67;R$ 0,00;R$ 411.898,67;R$ 0,00;R$ 0,00;;;R$ 0,00;;;;0,0%;;"";;DENALI TAX CONSULTORIA LTDA;AMFI COMPANHIA SECURITIZADORA DE CREDITOS FINANCEIROS I SA;;Ativo Judicial;
Girubank Unitoken #11;Unitoken;11/06/2026;327;R$ 1.064,55;R$ 717,20;R$ 347,35;R$ 1.064,55;R$ 0,00;;R$ 1,63;R$ 0,00;;;;0,0%;1,7%;"";22/07/2025;Girubank Securitizadora SA;AMFI COMPANHIA SECURITIZADORA DE CREDITOS FINANCEIROS I SA;Oferta Pública;Duplicata;Captação finalizada
UnionNational Pool #3;Pool;18/06/2026;334;R$ 901.550,63;R$ 672.563,25;R$ 228.987,37;R$ 684.722,21;R$ 206.828,42;R$ 10.000,00;R$ 1,04;R$ 0,00;25,4%;20,0%;;0,0%;2,1%;"";18/06/2026;SECURITIZADORA DE CRÉDITOS FINANCEIROS S.A.;;Oferta Pública;Duplicata;Captação finalizada
Allya Unitoken #4;Unitoken;17/07/2026;363;R$ 339.121,08;R$ 339.092,65;R$ 28,43;R$ 339.121,08;R$ 0,00;;R$ 1,12;R$ 0,00;;;;0,0%;1,8%;"";18/08/2025;ALLYA SERVIÇOS LTDA;AMFI REPRESENTAÇÃO OPERACIONAL LTDA;Oferta Pública;Nota Comercial;Captação finalizada
BMDC Pool #1;Pool;22/08/2026;399;R$ 1.176.364,72;R$ 923.434,05;R$ 252.930,67;R$ 1.167.168,71;R$ 196,01;R$ 9.000,00;R$ 1,46;R$ 0,00;21,5%;20,0%;;0,0%;2,1%;"";22/09/2025;BMDC SECURITIZADORA SA;AMFI COMPANHIA SECURITIZADORA DE CREDITOS FINANCEIROS I SA;Oferta Pública;CCB;Captação finalizada
Formento Pool #1;Pool;15/09/2026;423;R$ 0,01;R$ 0,00;R$ 0,01;R$ 0,00;R$ 0,01;R$ 0,00;R$ 0,00;R$ 0,00;65,0%;20,0%;;0,0%;;Concentração máx por sacado;15/09/2026;Formento Securitizadora S.A.;AMFI COMPANHIA SECURITIZADORA DE CREDITOS FINANCEIROS I SA;Oferta Pública;Duplicata;Produto Encerrado
Digcap Pool #3;Pool;03/10/2026;441;R$ 2.259.262,16;R$ 1.394.690,55;R$ 864.571,60;R$ 2.234.991,73;R$ 19.058,14;R$ 5.000,00;R$ 2,00;R$ 0,00;38,2%;15,0%;9,7%;0,0%;4,5%;"";28/03/2026;Digcap Intermediação de Créditos Judiciais Ltda	;;Oferta Pública;Ativo Judicial;Captação finalizada
Formento Pool #2;Pool;23/10/2026;461;R$ 2.265.721,82;R$ 1.760.179,13;R$ 505.542,69;R$ 2.257.054,67;R$ 5.333,82;R$ 3.333,33;R$ 1,33;R$ 0,00;22,3%;20,0%;;0,0%;2,8%;"";23/10/2026;Formento Securitizadora S.A.;AMFI COMPANHIA SECURITIZADORA DE CREDITOS FINANCEIROS I SA;Oferta Pública;Duplicata;Captação finalizada
Pool Maralto #1;Pool;26/10/2026;464;R$ 44.045,03;R$ 48.070,23;R$ 0,00;R$ 0,00;R$ 36,03;R$ 0,00;R$ 0,00;R$ 0,00;;0,0%;;0,0%;;"";27/10/2026;AMFI CONSULTING LTDA;;Oferta Privada;Recebível de Cartão / CCB / Nota Comercial / CPR / Duplicata / Ativo Judicial;Captação finalizada
Rhino Pool #1;Pool;26/10/2026;464;R$ 0,00;;;R$ 0,00;;R$ 2.700,00;;R$ 0,00;;20,0%;;0,0%;;"";26/10/2026;Rhino Holding & Participacoes S.A;AMFI COMPANHIA SECURITIZADORA DE CREDITOS FINANCEIROS I SA;Oferta Pública;Duplicata;Cancelada
C4 Pool #1;Pool;27/10/2026;465;R$ 0,00;;;R$ 0,00;;R$ 0,00;;R$ 0,00;100,0%;40,0%;;0,0%;;"";23/07/2025;C4 CAPITAL SECURITIZADORA S/A;AMFI COMPANHIA SECURITIZADORA DE CREDITOS FINANCEIROS I SA;Oferta Pública;CCB;Produto Encerrado
DS Pool #2;Pool;11/11/2026;480;R$ 1.050.706,85;R$ 1.596.010,30;R$ 0,00;R$ 2.048.826,49;R$ 0,00;R$ 2.500,00;R$ 1,28;R$ 0,00;-51,9%;20,0%;195,0%;998.260,4%;3,2%;Concentração máx por sacado, Nível crítico de Subordinação da tranche Sênior;11/11/2026;COMPANHIA SECURITIZADORA X S.A;;Oferta Pública;Duplicata;Captação finalizada
Teddy  Unitoken #16;Unitoken;16/11/2026;485;R$ 0,00;;;R$ 0,00;;;;R$ 0,00;;;;0,0%;;"";15/12/2025;TEDDY HUB DIGITAL LTDA;AMFI COMPANHIA SECURITIZADORA DE CREDITOS FINANCEIROS I SA;Oferta Pública;Duplicata;Cancelada
Digcap Unitoken #4;Unitoken;27/11/2026;496;R$ 32.550,28;R$ 32.549,96;R$ 0,32;R$ 32.550,28;R$ 0,00;;R$ 1,38;R$ 0,00;;;;0,0%;2,0%;"";27/11/2026;Digcap Intermediação de Créditos Judiciais Ltda	;;Oferta Pública;Ativo Judicial;Captação finalizada
Zero Paralelo Pool #1;Pool;25/12/2026;524;R$ 47.846,46;R$ 0,00;R$ 0,00;R$ 0,00;R$ 0,00;R$ 0,00;;R$ 0,00;;0,0%;;0,0%;;"";25/12/2026;AMFI CONSULTING LTDA;;Oferta Pública;Recebível de Cartão / CCB / Nota Comercial / CPR / Duplicata / Ativo Judicial;Captação finalizada
Digcap Unitoken #2;Unitoken;30/12/2026;529;R$ 80.975,21;R$ 0,00;R$ 80.975,21;R$ 80.975,21;R$ 0,00;;;R$ 0,00;;;;0,0%;1,8%;"";;Digcap Intermediação de Créditos Judiciais Ltda	;;;Ativo Judicial;
Digcap Unitoken #3;Unitoken;30/12/2026;529;R$ 0,00;;;R$ 0,00;;;;R$ 0,00;;;;0,0%;;"";;Digcap Intermediação de Créditos Judiciais Ltda	;;;Ativo Judicial;
Conecta Lá Unitoken #119;Unitoken;26/01/2027;556;R$ 139.275,46;R$ 139.265,57;R$ 9,89;R$ 139.275,46;R$ 0,00;;R$ 1,21;R$ 0,00;;;;0,0%;1,6%;"";26/01/2026;FULL NINE DIGITAL CONSULTORIA S.A.;AMFI COMPANHIA SECURITIZADORA DE CREDITOS FINANCEIROS I SA;Oferta Pública;Duplicata;Captação finalizada
E-ctare Pool #1;Pool;28/02/2027;589;R$ 10.319.536,96;R$ 8.370.919,51;R$ 1.948.617,45;R$ 7.304.241,62;R$ 3.553.380,10;R$ 25.000,00;R$ 1,01;R$ 0,00;18,9%;20,0%;11,8%;563.084,8%;1,8%;Concentração máx por sacado, Percentual mínimo de garantias;28/07/2025;ECTARE PAY SERVICOS DE GESTAO DE PAGAMENTOS S/A,;;Oferta Privada;CPR / Duplicata;Captação finalizada
Credmei Pool #1;Pool;15/03/2027;604;R$ 20.256.387,31;R$ 18.135.208,21;R$ 2.121.179,10;R$ 18.114.072,33;R$ 0,00;R$ 0,00;R$ 1,03;R$ 0,00;10,5%;10,0%;2,8%;492.507,2%;3,0%;"";13/04/2026;CREDMEI SECURITIZADORA S/A;;Oferta Privada;Duplicata;Captação finalizada
BMDC Unitoken #11;Unitoken;16/03/2027;605;R$ 92.245,13;R$ 92.242,36;R$ 2,77;R$ 92.245,13;R$ 0,00;;R$ 1,21;R$ 0,00;;;;0,0%;1,8%;"";18/08/2025;BMDC SECURITIZADORA SA;AMFI COMPANHIA SECURITIZADORA DE CREDITOS FINANCEIROS I SA;Oferta Pública;CCB;Captação finalizada
Pool Nexo #1;Pool;26/03/2027;615;R$ 144.476,93;R$ 76.560,87;R$ 67.916,06;R$ 0,00;R$ 0,01;R$ 0,00;R$ 0,00;R$ 0,00;;5,0%;;0,0%;;"";26/03/2027;AMFI CONSULTING LTDA;;Oferta Privada;Recebível de Cartão / CCB / Nota Comercial / CPR / Duplicata / Ativo Judicial;Captação finalizada
a55 Cartão Pool #1;Pool;01/04/2027;621;R$ 12.627.114,96;R$ 0,00;R$ 12.627.114,96;R$ 11.990.651,99;R$ 636.368,76;R$ 0,00;;R$ 0,00;100,0%;1,0%;0,7%;0,0%;1,6%;"";;A55 PAYMENTS LTDA;AMFI COMPANHIA SECURITIZADORA DE CREDITOS FINANCEIROS I SA;Oferta Privada;Recebível de Cartão;Captação finalizada
Faighus Pool #1;Pool;14/06/2027;695;R$ 1.714.217,18;R$ 1.021.609,57;R$ 692.607,61;R$ 1.658.004,78;R$ 33.383,87;R$ 25.000,00;R$ 1,74;R$ 0,00;40,4%;25,0%;2,7%;2.171,5%;6,5%;"";13/08/2025;FAIGHUS SECURITIZADORA S.A.;AMFI COMPANHIA SECURITIZADORA DE CREDITOS FINANCEIROS I SA;Oferta Privada;Duplicata;Em captação
Chronos Pool #1;Pool;14/06/2027;695;R$ 1.336.635,88;R$ 1.014.350,46;R$ 322.285,42;R$ 387.677,90;R$ 925.476,78;R$ 25.000,00;R$ 0,39;R$ 0,00;24,2%;25,0%;22,7%;1.518,8%;9,2%;Concentração máx por cedente em percentual;13/01/2027;CHRONOS SECURITIZADORA S/A;AMFI COMPANHIA SECURITIZADORA DE CREDITOS FINANCEIROS I SA;Oferta Privada;Duplicata;Captação finalizada
Price Pool #1 ;Pool;24/06/2027;705;R$ 952.782,14;R$ 761.400,74;R$ 191.381,40;R$ 713.458,44;R$ 214.323,70;R$ 25.000,00;R$ 1,01;R$ 0,00;20,1%;20,0%;0,5%;0,0%;6,6%;Concentração máx por sacado, Concentração máx por cedente em percentual;24/07/2025;PRICE SECURITIZADORA S/A;;Oferta Privada;Duplicata;Captação finalizada
LeCapital Pool #2;Pool;08/07/2027;719;R$ 2.599.905,55;R$ 2.007.839,16;R$ 592.066,39;R$ 291.059,63;R$ 283.646,21;R$ 25.000,00;R$ 0,16;R$ 2.000.199,71;22,8%;20,0%;;0,0%;5,0%;"";08/08/2025;LECAPITAL SECURITIZADORA S/A;AMFI COMPANHIA SECURITIZADORA DE CREDITOS FINANCEIROS I SA;Oferta Privada;Duplicata / Nota Comercial / CCB;Em captação
Blipay Pool #2;Pool;13/07/2027;724;R$ 1.906.729,06;R$ 973.202,09;R$ 933.526,96;R$ 3.323.310,69;R$ 5.207,87;R$ 25.000,00;R$ 4,11;R$ 0,00;49,0%;30,0%;86,7%;1.202.866,3%;33,9%;"";13/02/2027;BLIPAY INTERMEDIACAO DE NEGOCIOS E TECNOLOGIA LTDA;AMFI COMPANHIA SECURITIZADORA DE CREDITOS FINANCEIROS I SA;Oferta Pública;CCB;Captação finalizada
BMDC Unitoken #14;Unitoken;05/08/2027;747;R$ 103.537,46;R$ 103.466,56;R$ 70,90;R$ 103.537,46;R$ 0,00;;R$ 1,26;R$ 0,00;;;;0,0%;1,8%;"";18/08/2025;BMDC SECURITIZADORA SA;AMFI COMPANHIA SECURITIZADORA DE CREDITOS FINANCEIROS I SA;Oferta Pública;CCB;Captação finalizada
Maralto Pool #2;Pool;06/08/2027;748;R$ 1.493.611,89;R$ 1.555.707,80;R$ 0,00;R$ 0,00;R$ 0,01;R$ 0,00;R$ 0,00;R$ 0,00;;0,0%;;0,0%;;"";06/08/2027;AMFI CONSULTING LTDA;;Oferta Privada;Recebível de Cartão / Nota Comercial / CPR / Duplicata / CCB / Ativo Judicial;Em captação
BMDC Unitoken #15;Unitoken;18/10/2027;821;R$ 114.260,90;R$ 114.259,55;R$ 1,35;R$ 114.260,90;R$ 0,00;;R$ 1,28;R$ 0,00;;;;0,0%;1,8%;"";18/08/2025;BMDC SECURITIZADORA SA;AMFI COMPANHIA SECURITIZADORA DE CREDITOS FINANCEIROS I SA;Oferta Pública;CCB;Captação finalizada
BMDC Unitoken #10;Unitoken;18/10/2027;821;R$ 170.882,16;R$ 170.879,23;R$ 2,93;R$ 170.882,16;R$ 0,00;;R$ 1,26;R$ 0,00;;;;0,0%;1,8%;"";18/08/2025;BMDC SECURITIZADORA SA;AMFI COMPANHIA SECURITIZADORA DE CREDITOS FINANCEIROS I SA;Oferta Pública;CCB;Captação finalizada
Plin Unitoken #8;Unitoken;18/10/2027;821;R$ 539.374,30;R$ 27.967,00;R$ 511.407,30;R$ 539.374,30;R$ 0,00;;R$ 25,71;R$ 0,00;;;;0,0%;1,7%;"";16/01/2026;GARANTIZA SOLUCOES FINANCEIRAS LTDA;AMFI REPRESENTAÇÃO OPERACIONAL LTDA;Oferta Pública;Nota Comercial;Em captação
Plin Unitoken #7;Unitoken;18/10/2027;821;R$ 537.043,03;R$ 537.038,41;R$ 4,62;R$ 537.043,03;R$ 0,00;;R$ 1,35;R$ 0,00;;;;0,0%;1,8%;"";16/01/2026;GARANTIZA SOLUCOES FINANCEIRAS LTDA;AMFI REPRESENTAÇÃO OPERACIONAL LTDA;Oferta Pública;Nota Comercial;Captação finalizada
Credmei Pool #2;Pool;28/10/2027;831;R$ 23.447.140,30;R$ 20.847.006,69;R$ 2.600.133,61;R$ 23.701.848,23;R$ 0,00;R$ 0,00;R$ 1,18;R$ 0,00;11,1%;10,0%;4,8%;257.765,0%;2,8%;"";14/10/2027;CREDMEI SECURITIZADORA S/A;;Oferta Privada;Duplicata;Captação finalizada
Consignado Público Peak Unitoken #2;Unitoken;15/11/2027;849;R$ 47.879,39;R$ 44.504,60;R$ 3.374,79;R$ 47.879,39;R$ 0,00;;R$ 1,35;R$ 0,00;;;4,3%;0,0%;1,7%;"";18/08/2025;PEAK SOCIEDADE DE EMPRESTIMO ENTRE PESSOAS;AMFI COMPANHIA SECURITIZADORA DE CREDITOS FINANCEIROS I SA;Oferta Pública;CCB;Captação finalizada
Peak Unitoken #1;Unitoken;15/11/2027;849;R$ 125.990,04;R$ 125.958,64;R$ 31,40;R$ 125.990,04;R$ 0,00;;R$ 1,26;R$ 0,00;;;4,3%;0,0%;1,7%;"";18/08/2025;PEAK SOCIEDADE DE EMPRESTIMO ENTRE PESSOAS;AMFI COMPANHIA SECURITIZADORA DE CREDITOS FINANCEIROS I SA;Oferta Pública;CCB;Captação finalizada
Allya Unitoken #5;Unitoken;19/11/2027;853;R$ 454.930,65;R$ 454.921,76;R$ 8,89;R$ 454.930,65;R$ 0,00;;R$ 1,30;R$ 0,00;;;;0,0%;1,8%;"";19/09/2025;ALLYA SERVIÇOS LTDA;AMFI REPRESENTAÇÃO OPERACIONAL LTDA;Oferta Pública;Duplicata;Captação finalizada
AmFi Renda Mensal;Pool;19/11/2027;853;R$ 4.665.437,36;R$ 1.997.666,78;R$ 586.420,70;R$ 0,00;R$ 1.077,45;R$ 0,00;R$ 0,00;R$ 0,00;;25,0%;;0,0%;;"";21/07/2025;AMFI CONSULTING LTDA;;Oferta Pública;CCB / Recebível de Cartão / Duplicata / Nota Comercial;Captação finalizada
B.Invest Pool #1;Pool;23/11/2027;857;R$ 46.237.960,04;R$ 38.474.425,91;R$ 6.065.609,58;R$ 40.019.498,01;R$ 375.324,67;R$ 18.000,00;R$ 1,09;R$ 6.007.351,08;16,8%;15,0%;3,9%;182.636,4%;3,1%;"";21/12/2026;B.Invest Securitizadora de Créditos S.A.;AMFI COMPANHIA SECURITIZADORA DE CREDITOS FINANCEIROS I SA;Oferta Privada;Duplicata;Em captação
Syntheo Pool #1;Pool;30/11/2027;864;R$ 0,00;R$ 0,00;R$ 0,00;R$ 0,00;R$ 0,00;R$ 3.225,00;;R$ 0,00;;30,0%;;0,0%;;"";28/12/2026;SYNTHÉO SECURITIZADORA DE CRÉDITOS S.A.;AMFI COMPANHIA SECURITIZADORA DE CREDITOS FINANCEIROS I SA;Oferta Pública;Duplicata;Cancelada
Formento Pool #4;Pool;02/12/2027;866;R$ 2.586.712,81;R$ 2.052.729,96;R$ 533.982,85;R$ 2.500.338,46;R$ 62.656,57;R$ 25.000,00;R$ 1,26;R$ 0,00;20,6%;20,0%;1,9%;1.282,2%;4,1%;"";02/08/2025;Formento Securitizadora S.A.;AMFI COMPANHIA SECURITIZADORA DE CREDITOS FINANCEIROS I SA;Oferta Privada;Duplicata;Captação finalizada
Baru Pool #2;Pool;10/12/2027;874;R$ 6.797.483,60;R$ 5.102.530,88;R$ 1.694.952,72;R$ 6.772.098,02;R$ 681,15;R$ 25.000,00;R$ 1,68;R$ 0,00;25,0%;25,0%;1,6%;295,6%;1,9%;Concentração máx por sacado;10/08/2025;GRIFFIN CAPITAL S.A. SECURITIZADORA;AMFI COMPANHIA SECURITIZADORA DE CREDITOS FINANCEIROS I SA;Oferta Privada;CCB;Captação finalizada
Consignado Público Peak Unitoken #3;Unitoken;15/12/2027;879;R$ 63.242,33;R$ 61.667,65;R$ 1.574,68;R$ 63.242,33;R$ 0,00;;R$ 1,30;R$ 0,00;;;4,2%;0,0%;1,7%;"";18/08/2025;PEAK SOCIEDADE DE EMPRESTIMO ENTRE PESSOAS;AMFI COMPANHIA SECURITIZADORA DE CREDITOS FINANCEIROS I SA;Oferta Pública;CCB;Captação finalizada
BMDC Pool #2;Pool;30/12/2027;894;R$ 779.023,53;R$ 579.369,22;R$ 199.654,31;R$ 538.389,70;R$ 215.633,83;R$ 25.000,00;R$ 1,24;R$ 0,00;27,3%;20,0%;;0,0%;2,0%;Concentração máx por sacado;30/12/2027;BMDC SECURITIZADORA SA;AMFI COMPANHIA SECURITIZADORA DE CREDITOS FINANCEIROS I SA;Oferta Pública;CCB;Em captação
Poenatela Pool #1;Pool;03/01/2028;898;R$ 11.410.876,01;R$ 8.242.647,33;R$ 3.168.228,68;R$ 10.510.092,91;R$ 925.619,59;R$ 22.500,00;R$ 1,31;R$ 0,00;27,8%;20,0%;11,3%;47.336,5%;3,7%;"";02/02/2027;RM2 SECURITIZADORA S.A;AMFI COMPANHIA SECURITIZADORA DE CREDITOS FINANCEIROS I SA;Oferta Privada;Duplicata;Captação finalizada
UnionNational Pool #5;Pool;03/01/2028;898;R$ 9.838.442,73;R$ 7.675.772,70;R$ 2.162.670,03;R$ 8.338.790,95;R$ 1.481.626,59;R$ 30.000,00;R$ 1,11;R$ 0,00;22,0%;20,0%;2,5%;11.974,8%;2,1%;"";02/02/2027;SECURITIZADORA DE CRÉDITOS FINANCEIROS S.A.;;Oferta Privada;Duplicata;Em captação
Cia Paulista Pool #1;Pool;11/01/2028;906;R$ 1.940.368,55;R$ 1.500.000,00;R$ 440.368,55;R$ 151.582,91;R$ 1.763.785,64;R$ 25.000,00;R$ 0,11;R$ 0,00;22,7%;20,0%;;0,0%;6,6%;"";11/02/2027;COMPANHIA PAULISTA DE CREDITO SECURITIZADORA s A;Companhia Securitizadora X S.A;Oferta Privada;Duplicata;Pré-captação
C4 Pool #2;Pool;17/01/2028;912;R$ 0,00;;;R$ 0,00;;R$ 25.000,00;;R$ 0,00;;20,0%;;0,0%;;"";17/08/2025;C4 CAPITAL SECURITIZADORA S/A;AMFI COMPANHIA SECURITIZADORA DE CREDITOS FINANCEIROS I SA;Oferta Privada;Duplicata;Em captação
Digcap Pool #4;Pool;14/02/2028;940;R$ 1.831.729,58;R$ 1.618.669,14;R$ 213.060,44;R$ 1.826.244,13;R$ 0,00;R$ 15.000,00;R$ 1,79;R$ 0,00;11,6%;10,0%;;0,0%;3,7%;"";14/02/2028;Digcap Intermediação de Créditos Judiciais Ltda	;;Oferta Pública;Ativo Judicial;Captação finalizada
a55 Cartão Pool #2;Pool;14/02/2028;940;R$ 11.871.291,80;R$ 10.698.846,48;R$ 1.172.445,32;R$ 11.334.894,74;R$ 524.562,18;R$ 25.000,00;R$ 1,07;R$ 0,00;9,9%;10,0%;0,2%;5.079,2%;1,6%;"";14/09/2027;A55 PAYMENTS LTDA;AMFI COMPANHIA SECURITIZADORA DE CREDITOS FINANCEIROS I SA;Oferta Privada;Recebível de Cartão;Captação finalizada
Formento Pool #3;Pool;01/03/2028;956;R$ 2.620.305,89;R$ 2.086.267,26;R$ 534.038,63;R$ 2.608.375,64;R$ 5.680,25;R$ 6.250,00;R$ 1,28;R$ 0,00;20,4%;20,0%;2,5%;0,0%;2,3%;"";30/09/2025;Formento Securitizadora S.A.;AMFI COMPANHIA SECURITIZADORA DE CREDITOS FINANCEIROS I SA;Oferta Privada;Duplicata;Captação finalizada
AFA Pool #1;Pool;07/03/2028;962;R$ 27.096.835,45;R$ 21.344.542,59;R$ 1.989.072,40;R$ 5.087.800,88;R$ 2.838.422,40;R$ 30.000,00;R$ 0,24;R$ 19.145.985,52;21,2%;25,0%;1,7%;5.373,3%;2,6%;"";07/10/2026;AFA CONSULTORIA DE CREDITO UNIPESSOAL LTDA;AMFI COMPANHIA SECURITIZADORA DE CREDITOS FINANCEIROS I SA;Oferta Privada;Duplicata;Captação finalizada
LeCapital Pool #1;Pool;17/03/2028;972;R$ 8.790.072,15;R$ 6.584.632,50;R$ 2.205.439,65;R$ 2.491.493,67;R$ 448.796,67;R$ 30.000,00;R$ 0,39;R$ 5.819.781,81;25,1%;25,0%;;0,0%;3,7%;"";17/10/2026;LECAPITAL SECURITIZADORA S/A;AMFI COMPANHIA SECURITIZADORA DE CREDITOS FINANCEIROS I SA;Oferta Privada;Duplicata;Captação finalizada
BMDC Unitoken #13;Unitoken;17/04/2028;1003;R$ 0,00;;;R$ 0,00;;;;R$ 0,00;;;;0,0%;;"";18/08/2025;BMDC SECURITIZADORA SA;AMFI COMPANHIA SECURITIZADORA DE CREDITOS FINANCEIROS I SA;Oferta Pública;CCB;Cancelada
BMDC Unitoken #12;Unitoken;28/04/2028;1014;R$ 371.349,26;R$ 371.220,56;R$ 128,70;R$ 371.349,26;R$ 0,00;;R$ 1,31;R$ 0,00;;;;0,0%;1,8%;"";21/07/2025;BMDC SECURITIZADORA SA;AMFI COMPANHIA SECURITIZADORA DE CREDITOS FINANCEIROS I SA;Oferta Pública;CCB;Captação finalizada
Up Vendas Pool #2;Pool;28/04/2028;1014;R$ 5.141.877,53;R$ 3.487.743,78;R$ 1.654.133,75;R$ 5.178.007,60;R$ 2.860,70;R$ 7.500,00;R$ 1,55;R$ 0,00;32,2%;20,0%;0,1%;0,0%;1,8%;"";31/05/2027;Up Vendas;AMFI COMPANHIA SECURITIZADORA DE CREDITOS FINANCEIROS I SA;Oferta Privada;Recebível de Cartão;Em captação
AmFi Renda Mensal #2;Pool;05/06/2028;1052;R$ 281.388,69;R$ 160.100,33;R$ 91.253,84;R$ 0,00;R$ 0,01;R$ 0,00;R$ 0,00;R$ 0,00;;25,0%;;0,0%;;"";05/08/2025;AMFI CONSULTING LTDA;;Oferta Pública;Duplicata / CPR / Nota Comercial / CCB / Ativo Judicial;Em captação
 LC INVESTE Private;Pool;31/08/2028;1139;R$ 457,80;R$ 0,00;R$ 457,80;R$ 0,00;R$ 457,80;R$ 0,00;;R$ 0,00;100,0%;99,0%;;0,0%;;"";;LC Investe LTDA;AMFI COMPANHIA SECURITIZADORA DE CREDITOS FINANCEIROS I SA;Oferta Privada;Ativo Judicial;Captação finalizada
Pool Nexo #2;Pool;31/03/2029;1351;R$ 650.999,66;R$ 654.138,41;R$ 0,00;R$ 0,00;R$ 15.000,01;R$ 0,00;R$ 0,00;R$ 0,00;;0,0%;;0,0%;;"";31/03/2029;AMFI CONSULTING LTDA;;Oferta Privada;Recebível de Cartão / CCB / Nota Comercial / CPR / Duplicata / Ativo Judicial;Em captação
AmFi High Yield Pool #1;Pool;18/06/2029;1430;R$ 0,00;;;R$ 0,00;;R$ 1.500,00;;R$ 0,00;;;;0,0%;;"";;AMFI CONSULTING LTDA;;;CCB / Ativo Judicial / Nota Comercial / Recebível de Cartão / CPR;
FD Ventures #1;Unitoken;15/05/2030;1761;R$ 4.524.584,19;R$ 0,00;R$ 4.524.584,19;R$ 970.323,01;R$ 62.453,44;R$ 0,00;;R$ 3.491.807,74;;;;0,0%;1,4%;"";;Stockash Consultoria em Credito LTDA;AMFI COMPANHIA SECURITIZADORA DE CREDITOS FINANCEIROS I SA;;Nota Comercial;
Netspaces 1;Unitoken;11/08/2038;4771;R$ 123.963,33;R$ 0,00;R$ 123.963,33;R$ 0,00;R$ 0,00;R$ 0,00;;R$ 123.963,33;;;;0,0%;;"";;NETSPACES GESTAO DIGITAL DE PATRIMONIO E RENDA LTDA.;;;CCB;
ABRL Stake Pool;Pool;;;R$ 0,00;R$ 0,00;R$ 0,00;R$ 0,00;R$ 0,00;R$ 0,00;;R$ 0,00;;;;0,0%;;"";;AMFI CONSULTING LTDA;;;CCB;
Sector Condo #1;Pool;;;R$ 0,00;;;R$ 0,00;;R$ 0,00;;R$ 0,00;;100,0%;;0,0%;;"";;SECTOR TECNOLOGIA EM COBRANCA LTDA;;Oferta Privada;"";
AmFi Alta Liquidez;Pool;;;R$ 4.977.102,39;R$ 2.167.924,10;R$ 1.045.751,55;R$ 0,00;R$ 0,00;R$ 0,00;R$ 0,00;R$ 0,00;;40,0%;;0,0%;;"";;AMFI CONSULTING LTDA;;Oferta Pública;Recebível de Cartão / Nota Comercial / CCB / CPR / Ativo Judicial / Duplicata;Captação finalizada
AmFi Alta Liquidez #2;Pool;;;R$ 3.886.125,92;R$ 2.097.379,84;R$ 568.530,70;R$ 0,00;R$ 1.749,74;R$ 0,00;R$ 0,00;R$ 0,00;;40,0%;;0,0%;;"";;AMFI CONSULTING LTDA;;Oferta Pública;Recebível de Cartão / CCB / Nota Comercial / CPR / Duplicata / Ativo Judicial;Em captação
Brás Capital Bridge Loans #1;Pool;;;R$ 0,00;;;R$ 0,00;;R$ 0,00;;R$ 0,00;;;;0,0%;;"";;(inoperante agent antigo pool inoperante) Brás Capital LTDA;;Oferta Privada;"";
