Nome;Tipo de Produto;Data de vencimento;Prazo até o vencimento;PL;SR;JR;Carteira;Caixa Livre;Fundo de Reserva;R.G.;Saldo em Aplicações;I.S.;I.S. (Tranche);% de Atraso;% de PDD;Rentabilidade Média Ativos %;Desenquadramentos;Próximo Pagamento;Originador;Emissor;Tipo de Oferta Sênior;Tipos de Ativos;Status do Pool
UnionNational #4;Unitoken;22/09/2023;-662;R$ 0,00;;;R$ 0,00;;R$ 0,00;;R$ 0,00;;;;0,0%;;"";;SECURITIZADORA DE CRÉDITOS FINANCEIROS S.A.;;;Duplicata;
UnionNational #1;Unitoken;25/09/2023;-659;R$ 0,00;;;R$ 0,00;;R$ 0,00;;R$ 0,00;;;;0,0%;;"";;SECURITIZADORA DE CRÉDITOS FINANCEIROS S.A.;;;Duplicata;
UnionNational #2;Unitoken;29/09/2023;-655;R$ 0,00;;;R$ 0,00;;R$ 0,00;;R$ 0,00;;;;0,0%;;"";;SECURITIZADORA DE CRÉDITOS FINANCEIROS S.A.;;;Duplicata;
UnionNational #3;Unitoken;06/11/2023;-617;R$ 0,00;;;R$ 0,00;;R$ 0,00;;R$ 0,00;;;;0,0%;;"";;SECURITIZADORA DE CRÉDITOS FINANCEIROS S.A.;;;Duplicata;
UnionNational #5;Unitoken;06/11/2023;-617;R$ 0,00;;;R$ 0,00;;R$ 0,00;;R$ 0,00;;;;0,0%;;"";;SECURITIZADORA DE CRÉDITOS FINANCEIROS S.A.;;;Duplicata;
UnionNational #6;Unitoken;06/11/2023;-617;R$ 0,00;;;R$ 0,00;;R$ 0,00;;R$ 0,00;;;;0,0%;;"";;SECURITIZADORA DE CRÉDITOS FINANCEIROS S.A.;;;Duplicata;
UnionNational #7;Unitoken;06/11/2023;-617;R$ 0,00;;;R$ 0,00;;R$ 0,00;;R$ 0,00;;;;0,0%;;"";;SECURITIZADORA DE CRÉDITOS FINANCEIROS S.A.;;;Duplicata;
Transcarvalho #1;Unitoken;07/11/2023;-616;R$ 0,00;;;R$ 0,00;;R$ 0,00;;R$ 0,00;;;;0,0%;;"";;Transcarvalho;;;Duplicata;
UnionNational #13;Unitoken;10/11/2023;-613;R$ 0,00;;;R$ 0,00;;R$ 0,00;;R$ 0,00;;;;0,0%;;"";;SECURITIZADORA DE CRÉDITOS FINANCEIROS S.A.;;;Duplicata;
UnionNational #11;Unitoken;13/11/2023;-610;R$ 0,00;;;R$ 0,00;;R$ 0,00;;R$ 0,00;;;;0,0%;;"";;SECURITIZADORA DE CRÉDITOS FINANCEIROS S.A.;;;Duplicata;
UnionNational #12;Unitoken;13/11/2023;-610;R$ 0,00;;;R$ 0,00;;R$ 0,00;;R$ 0,00;;;;0,0%;;"";;SECURITIZADORA DE CRÉDITOS FINANCEIROS S.A.;;;Duplicata;
Clickpay #1;Unitoken;14/11/2023;-609;R$ 0,00;;;R$ 0,00;;;;R$ 0,00;;;;0,0%;;"";;CLICK SECURITIZADORA S.A.;AMFI COMPANHIA SECURITIZADORA DE CREDITOS FINANCEIROS I SA;;Duplicata;
UnionNational #8;Unitoken;16/11/2023;-607;R$ 0,00;;;R$ 0,00;;R$ 0,00;;R$ 0,00;;;;0,0%;;"";;SECURITIZADORA DE CRÉDITOS FINANCEIROS S.A.;;;Duplicata;
UnionNational #9;Unitoken;17/11/2023;-606;R$ 0,00;;;R$ 0,00;;R$ 0,00;;R$ 0,00;;;;0,0%;;"";;SECURITIZADORA DE CRÉDITOS FINANCEIROS S.A.;;;Duplicata;
UnionNational #10;Unitoken;20/11/2023;-603;R$ 0,00;;;R$ 0,00;;R$ 0,00;;R$ 0,00;;;;0,0%;;"";;SECURITIZADORA DE CRÉDITOS FINANCEIROS S.A.;;;Duplicata;
 UnionNational #16;Unitoken;20/11/2023;-603;R$ 0,00;;;R$ 0,00;;R$ 0,00;;R$ 0,00;;;;0,0%;;"";;SECURITIZADORA DE CRÉDITOS FINANCEIROS S.A.;;;Duplicata;
UnionNational #14;Unitoken;23/11/2023;-600;R$ 0,00;;;R$ 0,00;;R$ 0,00;;R$ 0,00;;;;0,0%;;"";;SECURITIZADORA DE CRÉDITOS FINANCEIROS S.A.;;;Duplicata;
 UnionNational #20;Unitoken;24/11/2023;-599;R$ 0,00;;;R$ 0,00;;R$ 0,00;;R$ 0,00;;;;0,0%;;"";;SECURITIZADORA DE CRÉDITOS FINANCEIROS S.A.;;;Duplicata;
UnionNational #15;Unitoken;07/12/2023;-586;R$ 0,00;;;R$ 0,00;;R$ 0,00;;R$ 0,00;;;;0,0%;;"";;SECURITIZADORA DE CRÉDITOS FINANCEIROS S.A.;;;Duplicata;
UnionNational #18;Unitoken;12/12/2023;-581;R$ 0,00;;;R$ 0,00;;R$ 0,00;;R$ 0,00;;;;0,0%;;"";;SECURITIZADORA DE CRÉDITOS FINANCEIROS S.A.;;;Duplicata;
UnionNational #17;Unitoken;15/12/2023;-578;R$ 0,00;;;R$ 0,00;;R$ 0,00;;R$ 0,00;;;;0,0%;;"";;SECURITIZADORA DE CRÉDITOS FINANCEIROS S.A.;;;Duplicata;
Fiducia #1;Unitoken;20/12/2023;-573;R$ 0,00;;;R$ 0,00;;R$ 0,00;;R$ 0,00;;;;0,0%;;"";;FIDUCIA;;;CCB;
UnionNational #19;Unitoken;26/12/2023;-567;R$ 0,00;;;R$ 0,00;;R$ 0,00;;R$ 0,00;;;;0,0%;;"";;SECURITIZADORA DE CRÉDITOS FINANCEIROS S.A.;;;Duplicata;
Learnbase #1;Unitoken;01/01/2024;-561;R$ 0,00;;;R$ 0,00;;;;R$ 0,00;;;;0,0%;;"";;Learnbase Gestão e Consultoria Educacional S.A.;AMFI COMPANHIA SECURITIZADORA DE CREDITOS FINANCEIROS I SA;;Duplicata;
Union Aluguel #1;Unitoken;10/01/2024;-552;R$ 0,00;;;R$ 0,00;;R$ 0,00;;R$ 0,00;;;;0,0%;;"";;SECURITIZADORA DE CRÉDITOS FINANCEIROS S.A.;;;Duplicata;
UnionNational #21;Unitoken;10/01/2024;-552;R$ 0,00;;;R$ 0,00;;R$ 0,00;;R$ 0,00;;;;0,0%;;"";;SECURITIZADORA DE CRÉDITOS FINANCEIROS S.A.;;;Duplicata;
 a55 Unitoken #6;Unitoken;14/01/2024;-548;R$ 0,00;;;R$ 0,00;;;;R$ 0,00;;;;0,0%;;"";;a55 Consultoria em Credito Ltda.;AMFI COMPANHIA SECURITIZADORA DE CREDITOS FINANCEIROS I SA;;Duplicata;
UnionNational #23;Unitoken;17/01/2024;-545;R$ 0,00;;;R$ 0,00;;;;R$ 0,00;;;;0,0%;;"";;SECURITIZADORA DE CRÉDITOS FINANCEIROS S.A.;;;Duplicata;
UnionNational #22;Unitoken;18/01/2024;-544;R$ 0,00;;;R$ 0,00;;;;R$ 0,00;;;;0,0%;;"";;SECURITIZADORA DE CRÉDITOS FINANCEIROS S.A.;;;Duplicata;
a55 Unitoken #1;Unitoken;30/01/2024;-532;R$ 0,00;;;R$ 0,00;;;;R$ 0,00;;;;0,0%;;"";;a55 Consultoria em Credito Ltda.;AMFI COMPANHIA SECURITIZADORA DE CREDITOS FINANCEIROS I SA;;Duplicata;
Unitoken MMK Partners #1;Unitoken;05/02/2024;-526;R$ 0,00;;;R$ 0,00;;;;R$ 0,00;;;;0,0%;;"";;MMK Partners;AMFI COMPANHIA SECURITIZADORA DE CREDITOS FINANCEIROS I SA;;Duplicata;
Learnbase #2;Unitoken;05/02/2024;-526;R$ 0,00;;;R$ 0,00;;;;R$ 0,00;;;;0,0%;;"";;Learnbase Gestão e Consultoria Educacional S.A.;AMFI COMPANHIA SECURITIZADORA DE CREDITOS FINANCEIROS I SA;;Duplicata;
Plin #1;Pool;11/02/2024;-520;R$ 0,00;;;R$ 0,00;;R$ 0,00;;R$ 0,00;;1,0%;;0,0%;;"";;GARANTIZA SOLUCOES FINANCEIRAS LTDA;AMFI REPRESENTAÇÃO OPERACIONAL LTDA;Oferta Privada;CCB;Produto Encerrado
a55 Unitoken #3;Unitoken;14/02/2024;-517;R$ 0,00;;;R$ 0,00;;;;R$ 0,00;;;;0,0%;;"";;a55 Consultoria em Credito Ltda.;AMFI COMPANHIA SECURITIZADORA DE CREDITOS FINANCEIROS I SA;;Duplicata;
a55 Unitoken #7;Unitoken;15/02/2024;-516;R$ 0,00;;;R$ 0,00;;;;R$ 0,00;;;;0,0%;;"";;a55 Consultoria em Credito Ltda.;AMFI COMPANHIA SECURITIZADORA DE CREDITOS FINANCEIROS I SA;;"";
a55 Unitoken #2;Unitoken;15/02/2024;-516;R$ 0,00;;;R$ 0,00;;;;R$ 0,00;;;;0,0%;;"";;a55 Consultoria em Credito Ltda.;AMFI COMPANHIA SECURITIZADORA DE CREDITOS FINANCEIROS I SA;;Duplicata;
UnionNational Unitoken #24;Unitoken;16/02/2024;-515;R$ 0,00;;;R$ 0,00;;;;R$ 0,00;;;;0,0%;;"";;SECURITIZADORA DE CRÉDITOS FINANCEIROS S.A.;;;Duplicata;
Plin #2;Pool;17/02/2024;-514;R$ 0,00;;;R$ 0,00;;R$ 0,00;;R$ 0,00;;1,0%;;0,0%;;"";;GARANTIZA SOLUCOES FINANCEIRAS LTDA;AMFI REPRESENTAÇÃO OPERACIONAL LTDA;Oferta Privada;CCB;Captação finalizada
Clickpay Unitoken #2;Unitoken;21/02/2024;-510;R$ 0,00;;;R$ 0,00;;;;R$ 0,00;;;;0,0%;;"";;CLICK SECURITIZADORA S.A.;AMFI COMPANHIA SECURITIZADORA DE CREDITOS FINANCEIROS I SA;;Duplicata;
Learnbase #3;Unitoken;21/02/2024;-510;R$ 0,00;;;R$ 0,00;;;;R$ 0,00;;;;0,0%;;"";;Learnbase Gestão e Consultoria Educacional S.A.;AMFI COMPANHIA SECURITIZADORA DE CREDITOS FINANCEIROS I SA;;Duplicata;
a55 Unitoken #4;Unitoken;27/02/2024;-504;R$ 0,00;;;R$ 0,00;;;;R$ 0,00;;;;0,0%;;"";;a55 Consultoria em Credito Ltda.;AMFI COMPANHIA SECURITIZADORA DE CREDITOS FINANCEIROS I SA;;Duplicata;
Clickpay Unitoken #5;Unitoken;03/03/2024;-499;R$ 0,00;;;R$ 0,00;;;;R$ 0,00;;;;0,0%;;"";;CLICK SECURITIZADORA S.A.;AMFI COMPANHIA SECURITIZADORA DE CREDITOS FINANCEIROS I SA;;Duplicata;
a55 Unitoken #5;Unitoken;05/03/2024;-497;R$ 0,00;;;R$ 0,00;;;;R$ 0,00;;;;0,0%;;"";;a55 Consultoria em Credito Ltda.;AMFI COMPANHIA SECURITIZADORA DE CREDITOS FINANCEIROS I SA;;Duplicata;
Clickpay Unitoken #4;Unitoken;06/03/2024;-496;R$ 0,00;;;R$ 0,00;;;;R$ 0,00;;;;0,0%;;"";;CLICK SECURITIZADORA S.A.;AMFI COMPANHIA SECURITIZADORA DE CREDITOS FINANCEIROS I SA;;Duplicata;
Plin #3;Pool;07/03/2024;-495;R$ 0,00;;;R$ 0,00;;;;R$ 0,00;;1,0%;;0,0%;;"";;GARANTIZA SOLUCOES FINANCEIRAS LTDA;AMFI REPRESENTAÇÃO OPERACIONAL LTDA;Oferta Privada;CCB;Captação finalizada
a55 Unitoken #10;Unitoken;08/03/2024;-494;R$ 0,00;;;R$ 0,00;;;;R$ 0,00;;;;0,0%;;"";;a55 SECURITIZADORA S.A.;a55 SECURITIZADORA S.A.;;Duplicata;
a55 Unitoken #11;Unitoken;08/03/2024;-494;R$ 0,00;;;R$ 0,00;;;;R$ 0,00;;;;0,0%;;"";;a55 SECURITIZADORA S.A.;a55 SECURITIZADORA S.A.;;Duplicata;
a55 Unitoken #9;Unitoken;15/03/2024;-487;R$ 0,00;;;R$ 0,00;;;;R$ 0,00;;;;0,0%;;"";;a55 SECURITIZADORA S.A.;a55 SECURITIZADORA S.A.;;Duplicata;
Plin #4;Pool;16/03/2024;-486;R$ 0,00;;;R$ 0,00;;;;R$ 0,00;;1,0%;;0,0%;;"";;GARANTIZA SOLUCOES FINANCEIRAS LTDA;AMFI REPRESENTAÇÃO OPERACIONAL LTDA;Oferta Privada;CCB;Produto Encerrado
a55 Unitoken #17;Unitoken;19/03/2024;-483;R$ 0,00;;;R$ 0,00;;;;R$ 0,00;;;;0,0%;;"";;a55 SECURITIZADORA S.A.;a55 SECURITIZADORA S.A.;;"";
a55 Unitoken #8;Unitoken;20/03/2024;-482;R$ 0,00;;;R$ 0,00;;;;R$ 0,00;;;;0,0%;;"";;a55 Consultoria em Credito Ltda.;AMFI COMPANHIA SECURITIZADORA DE CREDITOS FINANCEIROS I SA;;"";
Clickpay Unitoken #3;Unitoken;25/03/2024;-477;R$ 0,00;;;R$ 0,00;;;;R$ 0,00;;;;0,0%;;"";;CLICK SECURITIZADORA S.A.;AMFI COMPANHIA SECURITIZADORA DE CREDITOS FINANCEIROS I SA;;Duplicata;
a55 Unitoken #12;Unitoken;25/03/2024;-477;R$ 0,00;;;R$ 0,00;;;;R$ 0,00;;;;0,0%;;"";;a55 SECURITIZADORA S.A.;a55 SECURITIZADORA S.A.;;Duplicata;
a55 Unitoken #18;Unitoken;26/03/2024;-476;R$ 0,00;;;R$ 0,00;;;;R$ 0,00;;;;0,0%;;"";;a55 SECURITIZADORA S.A.;a55 SECURITIZADORA S.A.;;"";
a55 Unitoken #20;Unitoken;27/03/2024;-475;R$ 0,00;;;R$ 0,00;;;;R$ 0,00;;;;0,0%;;"";;a55 SECURITIZADORA S.A.;a55 SECURITIZADORA S.A.;;"";
Unitoken MMK #2;Unitoken;29/03/2024;-473;R$ 0,00;;;R$ 0,00;;;;R$ 0,00;;;;0,0%;;"";;MMK Partners;AMFI COMPANHIA SECURITIZADORA DE CREDITOS FINANCEIROS I SA;;Duplicata;
a55 Unitoken #15;Unitoken;06/04/2024;-465;R$ 0,00;;;R$ 0,00;;;;R$ 0,00;;;;0,0%;;"";;a55 SECURITIZADORA S.A.;a55 SECURITIZADORA S.A.;;Duplicata;
a55 Unitoken #14;Unitoken;06/04/2024;-465;R$ 0,00;;;R$ 0,00;;;;R$ 0,00;;;;0,0%;;"";;a55 SECURITIZADORA S.A.;a55 SECURITIZADORA S.A.;;Duplicata;
a55 Unitoken #13;Unitoken;06/04/2024;-465;R$ 0,00;;;R$ 0,00;;;;R$ 0,00;;;;0,0%;;"";;a55 SECURITIZADORA S.A.;a55 SECURITIZADORA S.A.;;Duplicata;
a55 Unitoken #16;Unitoken;06/04/2024;-465;R$ 0,00;;;R$ 0,00;;;;R$ 0,00;;;;0,0%;;"";;a55 SECURITIZADORA S.A.;a55 SECURITIZADORA S.A.;;Duplicata;
Fiducia #2;Unitoken;15/04/2024;-456;R$ 0,00;;;R$ 0,00;;R$ 0,00;;R$ 0,00;;;;0,0%;;"";;FIDUCIA;;;CCB;
PoeNaTela Unitoken #1;Unitoken;15/04/2024;-456;R$ 0,00;;;R$ 0,00;;;;R$ 0,00;;;;0,0%;;"";;RM2 Asset Fomento Mercantil Ltda;AMFI COMPANHIA SECURITIZADORA DE CREDITOS FINANCEIROS I SA;;Duplicata;
LEARNBASE Unitoken #5;Unitoken;22/04/2024;-449;R$ 0,00;;;R$ 0,00;;;;R$ 0,00;;;;0,0%;;"";;Learnbase Gestão e Consultoria Educacional S.A.;AMFI COMPANHIA SECURITIZADORA DE CREDITOS FINANCEIROS I SA;;Duplicata;
LC INVESTE #2;Unitoken;22/04/2024;-449;R$ 0,00;;;R$ 0,00;;R$ 0,00;;R$ 0,00;;;;0,0%;;"";;LC Investe LTDA;AMFI COMPANHIA SECURITIZADORA DE CREDITOS FINANCEIROS I SA;;Ativo Judicial;
Clickpay Unitoken #7;Unitoken;26/04/2024;-445;R$ 0,00;;;R$ 0,00;;;;R$ 0,00;;;;0,0%;;"";;CLICK SECURITIZADORA S.A.;AMFI COMPANHIA SECURITIZADORA DE CREDITOS FINANCEIROS I SA;;Duplicata;
Conecta Lá Unitoken  #2 - Eletrolux;Unitoken;30/04/2024;-441;R$ 0,00;;;R$ 0,00;;;;R$ 0,00;;;;0,0%;;"";;FULL NINE DIGITAL CONSULTORIA S.A.;AMFI COMPANHIA SECURITIZADORA DE CREDITOS FINANCEIROS I SA;;Duplicata;
Conecta Lá Unitoken #4 - Selia;Unitoken;06/05/2024;-435;R$ 0,00;;;R$ 0,00;;;;R$ 0,00;;;;0,0%;;"";;FULL NINE DIGITAL CONSULTORIA S.A.;AMFI COMPANHIA SECURITIZADORA DE CREDITOS FINANCEIROS I SA;;Duplicata;
Conecta Lá Unitoken #1 - Casas Bahia;Unitoken;06/05/2024;-435;R$ 0,00;;;R$ 0,00;;;;R$ 0,00;;;;0,0%;;"";;FULL NINE DIGITAL CONSULTORIA S.A.;AMFI COMPANHIA SECURITIZADORA DE CREDITOS FINANCEIROS I SA;;Duplicata;
Learnbase Unitoken #13;Unitoken;12/05/2024;-429;R$ 0,00;;;R$ 0,00;;;;R$ 0,00;;;;0,0%;;"";;Learnbase Gestão e Consultoria Educacional S.A.;AMFI COMPANHIA SECURITIZADORA DE CREDITOS FINANCEIROS I SA;;Duplicata;
Docg Unitoken #1 - Petlove;Unitoken;14/05/2024;-427;R$ 0,00;;;R$ 0,00;;;;R$ 0,00;;;;0,0%;;"";;DOCG ADMINISTRACAO E PARTICIPACOES S.A.;AMFI COMPANHIA SECURITIZADORA DE CREDITOS FINANCEIROS I SA;;Duplicata;
Clickpay Unitoken #8;Unitoken;16/05/2024;-425;R$ 0,00;;;R$ 0,00;;;;R$ 0,00;;;;0,0%;;"";;CLICK SECURITIZADORA S.A.;AMFI COMPANHIA SECURITIZADORA DE CREDITOS FINANCEIROS I SA;;Duplicata;
Learnbase Working Capital #1;Pool;17/05/2024;-424;R$ 0,00;;;R$ 0,00;;R$ 0,00;;R$ 0,00;;1,0%;;0,0%;;"";;Learnbase Gestão e Consultoria Educacional S.A.;AMFI COMPANHIA SECURITIZADORA DE CREDITOS FINANCEIROS I SA;Oferta Privada;CCB;Pré-captação
Learnbase Unitoken #14;Unitoken;20/05/2024;-421;R$ 0,00;;;R$ 0,00;;;;R$ 0,00;;;;0,0%;;"";;Learnbase Gestão e Consultoria Educacional S.A.;AMFI COMPANHIA SECURITIZADORA DE CREDITOS FINANCEIROS I SA;;Duplicata;
LEARNBASE Unitoken #6;Unitoken;22/05/2024;-419;R$ 0,00;;;R$ 0,00;;;;R$ 0,00;;;;0,0%;;"";;Learnbase Gestão e Consultoria Educacional S.A.;AMFI COMPANHIA SECURITIZADORA DE CREDITOS FINANCEIROS I SA;;Duplicata;
Clickpay Unitoken #6;Unitoken;26/05/2024;-415;R$ 0,00;;;R$ 0,00;;;;R$ 0,00;;;;0,0%;;"";;CLICK SECURITIZADORA S.A.;AMFI COMPANHIA SECURITIZADORA DE CREDITOS FINANCEIROS I SA;;Duplicata;
Conecta Lá Unitoken #8;Unitoken;30/05/2024;-411;R$ 0,00;;;R$ 0,00;;;;R$ 0,00;;;;0,0%;;"";;FULL NINE DIGITAL CONSULTORIA S.A.;AMFI COMPANHIA SECURITIZADORA DE CREDITOS FINANCEIROS I SA;;Duplicata;
Unitoken LEARNBASE #4;Unitoken;31/05/2024;-410;R$ 0,00;;;R$ 0,00;;;;R$ 0,00;;;;0,0%;;"";;Learnbase Gestão e Consultoria Educacional S.A.;AMFI COMPANHIA SECURITIZADORA DE CREDITOS FINANCEIROS I SA;;Duplicata;
Plin Unitoken #5;Unitoken;01/06/2024;-409;R$ 0,00;;;R$ 0,00;;;;R$ 0,00;;;;0,0%;;"";;GARANTIZA SOLUCOES FINANCEIRAS LTDA;AMFI REPRESENTAÇÃO OPERACIONAL LTDA;;Nota Comercial / Duplicata;
Conecta Lá Unitoken #9 - Fast Shop;Unitoken;03/06/2024;-407;R$ 0,00;;;R$ 0,00;;;;R$ 0,00;;;;0,0%;;"";;FULL NINE DIGITAL CONSULTORIA S.A.;AMFI COMPANHIA SECURITIZADORA DE CREDITOS FINANCEIROS I SA;;Duplicata;
Clickpay Unitoken #9;Unitoken;05/06/2024;-405;R$ 0,00;;;R$ 0,00;;;;R$ 0,00;;;;0,0%;;"";;CLICK SECURITIZADORA S.A.;AMFI COMPANHIA SECURITIZADORA DE CREDITOS FINANCEIROS I SA;;Duplicata;
Click Antecipa Unitoken #14;Unitoken;05/06/2024;-405;R$ 0,00;;;R$ 0,00;;;;R$ 0,00;;;;0,0%;;"";;CLICK SECURITIZADORA S.A.;AMFI COMPANHIA SECURITIZADORA DE CREDITOS FINANCEIROS I SA;;Duplicata;
Conecta Lá Unitoken #5 - Selia;Unitoken;06/06/2024;-404;R$ 0,00;;;R$ 0,00;;;;R$ 0,00;;;;0,0%;;"";;FULL NINE DIGITAL CONSULTORIA S.A.;AMFI COMPANHIA SECURITIZADORA DE CREDITOS FINANCEIROS I SA;;Duplicata;
Clickpay Unitoken #10;Unitoken;08/06/2024;-402;R$ 0,00;;;R$ 0,00;;;;R$ 0,00;;;;0,0%;;"";;CLICK SECURITIZADORA S.A.;AMFI COMPANHIA SECURITIZADORA DE CREDITOS FINANCEIROS I SA;;Duplicata;
Learnbase Unitoken #15;Unitoken;09/06/2024;-401;R$ 0,00;;;R$ 0,00;;;;R$ 0,00;;;;0,0%;;"";;Learnbase Gestão e Consultoria Educacional S.A.;AMFI COMPANHIA SECURITIZADORA DE CREDITOS FINANCEIROS I SA;;Duplicata;
LEARNBASE Unitoken #7;Unitoken;11/06/2024;-399;R$ 0,00;;;R$ 0,00;;;;R$ 0,00;;;;0,0%;;"";;Learnbase Gestão e Consultoria Educacional S.A.;AMFI COMPANHIA SECURITIZADORA DE CREDITOS FINANCEIROS I SA;;Duplicata;
Clickpay Unitoken #11;Unitoken;14/06/2024;-396;R$ 0,00;;;R$ 0,00;;;;R$ 0,00;;;;0,0%;;"";;CLICK SECURITIZADORA S.A.;AMFI COMPANHIA SECURITIZADORA DE CREDITOS FINANCEIROS I SA;;Duplicata;
Teddy  Unitoken #2;Unitoken;15/06/2024;-395;R$ 0,00;;;R$ 0,00;;;;R$ 0,00;;;;0,0%;;"";;TEDDY HUB DIGITAL LTDA;AMFI COMPANHIA SECURITIZADORA DE CREDITOS FINANCEIROS I SA;;Duplicata;
Click Antecipa Unitoken #19;Unitoken;16/06/2024;-394;R$ 0,00;;;R$ 0,00;;;;R$ 0,00;;;;0,0%;;"";;CLICK SECURITIZADORA S.A.;AMFI COMPANHIA SECURITIZADORA DE CREDITOS FINANCEIROS I SA;;Duplicata;
Click Antecipa Unitoken #21;Unitoken;17/06/2024;-393;R$ 0,00;;;R$ 0,00;;;;R$ 0,00;;;;0,0%;;"";;CLICK SECURITIZADORA S.A.;AMFI COMPANHIA SECURITIZADORA DE CREDITOS FINANCEIROS I SA;;Duplicata;
Click Antecipa Unitoken #20;Unitoken;18/06/2024;-392;R$ 0,00;;;R$ 0,00;;;;R$ 0,00;;;;0,0%;;"";;CLICK SECURITIZADORA S.A.;AMFI COMPANHIA SECURITIZADORA DE CREDITOS FINANCEIROS I SA;;Duplicata;
Click Antecipa Unitoken #17;Unitoken;18/06/2024;-392;R$ 0,00;;;R$ 0,00;;;;R$ 0,00;;;;0,0%;;"";;CLICK SECURITIZADORA S.A.;AMFI COMPANHIA SECURITIZADORA DE CREDITOS FINANCEIROS I SA;;Duplicata;
Click Antecipa Unitoken #13;Unitoken;19/06/2024;-391;R$ 0,00;;;R$ 0,00;;;;R$ 0,00;;;;0,0%;;"";;CLICK SECURITIZADORA S.A.;AMFI COMPANHIA SECURITIZADORA DE CREDITOS FINANCEIROS I SA;;Duplicata;
AMFI Cartão Unitoken #1;Unitoken;22/06/2024;-388;R$ 0,00;;;R$ 0,00;;;;R$ 0,00;;;;0,0%;;"";;AMFI CONSULTING LTDA;;;Recebível de Cartão;
Learnbase Unitoken #8;Unitoken;22/06/2024;-388;R$ 0,00;;;R$ 0,00;;;;R$ 0,00;;;;0,0%;;"";;Learnbase Gestão e Consultoria Educacional S.A.;AMFI COMPANHIA SECURITIZADORA DE CREDITOS FINANCEIROS I SA;;Duplicata;
Click Antecipa Unitoken #24;Unitoken;26/06/2024;-384;R$ 0,00;;;R$ 0,00;;;;R$ 0,00;;;;0,0%;;"";;CLICK SECURITIZADORA S.A.;AMFI COMPANHIA SECURITIZADORA DE CREDITOS FINANCEIROS I SA;;Duplicata;
Click Antecipa Unitoken #23;Unitoken;26/06/2024;-384;R$ 0,00;;;R$ 0,00;;;;R$ 0,00;;;;0,0%;;"";;CLICK SECURITIZADORA S.A.;AMFI COMPANHIA SECURITIZADORA DE CREDITOS FINANCEIROS I SA;;Duplicata;
Mercado de recebíveis Unitoken #1;Unitoken;27/06/2024;-383;R$ 0,00;;;R$ 0,00;;;;R$ 0,00;;;;0,0%;;"";;MR SERVIÇOS EM TECNOLOGIA LTDA;AMFI COMPANHIA SECURITIZADORA DE CREDITOS FINANCEIROS I SA;;Recebível de Cartão;
Conecta Lá Unitoken #10;Unitoken;28/06/2024;-382;R$ 0,00;;;R$ 0,00;;;;R$ 0,00;;;;0,0%;;"";;FULL NINE DIGITAL CONSULTORIA S.A.;AMFI COMPANHIA SECURITIZADORA DE CREDITOS FINANCEIROS I SA;;Duplicata;
DOCG  Unitoken #3;Unitoken;30/06/2024;-380;R$ 0,00;;;R$ 0,00;;;;R$ 0,00;;;;0,0%;;"";;DOCG ADMINISTRACAO E PARTICIPACOES S.A.;AMFI COMPANHIA SECURITIZADORA DE CREDITOS FINANCEIROS I SA;;Duplicata;
Click Antecipa Unitoken #22;Unitoken;30/06/2024;-380;R$ 0,00;;;R$ 0,00;;;;R$ 0,00;;;;0,0%;;"";;CLICK SECURITIZADORA S.A.;AMFI COMPANHIA SECURITIZADORA DE CREDITOS FINANCEIROS I SA;;Duplicata;
Conecta Lá Unitoken #7 - Eletrolux;Unitoken;30/06/2024;-380;R$ 0,00;;;R$ 0,00;;;;R$ 0,00;;;;0,0%;;"";;FULL NINE DIGITAL CONSULTORIA S.A.;AMFI COMPANHIA SECURITIZADORA DE CREDITOS FINANCEIROS I SA;;Duplicata;
Click Antecipa Unitoken #18;Unitoken;30/06/2024;-380;R$ 0,00;;;R$ 0,00;;;;R$ 0,00;;;;0,0%;;"";;CLICK SECURITIZADORA S.A.;AMFI COMPANHIA SECURITIZADORA DE CREDITOS FINANCEIROS I SA;;Duplicata;
Conecta Lá Unitoken #12;Unitoken;01/07/2024;-379;R$ 0,00;;;R$ 0,00;;;;R$ 0,00;;;;0,0%;;"";;FULL NINE DIGITAL CONSULTORIA S.A.;AMFI COMPANHIA SECURITIZADORA DE CREDITOS FINANCEIROS I SA;;Duplicata;
Valorem Unitoken #1;Unitoken;03/07/2024;-377;R$ 0,00;;;R$ 0,00;;;;R$ 0,00;;;;0,0%;;"";;Valorem Soluções Financeiras S.A;AMFI COMPANHIA SECURITIZADORA DE CREDITOS FINANCEIROS I SA;;Duplicata;
Mercado de recebíveis Unitoken #2;Unitoken;05/07/2024;-375;R$ 0,00;;;R$ 0,00;;;;R$ 0,00;;;;0,0%;;"";;MR SERVIÇOS EM TECNOLOGIA LTDA;AMFI COMPANHIA SECURITIZADORA DE CREDITOS FINANCEIROS I SA;;Recebível de Cartão;
Conecta Lá Unitoken #6 - Selia;Unitoken;06/07/2024;-374;R$ 0,00;;;R$ 0,00;;;;R$ 0,00;;;;0,0%;;"";;FULL NINE DIGITAL CONSULTORIA S.A.;AMFI COMPANHIA SECURITIZADORA DE CREDITOS FINANCEIROS I SA;;Duplicata;
Valorem Unitoken #6;Unitoken;10/07/2024;-370;R$ 0,00;;;R$ 0,00;;;;R$ 0,00;;;;0,0%;;"";;Valorem Soluções Financeiras S.A;AMFI COMPANHIA SECURITIZADORA DE CREDITOS FINANCEIROS I SA;;Duplicata;
Formento Unitoken #1;Unitoken;10/07/2024;-370;R$ 0,00;;;R$ 0,00;;;;R$ 0,00;;;;0,0%;;"";;Formento Securitizadora S.A.;AMFI COMPANHIA SECURITIZADORA DE CREDITOS FINANCEIROS I SA;;Duplicata;
DOCG  Unitoken #5;Unitoken;14/07/2024;-366;R$ 0,00;;;R$ 0,00;;;;R$ 0,00;;;;0,0%;;"";;DOCG ADMINISTRACAO E PARTICIPACOES S.A.;AMFI COMPANHIA SECURITIZADORA DE CREDITOS FINANCEIROS I SA;;Duplicata;
DOCG  Unitoken #2;Unitoken;14/07/2024;-366;R$ 0,00;;;R$ 0,00;;;;R$ 0,00;;;;0,0%;;"";;DOCG ADMINISTRACAO E PARTICIPACOES S.A.;AMFI COMPANHIA SECURITIZADORA DE CREDITOS FINANCEIROS I SA;;Duplicata;
DOCG  Unitoken #6;Unitoken;14/07/2024;-366;R$ 0,00;;;R$ 0,00;;;;R$ 0,00;;;;0,0%;;"";;DOCG ADMINISTRACAO E PARTICIPACOES S.A.;AMFI COMPANHIA SECURITIZADORA DE CREDITOS FINANCEIROS I SA;;Duplicata;
DOCG  Unitoken #4;Unitoken;14/07/2024;-366;R$ 0,00;;;R$ 0,00;;;;R$ 0,00;;;;0,0%;;"";;DOCG ADMINISTRACAO E PARTICIPACOES S.A.;AMFI COMPANHIA SECURITIZADORA DE CREDITOS FINANCEIROS I SA;;Duplicata;
Click Antecipa Unitoken #15;Unitoken;15/07/2024;-365;R$ 0,00;;;R$ 0,00;;;;R$ 0,00;;;;0,0%;;"";;CLICK SECURITIZADORA S.A.;AMFI COMPANHIA SECURITIZADORA DE CREDITOS FINANCEIROS I SA;;Duplicata;
Mercado de recebíveis Unitoken #3;Unitoken;15/07/2024;-365;R$ 0,00;;;R$ 0,00;;;;R$ 0,00;;;;0,0%;;"";;MR SERVIÇOS EM TECNOLOGIA LTDA;AMFI COMPANHIA SECURITIZADORA DE CREDITOS FINANCEIROS I SA;;Duplicata;
Teddy  Unitoken #3;Unitoken;15/07/2024;-365;R$ 0,00;;;R$ 0,00;;;;R$ 0,00;;;;0,0%;;"";;TEDDY HUB DIGITAL LTDA;AMFI COMPANHIA SECURITIZADORA DE CREDITOS FINANCEIROS I SA;;Duplicata;
Valorem Unitoken #8;Unitoken;16/07/2024;-364;R$ 0,00;;;R$ 0,00;;;;R$ 0,00;;;;0,0%;;"";;Valorem Soluções Financeiras S.A;AMFI COMPANHIA SECURITIZADORA DE CREDITOS FINANCEIROS I SA;;Duplicata;
Valorem Unitoken #3;Unitoken;16/07/2024;-364;R$ 0,00;;;R$ 0,00;;;;R$ 0,00;;;;0,0%;;"";;Valorem Soluções Financeiras S.A;AMFI COMPANHIA SECURITIZADORA DE CREDITOS FINANCEIROS I SA;;Duplicata;
Valorem Unitoken #13;Unitoken;16/07/2024;-364;R$ 0,00;;;R$ 0,00;;;;R$ 0,00;;;;0,0%;;"";;Valorem Soluções Financeiras S.A;AMFI COMPANHIA SECURITIZADORA DE CREDITOS FINANCEIROS I SA;;Duplicata;
Valorem Unitoken #7;Unitoken;17/07/2024;-363;R$ 0,00;;;R$ 0,00;;;;R$ 0,00;;;;0,0%;;"";;Valorem Soluções Financeiras S.A;AMFI COMPANHIA SECURITIZADORA DE CREDITOS FINANCEIROS I SA;;Duplicata;
Learnbase Unitoken #18;Unitoken;17/07/2024;-363;R$ 0,00;;;R$ 0,00;;;;R$ 0,00;;;;0,0%;;"";;Learnbase Gestão e Consultoria Educacional S.A.;AMFI COMPANHIA SECURITIZADORA DE CREDITOS FINANCEIROS I SA;;Duplicata;
Valorem Unitoken #5;Unitoken;20/07/2024;-360;R$ 0,00;;;R$ 0,00;;;;R$ 0,00;;;;0,0%;;"";;Valorem Soluções Financeiras S.A;AMFI COMPANHIA SECURITIZADORA DE CREDITOS FINANCEIROS I SA;;Duplicata;
Conecta Lá Unitoken #17;Unitoken;20/07/2024;-360;R$ 0,00;;;R$ 0,00;;;;R$ 0,00;;;;0,0%;;"";;FULL NINE DIGITAL CONSULTORIA S.A.;AMFI COMPANHIA SECURITIZADORA DE CREDITOS FINANCEIROS I SA;;Duplicata;
Conecta Lá Unitoken #15;Unitoken;20/07/2024;-360;R$ 0,00;;;R$ 0,00;;;;R$ 0,00;;;;0,0%;;"";;FULL NINE DIGITAL CONSULTORIA S.A.;AMFI COMPANHIA SECURITIZADORA DE CREDITOS FINANCEIROS I SA;;Duplicata;
Formento Unitoken #2;Unitoken;22/07/2024;-358;R$ 0,00;;;R$ 0,00;;;;R$ 0,00;;;;0,0%;;"";;Formento Securitizadora S.A.;AMFI COMPANHIA SECURITIZADORA DE CREDITOS FINANCEIROS I SA;;Duplicata;
Learnbase Unitoken #9;Unitoken;22/07/2024;-358;R$ 0,00;;;R$ 0,00;;;;R$ 0,00;;;;0,0%;;"";;Learnbase Gestão e Consultoria Educacional S.A.;AMFI COMPANHIA SECURITIZADORA DE CREDITOS FINANCEIROS I SA;;Duplicata;
Valorem Unitoken #2;Unitoken;24/07/2024;-356;R$ 0,00;;;R$ 0,00;;;;R$ 0,00;;;;0,0%;;"";;Valorem Soluções Financeiras S.A;AMFI COMPANHIA SECURITIZADORA DE CREDITOS FINANCEIROS I SA;;Duplicata;
Empório do Peixe Unitoken #1;Unitoken;27/07/2024;-353;R$ 161.795,25;R$ 0,00;R$ 161.795,25;R$ 161.795,25;R$ 0,00;;;R$ 0,00;;;100,0%;0,0%;1,7%;"";;MVB PESCADOS LTDA;;;CCB;
Formento Unitoken #4;Unitoken;28/07/2024;-352;R$ 0,00;;;R$ 0,00;;;;R$ 0,00;;;;0,0%;;"";;Formento Securitizadora S.A.;AMFI COMPANHIA SECURITIZADORA DE CREDITOS FINANCEIROS I SA;;Duplicata;
DS Unitoken #4;Unitoken;29/07/2024;-351;R$ 0,00;;;R$ 0,00;;;;R$ 0,00;;;;0,0%;;"";;DS SECURITIZADORA S/A;AMFI COMPANHIA SECURITIZADORA DE CREDITOS FINANCEIROS I SA;;Duplicata;
Valorem Unitoken #14;Unitoken;30/07/2024;-350;R$ 0,00;;;R$ 0,00;;;;R$ 0,00;;;;0,0%;;"";;Valorem Soluções Financeiras S.A;AMFI COMPANHIA SECURITIZADORA DE CREDITOS FINANCEIROS I SA;;Duplicata;
DOCG  Unitoken #8;Unitoken;30/07/2024;-350;R$ 0,00;;;R$ 0,00;;;;R$ 0,00;;;;0,0%;;"";;DOCG ADMINISTRACAO E PARTICIPACOES S.A.;AMFI COMPANHIA SECURITIZADORA DE CREDITOS FINANCEIROS I SA;;Duplicata;
C4 Unitoken #2;Unitoken;31/07/2024;-349;R$ 0,00;;;R$ 0,00;;;;R$ 0,00;;;;0,0%;;"";;C4 CAPITAL SECURITIZADORA S/A;AMFI COMPANHIA SECURITIZADORA DE CREDITOS FINANCEIROS I SA;;Duplicata;
DS Unitoken #6;Unitoken;01/08/2024;-348;R$ 0,00;;;R$ 0,00;;;;R$ 0,00;;;;0,0%;;"";;DS SECURITIZADORA S/A;AMFI COMPANHIA SECURITIZADORA DE CREDITOS FINANCEIROS I SA;;Duplicata;
Valorem Unitoken #4;Unitoken;01/08/2024;-348;R$ 0,00;;;R$ 0,00;;;;R$ 0,00;;;;0,0%;;"";;Valorem Soluções Financeiras S.A;AMFI COMPANHIA SECURITIZADORA DE CREDITOS FINANCEIROS I SA;;Duplicata;
C4 Unitoken #5;Unitoken;01/08/2024;-348;R$ 0,00;;;R$ 0,00;;;;R$ 0,00;;;;0,0%;;"";;C4 CAPITAL SECURITIZADORA S/A;AMFI COMPANHIA SECURITIZADORA DE CREDITOS FINANCEIROS I SA;;Duplicata;
Formento Unitoken #5;Unitoken;02/08/2024;-347;R$ 0,00;;;R$ 0,00;;;;R$ 0,00;;;;0,0%;;"";;Formento Securitizadora S.A.;AMFI COMPANHIA SECURITIZADORA DE CREDITOS FINANCEIROS I SA;;Duplicata;
DS Unitoken #1;Unitoken;03/08/2024;-346;R$ 0,00;;;R$ 0,00;;;;R$ 0,00;;;;0,0%;;"";;DS SECURITIZADORA S/A;AMFI COMPANHIA SECURITIZADORA DE CREDITOS FINANCEIROS I SA;;Duplicata;
DOCG  Unitoken #7;Unitoken;04/08/2024;-345;R$ 0,00;;;R$ 0,00;;;;R$ 0,00;;;;0,0%;;"";;DOCG ADMINISTRACAO E PARTICIPACOES S.A.;AMFI COMPANHIA SECURITIZADORA DE CREDITOS FINANCEIROS I SA;;Duplicata;
Learnbase Unitoken #19;Unitoken;05/08/2024;-344;R$ 0,00;;;R$ 0,00;;;;R$ 0,00;;;;0,0%;;"";;Learnbase Gestão e Consultoria Educacional S.A.;AMFI COMPANHIA SECURITIZADORA DE CREDITOS FINANCEIROS I SA;;Duplicata;
Conecta Lá Unitoken #11;Unitoken;05/08/2024;-344;R$ 0,00;;;R$ 0,00;;;;R$ 0,00;;;;0,0%;;"";;FULL NINE DIGITAL CONSULTORIA S.A.;AMFI COMPANHIA SECURITIZADORA DE CREDITOS FINANCEIROS I SA;;Duplicata;
Valorem Unitoken #19;Unitoken;05/08/2024;-344;R$ 0,00;;;R$ 0,00;;;;R$ 0,00;;;;0,0%;;"";;Valorem Soluções Financeiras S.A;AMFI COMPANHIA SECURITIZADORA DE CREDITOS FINANCEIROS I SA;;Duplicata;
Click Antecipa Unitoken #26;Unitoken;06/08/2024;-343;R$ 0,00;;;R$ 0,00;;;;R$ 0,00;;;;0,0%;;"";;CLICK SECURITIZADORA S.A.;AMFI COMPANHIA SECURITIZADORA DE CREDITOS FINANCEIROS I SA;;Duplicata;
Learnbase Unitoken #16;Unitoken;06/08/2024;-343;R$ 0,00;;;R$ 0,00;;;;R$ 0,00;;;;0,0%;;"";;Learnbase Gestão e Consultoria Educacional S.A.;AMFI COMPANHIA SECURITIZADORA DE CREDITOS FINANCEIROS I SA;;Duplicata;
Learnbase Unitoken #17;Unitoken;07/08/2024;-342;R$ 0,00;;;R$ 0,00;;;;R$ 0,00;;;;0,0%;;"";;Learnbase Gestão e Consultoria Educacional S.A.;AMFI COMPANHIA SECURITIZADORA DE CREDITOS FINANCEIROS I SA;;Duplicata;
DOCG  Unitoken #10;Unitoken;12/08/2024;-337;R$ 0,00;;;R$ 0,00;;;;R$ 0,00;;;;0,0%;;"";;DOCG ADMINISTRACAO E PARTICIPACOES S.A.;AMFI COMPANHIA SECURITIZADORA DE CREDITOS FINANCEIROS I SA;;Duplicata;
DOCG  Unitoken #9;Unitoken;12/08/2024;-337;R$ 0,00;;;R$ 0,00;;;;R$ 0,00;;;;0,0%;;"";;DOCG ADMINISTRACAO E PARTICIPACOES S.A.;AMFI COMPANHIA SECURITIZADORA DE CREDITOS FINANCEIROS I SA;;Duplicata;
a55 Pool #1;Pool;12/08/2024;-337;R$ 0,00;;;R$ 0,00;;R$ 0,00;;R$ 0,00;100,0%;10,0%;;0,0%;;"";;a55 Consultoria em Credito Ltda.;AMFI COMPANHIA SECURITIZADORA DE CREDITOS FINANCEIROS I SA;Oferta Pública;Duplicata;Produto Encerrado
C4 Unitoken #6;Unitoken;12/08/2024;-337;R$ 0,00;;;R$ 0,00;;;;R$ 0,00;;;;0,0%;;"";;C4 CAPITAL SECURITIZADORA S/A;AMFI COMPANHIA SECURITIZADORA DE CREDITOS FINANCEIROS I SA;;Duplicata;
Valorem Unitoken #22;Unitoken;13/08/2024;-336;R$ 0,00;;;R$ 0,00;;;;R$ 0,00;;;;0,0%;;"";;Valorem Soluções Financeiras S.A;AMFI COMPANHIA SECURITIZADORA DE CREDITOS FINANCEIROS I SA;;Duplicata;
Valorem Unitoken #10;Unitoken;14/08/2024;-335;R$ 0,00;;;R$ 0,00;;;;R$ 0,00;;;;0,0%;;"";;Valorem Soluções Financeiras S.A;AMFI COMPANHIA SECURITIZADORA DE CREDITOS FINANCEIROS I SA;;Duplicata;
C4 Unitoken #8;Unitoken;15/08/2024;-334;R$ 0,00;;;R$ 0,00;;;;R$ 0,00;;;;0,0%;;"";;C4 CAPITAL SECURITIZADORA S/A;AMFI COMPANHIA SECURITIZADORA DE CREDITOS FINANCEIROS I SA;;Duplicata;
Teddy  Unitoken #4;Unitoken;15/08/2024;-334;R$ 0,00;;;R$ 0,00;;;;R$ 0,00;;;;0,0%;;"";;TEDDY HUB DIGITAL LTDA;AMFI COMPANHIA SECURITIZADORA DE CREDITOS FINANCEIROS I SA;;Duplicata;
C4 Unitoken #3;Unitoken;15/08/2024;-334;R$ 0,00;;;R$ 0,00;;;;R$ 0,00;;;;0,0%;;"";;C4 CAPITAL SECURITIZADORA S/A;AMFI COMPANHIA SECURITIZADORA DE CREDITOS FINANCEIROS I SA;;Duplicata;
Valorem Unitoken #18;Unitoken;16/08/2024;-333;R$ 0,00;;;R$ 0,00;;;;R$ 0,00;;;;0,0%;;"";;Valorem Soluções Financeiras S.A;AMFI COMPANHIA SECURITIZADORA DE CREDITOS FINANCEIROS I SA;;Duplicata;
Valorem Unitoken #17;Unitoken;16/08/2024;-333;R$ 0,00;;;R$ 0,00;;;;R$ 0,00;;;;0,0%;;"";;Valorem Soluções Financeiras S.A;AMFI COMPANHIA SECURITIZADORA DE CREDITOS FINANCEIROS I SA;;Duplicata;
Click Antecipa Unitoken #29;Unitoken;19/08/2024;-330;R$ 0,00;;;R$ 0,00;;;;R$ 0,00;;;;0,0%;;"";;CLICK SECURITIZADORA S.A.;AMFI COMPANHIA SECURITIZADORA DE CREDITOS FINANCEIROS I SA;;Duplicata;
Valorem Unitoken #15;Unitoken;19/08/2024;-330;R$ 0,00;;;R$ 0,00;;;;R$ 0,00;;;;0,0%;;"";;Valorem Soluções Financeiras S.A;AMFI COMPANHIA SECURITIZADORA DE CREDITOS FINANCEIROS I SA;;Duplicata;
Learnbase Unitoken #20;Unitoken;19/08/2024;-330;R$ 0,00;;;R$ 0,00;;;;R$ 0,00;;;;0,0%;;"";;Learnbase Gestão e Consultoria Educacional S.A.;AMFI COMPANHIA SECURITIZADORA DE CREDITOS FINANCEIROS I SA;;Duplicata;
Formento Unitoken #6;Unitoken;19/08/2024;-330;R$ 0,00;;;R$ 0,00;;;;R$ 0,00;;;;0,0%;;"";;Formento Securitizadora S.A.;AMFI COMPANHIA SECURITIZADORA DE CREDITOS FINANCEIROS I SA;;Duplicata;
Click Antecipa Unitoken #43;Unitoken;20/08/2024;-329;R$ 0,00;;;R$ 0,00;;;;R$ 0,00;;;;0,0%;;"";;CLICK SECURITIZADORA S.A.;AMFI COMPANHIA SECURITIZADORA DE CREDITOS FINANCEIROS I SA;;Duplicata;
Click Antecipa Unitoken #25;Unitoken;20/08/2024;-329;R$ 0,00;;;R$ 0,00;;;;R$ 0,00;;;;0,0%;;"";;CLICK SECURITIZADORA S.A.;AMFI COMPANHIA SECURITIZADORA DE CREDITOS FINANCEIROS I SA;;Duplicata;
C4 Unitoken #1;Unitoken;20/08/2024;-329;R$ 0,00;;;R$ 0,00;;;;R$ 0,00;;;;0,0%;;"";;C4 CAPITAL SECURITIZADORA S/A;AMFI COMPANHIA SECURITIZADORA DE CREDITOS FINANCEIROS I SA;;Duplicata;
Valorem Unitoken #24;Unitoken;21/08/2024;-328;R$ 0,00;;;R$ 0,00;;;;R$ 0,00;;;;0,0%;;"";;Valorem Soluções Financeiras S.A;AMFI COMPANHIA SECURITIZADORA DE CREDITOS FINANCEIROS I SA;;Duplicata;
Click Antecipa Unitoken #16;Unitoken;22/08/2024;-327;R$ 0,00;;;R$ 0,00;;;;R$ 0,00;;;;0,0%;;"";;CLICK SECURITIZADORA S.A.;AMFI COMPANHIA SECURITIZADORA DE CREDITOS FINANCEIROS I SA;;Duplicata;
Learnbase Unitoken #11;Unitoken;22/08/2024;-327;R$ 0,00;;;R$ 0,00;;;;R$ 0,00;;;;0,0%;;"";;Learnbase Gestão e Consultoria Educacional S.A.;AMFI COMPANHIA SECURITIZADORA DE CREDITOS FINANCEIROS I SA;;Duplicata;
Conecta Lá Unitoken #23;Unitoken;23/08/2024;-326;R$ 0,00;;;R$ 0,00;;;;R$ 0,00;;;;0,0%;;"";;FULL NINE DIGITAL CONSULTORIA S.A.;AMFI COMPANHIA SECURITIZADORA DE CREDITOS FINANCEIROS I SA;;Duplicata;
Valorem Unitoken #16;Unitoken;24/08/2024;-325;R$ 0,00;;;R$ 0,00;;;;R$ 0,00;;;;0,0%;;"";;Valorem Soluções Financeiras S.A;AMFI COMPANHIA SECURITIZADORA DE CREDITOS FINANCEIROS I SA;;Duplicata;
Conecta Lá Unitoken #22;Unitoken;24/08/2024;-325;R$ 0,00;;;R$ 0,00;;;;R$ 0,00;;;;0,0%;;"";;FULL NINE DIGITAL CONSULTORIA S.A.;AMFI COMPANHIA SECURITIZADORA DE CREDITOS FINANCEIROS I SA;;Duplicata;
DOCG  Unitoken #11;Unitoken;25/08/2024;-324;R$ 0,00;;;R$ 0,00;;;;R$ 0,00;;;;0,0%;;"";;DOCG ADMINISTRACAO E PARTICIPACOES S.A.;AMFI COMPANHIA SECURITIZADORA DE CREDITOS FINANCEIROS I SA;;Duplicata;
DS Unitoken #3;Unitoken;26/08/2024;-323;R$ 0,00;;;R$ 0,00;;;;R$ 0,00;;;;0,0%;;"";;DS SECURITIZADORA S/A;AMFI COMPANHIA SECURITIZADORA DE CREDITOS FINANCEIROS I SA;;Duplicata;
Conecta Lá Unitoken #13;Unitoken;26/08/2024;-323;R$ 0,00;;;R$ 0,00;;;;R$ 0,00;;;;0,0%;;"";;FULL NINE DIGITAL CONSULTORIA S.A.;AMFI COMPANHIA SECURITIZADORA DE CREDITOS FINANCEIROS I SA;;Duplicata;
Formento Unitoken #3;Unitoken;27/08/2024;-322;R$ 0,00;;;R$ 0,00;;;;R$ 0,00;;;;0,0%;;"";;Formento Securitizadora S.A.;AMFI COMPANHIA SECURITIZADORA DE CREDITOS FINANCEIROS I SA;;Duplicata;
Nagro #7;Unitoken;27/08/2024;-322;R$ 0,00;;;R$ 0,00;;R$ 0,00;;R$ 0,00;;;;0,0%;;"";;NAGRO;;;CCB;
Valorem Unitoken #12;Unitoken;28/08/2024;-321;R$ 0,00;;;R$ 0,00;;;;R$ 0,00;;;;0,0%;;"";;Valorem Soluções Financeiras S.A;AMFI COMPANHIA SECURITIZADORA DE CREDITOS FINANCEIROS I SA;;Duplicata;
Learnbase Unitoken #24;Unitoken;28/08/2024;-321;R$ 0,00;;;R$ 0,00;;;;R$ 0,00;;;;0,0%;;"";;Learnbase Gestão e Consultoria Educacional S.A.;AMFI COMPANHIA SECURITIZADORA DE CREDITOS FINANCEIROS I SA;;Duplicata;
a55 Unitoken #21;Unitoken;28/08/2024;-321;R$ 0,00;;;R$ 0,00;;;;R$ 0,00;;;;0,0%;;"";;a55 SECURITIZADORA S.A.;a55 SECURITIZADORA S.A.;;Duplicata;
Formento Unitoken #8;Unitoken;30/08/2024;-319;R$ 0,00;;;R$ 0,00;;;;R$ 0,00;;;;0,0%;;"";;Formento Securitizadora S.A.;AMFI COMPANHIA SECURITIZADORA DE CREDITOS FINANCEIROS I SA;;Duplicata;
C4 Unitoken #4;Unitoken;30/08/2024;-319;R$ 0,00;;;R$ 0,00;;;;R$ 0,00;;;;0,0%;;"";;C4 CAPITAL SECURITIZADORA S/A;AMFI COMPANHIA SECURITIZADORA DE CREDITOS FINANCEIROS I SA;;Duplicata;
Click Antecipa Unitoken #27;Unitoken;30/08/2024;-319;R$ 0,00;;;R$ 0,00;;;;R$ 0,00;;;;0,0%;;"";;CLICK SECURITIZADORA S.A.;AMFI COMPANHIA SECURITIZADORA DE CREDITOS FINANCEIROS I SA;;Duplicata;
Learnbase Unitoken #21;Unitoken;30/08/2024;-319;R$ 0,00;;;R$ 0,00;;;;R$ 0,00;;;;0,0%;;"";;Learnbase Gestão e Consultoria Educacional S.A.;AMFI COMPANHIA SECURITIZADORA DE CREDITOS FINANCEIROS I SA;;Duplicata;
Formento Unitoken #7;Unitoken;30/08/2024;-319;R$ 0,00;;;R$ 0,00;;;;R$ 0,00;;;;0,0%;;"";;Formento Securitizadora S.A.;AMFI COMPANHIA SECURITIZADORA DE CREDITOS FINANCEIROS I SA;;Duplicata;
C4 Unitoken #7;Unitoken;30/08/2024;-319;R$ 0,00;;;R$ 0,00;;;;R$ 0,00;;;;0,0%;;"";;C4 CAPITAL SECURITIZADORA S/A;AMFI COMPANHIA SECURITIZADORA DE CREDITOS FINANCEIROS I SA;;Duplicata;
C4 Unitoken #9;Unitoken;30/08/2024;-319;R$ 0,00;;;R$ 0,00;;;;R$ 0,00;;;;0,0%;;"";;C4 CAPITAL SECURITIZADORA S/A;AMFI COMPANHIA SECURITIZADORA DE CREDITOS FINANCEIROS I SA;;Duplicata;
Click Antecipa Unitoken #51;Unitoken;02/09/2024;-316;R$ 0,00;;;R$ 0,00;;;;R$ 0,00;;;;0,0%;;"";;CLICK SECURITIZADORA S.A.;AMFI COMPANHIA SECURITIZADORA DE CREDITOS FINANCEIROS I SA;;Duplicata;
DOCG  Unitoken #12;Unitoken;03/09/2024;-315;R$ 0,00;;;R$ 0,00;;;;R$ 0,00;;;;0,0%;;"";;DOCG ADMINISTRACAO E PARTICIPACOES S.A.;AMFI COMPANHIA SECURITIZADORA DE CREDITOS FINANCEIROS I SA;;Duplicata;
Learnbase Unitoken #25;Unitoken;04/09/2024;-314;R$ 0,00;;;R$ 0,00;;;;R$ 0,00;;;;0,0%;;"";;Learnbase Gestão e Consultoria Educacional S.A.;AMFI COMPANHIA SECURITIZADORA DE CREDITOS FINANCEIROS I SA;;Duplicata;
Learnbase Unitoken #22;Unitoken;05/09/2024;-313;R$ 0,00;;;R$ 0,00;;;;R$ 0,00;;;;0,0%;;"";;Learnbase Gestão e Consultoria Educacional S.A.;AMFI COMPANHIA SECURITIZADORA DE CREDITOS FINANCEIROS I SA;;Duplicata;
Conecta Lá Unitoken #19;Unitoken;05/09/2024;-313;R$ 0,00;;;R$ 0,00;;;;R$ 0,00;;;;0,0%;;"";;FULL NINE DIGITAL CONSULTORIA S.A.;AMFI COMPANHIA SECURITIZADORA DE CREDITOS FINANCEIROS I SA;;Duplicata;
Conecta Lá Unitoken #25;Unitoken;06/09/2024;-312;R$ 0,00;;;R$ 0,00;;;;R$ 0,00;;;;0,0%;;"";;FULL NINE DIGITAL CONSULTORIA S.A.;AMFI COMPANHIA SECURITIZADORA DE CREDITOS FINANCEIROS I SA;;Duplicata;
Learnbase Unitoken #26;Unitoken;06/09/2024;-312;R$ 0,00;;;R$ 0,00;;;;R$ 0,00;;;;0,0%;;"";;Learnbase Gestão e Consultoria Educacional S.A.;AMFI COMPANHIA SECURITIZADORA DE CREDITOS FINANCEIROS I SA;;Duplicata;
Valorem Unitoken #21;Unitoken;09/09/2024;-309;R$ 0,00;;;R$ 0,00;;;;R$ 0,00;;;;0,0%;;"";;Valorem Soluções Financeiras S.A;AMFI COMPANHIA SECURITIZADORA DE CREDITOS FINANCEIROS I SA;;Duplicata;
Click Antecipa Unitoken #31;Unitoken;09/09/2024;-309;R$ 0,00;;;R$ 0,00;;;;R$ 0,00;;;;0,0%;;"";;CLICK SECURITIZADORA S.A.;AMFI COMPANHIA SECURITIZADORA DE CREDITOS FINANCEIROS I SA;;Duplicata;
Mercado de recebíveis Unitoken #5;Unitoken;09/09/2024;-309;R$ 0,00;;;R$ 0,00;;;;R$ 0,00;;;;0,0%;;"";;MR SERVIÇOS EM TECNOLOGIA LTDA;AMFI COMPANHIA SECURITIZADORA DE CREDITOS FINANCEIROS I SA;;Duplicata;
Nagro #5;Unitoken;10/09/2024;-308;R$ 0,00;;;R$ 0,00;;R$ 0,00;;R$ 0,00;;;;0,0%;;"";;NAGRO;;;CCB;
C4 Unitoken #10;Unitoken;10/09/2024;-308;R$ 0,00;;;R$ 0,00;;;;R$ 0,00;;;;0,0%;;"";;C4 CAPITAL SECURITIZADORA S/A;AMFI COMPANHIA SECURITIZADORA DE CREDITOS FINANCEIROS I SA;;Duplicata;
Learnbase Unitoken #27;Unitoken;10/09/2024;-308;R$ 0,00;;;R$ 0,00;;;;R$ 0,00;;;;0,0%;;"";;Learnbase Gestão e Consultoria Educacional S.A.;AMFI COMPANHIA SECURITIZADORA DE CREDITOS FINANCEIROS I SA;;Duplicata;
Valorem Unitoken #11;Unitoken;11/09/2024;-307;R$ 0,00;;;R$ 0,00;;;;R$ 0,00;;;;0,0%;;"";;Valorem Soluções Financeiras S.A;AMFI COMPANHIA SECURITIZADORA DE CREDITOS FINANCEIROS I SA;;Duplicata;
DS Unitoken #12;Unitoken;12/09/2024;-306;R$ 0,00;;;R$ 0,00;;;;R$ 0,00;;;;0,0%;;"";;DS SECURITIZADORA S/A;AMFI COMPANHIA SECURITIZADORA DE CREDITOS FINANCEIROS I SA;;Duplicata;
DS Unitoken #11;Unitoken;12/09/2024;-306;R$ 0,00;;;R$ 0,00;;;;R$ 0,00;;;;0,0%;;"";;DS SECURITIZADORA S/A;AMFI COMPANHIA SECURITIZADORA DE CREDITOS FINANCEIROS I SA;;Duplicata;
Click Antecipa Unitoken #34;Unitoken;12/09/2024;-306;R$ 0,00;;;R$ 0,00;;;;R$ 0,00;;;;0,0%;;"";;CLICK SECURITIZADORA S.A.;AMFI COMPANHIA SECURITIZADORA DE CREDITOS FINANCEIROS I SA;;Duplicata;
Mercado de recebíveis Unitoken #4;Unitoken;12/09/2024;-306;R$ 0,00;;;R$ 0,00;;;;R$ 0,00;;;;0,0%;;"";;MR SERVIÇOS EM TECNOLOGIA LTDA;AMFI COMPANHIA SECURITIZADORA DE CREDITOS FINANCEIROS I SA;;Duplicata;
C4 Unitoken #11;Unitoken;12/09/2024;-306;R$ 0,00;;;R$ 0,00;;;;R$ 0,00;;;;0,0%;;"";;C4 CAPITAL SECURITIZADORA S/A;AMFI COMPANHIA SECURITIZADORA DE CREDITOS FINANCEIROS I SA;;Duplicata;
Mercado de recebíveis Unitoken #13;Unitoken;13/09/2024;-305;R$ 0,00;;;R$ 0,00;;;;R$ 0,00;;;;0,0%;;"";;MR SERVIÇOS EM TECNOLOGIA LTDA;AMFI COMPANHIA SECURITIZADORA DE CREDITOS FINANCEIROS I SA;;Duplicata;
Mercado de recebíveis Unitoken #6;Unitoken;13/09/2024;-305;R$ 0,00;;;R$ 0,00;;;;R$ 0,00;;;;0,0%;;"";;MR SERVIÇOS EM TECNOLOGIA LTDA;AMFI COMPANHIA SECURITIZADORA DE CREDITOS FINANCEIROS I SA;;Duplicata;
Teddy  Unitoken #5;Unitoken;15/09/2024;-303;R$ 0,00;;;R$ 0,00;;;;R$ 0,00;;;;0,0%;;"";;TEDDY HUB DIGITAL LTDA;AMFI COMPANHIA SECURITIZADORA DE CREDITOS FINANCEIROS I SA;;Duplicata;
Nagro #6;Unitoken;15/09/2024;-303;R$ 0,00;;;R$ 0,00;;R$ 0,00;;R$ 0,00;;;;0,0%;;"";;NAGRO;;;CCB;
Click Antecipa Unitoken #35;Unitoken;15/09/2024;-303;R$ 0,00;;;R$ 0,00;;;;R$ 0,00;;;;0,0%;;"";;CLICK SECURITIZADORA S.A.;AMFI COMPANHIA SECURITIZADORA DE CREDITOS FINANCEIROS I SA;;Duplicata;
C4 Unitoken #12;Unitoken;15/09/2024;-303;R$ 0,00;;;R$ 0,00;;;;R$ 0,00;;;;0,0%;;"";;C4 CAPITAL SECURITIZADORA S/A;AMFI COMPANHIA SECURITIZADORA DE CREDITOS FINANCEIROS I SA;;Duplicata;
C4 Unitoken #14;Unitoken;16/09/2024;-302;R$ 0,00;;;R$ 0,00;;;;R$ 0,00;;;;0,0%;;"";;C4 CAPITAL SECURITIZADORA S/A;AMFI COMPANHIA SECURITIZADORA DE CREDITOS FINANCEIROS I SA;;Duplicata;
Learnbase Unitoken #28;Unitoken;16/09/2024;-302;R$ 0,00;;;R$ 0,00;;;;R$ 0,00;;;;0,0%;;"";;Learnbase Gestão e Consultoria Educacional S.A.;AMFI COMPANHIA SECURITIZADORA DE CREDITOS FINANCEIROS I SA;;Duplicata;
C4 Unitoken #13;Unitoken;16/09/2024;-302;R$ 0,00;;;R$ 0,00;;;;R$ 0,00;;;;0,0%;;"";;C4 CAPITAL SECURITIZADORA S/A;AMFI COMPANHIA SECURITIZADORA DE CREDITOS FINANCEIROS I SA;;Duplicata;
C4 Unitoken #15;Unitoken;16/09/2024;-302;R$ 0,00;;;R$ 0,00;;;;R$ 0,00;;;;0,0%;;"";;C4 CAPITAL SECURITIZADORA S/A;AMFI COMPANHIA SECURITIZADORA DE CREDITOS FINANCEIROS I SA;;Duplicata;
Formento Unitoken #10;Unitoken;17/09/2024;-301;R$ 0,00;;;R$ 0,00;;;;R$ 0,00;;;;0,0%;;"";;Formento Securitizadora S.A.;AMFI COMPANHIA SECURITIZADORA DE CREDITOS FINANCEIROS I SA;;Duplicata;
MMK Partners Unitoken #3;Unitoken;20/09/2024;-298;R$ 0,00;;;R$ 0,00;;;;R$ 0,00;;;;0,0%;;"";;MMK Partners;AMFI COMPANHIA SECURITIZADORA DE CREDITOS FINANCEIROS I SA;;Duplicata;
MMK Partners Unitoken #4;Unitoken;20/09/2024;-298;R$ 0,00;;;R$ 0,00;;;;R$ 0,00;;;;0,0%;;"";;MMK Partners;AMFI COMPANHIA SECURITIZADORA DE CREDITOS FINANCEIROS I SA;;Duplicata;
Click Antecipa Unitoken #37;Unitoken;20/09/2024;-298;R$ 0,00;;;R$ 0,00;;;;R$ 0,00;;;;0,0%;;"";;CLICK SECURITIZADORA S.A.;AMFI COMPANHIA SECURITIZADORA DE CREDITOS FINANCEIROS I SA;;Duplicata;
Nagro #1;Unitoken;20/09/2024;-298;R$ 0,00;;;R$ 0,00;;R$ 0,00;;R$ 0,00;;;;0,0%;;"";;NAGRO;;;CCB;
Learnbase Unitoken #23;Unitoken;20/09/2024;-298;R$ 0,00;;;R$ 0,00;;;;R$ 0,00;;;;0,0%;;"";;Learnbase Gestão e Consultoria Educacional S.A.;AMFI COMPANHIA SECURITIZADORA DE CREDITOS FINANCEIROS I SA;;Duplicata;
Click Antecipa Unitoken #44;Unitoken;20/09/2024;-298;R$ 0,00;;;R$ 0,00;;;;R$ 0,00;;;;0,0%;;"";;CLICK SECURITIZADORA S.A.;AMFI COMPANHIA SECURITIZADORA DE CREDITOS FINANCEIROS I SA;;Duplicata;
Nagro #4;Unitoken;20/09/2024;-298;R$ 0,00;;;R$ 0,00;;R$ 0,00;;R$ 0,00;;;;0,0%;;"";;NAGRO;;;CCB;
C4 Unitoken #16;Unitoken;21/09/2024;-297;R$ 0,00;;;R$ 0,00;;;;R$ 0,00;;;;0,0%;;"";;C4 CAPITAL SECURITIZADORA S/A;AMFI COMPANHIA SECURITIZADORA DE CREDITOS FINANCEIROS I SA;;Duplicata;
C4 Unitoken #17;Unitoken;21/09/2024;-297;R$ 0,00;;;R$ 0,00;;;;R$ 0,00;;;;0,0%;;"";;C4 CAPITAL SECURITIZADORA S/A;AMFI COMPANHIA SECURITIZADORA DE CREDITOS FINANCEIROS I SA;;Duplicata;
Learnbase Unitoken #10;Unitoken;22/09/2024;-296;R$ 0,00;;;R$ 0,00;;;;R$ 0,00;;;;0,0%;;"";;Learnbase Gestão e Consultoria Educacional S.A.;AMFI COMPANHIA SECURITIZADORA DE CREDITOS FINANCEIROS I SA;;Duplicata;
Learnbase Unitoken #29;Unitoken;23/09/2024;-295;R$ 0,00;;;R$ 0,00;;;;R$ 0,00;;;;0,0%;;"";;Learnbase Gestão e Consultoria Educacional S.A.;AMFI COMPANHIA SECURITIZADORA DE CREDITOS FINANCEIROS I SA;;Duplicata;
DS Unitoken #2;Unitoken;23/09/2024;-295;R$ 0,00;;;R$ 0,00;;;;R$ 0,00;;;;0,0%;;"";;DS SECURITIZADORA S/A;AMFI COMPANHIA SECURITIZADORA DE CREDITOS FINANCEIROS I SA;;Duplicata;
Valorem Unitoken #20;Unitoken;24/09/2024;-294;R$ 0,00;;;R$ 0,00;;;;R$ 0,00;;;;0,0%;;"";;Valorem Soluções Financeiras S.A;AMFI COMPANHIA SECURITIZADORA DE CREDITOS FINANCEIROS I SA;;Duplicata;
DS Unitoken #5;Unitoken;24/09/2024;-294;R$ 0,00;;;R$ 0,00;;;;R$ 0,00;;;;0,0%;;"";;DS SECURITIZADORA S/A;AMFI COMPANHIA SECURITIZADORA DE CREDITOS FINANCEIROS I SA;;Duplicata;
DS Unitoken #8;Unitoken;24/09/2024;-294;R$ 0,00;;;R$ 0,00;;;;R$ 0,00;;;;0,0%;;"";;DS SECURITIZADORA S/A;AMFI COMPANHIA SECURITIZADORA DE CREDITOS FINANCEIROS I SA;;Duplicata;
Click Antecipa Unitoken #32;Unitoken;24/09/2024;-294;R$ 0,00;;;R$ 0,00;;;;R$ 0,00;;;;0,0%;;"";;CLICK SECURITIZADORA S.A.;AMFI COMPANHIA SECURITIZADORA DE CREDITOS FINANCEIROS I SA;;Duplicata;
Mercado de recebíveis Unitoken #8;Unitoken;24/09/2024;-294;R$ 0,00;;;R$ 0,00;;;;R$ 0,00;;;;0,0%;;"";;MR SERVIÇOS EM TECNOLOGIA LTDA;AMFI COMPANHIA SECURITIZADORA DE CREDITOS FINANCEIROS I SA;;Duplicata;
C4 Unitoken #18;Unitoken;25/09/2024;-293;R$ 0,00;;;R$ 0,00;;;;R$ 0,00;;;;0,0%;;"";;C4 CAPITAL SECURITIZADORA S/A;AMFI COMPANHIA SECURITIZADORA DE CREDITOS FINANCEIROS I SA;;Duplicata;
Click Antecipa Unitoken #30;Unitoken;25/09/2024;-293;R$ 0,00;;;R$ 0,00;;;;R$ 0,00;;;;0,0%;;"";;CLICK SECURITIZADORA S.A.;AMFI COMPANHIA SECURITIZADORA DE CREDITOS FINANCEIROS I SA;;Duplicata;
C4 Unitoken #19;Unitoken;27/09/2024;-291;R$ 0,00;;;R$ 0,00;;;;R$ 0,00;;;;0,0%;;"";;C4 CAPITAL SECURITIZADORA S/A;AMFI COMPANHIA SECURITIZADORA DE CREDITOS FINANCEIROS I SA;;Duplicata;
Synthéo Unitoken #1;Unitoken;28/09/2024;-290;R$ 0,00;;;R$ 0,00;;;;R$ 0,00;;;;0,0%;;"";;SYNTHÉO SECURITIZADORA DE CRÉDITOS S.A.;AMFI COMPANHIA SECURITIZADORA DE CREDITOS FINANCEIROS I SA;;Duplicata;
Syntheo Unitoken #2;Unitoken;28/09/2024;-290;R$ 0,00;;;R$ 0,00;;;;R$ 0,00;;;;0,0%;;"";;SYNTHÉO SECURITIZADORA DE CRÉDITOS S.A.;AMFI COMPANHIA SECURITIZADORA DE CREDITOS FINANCEIROS I SA;;Duplicata;
DS Unitoken #7;Unitoken;29/09/2024;-289;R$ 0,00;;;R$ 0,00;;;;R$ 0,00;;;;0,0%;;"";;DS SECURITIZADORA S/A;AMFI COMPANHIA SECURITIZADORA DE CREDITOS FINANCEIROS I SA;;Duplicata;
Formento Unitoken #11;Unitoken;29/09/2024;-289;R$ 0,00;;;R$ 0,00;;;;R$ 0,00;;;;0,0%;;"";;Formento Securitizadora S.A.;AMFI COMPANHIA SECURITIZADORA DE CREDITOS FINANCEIROS I SA;;Duplicata;
C4 Unitoken #20;Unitoken;30/09/2024;-288;R$ 0,00;;;R$ 0,00;;;;R$ 0,00;;;;0,0%;;"";;C4 CAPITAL SECURITIZADORA S/A;AMFI COMPANHIA SECURITIZADORA DE CREDITOS FINANCEIROS I SA;;Duplicata;
C4 Unitoken #22;Unitoken;30/09/2024;-288;R$ 0,00;;;R$ 0,00;;;;R$ 0,00;;;;0,0%;;"";;C4 CAPITAL SECURITIZADORA S/A;AMFI COMPANHIA SECURITIZADORA DE CREDITOS FINANCEIROS I SA;;Duplicata;
C4 Unitoken #21;Unitoken;30/09/2024;-288;R$ 0,00;;;R$ 0,00;;;;R$ 0,00;;;;0,0%;;"";;C4 CAPITAL SECURITIZADORA S/A;AMFI COMPANHIA SECURITIZADORA DE CREDITOS FINANCEIROS I SA;;Duplicata;
Learnbase Unitoken #31;Unitoken;01/10/2024;-287;R$ 0,00;;;R$ 0,00;;;;R$ 0,00;;;;0,0%;;"";;Learnbase Gestão e Consultoria Educacional S.A.;AMFI COMPANHIA SECURITIZADORA DE CREDITOS FINANCEIROS I SA;;Duplicata;
Click Antecipa Unitoken #36;Unitoken;01/10/2024;-287;R$ 0,00;;;R$ 0,00;;;;R$ 0,00;;;;0,0%;;"";;CLICK SECURITIZADORA S.A.;AMFI COMPANHIA SECURITIZADORA DE CREDITOS FINANCEIROS I SA;;Duplicata;
Mercado de recebíveis Unitoken #7;Unitoken;01/10/2024;-287;R$ 0,00;;;R$ 0,00;;;;R$ 0,00;;;;0,0%;;"";;MR SERVIÇOS EM TECNOLOGIA LTDA;AMFI COMPANHIA SECURITIZADORA DE CREDITOS FINANCEIROS I SA;;Duplicata;
Valorem Unitoken #23;Unitoken;01/10/2024;-287;R$ 0,00;;;R$ 0,00;;;;R$ 0,00;;;;0,0%;;"";;Valorem Soluções Financeiras S.A;AMFI COMPANHIA SECURITIZADORA DE CREDITOS FINANCEIROS I SA;;Duplicata;
DS Unitoken #9;Unitoken;01/10/2024;-287;R$ 0,00;;;R$ 0,00;;;;R$ 0,00;;;;0,0%;;"";;DS SECURITIZADORA S/A;AMFI COMPANHIA SECURITIZADORA DE CREDITOS FINANCEIROS I SA;;Duplicata;
Valorem Unitoken #9;Unitoken;01/10/2024;-287;R$ 0,00;;;R$ 0,00;;;;R$ 0,00;;;;0,0%;;"";;Valorem Soluções Financeiras S.A;AMFI COMPANHIA SECURITIZADORA DE CREDITOS FINANCEIROS I SA;;Duplicata;
Valorem Unitoken #25;Unitoken;02/10/2024;-286;R$ 0,00;;;R$ 0,00;;;;R$ 0,00;;;;0,0%;;"";;Valorem Soluções Financeiras S.A;AMFI COMPANHIA SECURITIZADORA DE CREDITOS FINANCEIROS I SA;;Duplicata;
Audax Capital Unitoken #2;Unitoken;04/10/2024;-284;R$ 0,00;;;R$ 0,00;;;;R$ 0,00;;;;0,0%;;"";;AUDAX CAPITAL SECURITIZADORA S.A;AMFI COMPANHIA SECURITIZADORA DE CREDITOS FINANCEIROS I SA;;Duplicata;
Learnbase Unitoken #30;Unitoken;04/10/2024;-284;R$ 0,00;;;R$ 0,00;;;;R$ 0,00;;;;0,0%;;"";;Learnbase Gestão e Consultoria Educacional S.A.;AMFI COMPANHIA SECURITIZADORA DE CREDITOS FINANCEIROS I SA;;Duplicata;
Conecta Lá Unitoken #26;Unitoken;05/10/2024;-283;R$ 0,00;;;R$ 0,00;;;;R$ 0,00;;;;0,0%;;"";;FULL NINE DIGITAL CONSULTORIA S.A.;AMFI COMPANHIA SECURITIZADORA DE CREDITOS FINANCEIROS I SA;;Duplicata;
C4 Unitoken #23;Unitoken;06/10/2024;-282;R$ 0,00;;;R$ 0,00;;;;R$ 0,00;;;;0,0%;;"";;C4 CAPITAL SECURITIZADORA S/A;AMFI COMPANHIA SECURITIZADORA DE CREDITOS FINANCEIROS I SA;;Duplicata;
Conecta Lá Unitoken #30;Unitoken;06/10/2024;-282;R$ 0,00;;;R$ 0,00;;;;R$ 0,00;;;;0,0%;;"";;FULL NINE DIGITAL CONSULTORIA S.A.;AMFI COMPANHIA SECURITIZADORA DE CREDITOS FINANCEIROS I SA;;Duplicata;
Mercado de recebíveis Unitoken #9;Unitoken;07/10/2024;-281;R$ 0,00;;;R$ 0,00;;;;R$ 0,00;;;;0,0%;;"";;MR SERVIÇOS EM TECNOLOGIA LTDA;AMFI COMPANHIA SECURITIZADORA DE CREDITOS FINANCEIROS I SA;;Duplicata;
Click Antecipa Unitoken #28;Unitoken;07/10/2024;-281;R$ 0,00;;;R$ 0,00;;;;R$ 0,00;;;;0,0%;;"";;CLICK SECURITIZADORA S.A.;AMFI COMPANHIA SECURITIZADORA DE CREDITOS FINANCEIROS I SA;;Duplicata;
Mercado de recebíveis Unitoken #10;Unitoken;08/10/2024;-280;R$ 0,00;;;R$ 0,00;;;;R$ 0,00;;;;0,0%;;"";;MR SERVIÇOS EM TECNOLOGIA LTDA;AMFI COMPANHIA SECURITIZADORA DE CREDITOS FINANCEIROS I SA;;Duplicata;
Lebasq Unitoken #3;Unitoken;08/10/2024;-280;R$ 0,00;;;R$ 0,00;;;;R$ 0,00;;;;0,0%;;"";;LEBASQ SECURITIZAÇÃO DE CRÉDITOS SA;AMFI COMPANHIA SECURITIZADORA DE CREDITOS FINANCEIROS I SA;;Duplicata;
Mercado de recebíveis Unitoken #12;Unitoken;09/10/2024;-279;R$ 0,00;;;R$ 0,00;;;;R$ 0,00;;;;0,0%;;"";;MR SERVIÇOS EM TECNOLOGIA LTDA;AMFI COMPANHIA SECURITIZADORA DE CREDITOS FINANCEIROS I SA;;Duplicata;
C4 Unitoken #33;Unitoken;10/10/2024;-278;R$ 0,00;;;R$ 0,00;;;;R$ 0,00;;;;0,0%;;"";;C4 CAPITAL SECURITIZADORA S/A;AMFI COMPANHIA SECURITIZADORA DE CREDITOS FINANCEIROS I SA;;Duplicata;
Conecta Lá Unitoken #28;Unitoken;10/10/2024;-278;R$ 0,00;;;R$ 0,00;;;;R$ 0,00;;;;0,0%;;"";;FULL NINE DIGITAL CONSULTORIA S.A.;AMFI COMPANHIA SECURITIZADORA DE CREDITOS FINANCEIROS I SA;;Duplicata;
C4 Unitoken #34;Unitoken;10/10/2024;-278;R$ 0,00;;;R$ 0,00;;;;R$ 0,00;;;;0,0%;;"";;C4 CAPITAL SECURITIZADORA S/A;AMFI COMPANHIA SECURITIZADORA DE CREDITOS FINANCEIROS I SA;;Duplicata;
Click Antecipa Unitoken #53;Unitoken;11/10/2024;-277;R$ 0,00;;;R$ 0,00;;;;R$ 0,00;;;;0,0%;;"";;CLICK SECURITIZADORA S.A.;AMFI COMPANHIA SECURITIZADORA DE CREDITOS FINANCEIROS I SA;;Duplicata;
Mercado de recebíveis Unitoken #14;Unitoken;13/10/2024;-275;R$ 0,00;;;R$ 0,00;;;;R$ 0,00;;;;0,0%;;"";;MR SERVIÇOS EM TECNOLOGIA LTDA;AMFI COMPANHIA SECURITIZADORA DE CREDITOS FINANCEIROS I SA;;Duplicata;
Click Antecipa Unitoken #42;Unitoken;14/10/2024;-274;R$ 0,00;;;R$ 0,00;;;;R$ 0,00;;;;0,0%;;"";;CLICK SECURITIZADORA S.A.;AMFI COMPANHIA SECURITIZADORA DE CREDITOS FINANCEIROS I SA;;Duplicata;
Up Vendas Unitoken #1;Unitoken;14/10/2024;-274;R$ 0,00;;;R$ 0,00;;;;R$ 0,00;;;;0,0%;;"";;Up Vendas;AMFI COMPANHIA SECURITIZADORA DE CREDITOS FINANCEIROS I SA;Oferta Pública;Recebível de Cartão;Produto Encerrado
Click Antecipa Unitoken #41;Unitoken;14/10/2024;-274;R$ 0,00;;;R$ 0,00;;;;R$ 0,00;;;;0,0%;;"";;CLICK SECURITIZADORA S.A.;AMFI COMPANHIA SECURITIZADORA DE CREDITOS FINANCEIROS I SA;;Duplicata;
C4 Unitoken #25;Unitoken;15/10/2024;-273;R$ 0,00;;;R$ 0,00;;;;R$ 0,00;;;;0,0%;;"";;C4 CAPITAL SECURITIZADORA S/A;AMFI COMPANHIA SECURITIZADORA DE CREDITOS FINANCEIROS I SA;;Duplicata;
Teddy  Unitoken #6;Unitoken;15/10/2024;-273;R$ 0,00;;;R$ 0,00;;;;R$ 0,00;;;;0,0%;;"";;TEDDY HUB DIGITAL LTDA;AMFI COMPANHIA SECURITIZADORA DE CREDITOS FINANCEIROS I SA;;Duplicata;
C4 Unitoken #24;Unitoken;15/10/2024;-273;R$ 0,00;;;R$ 0,00;;;;R$ 0,00;;;;0,0%;;"";;C4 CAPITAL SECURITIZADORA S/A;AMFI COMPANHIA SECURITIZADORA DE CREDITOS FINANCEIROS I SA;;Duplicata;
Intreguei Pool #1;Pool;16/10/2024;-272;R$ 0,00;;;R$ 0,00;;R$ 0,00;;R$ 0,00;;;;0,0%;;"";;INTREGUEI SOLUCOES E TECNOLOGIA LTDA;AMFI COMPANHIA SECURITIZADORA DE CREDITOS FINANCEIROS I SA;;Duplicata;
C4 Unitoken #32;Unitoken;16/10/2024;-272;R$ 0,00;;;R$ 0,00;;;;R$ 0,00;;;;0,0%;;"";;C4 CAPITAL SECURITIZADORA S/A;AMFI COMPANHIA SECURITIZADORA DE CREDITOS FINANCEIROS I SA;;Duplicata;
C4 Unitoken #26;Unitoken;16/10/2024;-272;R$ 0,00;;;R$ 0,00;;;;R$ 0,00;;;;0,0%;;"";;C4 CAPITAL SECURITIZADORA S/A;AMFI COMPANHIA SECURITIZADORA DE CREDITOS FINANCEIROS I SA;;Duplicata;
Click Antecipa Unitoken #40;Unitoken;20/10/2024;-268;R$ 0,00;;;R$ 0,00;;;;R$ 0,00;;;;0,0%;;"";;CLICK SECURITIZADORA S.A.;AMFI COMPANHIA SECURITIZADORA DE CREDITOS FINANCEIROS I SA;;Duplicata;
Conecta Lá Unitoken #33;Unitoken;21/10/2024;-267;R$ 0,00;;;R$ 0,00;;;;R$ 0,00;;;;0,0%;;"";;FULL NINE DIGITAL CONSULTORIA S.A.;AMFI COMPANHIA SECURITIZADORA DE CREDITOS FINANCEIROS I SA;;Duplicata;
Click Antecipa Unitoken #47;Unitoken;21/10/2024;-267;R$ 0,00;;;R$ 0,00;;;;R$ 0,00;;;;0,0%;;"";;CLICK SECURITIZADORA S.A.;AMFI COMPANHIA SECURITIZADORA DE CREDITOS FINANCEIROS I SA;;Duplicata;
Click Antecipa Unitoken #46;Unitoken;21/10/2024;-267;R$ 0,00;;;R$ 0,00;;;;R$ 0,00;;;;0,0%;;"";;CLICK SECURITIZADORA S.A.;AMFI COMPANHIA SECURITIZADORA DE CREDITOS FINANCEIROS I SA;;Duplicata;
Mercado de recebíveis Unitoken #11;Unitoken;21/10/2024;-267;R$ 0,00;;;R$ 0,00;;;;R$ 0,00;;;;0,0%;;"";;MR SERVIÇOS EM TECNOLOGIA LTDA;AMFI COMPANHIA SECURITIZADORA DE CREDITOS FINANCEIROS I SA;;Duplicata;
Learnbase Unitoken #12;Unitoken;22/10/2024;-266;R$ 0,00;;;R$ 0,00;;;;R$ 0,00;;;;0,0%;;"";;Learnbase Gestão e Consultoria Educacional S.A.;AMFI COMPANHIA SECURITIZADORA DE CREDITOS FINANCEIROS I SA;;Duplicata;
Learnbase Unitoken #34;Unitoken;23/10/2024;-265;R$ 0,00;;;R$ 0,00;;;;R$ 0,00;;;;0,0%;;"";;Learnbase Gestão e Consultoria Educacional S.A.;AMFI COMPANHIA SECURITIZADORA DE CREDITOS FINANCEIROS I SA;Oferta Pública;Duplicata;Produto Encerrado
Conecta Lá Unitoken #14;Unitoken;24/10/2024;-264;R$ 0,00;;;R$ 0,00;;;;R$ 0,00;;;;0,0%;;"";;FULL NINE DIGITAL CONSULTORIA S.A.;AMFI COMPANHIA SECURITIZADORA DE CREDITOS FINANCEIROS I SA;;Duplicata;
Click Antecipa Unitoken #49;Unitoken;24/10/2024;-264;R$ 0,00;;;R$ 0,00;;;;R$ 0,00;;;;0,0%;;"";;CLICK SECURITIZADORA S.A.;AMFI COMPANHIA SECURITIZADORA DE CREDITOS FINANCEIROS I SA;;Duplicata;
Conecta Lá Unitoken #34;Unitoken;24/10/2024;-264;R$ 0,00;;;R$ 0,00;;;;R$ 0,00;;;;0,0%;;"";;FULL NINE DIGITAL CONSULTORIA S.A.;AMFI COMPANHIA SECURITIZADORA DE CREDITOS FINANCEIROS I SA;;Duplicata;
DS Unitoken #28;Unitoken;25/10/2024;-263;R$ 0,00;;;R$ 0,00;;;;R$ 0,00;;;;0,0%;;"";;DS SECURITIZADORA S/A;AMFI COMPANHIA SECURITIZADORA DE CREDITOS FINANCEIROS I SA;Oferta Pública;Duplicata;Produto Encerrado
Lebasq Unitoken #4;Unitoken;27/10/2024;-261;R$ 0,00;;;R$ 0,00;;;;R$ 0,00;;;;0,0%;;"";;LEBASQ SECURITIZAÇÃO DE CRÉDITOS SA;AMFI COMPANHIA SECURITIZADORA DE CREDITOS FINANCEIROS I SA;;Duplicata;
C4 Unitoken #27;Unitoken;28/10/2024;-260;R$ 0,00;;;R$ 0,00;;;;R$ 0,00;;;;0,0%;;"";;C4 CAPITAL SECURITIZADORA S/A;AMFI COMPANHIA SECURITIZADORA DE CREDITOS FINANCEIROS I SA;;Duplicata;
C4 Unitoken #28;Unitoken;28/10/2024;-260;R$ 0,00;;;R$ 0,00;;;;R$ 0,00;;;;0,0%;;"";;C4 CAPITAL SECURITIZADORA S/A;AMFI COMPANHIA SECURITIZADORA DE CREDITOS FINANCEIROS I SA;;Duplicata;
C4 Unitoken #29;Unitoken;28/10/2024;-260;R$ 0,00;;;R$ 0,00;;;;R$ 0,00;;;;0,0%;;"";;C4 CAPITAL SECURITIZADORA S/A;AMFI COMPANHIA SECURITIZADORA DE CREDITOS FINANCEIROS I SA;;Duplicata;
Audax Capital Unitoken #1;Unitoken;30/10/2024;-258;R$ 0,00;;;R$ 0,00;;;;R$ 0,00;;;;0,0%;;"";;AUDAX CAPITAL SECURITIZADORA S.A;AMFI COMPANHIA SECURITIZADORA DE CREDITOS FINANCEIROS I SA;;Duplicata;
C4 Unitoken #31;Unitoken;30/10/2024;-258;R$ 0,00;;;R$ 0,00;;;;R$ 0,00;;;;0,0%;;"";;C4 CAPITAL SECURITIZADORA S/A;AMFI COMPANHIA SECURITIZADORA DE CREDITOS FINANCEIROS I SA;;Duplicata;
Learnbase Unitoken #35;Unitoken;30/10/2024;-258;R$ 0,00;;;R$ 0,00;;;;R$ 0,00;;;;0,0%;;"";;Learnbase Gestão e Consultoria Educacional S.A.;AMFI COMPANHIA SECURITIZADORA DE CREDITOS FINANCEIROS I SA;Oferta Pública;Duplicata;Produto Encerrado
C4 Unitoken #36;Unitoken;30/10/2024;-258;R$ 0,00;;;R$ 0,00;;;;R$ 0,00;;;;0,0%;;"";;C4 CAPITAL SECURITIZADORA S/A;AMFI COMPANHIA SECURITIZADORA DE CREDITOS FINANCEIROS I SA;Oferta Pública;Duplicata;Produto Encerrado
a55  Unitoken #22;Unitoken;31/10/2024;-257;R$ 0,00;;;R$ 0,00;;;;R$ 0,00;;;;0,0%;;"";;a55 SECURITIZADORA S.A.;a55 SECURITIZADORA S.A.;Oferta Pública;Duplicata;Produto Encerrado
Conecta Lá Unitoken #37;Unitoken;01/11/2024;-256;R$ 0,00;;;R$ 0,00;;;;R$ 0,00;;;;0,0%;;"";;FULL NINE DIGITAL CONSULTORIA S.A.;AMFI COMPANHIA SECURITIZADORA DE CREDITOS FINANCEIROS I SA;Oferta Pública;Duplicata;Produto Encerrado
DS Unitoken #29;Unitoken;02/11/2024;-255;R$ 0,00;;;R$ 0,00;;;;R$ 0,00;;;;0,0%;;"";;DS SECURITIZADORA S/A;AMFI COMPANHIA SECURITIZADORA DE CREDITOS FINANCEIROS I SA;Oferta Pública;Duplicata;Produto Encerrado
Learnbase Unitoken #33;Unitoken;04/11/2024;-253;R$ 0,00;;;R$ 0,00;;;;R$ 0,00;;;;0,0%;;"";;Learnbase Gestão e Consultoria Educacional S.A.;AMFI COMPANHIA SECURITIZADORA DE CREDITOS FINANCEIROS I SA;Oferta Pública;Duplicata;Produto Encerrado
Valorem Unitoken #26;Unitoken;04/11/2024;-253;R$ 0,00;;;R$ 0,00;;;;R$ 0,00;;;;0,0%;;"";;Valorem Soluções Financeiras S.A;AMFI COMPANHIA SECURITIZADORA DE CREDITOS FINANCEIROS I SA;;Duplicata;
DS Unitoken #20;Unitoken;04/11/2024;-253;R$ 0,00;;;R$ 0,00;;;;R$ 0,00;;;;0,0%;;"";;DS SECURITIZADORA S/A;AMFI COMPANHIA SECURITIZADORA DE CREDITOS FINANCEIROS I SA;Oferta Pública;Duplicata;Produto Encerrado
Click Antecipa Unitoken #52;Unitoken;05/11/2024;-252;R$ 0,00;;;R$ 0,00;;;;R$ 0,00;;;;0,0%;;"";;CLICK SECURITIZADORA S.A.;AMFI COMPANHIA SECURITIZADORA DE CREDITOS FINANCEIROS I SA;;Duplicata;
Lebasq Unitoken #17;Unitoken;05/11/2024;-252;R$ 0,00;;;R$ 0,00;;;;R$ 0,00;;;;0,0%;;"";;LEBASQ SECURITIZAÇÃO DE CRÉDITOS SA;AMFI COMPANHIA SECURITIZADORA DE CREDITOS FINANCEIROS I SA;Oferta Pública;Duplicata;Produto Encerrado
Click Antecipa Unitoken #39;Unitoken;05/11/2024;-252;R$ 0,00;;;R$ 0,00;;;;R$ 0,00;;;;0,0%;;"";;CLICK SECURITIZADORA S.A.;AMFI COMPANHIA SECURITIZADORA DE CREDITOS FINANCEIROS I SA;;Duplicata;
Conecta Lá Unitoken #31;Unitoken;05/11/2024;-252;R$ 0,00;;;R$ 0,00;;;;R$ 0,00;;;;0,0%;;"";;FULL NINE DIGITAL CONSULTORIA S.A.;AMFI COMPANHIA SECURITIZADORA DE CREDITOS FINANCEIROS I SA;;Duplicata;
Lebasq Unitoken #5;Unitoken;05/11/2024;-252;R$ 0,00;;;R$ 0,00;;;;R$ 0,00;;;;0,0%;;"";;LEBASQ SECURITIZAÇÃO DE CRÉDITOS SA;AMFI COMPANHIA SECURITIZADORA DE CREDITOS FINANCEIROS I SA;;Duplicata;
Conecta Lá Unitoken #36;Unitoken;06/11/2024;-251;R$ 0,00;;;R$ 0,00;;;;R$ 0,00;;;;0,0%;;"";;FULL NINE DIGITAL CONSULTORIA S.A.;AMFI COMPANHIA SECURITIZADORA DE CREDITOS FINANCEIROS I SA;Oferta Pública;Duplicata;Produto Encerrado
Syntheo Unitoken #3;Unitoken;07/11/2024;-250;R$ 0,00;;;R$ 0,00;;;;R$ 0,00;;;;0,0%;;"";;SYNTHÉO SECURITIZADORA DE CRÉDITOS S.A.;AMFI COMPANHIA SECURITIZADORA DE CREDITOS FINANCEIROS I SA;;Duplicata;
DS Unitoken #15;Unitoken;07/11/2024;-250;R$ 0,00;;;R$ 0,00;;;;R$ 0,00;;;;0,0%;;"";;DS SECURITIZADORA S/A;AMFI COMPANHIA SECURITIZADORA DE CREDITOS FINANCEIROS I SA;;Duplicata;
DS Unitoken #13;Unitoken;07/11/2024;-250;R$ 0,00;;;R$ 0,00;;;;R$ 0,00;;;;0,0%;;"";;DS SECURITIZADORA S/A;AMFI COMPANHIA SECURITIZADORA DE CREDITOS FINANCEIROS I SA;;Duplicata;
Syntheo Unitoken #8;Unitoken;08/11/2024;-249;R$ 0,00;;;R$ 0,00;;;;R$ 0,00;;;;0,0%;;"";;SYNTHÉO SECURITIZADORA DE CRÉDITOS S.A.;AMFI COMPANHIA SECURITIZADORA DE CREDITOS FINANCEIROS I SA;Oferta Pública;Duplicata;Produto Encerrado
Syntheo Unitoken #10;Unitoken;08/11/2024;-249;R$ 0,00;;;R$ 0,00;;;;R$ 0,00;;;;0,0%;;"";;SYNTHÉO SECURITIZADORA DE CRÉDITOS S.A.;AMFI COMPANHIA SECURITIZADORA DE CREDITOS FINANCEIROS I SA;Oferta Pública;Duplicata;Produto Encerrado
Formento Unitoken #15;Unitoken;10/11/2024;-247;R$ 0,00;;;R$ 0,00;;;;R$ 0,00;;;;0,0%;;"";;Formento Securitizadora S.A.;AMFI COMPANHIA SECURITIZADORA DE CREDITOS FINANCEIROS I SA;Oferta Pública;Duplicata;Produto Encerrado
Syntheo Unitoken #5;Unitoken;10/11/2024;-247;R$ 0,00;;;R$ 0,00;;;;R$ 0,00;;;;0,0%;;"";;SYNTHÉO SECURITIZADORA DE CRÉDITOS S.A.;AMFI COMPANHIA SECURITIZADORA DE CREDITOS FINANCEIROS I SA;;Duplicata;
Formento Unitoken #9;Unitoken;10/11/2024;-247;R$ 0,00;;;R$ 0,00;;;;R$ 0,00;;;;0,0%;;"";;Formento Securitizadora S.A.;AMFI COMPANHIA SECURITIZADORA DE CREDITOS FINANCEIROS I SA;;Duplicata;
Syntheo Unitoken #14;Unitoken;11/11/2024;-246;R$ 0,00;;;R$ 0,00;;;;R$ 0,00;;;;0,0%;;"";;SYNTHÉO SECURITIZADORA DE CRÉDITOS S.A.;AMFI COMPANHIA SECURITIZADORA DE CREDITOS FINANCEIROS I SA;Oferta Pública;Duplicata;Produto Encerrado
Valorem Unitoken #33;Unitoken;11/11/2024;-246;R$ 0,00;;;R$ 0,00;;;;R$ 0,00;;;;0,0%;;"";;Valorem Soluções Financeiras S.A;AMFI COMPANHIA SECURITIZADORA DE CREDITOS FINANCEIROS I SA;Oferta Pública;Duplicata;Produto Encerrado
Valorem Unitoken #27;Unitoken;11/11/2024;-246;R$ 0,00;;;R$ 0,00;;;;R$ 0,00;;;;0,0%;;"";;Valorem Soluções Financeiras S.A;AMFI COMPANHIA SECURITIZADORA DE CREDITOS FINANCEIROS I SA;Oferta Pública;Nota Comercial;Produto Encerrado
Syntheo Unitoken #6;Unitoken;11/11/2024;-246;R$ 0,00;;;R$ 0,00;;;;R$ 0,00;;;;0,0%;;"";;SYNTHÉO SECURITIZADORA DE CRÉDITOS S.A.;AMFI COMPANHIA SECURITIZADORA DE CREDITOS FINANCEIROS I SA;;Duplicata;
Lebasq Unitoken #8;Unitoken;11/11/2024;-246;R$ 0,00;;;R$ 0,00;;;;R$ 0,00;;;;0,0%;;"";;LEBASQ SECURITIZAÇÃO DE CRÉDITOS SA;AMFI COMPANHIA SECURITIZADORA DE CREDITOS FINANCEIROS I SA;;Duplicata;
Digcap RPV Goiania #1;Unitoken;11/11/2024;-246;R$ 0,00;;;R$ 0,00;;R$ 0,00;;R$ 0,00;;;;0,0%;;"";;Digcap Intermediação de Créditos Judiciais Ltda	;;;Ativo Judicial;
Click Antecipa Unitoken #38;Unitoken;12/11/2024;-245;R$ 0,00;;;R$ 0,00;;;;R$ 0,00;;;;0,0%;;"";;CLICK SECURITIZADORA S.A.;AMFI COMPANHIA SECURITIZADORA DE CREDITOS FINANCEIROS I SA;;Duplicata;
Valorem Unitoken #36;Unitoken;12/11/2024;-245;R$ 0,00;;;R$ 0,00;;;;R$ 0,00;;;;0,0%;;"";;Valorem Soluções Financeiras S.A;AMFI COMPANHIA SECURITIZADORA DE CREDITOS FINANCEIROS I SA;Oferta Pública;Duplicata;Produto Encerrado
Valorem Unitoken #35;Unitoken;12/11/2024;-245;R$ 0,00;;;R$ 0,00;;;;R$ 0,00;;;;0,0%;;"";;Valorem Soluções Financeiras S.A;AMFI COMPANHIA SECURITIZADORA DE CREDITOS FINANCEIROS I SA;Oferta Pública;Duplicata;Produto Encerrado
Click Antecipa Unitoken #54;Unitoken;12/11/2024;-245;R$ 0,00;;;R$ 0,00;;;;R$ 0,00;;;;0,0%;;"";;CLICK SECURITIZADORA S.A.;AMFI COMPANHIA SECURITIZADORA DE CREDITOS FINANCEIROS I SA;;Duplicata;
Valorem Unitoken #34;Unitoken;14/11/2024;-243;R$ 0,00;;;R$ 0,00;;;;R$ 0,00;;;;0,0%;;"";;Valorem Soluções Financeiras S.A;AMFI COMPANHIA SECURITIZADORA DE CREDITOS FINANCEIROS I SA;Oferta Pública;Duplicata;Produto Encerrado
DS Unitoken #10;Unitoken;14/11/2024;-243;R$ 0,00;;;R$ 0,00;;;;R$ 0,00;;;;0,0%;;"";;DS SECURITIZADORA S/A;AMFI COMPANHIA SECURITIZADORA DE CREDITOS FINANCEIROS I SA;;Duplicata;
Syntheo Unitoken #4;Unitoken;15/11/2024;-242;R$ 0,00;;;R$ 0,00;;;;R$ 0,00;;;;0,0%;;"";;SYNTHÉO SECURITIZADORA DE CRÉDITOS S.A.;AMFI COMPANHIA SECURITIZADORA DE CREDITOS FINANCEIROS I SA;;Duplicata;
C4 Unitoken #37;Unitoken;15/11/2024;-242;R$ 0,00;;;R$ 0,00;;;;R$ 0,00;;;;0,0%;;"";;C4 CAPITAL SECURITIZADORA S/A;AMFI COMPANHIA SECURITIZADORA DE CREDITOS FINANCEIROS I SA;Oferta Pública;Duplicata;Produto Encerrado
Syntheo Unitoken #9;Unitoken;15/11/2024;-242;R$ 0,00;;;R$ 0,00;;;;R$ 0,00;;;;0,0%;;"";;SYNTHÉO SECURITIZADORA DE CRÉDITOS S.A.;AMFI COMPANHIA SECURITIZADORA DE CREDITOS FINANCEIROS I SA;Oferta Pública;Duplicata;Produto Encerrado
Teddy  Unitoken #7;Unitoken;15/11/2024;-242;R$ 0,00;;;R$ 0,00;;;;R$ 0,00;;;;0,0%;;"";;TEDDY HUB DIGITAL LTDA;AMFI COMPANHIA SECURITIZADORA DE CREDITOS FINANCEIROS I SA;;Duplicata;
Formento Unitoken #18;Unitoken;16/11/2024;-241;R$ 0,00;;;R$ 0,00;;;;R$ 0,00;;;;0,0%;;"";;Formento Securitizadora S.A.;AMFI COMPANHIA SECURITIZADORA DE CREDITOS FINANCEIROS I SA;Oferta Pública;Duplicata;Produto Encerrado
Pool André Franco #1;Pool;16/11/2024;-241;R$ 0,00;;;R$ 0,00;;R$ 0,00;;R$ 0,00;;;;0,0%;;"";;AMFI CONSULTING LTDA;;;Duplicata;
Syntheo Unitoken #18;Unitoken;18/11/2024;-239;R$ 0,00;;;R$ 0,00;;;;R$ 0,00;;;;0,0%;;"";;SYNTHÉO SECURITIZADORA DE CRÉDITOS S.A.;AMFI COMPANHIA SECURITIZADORA DE CREDITOS FINANCEIROS I SA;Oferta Pública;Duplicata;Produto Encerrado
Learnbase Unitoken #39;Unitoken;18/11/2024;-239;R$ 0,00;;;R$ 0,00;;;;R$ 0,00;;;;0,0%;;"";;Learnbase Gestão e Consultoria Educacional S.A.;AMFI COMPANHIA SECURITIZADORA DE CREDITOS FINANCEIROS I SA;Oferta Pública;Duplicata;Produto Encerrado
Click Antecipa Unitoken #57;Unitoken;20/11/2024;-237;R$ 0,00;;;R$ 0,00;;;;R$ 0,00;;;;0,0%;;"";;CLICK SECURITIZADORA S.A.;AMFI COMPANHIA SECURITIZADORA DE CREDITOS FINANCEIROS I SA;Oferta Pública;Duplicata;Produto Encerrado
Formento Unitoken #19;Unitoken;20/11/2024;-237;R$ 0,00;;;R$ 0,00;;;;R$ 0,00;;;;0,0%;;"";;Formento Securitizadora S.A.;AMFI COMPANHIA SECURITIZADORA DE CREDITOS FINANCEIROS I SA;Oferta Pública;Duplicata;Produto Encerrado
Click Antecipa Unitoken #62;Unitoken;21/11/2024;-236;R$ 0,00;;;R$ 0,00;;;;R$ 0,00;;;;0,0%;;"";;CLICK SECURITIZADORA S.A.;AMFI COMPANHIA SECURITIZADORA DE CREDITOS FINANCEIROS I SA;Oferta Pública;Duplicata;Produto Encerrado
Syntheo Unitoken #11;Unitoken;21/11/2024;-236;R$ 0,00;;;R$ 0,00;;;;R$ 0,00;;;;0,0%;;"";;SYNTHÉO SECURITIZADORA DE CRÉDITOS S.A.;AMFI COMPANHIA SECURITIZADORA DE CREDITOS FINANCEIROS I SA;Oferta Pública;Duplicata;Produto Encerrado
Conecta Lá Unitoken #41;Unitoken;21/11/2024;-236;R$ 0,00;;;R$ 0,00;;;;R$ 0,00;;;;0,0%;;"";;FULL NINE DIGITAL CONSULTORIA S.A.;AMFI COMPANHIA SECURITIZADORA DE CREDITOS FINANCEIROS I SA;Oferta Pública;Duplicata;Produto Encerrado
Syntheo Unitoken #16;Unitoken;23/11/2024;-234;R$ 0,00;;;R$ 0,00;;;;R$ 0,00;;;;0,0%;;"";;SYNTHÉO SECURITIZADORA DE CRÉDITOS S.A.;AMFI COMPANHIA SECURITIZADORA DE CREDITOS FINANCEIROS I SA;Oferta Pública;Duplicata;Produto Encerrado
Syntheo Unitoken #13;Unitoken;24/11/2024;-233;R$ 0,00;;;R$ 0,00;;;;R$ 0,00;;;;0,0%;;"";;SYNTHÉO SECURITIZADORA DE CRÉDITOS S.A.;AMFI COMPANHIA SECURITIZADORA DE CREDITOS FINANCEIROS I SA;Oferta Pública;Duplicata;Produto Encerrado
Conecta Lá Unitoken #47;Unitoken;24/11/2024;-233;R$ 0,00;;;R$ 0,00;;;;R$ 0,00;;;;0,0%;;"";;FULL NINE DIGITAL CONSULTORIA S.A.;AMFI COMPANHIA SECURITIZADORA DE CREDITOS FINANCEIROS I SA;Oferta Pública;Duplicata;Produto Encerrado
Conecta Lá Unitoken #38;Unitoken;24/11/2024;-233;R$ 0,00;;;R$ 0,00;;;;R$ 0,00;;;;0,0%;;"";;FULL NINE DIGITAL CONSULTORIA S.A.;AMFI COMPANHIA SECURITIZADORA DE CREDITOS FINANCEIROS I SA;Oferta Pública;Duplicata;Produto Encerrado
Formento Unitoken #13;Unitoken;24/11/2024;-233;R$ 0,00;;;R$ 0,00;;;;R$ 0,00;;;;0,0%;;"";;Formento Securitizadora S.A.;AMFI COMPANHIA SECURITIZADORA DE CREDITOS FINANCEIROS I SA;;Duplicata;
UnionNational Pool #1;Pool;25/11/2024;-232;R$ 0,00;;;R$ 0,00;;R$ 0,00;;R$ 0,00;33,4%;20,0%;;0,0%;;"";;SECURITIZADORA DE CRÉDITOS FINANCEIROS S.A.;;Oferta Pública;Duplicata;Produto Encerrado
DS Unitoken #24;Unitoken;25/11/2024;-232;R$ 0,00;;;R$ 0,00;;;;R$ 0,00;;;;0,0%;;"";;DS SECURITIZADORA S/A;AMFI COMPANHIA SECURITIZADORA DE CREDITOS FINANCEIROS I SA;Oferta Pública;Duplicata;Produto Encerrado
Click Antecipa Unitoken #58;Unitoken;25/11/2024;-232;R$ 0,00;;;R$ 0,00;;;;R$ 0,00;;;;0,0%;;"";;CLICK SECURITIZADORA S.A.;AMFI COMPANHIA SECURITIZADORA DE CREDITOS FINANCEIROS I SA;Oferta Pública;Duplicata;Produto Encerrado
Valorem Unitoken #32;Unitoken;25/11/2024;-232;R$ 0,00;;;R$ 0,00;;;;R$ 0,00;;;;0,0%;;"";;Valorem Soluções Financeiras S.A;AMFI COMPANHIA SECURITIZADORA DE CREDITOS FINANCEIROS I SA;Oferta Pública;Duplicata;Produto Encerrado
Click Antecipa Unitoken #59;Unitoken;26/11/2024;-231;R$ 0,00;;;R$ 0,00;;;;R$ 0,00;;;;0,0%;;"";;CLICK SECURITIZADORA S.A.;AMFI COMPANHIA SECURITIZADORA DE CREDITOS FINANCEIROS I SA;Oferta Pública;Duplicata;Produto Encerrado
Click Antecipa Unitoken #45;Unitoken;26/11/2024;-231;R$ 0,00;;;R$ 0,00;;;;R$ 0,00;;;;0,0%;;"";;CLICK SECURITIZADORA S.A.;AMFI COMPANHIA SECURITIZADORA DE CREDITOS FINANCEIROS I SA;;Duplicata;
Lebasq Unitoken #6;Unitoken;26/11/2024;-231;R$ 0,00;;;R$ 0,00;;;;R$ 0,00;;;;0,0%;;"";;LEBASQ SECURITIZAÇÃO DE CRÉDITOS SA;AMFI COMPANHIA SECURITIZADORA DE CREDITOS FINANCEIROS I SA;;Duplicata;
Lebasq Unitoken #7;Unitoken;26/11/2024;-231;R$ 0,00;;;R$ 0,00;;;;R$ 0,00;;;;0,0%;;"";;LEBASQ SECURITIZAÇÃO DE CRÉDITOS SA;AMFI COMPANHIA SECURITIZADORA DE CREDITOS FINANCEIROS I SA;;Duplicata;
DS Unitoken #14;Unitoken;27/11/2024;-230;R$ 0,00;;;R$ 0,00;;;;R$ 0,00;;;;0,0%;;"";;DS SECURITIZADORA S/A;AMFI COMPANHIA SECURITIZADORA DE CREDITOS FINANCEIROS I SA;;Duplicata;
Formento Unitoken #14;Unitoken;28/11/2024;-229;R$ 0,00;;;R$ 0,00;;;;R$ 0,00;;;;0,0%;;"";;Formento Securitizadora S.A.;AMFI COMPANHIA SECURITIZADORA DE CREDITOS FINANCEIROS I SA;Oferta Pública;Duplicata;Produto Encerrado
Lebasq Unitoken #10;Unitoken;28/11/2024;-229;R$ 0,00;;;R$ 0,00;;;;R$ 0,00;;;;0,0%;;"";;LEBASQ SECURITIZAÇÃO DE CRÉDITOS SA;AMFI COMPANHIA SECURITIZADORA DE CREDITOS FINANCEIROS I SA;;Duplicata;
a55  Unitoken #24;Unitoken;29/11/2024;-228;R$ 0,00;;;R$ 0,00;;;;R$ 0,00;;;;0,0%;;"";;a55 SECURITIZADORA S.A.;a55 SECURITIZADORA S.A.;Oferta Pública;Duplicata;Produto Encerrado
DS Unitoken #21;Unitoken;29/11/2024;-228;R$ 0,00;;;R$ 0,00;;;;R$ 0,00;;;;0,0%;;"";;DS SECURITIZADORA S/A;AMFI COMPANHIA SECURITIZADORA DE CREDITOS FINANCEIROS I SA;Oferta Pública;Duplicata;Produto Encerrado
Click Antecipa Unitoken #48;Unitoken;29/11/2024;-228;R$ 0,00;;;R$ 0,00;;;;R$ 0,00;;;;0,0%;;"";;CLICK SECURITIZADORA S.A.;AMFI COMPANHIA SECURITIZADORA DE CREDITOS FINANCEIROS I SA;;Duplicata;
DS Unitoken #25;Unitoken;30/11/2024;-227;R$ 0,00;;;R$ 0,00;;;;R$ 0,00;;;;0,0%;;"";;DS SECURITIZADORA S/A;AMFI COMPANHIA SECURITIZADORA DE CREDITOS FINANCEIROS I SA;Oferta Pública;Duplicata;Produto Encerrado
DS Unitoken #27;Unitoken;01/12/2024;-226;R$ 0,00;;;R$ 0,00;;;;R$ 0,00;;;;0,0%;;"";;DS SECURITIZADORA S/A;AMFI COMPANHIA SECURITIZADORA DE CREDITOS FINANCEIROS I SA;Oferta Pública;Duplicata;Produto Encerrado
Learnbase Unitoken #45;Unitoken;01/12/2024;-226;R$ 0,00;;;R$ 0,00;;;;R$ 0,00;;;;0,0%;;"";;Learnbase Gestão e Consultoria Educacional S.A.;AMFI COMPANHIA SECURITIZADORA DE CREDITOS FINANCEIROS I SA;Oferta Pública;Duplicata;Produto Encerrado
Syntheo Unitoken #20;Unitoken;01/12/2024;-226;R$ 0,00;;;R$ 0,00;;;;R$ 0,00;;;;0,0%;;"";;SYNTHÉO SECURITIZADORA DE CRÉDITOS S.A.;AMFI COMPANHIA SECURITIZADORA DE CREDITOS FINANCEIROS I SA;Oferta Pública;Duplicata;Produto Encerrado
Click Antecipa Unitoken #61;Unitoken;01/12/2024;-226;R$ 0,00;;;R$ 0,00;;;;R$ 0,00;;;;0,0%;;"";;CLICK SECURITIZADORA S.A.;AMFI COMPANHIA SECURITIZADORA DE CREDITOS FINANCEIROS I SA;Oferta Pública;Duplicata;Produto Encerrado
Syntheo Unitoken #12;Unitoken;02/12/2024;-225;R$ 0,00;;;R$ 0,00;;;;R$ 0,00;;;;0,0%;;"";;SYNTHÉO SECURITIZADORA DE CRÉDITOS S.A.;AMFI COMPANHIA SECURITIZADORA DE CREDITOS FINANCEIROS I SA;Oferta Pública;Duplicata;Produto Encerrado
Valorem Unitoken #28;Unitoken;02/12/2024;-225;R$ 0,00;;;R$ 0,00;;;;R$ 0,00;;;;0,0%;;"";;Valorem Soluções Financeiras S.A;AMFI COMPANHIA SECURITIZADORA DE CREDITOS FINANCEIROS I SA;Oferta Pública;Duplicata;Produto Encerrado
Learnbase Unitoken #32;Unitoken;02/12/2024;-225;R$ 0,00;;;R$ 0,00;;;;R$ 0,00;;;;0,0%;;"";;Learnbase Gestão e Consultoria Educacional S.A.;AMFI COMPANHIA SECURITIZADORA DE CREDITOS FINANCEIROS I SA;Oferta Pública;Duplicata;Produto Encerrado
Conecta Lá Unitoken #29;Unitoken;02/12/2024;-225;R$ 0,00;;;R$ 0,00;;;;R$ 0,00;;;;0,0%;;"";;FULL NINE DIGITAL CONSULTORIA S.A.;AMFI COMPANHIA SECURITIZADORA DE CREDITOS FINANCEIROS I SA;;Duplicata;
Z5 (New Invest Sec) Unitoken #1;Unitoken;02/12/2024;-225;R$ 0,00;;;R$ 0,00;;;;R$ 0,00;;;;0,0%;;"";;NEW INVEST SECURITIZAÇÃO DE CREDITOS SA;AMFI COMPANHIA SECURITIZADORA DE CREDITOS FINANCEIROS I SA;Oferta Pública;Duplicata;Produto Encerrado
Learnbase Unitoken #43;Unitoken;02/12/2024;-225;R$ 0,00;;;R$ 0,00;;;;R$ 0,00;;;;0,0%;;"";;Learnbase Gestão e Consultoria Educacional S.A.;AMFI COMPANHIA SECURITIZADORA DE CREDITOS FINANCEIROS I SA;Oferta Pública;Duplicata;Produto Encerrado
Valorem Unitoken #29;Unitoken;04/12/2024;-223;R$ 0,00;;;R$ 0,00;;;;R$ 0,00;;;;0,0%;;"";;Valorem Soluções Financeiras S.A;AMFI COMPANHIA SECURITIZADORA DE CREDITOS FINANCEIROS I SA;Oferta Pública;Duplicata;Produto Encerrado
Conecta Lá Unitoken #35;Unitoken;05/12/2024;-222;R$ 0,00;;;R$ 0,00;;;;R$ 0,00;;;;0,0%;;"";;FULL NINE DIGITAL CONSULTORIA S.A.;AMFI COMPANHIA SECURITIZADORA DE CREDITOS FINANCEIROS I SA;Oferta Pública;Duplicata;Produto Encerrado
Formento Unitoken #22;Unitoken;05/12/2024;-222;R$ 0,00;;;R$ 0,00;;;;R$ 0,00;;;;0,0%;;"";;Formento Securitizadora S.A.;AMFI COMPANHIA SECURITIZADORA DE CREDITOS FINANCEIROS I SA;Oferta Pública;Duplicata;Produto Encerrado
Click Antecipa Unitoken #50;Unitoken;05/12/2024;-222;R$ 0,00;;;R$ 0,00;;;;R$ 0,00;;;;0,0%;;"";;CLICK SECURITIZADORA S.A.;AMFI COMPANHIA SECURITIZADORA DE CREDITOS FINANCEIROS I SA;;Duplicata;
Formento Unitoken #29;Unitoken;05/12/2024;-222;R$ 0,00;;;R$ 0,00;;;;R$ 0,00;;;;0,0%;;"";;Formento Securitizadora S.A.;AMFI COMPANHIA SECURITIZADORA DE CREDITOS FINANCEIROS I SA;Oferta Pública;Duplicata;Produto Encerrado
Formento Unitoken #32;Unitoken;06/12/2024;-221;R$ 0,00;;;R$ 0,00;;;;R$ 0,00;;;;0,0%;;"";;Formento Securitizadora S.A.;AMFI COMPANHIA SECURITIZADORA DE CREDITOS FINANCEIROS I SA;Oferta Pública;Duplicata;Produto Encerrado
DS Unitoken #19;Unitoken;06/12/2024;-221;R$ 0,00;;;R$ 0,00;;;;R$ 0,00;;;;0,0%;;"";;DS SECURITIZADORA S/A;AMFI COMPANHIA SECURITIZADORA DE CREDITOS FINANCEIROS I SA;Oferta Pública;Duplicata;Produto Encerrado
Conecta Lá Unitoken #39;Unitoken;06/12/2024;-221;R$ 0,00;;;R$ 0,00;;;;R$ 0,00;;;;0,0%;;"";;FULL NINE DIGITAL CONSULTORIA S.A.;AMFI COMPANHIA SECURITIZADORA DE CREDITOS FINANCEIROS I SA;Oferta Pública;Duplicata;Produto Encerrado
DS Unitoken #34;Unitoken;07/12/2024;-220;R$ 0,00;;;R$ 0,00;;;;R$ 0,00;;;;0,0%;;"";;DS SECURITIZADORA S/A;AMFI COMPANHIA SECURITIZADORA DE CREDITOS FINANCEIROS I SA;Oferta Pública;Duplicata;Cancelada
DS Unitoken #35;Unitoken;07/12/2024;-220;R$ 0,00;;;R$ 0,00;;;;R$ 0,00;;;;0,0%;;"";;DS SECURITIZADORA S/A;AMFI COMPANHIA SECURITIZADORA DE CREDITOS FINANCEIROS I SA;Oferta Pública;Duplicata;Produto Encerrado
OUB CAPITAL Unitoken #1;Unitoken;07/12/2024;-220;R$ 0,00;;;R$ 0,00;;;;R$ 0,00;;;;0,0%;;"";;OUB CAPITAL SA;AMFI COMPANHIA SECURITIZADORA DE CREDITOS FINANCEIROS I SA;Oferta Pública;Duplicata;Produto Encerrado
AFA Unitoken #1;Unitoken;07/12/2024;-220;R$ 0,00;;;R$ 0,00;;;;R$ 0,00;;;;0,0%;;"";;AFA HIGH YIELD CREDIT OPPORTUNITY - FIDC;AMFI COMPANHIA SECURITIZADORA DE CREDITOS FINANCEIROS I SA;Oferta Pública;Duplicata;Produto Encerrado
Syntheo Unitoken #21;Unitoken;09/12/2024;-218;R$ 0,00;;;R$ 0,00;;;;R$ 0,00;;;;0,0%;;"";;SYNTHÉO SECURITIZADORA DE CRÉDITOS S.A.;AMFI COMPANHIA SECURITIZADORA DE CREDITOS FINANCEIROS I SA;Oferta Pública;Duplicata;Produto Encerrado
Conecta Lá Unitoken #55;Unitoken;09/12/2024;-218;R$ 0,00;;;R$ 0,00;;;;R$ 0,00;;;;0,0%;;"";;FULL NINE DIGITAL CONSULTORIA S.A.;AMFI COMPANHIA SECURITIZADORA DE CREDITOS FINANCEIROS I SA;Oferta Pública;Duplicata;Produto Encerrado
Learnbase Unitoken #46;Unitoken;09/12/2024;-218;R$ 0,00;;;R$ 0,00;;;;R$ 0,00;;;;0,0%;;"";;Learnbase Gestão e Consultoria Educacional S.A.;AMFI COMPANHIA SECURITIZADORA DE CREDITOS FINANCEIROS I SA;Oferta Pública;Duplicata;Produto Encerrado
DS Unitoken #38;Unitoken;09/12/2024;-218;R$ 0,00;;;R$ 0,00;;;;R$ 0,00;;;;0,0%;;"";;DS SECURITIZADORA S/A;AMFI COMPANHIA SECURITIZADORA DE CREDITOS FINANCEIROS I SA;Oferta Pública;Duplicata;Produto Encerrado
Faighus Unitoken #1;Unitoken;10/12/2024;-217;R$ 0,00;;;R$ 0,00;;;;R$ 0,00;;;;0,0%;;"";;FAIGHUS SECURITIZADORA S.A.;AMFI COMPANHIA SECURITIZADORA DE CREDITOS FINANCEIROS I SA;Oferta Pública;Duplicata;Produto Encerrado
Conecta Lá Unitoken #46;Unitoken;10/12/2024;-217;R$ 0,00;;;R$ 0,00;;;;R$ 0,00;;;;0,0%;;"";;FULL NINE DIGITAL CONSULTORIA S.A.;AMFI COMPANHIA SECURITIZADORA DE CREDITOS FINANCEIROS I SA;Oferta Pública;Duplicata;Produto Encerrado
Formento Unitoken #23;Unitoken;10/12/2024;-217;R$ 0,00;;;R$ 0,00;;;;R$ 0,00;;;;0,0%;;"";;Formento Securitizadora S.A.;AMFI COMPANHIA SECURITIZADORA DE CREDITOS FINANCEIROS I SA;Oferta Pública;Duplicata;Produto Encerrado
DS Unitoken #18;Unitoken;11/12/2024;-216;R$ 0,00;;;R$ 0,00;;;;R$ 0,00;;;;0,0%;;"";;DS SECURITIZADORA S/A;AMFI COMPANHIA SECURITIZADORA DE CREDITOS FINANCEIROS I SA;Oferta Pública;Duplicata;Produto Encerrado
Formento Unitoken #12;Unitoken;11/12/2024;-216;R$ 0,00;;;R$ 0,00;;;;R$ 0,00;;;;0,0%;;"";;Formento Securitizadora S.A.;AMFI COMPANHIA SECURITIZADORA DE CREDITOS FINANCEIROS I SA;;Duplicata;
Formento Unitoken #25;Unitoken;12/12/2024;-215;R$ 0,00;;;R$ 0,00;;;;R$ 0,00;;;;0,0%;;"";;Formento Securitizadora S.A.;AMFI COMPANHIA SECURITIZADORA DE CREDITOS FINANCEIROS I SA;Oferta Pública;Duplicata;Produto Encerrado
Click Antecipa Unitoken #33;Unitoken;12/12/2024;-215;R$ 0,00;;;R$ 0,00;;;;R$ 0,00;;;;0,0%;;"";;CLICK SECURITIZADORA S.A.;AMFI COMPANHIA SECURITIZADORA DE CREDITOS FINANCEIROS I SA;;Duplicata;
Lebasq Unitoken #15;Unitoken;15/12/2024;-212;R$ 0,00;;;R$ 0,00;;;;R$ 0,00;;;;0,0%;;"";;LEBASQ SECURITIZAÇÃO DE CRÉDITOS SA;AMFI COMPANHIA SECURITIZADORA DE CREDITOS FINANCEIROS I SA;;Duplicata;
Teddy  Unitoken #8;Unitoken;15/12/2024;-212;R$ 0,00;;;R$ 0,00;;;;R$ 0,00;;;;0,0%;;"";;TEDDY HUB DIGITAL LTDA;AMFI COMPANHIA SECURITIZADORA DE CREDITOS FINANCEIROS I SA;;Duplicata;
Syntheo Unitoken #19;Unitoken;16/12/2024;-211;R$ 0,00;;;R$ 0,00;;;;R$ 0,00;;;;0,0%;;"";;SYNTHÉO SECURITIZADORA DE CRÉDITOS S.A.;AMFI COMPANHIA SECURITIZADORA DE CREDITOS FINANCEIROS I SA;Oferta Pública;Duplicata;Produto Encerrado
Formento Unitoken #31;Unitoken;16/12/2024;-211;R$ 0,00;;;R$ 0,00;;;;R$ 0,00;;;;0,0%;;"";;Formento Securitizadora S.A.;AMFI COMPANHIA SECURITIZADORA DE CREDITOS FINANCEIROS I SA;Oferta Pública;Duplicata;Produto Encerrado
Syntheo Unitoken #17;Unitoken;16/12/2024;-211;R$ 0,00;;;R$ 0,00;;;;R$ 0,00;;;;0,0%;;"";;SYNTHÉO SECURITIZADORA DE CRÉDITOS S.A.;AMFI COMPANHIA SECURITIZADORA DE CREDITOS FINANCEIROS I SA;Oferta Pública;Duplicata;Produto Encerrado
Click Antecipa Unitoken #69;Unitoken;17/12/2024;-210;R$ 0,00;;;R$ 0,00;;;;R$ 0,00;;;;0,0%;;"";;CLICK SECURITIZADORA S.A.;AMFI COMPANHIA SECURITIZADORA DE CREDITOS FINANCEIROS I SA;Oferta Pública;Duplicata;Produto Encerrado
Syntheo Unitoken #15;Unitoken;17/12/2024;-210;R$ 0,00;;;R$ 0,00;;;;R$ 0,00;;;;0,0%;;"";;SYNTHÉO SECURITIZADORA DE CRÉDITOS S.A.;AMFI COMPANHIA SECURITIZADORA DE CREDITOS FINANCEIROS I SA;Oferta Pública;Duplicata;Produto Encerrado
Click Antecipa Unitoken #70;Unitoken;17/12/2024;-210;R$ 0,00;;;R$ 0,00;;;;R$ 0,00;;;;0,0%;;"";;CLICK SECURITIZADORA S.A.;AMFI COMPANHIA SECURITIZADORA DE CREDITOS FINANCEIROS I SA;Oferta Pública;Duplicata;Produto Encerrado
Formento Unitoken #28;Unitoken;17/12/2024;-210;R$ 0,00;;;R$ 0,00;;;;R$ 0,00;;;;0,0%;;"";;Formento Securitizadora S.A.;AMFI COMPANHIA SECURITIZADORA DE CREDITOS FINANCEIROS I SA;Oferta Pública;Duplicata;Produto Encerrado
Valorem Unitoken #31;Unitoken;17/12/2024;-210;R$ 0,00;;;R$ 0,00;;;;R$ 0,00;;;;0,0%;;"";;Valorem Soluções Financeiras S.A;AMFI COMPANHIA SECURITIZADORA DE CREDITOS FINANCEIROS I SA;Oferta Pública;Duplicata;Produto Encerrado
Valorem Unitoken #30;Unitoken;17/12/2024;-210;R$ 0,00;;;R$ 0,00;;;;R$ 0,00;;;;0,0%;;"";;Valorem Soluções Financeiras S.A;AMFI COMPANHIA SECURITIZADORA DE CREDITOS FINANCEIROS I SA;Oferta Pública;Duplicata;Produto Encerrado
Formento Unitoken #16;Unitoken;18/12/2024;-209;R$ 0,00;;;R$ 0,00;;;;R$ 0,00;;;;0,0%;;"";;Formento Securitizadora S.A.;AMFI COMPANHIA SECURITIZADORA DE CREDITOS FINANCEIROS I SA;Oferta Pública;Duplicata;Produto Encerrado
Formento Unitoken #24;Unitoken;18/12/2024;-209;R$ 0,00;;;R$ 0,00;;;;R$ 0,00;;;;0,0%;;"";;Formento Securitizadora S.A.;AMFI COMPANHIA SECURITIZADORA DE CREDITOS FINANCEIROS I SA;Oferta Pública;Duplicata;Produto Encerrado
Formento Unitoken #17;Unitoken;18/12/2024;-209;R$ 0,00;;;R$ 0,00;;;;R$ 0,00;;;;0,0%;;"";;Formento Securitizadora S.A.;AMFI COMPANHIA SECURITIZADORA DE CREDITOS FINANCEIROS I SA;Oferta Pública;Duplicata;Produto Encerrado
Allya #1;Pool;19/12/2024;-208;R$ 0,00;;;R$ 0,00;;;;R$ 0,00;;1,0%;;0,0%;;"";;ALLYA SERVIÇOS LTDA;AMFI REPRESENTAÇÃO OPERACIONAL LTDA;Oferta Privada;CCB;Produto Encerrado
Lebasq Unitoken #1;Unitoken;19/12/2024;-208;R$ 0,00;;;R$ 0,00;;;;R$ 0,00;;;;0,0%;;"";;LEBASQ SECURITIZAÇÃO DE CRÉDITOS SA;AMFI COMPANHIA SECURITIZADORA DE CREDITOS FINANCEIROS I SA;;Duplicata;
AFA Unitoken #8;Unitoken;20/12/2024;-207;R$ 0,00;;;R$ 0,00;;;;R$ 0,00;;;;0,0%;;"";;AFA HIGH YIELD CREDIT OPPORTUNITY - FIDC;AMFI COMPANHIA SECURITIZADORA DE CREDITOS FINANCEIROS I SA;Oferta Pública;Duplicata;Produto Encerrado
Lebasq Unitoken #11;Unitoken;20/12/2024;-207;R$ 0,00;;;R$ 0,00;;;;R$ 0,00;;;;0,0%;;"";;LEBASQ SECURITIZAÇÃO DE CRÉDITOS SA;AMFI COMPANHIA SECURITIZADORA DE CREDITOS FINANCEIROS I SA;;Duplicata;
AFA Unitoken #3;Unitoken;20/12/2024;-207;R$ 0,00;;;R$ 0,00;;;;R$ 0,00;;;;0,0%;;"";;AFA HIGH YIELD CREDIT OPPORTUNITY - FIDC;AMFI COMPANHIA SECURITIZADORA DE CREDITOS FINANCEIROS I SA;Oferta Pública;Duplicata;Produto Encerrado
AFA Unitoken #5;Unitoken;20/12/2024;-207;R$ 0,00;;;R$ 0,00;;;;R$ 0,00;;;;0,0%;;"";;AFA HIGH YIELD CREDIT OPPORTUNITY - FIDC;AMFI COMPANHIA SECURITIZADORA DE CREDITOS FINANCEIROS I SA;Oferta Pública;Duplicata;Produto Encerrado
AFA Unitoken #4;Unitoken;20/12/2024;-207;R$ 0,00;;;R$ 0,00;;;;R$ 0,00;;;;0,0%;;"";;AFA HIGH YIELD CREDIT OPPORTUNITY - FIDC;AMFI COMPANHIA SECURITIZADORA DE CREDITOS FINANCEIROS I SA;Oferta Pública;Duplicata;Produto Encerrado
Lebasq Unitoken #13;Unitoken;20/12/2024;-207;R$ 0,00;;;R$ 0,00;;;;R$ 0,00;;;;0,0%;;"";;LEBASQ SECURITIZAÇÃO DE CRÉDITOS SA;AMFI COMPANHIA SECURITIZADORA DE CREDITOS FINANCEIROS I SA;;Duplicata;
Conecta Lá Unitoken #43;Unitoken;20/12/2024;-207;R$ 0,00;;;R$ 0,00;;;;R$ 0,00;;;;0,0%;;"";;FULL NINE DIGITAL CONSULTORIA S.A.;AMFI COMPANHIA SECURITIZADORA DE CREDITOS FINANCEIROS I SA;Oferta Pública;Duplicata;Produto Encerrado
Formento Unitoken #30;Unitoken;20/12/2024;-207;R$ 0,00;;;R$ 0,00;;;;R$ 0,00;;;;0,0%;;"";;Formento Securitizadora S.A.;AMFI COMPANHIA SECURITIZADORA DE CREDITOS FINANCEIROS I SA;Oferta Pública;Duplicata;Produto Encerrado
AFA Unitoken #7;Unitoken;20/12/2024;-207;R$ 0,00;;;R$ 0,00;;;;R$ 0,00;;;;0,0%;;"";;AFA HIGH YIELD CREDIT OPPORTUNITY - FIDC;AMFI COMPANHIA SECURITIZADORA DE CREDITOS FINANCEIROS I SA;Oferta Pública;Duplicata;Produto Encerrado
Formento Unitoken #27;Unitoken;21/12/2024;-206;R$ 0,00;;;R$ 0,00;;;;R$ 0,00;;;;0,0%;;"";;Formento Securitizadora S.A.;AMFI COMPANHIA SECURITIZADORA DE CREDITOS FINANCEIROS I SA;Oferta Pública;Duplicata;Produto Encerrado
Conecta Lá Unitoken #53;Unitoken;21/12/2024;-206;R$ 0,00;;;R$ 0,00;;;;R$ 0,00;;;;0,0%;;"";;FULL NINE DIGITAL CONSULTORIA S.A.;AMFI COMPANHIA SECURITIZADORA DE CREDITOS FINANCEIROS I SA;Oferta Pública;Duplicata;Produto Encerrado
Digcap Pool #1;Pool;21/12/2024;-206;R$ 0,01;R$ 0,00;R$ 0,00;R$ 0,00;R$ 0,01;R$ 0,00;R$ 0,00;R$ 0,00;100,0%;10,0%;;0,0%;;Prazo máximo por ativo (dias), Concentração máx por sacado;;Digcap Intermediação de Créditos Judiciais Ltda	;;Oferta Privada;Ativo Judicial;Produto Encerrado
DS Unitoken #33;Unitoken;21/12/2024;-206;R$ 0,00;;;R$ 0,00;;;;R$ 0,00;;;;0,0%;;"";;DS SECURITIZADORA S/A;AMFI COMPANHIA SECURITIZADORA DE CREDITOS FINANCEIROS I SA;Oferta Pública;Duplicata;Produto Encerrado
AFA Unitoken #2;Unitoken;21/12/2024;-206;R$ 0,00;;;R$ 0,00;;;;R$ 0,00;;;;0,0%;;"";;AFA HIGH YIELD CREDIT OPPORTUNITY - FIDC;AMFI COMPANHIA SECURITIZADORA DE CREDITOS FINANCEIROS I SA;Oferta Pública;Duplicata;Produto Encerrado
Formento Unitoken #21;Unitoken;23/12/2024;-204;R$ 0,00;;;R$ 0,00;;;;R$ 0,00;;;;0,0%;;"";;Formento Securitizadora S.A.;AMFI COMPANHIA SECURITIZADORA DE CREDITOS FINANCEIROS I SA;Oferta Pública;Duplicata;Produto Encerrado
Conecta Lá Unitoken #16;Unitoken;24/12/2024;-203;R$ 0,00;;;R$ 0,00;;;;R$ 0,00;;;;0,0%;;"";;FULL NINE DIGITAL CONSULTORIA S.A.;AMFI COMPANHIA SECURITIZADORA DE CREDITOS FINANCEIROS I SA;;Duplicata;
Conecta Lá Unitoken #40;Unitoken;24/12/2024;-203;R$ 0,00;;;R$ 0,00;;;;R$ 0,00;;;;0,0%;;"";;FULL NINE DIGITAL CONSULTORIA S.A.;AMFI COMPANHIA SECURITIZADORA DE CREDITOS FINANCEIROS I SA;Oferta Pública;Duplicata;Produto Encerrado
DS Unitoken #17;Unitoken;26/12/2024;-201;R$ 0,00;;;R$ 0,00;;;;R$ 0,00;;;;0,0%;;"";;DS SECURITIZADORA S/A;AMFI COMPANHIA SECURITIZADORA DE CREDITOS FINANCEIROS I SA;;Duplicata;
Lebasq Unitoken #12;Unitoken;27/12/2024;-200;R$ 0,00;;;R$ 0,00;;;;R$ 0,00;;;;0,0%;;"";;LEBASQ SECURITIZAÇÃO DE CRÉDITOS SA;AMFI COMPANHIA SECURITIZADORA DE CREDITOS FINANCEIROS I SA;;Duplicata;
Lebasq Unitoken #14;Unitoken;27/12/2024;-200;R$ 0,00;;;R$ 0,00;;;;R$ 0,00;;;;0,0%;;"";;LEBASQ SECURITIZAÇÃO DE CRÉDITOS SA;AMFI COMPANHIA SECURITIZADORA DE CREDITOS FINANCEIROS I SA;;Duplicata;
DS Unitoken #36;Unitoken;28/12/2024;-199;R$ 0,00;;;R$ 0,00;;;;R$ 0,00;;;;0,0%;;"";;DS SECURITIZADORA S/A;AMFI COMPANHIA SECURITIZADORA DE CREDITOS FINANCEIROS I SA;Oferta Pública;Duplicata;Produto Encerrado
Syntheo Unitoken #23;Unitoken;28/12/2024;-199;R$ 0,00;;;R$ 0,00;;;;R$ 0,00;;;;0,0%;;"";;SYNTHÉO SECURITIZADORA DE CRÉDITOS S.A.;AMFI COMPANHIA SECURITIZADORA DE CREDITOS FINANCEIROS I SA;Oferta Pública;Duplicata;Produto Encerrado
Lebasq Unitoken #19;Unitoken;29/12/2024;-198;R$ 0,00;;;R$ 0,00;;;;R$ 0,00;;;;0,0%;;"";;LEBASQ SECURITIZAÇÃO DE CRÉDITOS SA;AMFI COMPANHIA SECURITIZADORA DE CREDITOS FINANCEIROS I SA;Oferta Pública;Duplicata;Produto Encerrado
Lebasq Unitoken #18;Unitoken;29/12/2024;-198;R$ 0,00;;;R$ 0,00;;;;R$ 0,00;;;;0,0%;;"";;LEBASQ SECURITIZAÇÃO DE CRÉDITOS SA;AMFI COMPANHIA SECURITIZADORA DE CREDITOS FINANCEIROS I SA;Oferta Pública;Duplicata;Produto Encerrado
C4 Unitoken #39;Unitoken;30/12/2024;-197;R$ 0,00;;;R$ 0,00;;;;R$ 0,00;;;;0,0%;;"";;C4 CAPITAL SECURITIZADORA S/A;AMFI COMPANHIA SECURITIZADORA DE CREDITOS FINANCEIROS I SA;Oferta Pública;Duplicata;Produto Encerrado
Lebasq Unitoken #21;Unitoken;30/12/2024;-197;R$ 0,00;;;R$ 0,00;;;;R$ 0,00;;;;0,0%;;"";;LEBASQ SECURITIZAÇÃO DE CRÉDITOS SA;AMFI COMPANHIA SECURITIZADORA DE CREDITOS FINANCEIROS I SA;Oferta Pública;Duplicata;Produto Encerrado
Lebasq Unitoken #20;Unitoken;30/12/2024;-197;R$ 0,00;;;R$ 0,00;;;;R$ 0,00;;;;0,0%;;"";;LEBASQ SECURITIZAÇÃO DE CRÉDITOS SA;AMFI COMPANHIA SECURITIZADORA DE CREDITOS FINANCEIROS I SA;Oferta Pública;Duplicata;Produto Encerrado
Audax Capital Unitoken #4;Unitoken;30/12/2024;-197;R$ 0,00;;;R$ 0,00;;;;R$ 0,00;;;;0,0%;;"";;AUDAX CAPITAL SECURITIZADORA S.A;AMFI COMPANHIA SECURITIZADORA DE CREDITOS FINANCEIROS I SA;Oferta Pública;Duplicata;Produto Encerrado
Lebasq Unitoken #16;Unitoken;30/12/2024;-197;R$ 0,00;;;R$ 0,00;;;;R$ 0,00;;;;0,0%;;"";;LEBASQ SECURITIZAÇÃO DE CRÉDITOS SA;AMFI COMPANHIA SECURITIZADORA DE CREDITOS FINANCEIROS I SA;;Duplicata;
Conecta Lá Unitoken #50;Unitoken;01/01/2025;-195;R$ 0,00;;;R$ 0,00;;;;R$ 0,00;;;;0,0%;;"";;FULL NINE DIGITAL CONSULTORIA S.A.;AMFI COMPANHIA SECURITIZADORA DE CREDITOS FINANCEIROS I SA;Oferta Pública;Duplicata;Produto Encerrado
AFA Unitoken #11;Unitoken;01/01/2025;-195;R$ 0,00;;;R$ 0,00;;;;R$ 0,00;;;;0,0%;;"";;AFA HIGH YIELD CREDIT OPPORTUNITY - FIDC;AMFI COMPANHIA SECURITIZADORA DE CREDITOS FINANCEIROS I SA;Oferta Pública;Duplicata;Produto Encerrado
Learnbase Unitoken #36;Unitoken;01/01/2025;-195;R$ 0,00;;;R$ 0,00;;;;R$ 0,00;;;;0,0%;;"";;Learnbase Gestão e Consultoria Educacional S.A.;AMFI COMPANHIA SECURITIZADORA DE CREDITOS FINANCEIROS I SA;Oferta Pública;Duplicata;Produto Encerrado
AFA Unitoken #10;Unitoken;01/01/2025;-195;R$ 0,00;;;R$ 0,00;;;;R$ 0,00;;;;0,0%;;"";;AFA HIGH YIELD CREDIT OPPORTUNITY - FIDC;AMFI COMPANHIA SECURITIZADORA DE CREDITOS FINANCEIROS I SA;Oferta Pública;Duplicata;Produto Encerrado
AFA Unitoken #9;Unitoken;01/01/2025;-195;R$ 0,00;;;R$ 0,00;;;;R$ 0,00;;;;0,0%;;"";;AFA HIGH YIELD CREDIT OPPORTUNITY - FIDC;AMFI COMPANHIA SECURITIZADORA DE CREDITOS FINANCEIROS I SA;Oferta Pública;Duplicata;Produto Encerrado
AFA Unitoken #12;Unitoken;02/01/2025;-194;R$ 0,00;;;R$ 0,00;;;;R$ 0,00;;;;0,0%;;"";;AFA HIGH YIELD CREDIT OPPORTUNITY - FIDC;AMFI COMPANHIA SECURITIZADORA DE CREDITOS FINANCEIROS I SA;Oferta Pública;Duplicata;Produto Encerrado
Lebasq Unitoken #2;Unitoken;02/01/2025;-194;R$ 0,00;;;R$ 0,00;;;;R$ 0,00;;;;0,0%;;"";;LEBASQ SECURITIZAÇÃO DE CRÉDITOS SA;AMFI COMPANHIA SECURITIZADORA DE CREDITOS FINANCEIROS I SA;;Duplicata;
Click Antecipa Unitoken #71;Unitoken;03/01/2025;-193;R$ 0,00;;;R$ 0,00;;;;R$ 0,00;;;;0,0%;;"";;CLICK SECURITIZADORA S.A.;AMFI COMPANHIA SECURITIZADORA DE CREDITOS FINANCEIROS I SA;Oferta Pública;Duplicata;Produto Encerrado
Conecta Lá Unitoken #44;Unitoken;05/01/2025;-191;R$ 0,00;;;R$ 0,00;;;;R$ 0,00;;;;0,0%;;"";;FULL NINE DIGITAL CONSULTORIA S.A.;AMFI COMPANHIA SECURITIZADORA DE CREDITOS FINANCEIROS I SA;Oferta Pública;Duplicata;Produto Encerrado
Syntheo Unitoken #29;Unitoken;05/01/2025;-191;R$ 0,00;;;R$ 0,00;;;;R$ 0,00;;;;0,0%;;"";;SYNTHÉO SECURITIZADORA DE CRÉDITOS S.A.;AMFI COMPANHIA SECURITIZADORA DE CREDITOS FINANCEIROS I SA;Oferta Pública;Duplicata;Produto Encerrado
Faighus Unitoken #2;Unitoken;06/01/2025;-190;R$ 0,00;;;R$ 0,00;;;;R$ 0,00;;;;0,0%;;"";;FAIGHUS SECURITIZADORA S.A.;AMFI COMPANHIA SECURITIZADORA DE CREDITOS FINANCEIROS I SA;Oferta Pública;Duplicata;Produto Encerrado
Click Antecipa Unitoken #79;Unitoken;06/01/2025;-190;R$ 0,00;;;R$ 0,00;;;;R$ 0,00;;;;0,0%;;"";;CLICK SECURITIZADORA S.A.;AMFI COMPANHIA SECURITIZADORA DE CREDITOS FINANCEIROS I SA;Oferta Pública;Duplicata;Produto Encerrado
Conecta Lá Unitoken #67;Unitoken;06/01/2025;-190;R$ 0,00;;;R$ 0,00;;;;R$ 0,00;;;;0,0%;;"";;FULL NINE DIGITAL CONSULTORIA S.A.;AMFI COMPANHIA SECURITIZADORA DE CREDITOS FINANCEIROS I SA;Oferta Pública;Duplicata;Produto Encerrado
OUB CAPITAL Unitoken #3;Unitoken;06/01/2025;-190;R$ 0,00;;;R$ 0,00;;;;R$ 0,00;;;;0,0%;;"";;OUB CAPITAL SA;AMFI COMPANHIA SECURITIZADORA DE CREDITOS FINANCEIROS I SA;Oferta Pública;Duplicata;Produto Encerrado
Conecta Lá Unitoken #48;Unitoken;06/01/2025;-190;R$ 0,00;;;R$ 0,00;;;;R$ 0,00;;;;0,0%;;"";;FULL NINE DIGITAL CONSULTORIA S.A.;AMFI COMPANHIA SECURITIZADORA DE CREDITOS FINANCEIROS I SA;Oferta Pública;Duplicata;Produto Encerrado
Click Antecipa Unitoken #73;Unitoken;06/01/2025;-190;R$ 0,00;;;R$ 0,00;;;;R$ 0,00;;;;0,0%;;"";;CLICK SECURITIZADORA S.A.;AMFI COMPANHIA SECURITIZADORA DE CREDITOS FINANCEIROS I SA;Oferta Pública;Duplicata;Produto Encerrado
Click Antecipa Unitoken #55;Unitoken;06/01/2025;-190;R$ 0,00;;;R$ 0,00;;;;R$ 0,00;;;;0,0%;;"";;CLICK SECURITIZADORA S.A.;AMFI COMPANHIA SECURITIZADORA DE CREDITOS FINANCEIROS I SA;;Duplicata;
Click Antecipa Unitoken #60;Unitoken;06/01/2025;-190;R$ 0,00;;;R$ 0,00;;;;R$ 0,00;;;;0,0%;;"";;CLICK SECURITIZADORA S.A.;AMFI COMPANHIA SECURITIZADORA DE CREDITOS FINANCEIROS I SA;Oferta Pública;Duplicata;Produto Encerrado
Allya #2;Pool;06/01/2025;-190;R$ 0,00;;;R$ 0,00;;;;R$ 0,00;;1,0%;;0,0%;;"";;ALLYA SERVIÇOS LTDA;AMFI REPRESENTAÇÃO OPERACIONAL LTDA;Oferta Privada;CCB;Produto Encerrado
DS Unitoken #26;Unitoken;07/01/2025;-189;R$ 0,00;;;R$ 0,00;;;;R$ 0,00;;;;0,0%;;"";;DS SECURITIZADORA S/A;AMFI COMPANHIA SECURITIZADORA DE CREDITOS FINANCEIROS I SA;Oferta Pública;Duplicata;Produto Encerrado
AFA Unitoken #13;Unitoken;07/01/2025;-189;R$ 0,00;;;R$ 0,00;;;;R$ 0,00;;;;0,0%;;"";;AFA HIGH YIELD CREDIT OPPORTUNITY - FIDC;AMFI COMPANHIA SECURITIZADORA DE CREDITOS FINANCEIROS I SA;Oferta Pública;Duplicata;Produto Encerrado
Syntheo Unitoken #30;Unitoken;07/01/2025;-189;R$ 0,00;;;R$ 0,00;;;;R$ 0,00;;;;0,0%;;"";;SYNTHÉO SECURITIZADORA DE CRÉDITOS S.A.;AMFI COMPANHIA SECURITIZADORA DE CREDITOS FINANCEIROS I SA;Oferta Pública;Duplicata;Produto Encerrado
Syntheo Unitoken #31;Unitoken;08/01/2025;-188;R$ 0,00;;;R$ 0,00;;;;R$ 0,00;;;;0,0%;;"";;SYNTHÉO SECURITIZADORA DE CRÉDITOS S.A.;AMFI COMPANHIA SECURITIZADORA DE CREDITOS FINANCEIROS I SA;Oferta Pública;Duplicata;Produto Encerrado
DS Unitoken #30;Unitoken;08/01/2025;-188;R$ 0,00;;;R$ 0,00;;;;R$ 0,00;;;;0,0%;;"";;DS SECURITIZADORA S/A;AMFI COMPANHIA SECURITIZADORA DE CREDITOS FINANCEIROS I SA;Oferta Pública;Duplicata;Cancelada
DS Unitoken #31;Unitoken;08/01/2025;-188;R$ 0,00;;;R$ 0,00;;;;R$ 0,00;;;;0,0%;;"";;DS SECURITIZADORA S/A;AMFI COMPANHIA SECURITIZADORA DE CREDITOS FINANCEIROS I SA;Oferta Pública;Duplicata;Produto Encerrado
Formento Unitoken #36;Unitoken;09/01/2025;-187;R$ 0,00;;;R$ 0,00;;;;R$ 0,00;;;;0,0%;;"";;Formento Securitizadora S.A.;AMFI COMPANHIA SECURITIZADORA DE CREDITOS FINANCEIROS I SA;Oferta Pública;Duplicata;Produto Encerrado
Conecta Lá Unitoken #65;Unitoken;09/01/2025;-187;R$ 0,00;;;R$ 0,00;;;;R$ 0,00;;;;0,0%;;"";;FULL NINE DIGITAL CONSULTORIA S.A.;AMFI COMPANHIA SECURITIZADORA DE CREDITOS FINANCEIROS I SA;Oferta Pública;Duplicata;Produto Encerrado
Conecta Lá Unitoken #66;Unitoken;09/01/2025;-187;R$ 0,00;;;R$ 0,00;;;;R$ 0,00;;;;0,0%;;"";;FULL NINE DIGITAL CONSULTORIA S.A.;AMFI COMPANHIA SECURITIZADORA DE CREDITOS FINANCEIROS I SA;Oferta Pública;Duplicata;Produto Encerrado
DS Unitoken #43;Unitoken;09/01/2025;-187;R$ 0,00;;;R$ 0,00;;;;R$ 0,00;;;;0,0%;;"";;DS SECURITIZADORA S/A;AMFI COMPANHIA SECURITIZADORA DE CREDITOS FINANCEIROS I SA;Oferta Pública;Duplicata;Produto Encerrado
Conecta Lá Unitoken #68;Unitoken;09/01/2025;-187;R$ 0,00;;;R$ 0,00;;;;R$ 0,00;;;;0,0%;;"";;FULL NINE DIGITAL CONSULTORIA S.A.;AMFI COMPANHIA SECURITIZADORA DE CREDITOS FINANCEIROS I SA;Oferta Pública;Duplicata;Produto Encerrado
Conecta Lá Unitoken #49;Unitoken;10/01/2025;-186;R$ 0,00;;;R$ 0,00;;;;R$ 0,00;;;;0,0%;;"";;FULL NINE DIGITAL CONSULTORIA S.A.;AMFI COMPANHIA SECURITIZADORA DE CREDITOS FINANCEIROS I SA;Oferta Pública;Duplicata;Produto Encerrado
Formento Unitoken #38;Unitoken;10/01/2025;-186;R$ 0,00;;;R$ 0,00;;;;R$ 0,00;;;;0,0%;;"";;Formento Securitizadora S.A.;AMFI COMPANHIA SECURITIZADORA DE CREDITOS FINANCEIROS I SA;Oferta Pública;Duplicata;Produto Encerrado
Lebasq Unitoken #31;Unitoken;10/01/2025;-186;R$ 0,00;;;R$ 0,00;;;;R$ 0,00;;;;0,0%;;"";;LEBASQ SECURITIZAÇÃO DE CRÉDITOS SA;AMFI COMPANHIA SECURITIZADORA DE CREDITOS FINANCEIROS I SA;Oferta Pública;Duplicata;Produto Encerrado
Syntheo Unitoken #32;Unitoken;10/01/2025;-186;R$ 0,00;;;R$ 0,00;;;;R$ 0,00;;;;0,0%;;"";;SYNTHÉO SECURITIZADORA DE CRÉDITOS S.A.;AMFI COMPANHIA SECURITIZADORA DE CREDITOS FINANCEIROS I SA;Oferta Pública;Duplicata;Produto Encerrado
Descontanet Unitoken #2;Unitoken;10/01/2025;-186;R$ 0,00;;;R$ 0,00;;;;R$ 0,00;;;;0,0%;;"";;DESCONTANET SECURITIZADORA S.A.;AMFI COMPANHIA SECURITIZADORA DE CREDITOS FINANCEIROS I SA;Oferta Pública;Duplicata;Produto Encerrado
Formento Unitoken #39;Unitoken;13/01/2025;-183;R$ 0,00;;;R$ 0,00;;;;R$ 0,00;;;;0,0%;;"";;Formento Securitizadora S.A.;AMFI COMPANHIA SECURITIZADORA DE CREDITOS FINANCEIROS I SA;Oferta Pública;Duplicata;Produto Encerrado
Syntheo Unitoken #24;Unitoken;13/01/2025;-183;R$ 0,00;;;R$ 0,00;;;;R$ 0,00;;;;0,0%;;"";;SYNTHÉO SECURITIZADORA DE CRÉDITOS S.A.;AMFI COMPANHIA SECURITIZADORA DE CREDITOS FINANCEIROS I SA;Oferta Pública;Duplicata;Produto Encerrado
Click Antecipa Unitoken #82;Unitoken;13/01/2025;-183;R$ 0,00;;;R$ 0,00;;;;R$ 0,00;;;;0,0%;;"";;CLICK SECURITIZADORA S.A.;AMFI COMPANHIA SECURITIZADORA DE CREDITOS FINANCEIROS I SA;Oferta Pública;Duplicata;Produto Encerrado
DS Unitoken #42;Unitoken;14/01/2025;-182;R$ 0,00;;;R$ 0,00;;;;R$ 0,00;;;;0,0%;;"";;DS SECURITIZADORA S/A;AMFI COMPANHIA SECURITIZADORA DE CREDITOS FINANCEIROS I SA;Oferta Pública;Duplicata;Produto Encerrado
AFA Unitoken #17;Unitoken;14/01/2025;-182;R$ 0,00;;;R$ 0,00;;;;R$ 0,00;;;;0,0%;;"";;AFA HIGH YIELD CREDIT OPPORTUNITY - FIDC;AMFI COMPANHIA SECURITIZADORA DE CREDITOS FINANCEIROS I SA;Oferta Pública;Duplicata;Cancelada
Syntheo Unitoken #33;Unitoken;14/01/2025;-182;R$ 0,00;;;R$ 0,00;;;;R$ 0,00;;;;0,0%;;"";;SYNTHÉO SECURITIZADORA DE CRÉDITOS S.A.;AMFI COMPANHIA SECURITIZADORA DE CREDITOS FINANCEIROS I SA;Oferta Pública;Duplicata;Produto Encerrado
Audax Capital Unitoken #9;Unitoken;14/01/2025;-182;R$ 0,00;;;R$ 0,00;;;;R$ 0,00;;;;0,0%;;"";;AUDAX CAPITAL SECURITIZADORA S.A;AMFI COMPANHIA SECURITIZADORA DE CREDITOS FINANCEIROS I SA;Oferta Pública;Duplicata;Produto Encerrado
Teddy  Unitoken #9;Unitoken;15/01/2025;-181;R$ 0,00;;;R$ 0,00;;;;R$ 0,00;;;;0,0%;;"";;TEDDY HUB DIGITAL LTDA;AMFI COMPANHIA SECURITIZADORA DE CREDITOS FINANCEIROS I SA;;Duplicata;
Audax Capital Unitoken #5;Unitoken;15/01/2025;-181;R$ 0,00;;;R$ 0,00;;;;R$ 0,00;;;;0,0%;;"";;AUDAX CAPITAL SECURITIZADORA S.A;AMFI COMPANHIA SECURITIZADORA DE CREDITOS FINANCEIROS I SA;Oferta Pública;Duplicata;Produto Encerrado
a55 Consultoria em Credito Ltda. Unitoken #1;Unitoken;15/01/2025;-181;R$ 0,00;;;R$ 0,00;;;;R$ 0,00;;;;0,0%;;"";;a55 Consultoria em Credito Ltda.;AMFI COMPANHIA SECURITIZADORA DE CREDITOS FINANCEIROS I SA;Oferta Pública;Duplicata;Produto Encerrado
Lebasq Unitoken #28;Unitoken;15/01/2025;-181;R$ 0,00;;;R$ 0,00;;;;R$ 0,00;;;;0,0%;;"";;LEBASQ SECURITIZAÇÃO DE CRÉDITOS SA;AMFI COMPANHIA SECURITIZADORA DE CREDITOS FINANCEIROS I SA;Oferta Pública;Duplicata;Produto Encerrado
Formento Unitoken #40;Unitoken;16/01/2025;-180;R$ 0,00;;;R$ 0,00;;;;R$ 0,00;;;;0,0%;;"";;Formento Securitizadora S.A.;AMFI COMPANHIA SECURITIZADORA DE CREDITOS FINANCEIROS I SA;Oferta Pública;Duplicata;Produto Encerrado
DS Unitoken #23;Unitoken;16/01/2025;-180;R$ 0,00;;;R$ 0,00;;;;R$ 0,00;;;;0,0%;;"";;DS SECURITIZADORA S/A;AMFI COMPANHIA SECURITIZADORA DE CREDITOS FINANCEIROS I SA;Oferta Pública;Duplicata;Produto Encerrado
Click Antecipa Unitoken #64;Unitoken;16/01/2025;-180;R$ 0,00;;;R$ 0,00;;;;R$ 0,00;;;;0,0%;;"";;CLICK SECURITIZADORA S.A.;AMFI COMPANHIA SECURITIZADORA DE CREDITOS FINANCEIROS I SA;Oferta Pública;Duplicata;Produto Encerrado
DS Unitoken #16;Unitoken;16/01/2025;-180;R$ 0,00;;;R$ 0,00;;;;R$ 0,00;;;;0,0%;;"";;DS SECURITIZADORA S/A;AMFI COMPANHIA SECURITIZADORA DE CREDITOS FINANCEIROS I SA;;Duplicata;
DS Unitoken #22;Unitoken;16/01/2025;-180;R$ 0,00;;;R$ 0,00;;;;R$ 0,00;;;;0,0%;;"";;DS SECURITIZADORA S/A;AMFI COMPANHIA SECURITIZADORA DE CREDITOS FINANCEIROS I SA;Oferta Pública;Duplicata;Produto Encerrado
DS Unitoken #44;Unitoken;16/01/2025;-180;R$ 0,00;;;R$ 0,00;;;;R$ 0,00;;;;0,0%;;"";;DS SECURITIZADORA S/A;AMFI COMPANHIA SECURITIZADORA DE CREDITOS FINANCEIROS I SA;Oferta Pública;Duplicata;Produto Encerrado
DS Unitoken #32;Unitoken;17/01/2025;-179;R$ 0,00;;;R$ 0,00;;;;R$ 0,00;;;;0,0%;;"";;DS SECURITIZADORA S/A;AMFI COMPANHIA SECURITIZADORA DE CREDITOS FINANCEIROS I SA;Oferta Pública;Duplicata;Produto Encerrado
DS Unitoken #41;Unitoken;17/01/2025;-179;R$ 0,00;R$ 0,00;R$ 0,00;R$ 0,00;R$ 0,00;;;R$ 0,00;;;;0,0%;;"";;DS SECURITIZADORA S/A;AMFI COMPANHIA SECURITIZADORA DE CREDITOS FINANCEIROS I SA;Oferta Pública;Duplicata;Produto Encerrado
Rezultz Unitoken #1;Unitoken;17/01/2025;-179;R$ 0,00;;;R$ 0,00;;;;R$ 0,00;;;;0,0%;;"";;Padova Securitizadora S.A;AMFI COMPANHIA SECURITIZADORA DE CREDITOS FINANCEIROS I SA;Oferta Pública;Duplicata;Produto Encerrado
Conecta Lá Unitoken #63;Unitoken;18/01/2025;-178;R$ 0,00;;;R$ 0,00;;;;R$ 0,00;;;;0,0%;;"";;FULL NINE DIGITAL CONSULTORIA S.A.;AMFI COMPANHIA SECURITIZADORA DE CREDITOS FINANCEIROS I SA;Oferta Pública;Duplicata;Produto Encerrado
Lebasq Unitoken #9;Unitoken;18/01/2025;-178;R$ 0,00;;;R$ 0,00;;;;R$ 0,00;;;;0,0%;;"";;LEBASQ SECURITIZAÇÃO DE CRÉDITOS SA;AMFI COMPANHIA SECURITIZADORA DE CREDITOS FINANCEIROS I SA;;Duplicata;
Conecta Lá Unitoken #64;Unitoken;18/01/2025;-178;R$ 0,00;;;R$ 0,00;;;;R$ 0,00;;;;0,0%;;"";;FULL NINE DIGITAL CONSULTORIA S.A.;AMFI COMPANHIA SECURITIZADORA DE CREDITOS FINANCEIROS I SA;Oferta Pública;Duplicata;Produto Encerrado
Syntheo Unitoken #27;Unitoken;19/01/2025;-177;R$ 0,00;;;R$ 0,00;;;;R$ 0,00;;;;0,0%;;"";;SYNTHÉO SECURITIZADORA DE CRÉDITOS S.A.;AMFI COMPANHIA SECURITIZADORA DE CREDITOS FINANCEIROS I SA;Oferta Pública;Duplicata;Produto Encerrado
Syntheo Unitoken #25;Unitoken;19/01/2025;-177;R$ 0,00;;;R$ 0,00;;;;R$ 0,00;;;;0,0%;;"";;SYNTHÉO SECURITIZADORA DE CRÉDITOS S.A.;AMFI COMPANHIA SECURITIZADORA DE CREDITOS FINANCEIROS I SA;Oferta Pública;Duplicata;Produto Encerrado
Audax Capital Unitoken #3;Unitoken;20/01/2025;-176;R$ 0,00;;;R$ 0,00;;;;R$ 0,00;;;;0,0%;;"";;AUDAX CAPITAL SECURITIZADORA S.A;AMFI COMPANHIA SECURITIZADORA DE CREDITOS FINANCEIROS I SA;;Duplicata;
Conecta Lá Unitoken #71;Unitoken;20/01/2025;-176;R$ 0,00;;;R$ 0,00;;;;R$ 0,00;;;;0,0%;;"";;FULL NINE DIGITAL CONSULTORIA S.A.;AMFI COMPANHIA SECURITIZADORA DE CREDITOS FINANCEIROS I SA;Oferta Pública;Duplicata;Produto Encerrado
DS Unitoken #40;Unitoken;20/01/2025;-176;R$ 0,00;R$ 118,76;R$ 0,00;R$ 0,00;R$ 0,00;;R$ 0,00;R$ 0,00;;;;0,0%;;"";;DS SECURITIZADORA S/A;AMFI COMPANHIA SECURITIZADORA DE CREDITOS FINANCEIROS I SA;Oferta Pública;Duplicata;Produto Encerrado
Formento Unitoken #26;Unitoken;20/01/2025;-176;R$ 0,00;;;R$ 0,00;;;;R$ 0,00;;;;0,0%;;"";;Formento Securitizadora S.A.;AMFI COMPANHIA SECURITIZADORA DE CREDITOS FINANCEIROS I SA;Oferta Pública;Duplicata;Produto Encerrado
Formento Unitoken #34;Unitoken;21/01/2025;-175;R$ 0,00;;;R$ 0,00;;;;R$ 0,00;;;;0,0%;;"";;Formento Securitizadora S.A.;AMFI COMPANHIA SECURITIZADORA DE CREDITOS FINANCEIROS I SA;Oferta Pública;Duplicata;Produto Encerrado
Conecta Lá Unitoken #72;Unitoken;21/01/2025;-175;R$ 0,00;;;R$ 0,00;;;;R$ 0,00;;;;0,0%;;"";;FULL NINE DIGITAL CONSULTORIA S.A.;AMFI COMPANHIA SECURITIZADORA DE CREDITOS FINANCEIROS I SA;Oferta Pública;Duplicata;Produto Encerrado
Conecta Lá Unitoken #73;Unitoken;21/01/2025;-175;R$ 0,00;;;R$ 0,00;;;;R$ 0,00;;;;0,0%;;"";;FULL NINE DIGITAL CONSULTORIA S.A.;AMFI COMPANHIA SECURITIZADORA DE CREDITOS FINANCEIROS I SA;Oferta Pública;Duplicata;Produto Encerrado
Faighus Unitoken #3;Unitoken;21/01/2025;-175;R$ 0,00;;;R$ 0,00;;;;R$ 0,00;;;;0,0%;;"";;FAIGHUS SECURITIZADORA S.A.;AMFI COMPANHIA SECURITIZADORA DE CREDITOS FINANCEIROS I SA;Oferta Pública;Duplicata;Produto Encerrado
Syntheo Unitoken #26;Unitoken;21/01/2025;-175;R$ 0,00;;;R$ 0,00;;;;R$ 0,00;;;;0,0%;;"";;SYNTHÉO SECURITIZADORA DE CRÉDITOS S.A.;AMFI COMPANHIA SECURITIZADORA DE CREDITOS FINANCEIROS I SA;Oferta Pública;Duplicata;Produto Encerrado
Lebasq Unitoken #24;Unitoken;21/01/2025;-175;R$ 0,00;;;R$ 0,00;;;;R$ 0,00;;;;0,0%;;"";;LEBASQ SECURITIZAÇÃO DE CRÉDITOS SA;AMFI COMPANHIA SECURITIZADORA DE CREDITOS FINANCEIROS I SA;Oferta Pública;Duplicata;Produto Encerrado
Click Antecipa Unitoken #66;Unitoken;21/01/2025;-175;R$ 0,00;;;R$ 0,00;;;;R$ 0,00;;;;0,0%;;"";;CLICK SECURITIZADORA S.A.;AMFI COMPANHIA SECURITIZADORA DE CREDITOS FINANCEIROS I SA;Oferta Pública;Duplicata;Produto Encerrado
Conecta Lá Unitoken #56;Unitoken;23/01/2025;-173;R$ 0,00;;;R$ 0,00;;;;R$ 0,00;;;;0,0%;;"";;FULL NINE DIGITAL CONSULTORIA S.A.;AMFI COMPANHIA SECURITIZADORA DE CREDITOS FINANCEIROS I SA;Oferta Pública;Duplicata;Produto Encerrado
Rezultz Unitoken #2;Unitoken;23/01/2025;-173;R$ 0,00;;;R$ 0,00;;;;R$ 0,00;;;;0,0%;;"";;Padova Securitizadora S.A;AMFI COMPANHIA SECURITIZADORA DE CREDITOS FINANCEIROS I SA;Oferta Pública;Duplicata;Produto Encerrado
Conecta Lá Unitoken #18;Unitoken;24/01/2025;-172;R$ 0,00;;;R$ 0,00;;;;R$ 0,00;;;;0,0%;;"";;FULL NINE DIGITAL CONSULTORIA S.A.;AMFI COMPANHIA SECURITIZADORA DE CREDITOS FINANCEIROS I SA;;Duplicata;
Conecta Lá Unitoken #52;Unitoken;24/01/2025;-172;R$ 0,00;;;R$ 0,00;;;;R$ 0,00;;;;0,0%;;"";;FULL NINE DIGITAL CONSULTORIA S.A.;AMFI COMPANHIA SECURITIZADORA DE CREDITOS FINANCEIROS I SA;Oferta Pública;Duplicata;Cancelada
UnionNational Pool #2;Pool;24/01/2025;-172;R$ 0,00;;;R$ 0,00;;R$ 0,00;;R$ 0,00;100,0%;20,0%;;0,0%;;"";;SECURITIZADORA DE CRÉDITOS FINANCEIROS S.A.;;Oferta Pública;Duplicata;Produto Encerrado
Conecta Lá Unitoken #54;Unitoken;24/01/2025;-172;R$ 0,00;;;R$ 0,00;;;;R$ 0,00;;;;0,0%;;"";;FULL NINE DIGITAL CONSULTORIA S.A.;AMFI COMPANHIA SECURITIZADORA DE CREDITOS FINANCEIROS I SA;Oferta Pública;Duplicata;Produto Encerrado
Conecta Lá Unitoken #69;Unitoken;24/01/2025;-172;R$ 0,00;;;R$ 0,00;;;;R$ 0,00;;;;0,0%;;"";;FULL NINE DIGITAL CONSULTORIA S.A.;AMFI COMPANHIA SECURITIZADORA DE CREDITOS FINANCEIROS I SA;Oferta Pública;Duplicata;Produto Encerrado
Conecta Lá Unitoken #42;Unitoken;25/01/2025;-171;R$ 0,00;;;R$ 0,00;;;;R$ 0,00;;;;0,0%;;"";;FULL NINE DIGITAL CONSULTORIA S.A.;AMFI COMPANHIA SECURITIZADORA DE CREDITOS FINANCEIROS I SA;Oferta Pública;Duplicata;Produto Encerrado
DS Unitoken #37;Unitoken;25/01/2025;-171;R$ 0,00;;;R$ 0,00;;;;R$ 0,00;;;;0,0%;;"";;DS SECURITIZADORA S/A;AMFI COMPANHIA SECURITIZADORA DE CREDITOS FINANCEIROS I SA;Oferta Pública;Duplicata;Produto Encerrado
Click Antecipa Unitoken #56;Unitoken;26/01/2025;-170;R$ 0,00;;;R$ 0,00;;;;R$ 0,00;;;;0,0%;;"";;CLICK SECURITIZADORA S.A.;AMFI COMPANHIA SECURITIZADORA DE CREDITOS FINANCEIROS I SA;Oferta Pública;Duplicata;Produto Encerrado
Click Antecipa Unitoken #75;Unitoken;27/01/2025;-169;R$ 0,00;;;R$ 0,00;;;;R$ 0,00;;;;0,0%;;"";;CLICK SECURITIZADORA S.A.;AMFI COMPANHIA SECURITIZADORA DE CREDITOS FINANCEIROS I SA;Oferta Pública;Duplicata;Produto Encerrado
Syntheo Unitoken #28;Unitoken;28/01/2025;-168;R$ 0,00;;;R$ 0,00;;;;R$ 0,00;;;;0,0%;;"";;SYNTHÉO SECURITIZADORA DE CRÉDITOS S.A.;AMFI COMPANHIA SECURITIZADORA DE CREDITOS FINANCEIROS I SA;Oferta Pública;Duplicata;Produto Encerrado
C4 Unitoken #38;Unitoken;28/01/2025;-168;R$ 0,00;;;R$ 0,00;;;;R$ 0,00;;;;0,0%;;"";;C4 CAPITAL SECURITIZADORA S/A;AMFI COMPANHIA SECURITIZADORA DE CREDITOS FINANCEIROS I SA;Oferta Pública;Duplicata;Produto Encerrado
Click Antecipa Unitoken #67;Unitoken;29/01/2025;-167;R$ 0,00;;;R$ 0,00;;;;R$ 0,00;;;;0,0%;;"";;CLICK SECURITIZADORA S.A.;AMFI COMPANHIA SECURITIZADORA DE CREDITOS FINANCEIROS I SA;Oferta Pública;Duplicata;Produto Encerrado
Descontanet Unitoken #1;Unitoken;29/01/2025;-167;R$ 0,00;;;R$ 0,00;;;;R$ 0,00;;;;0,0%;;"";;DESCONTANET SECURITIZADORA S.A.;AMFI COMPANHIA SECURITIZADORA DE CREDITOS FINANCEIROS I SA;Oferta Pública;Duplicata;Produto Encerrado
Audax Capital Unitoken #6;Unitoken;30/01/2025;-166;R$ 0,00;;;R$ 0,00;;;;R$ 0,00;;;;0,0%;;"";;AUDAX CAPITAL SECURITIZADORA S.A;AMFI COMPANHIA SECURITIZADORA DE CREDITOS FINANCEIROS I SA;Oferta Pública;Duplicata;Produto Encerrado
Lebasq Unitoken #26;Unitoken;30/01/2025;-166;R$ 0,00;;;R$ 0,00;;;;R$ 0,00;;;;0,0%;;"";;LEBASQ SECURITIZAÇÃO DE CRÉDITOS SA;AMFI COMPANHIA SECURITIZADORA DE CREDITOS FINANCEIROS I SA;Oferta Pública;Duplicata;Produto Encerrado
C4 Unitoken #40;Unitoken;30/01/2025;-166;R$ 0,00;;;R$ 0,00;;;;R$ 0,00;;;;0,0%;;"";;C4 CAPITAL SECURITIZADORA S/A;AMFI COMPANHIA SECURITIZADORA DE CREDITOS FINANCEIROS I SA;Oferta Pública;Duplicata;Produto Encerrado
Click Antecipa Unitoken #65;Unitoken;31/01/2025;-165;R$ 0,00;;;R$ 0,00;;;;R$ 0,00;;;;0,0%;;"";;CLICK SECURITIZADORA S.A.;AMFI COMPANHIA SECURITIZADORA DE CREDITOS FINANCEIROS I SA;Oferta Pública;Duplicata;Produto Encerrado
Syntheo Unitoken #22;Unitoken;31/01/2025;-165;R$ 0,00;;;R$ 0,00;;;;R$ 0,00;;;;0,0%;;"";;SYNTHÉO SECURITIZADORA DE CRÉDITOS S.A.;AMFI COMPANHIA SECURITIZADORA DE CREDITOS FINANCEIROS I SA;Oferta Pública;Duplicata;Produto Encerrado
Learnbase Unitoken #37;Unitoken;03/02/2025;-162;R$ 0,00;;;R$ 0,00;;;;R$ 0,00;;;;0,0%;;"";;Learnbase Gestão e Consultoria Educacional S.A.;AMFI COMPANHIA SECURITIZADORA DE CREDITOS FINANCEIROS I SA;Oferta Pública;Duplicata;Produto Encerrado
Formento Unitoken #44;Unitoken;03/02/2025;-162;R$ 0,00;;;R$ 0,00;;;;R$ 0,00;;;;0,0%;;"";;Formento Securitizadora S.A.;AMFI COMPANHIA SECURITIZADORA DE CREDITOS FINANCEIROS I SA;Oferta Pública;Duplicata;Produto Encerrado
Syntheo Unitoken #40;Unitoken;03/02/2025;-162;R$ 0,00;;;R$ 0,00;;;;R$ 0,00;;;;0,0%;;"";;SYNTHÉO SECURITIZADORA DE CRÉDITOS S.A.;AMFI COMPANHIA SECURITIZADORA DE CREDITOS FINANCEIROS I SA;Oferta Pública;Duplicata;Produto Encerrado
Rezultz Unitoken #3;Unitoken;03/02/2025;-162;R$ 0,00;;;R$ 0,00;;;;R$ 0,00;;;;0,0%;;"";;Padova Securitizadora S.A;AMFI COMPANHIA SECURITIZADORA DE CREDITOS FINANCEIROS I SA;Oferta Pública;Duplicata;Produto Encerrado
AFA Unitoken #19;Unitoken;04/02/2025;-161;R$ 0,00;;;R$ 0,00;;;;R$ 0,00;;;;0,0%;;"";;AFA HIGH YIELD CREDIT OPPORTUNITY - FIDC;AMFI COMPANHIA SECURITIZADORA DE CREDITOS FINANCEIROS I SA;Oferta Pública;Duplicata;Produto Encerrado
Rezultz Unitoken #4;Unitoken;04/02/2025;-161;R$ 0,00;;;R$ 0,00;;;;R$ 0,00;;;;0,0%;;"";;Padova Securitizadora S.A;AMFI COMPANHIA SECURITIZADORA DE CREDITOS FINANCEIROS I SA;Oferta Pública;Duplicata;Produto Encerrado
Learnbase Unitoken #47;Unitoken;04/02/2025;-161;R$ 0,00;;;R$ 0,00;;;;R$ 0,00;;;;0,0%;;"";;Learnbase Gestão e Consultoria Educacional S.A.;AMFI COMPANHIA SECURITIZADORA DE CREDITOS FINANCEIROS I SA;Oferta Pública;Duplicata;Produto Encerrado
Lebasq Unitoken #36;Unitoken;05/02/2025;-160;R$ 0,00;;;R$ 0,00;;;;R$ 0,00;;;;0,0%;;"";;LEBASQ SECURITIZAÇÃO DE CRÉDITOS SA;AMFI COMPANHIA SECURITIZADORA DE CREDITOS FINANCEIROS I SA;Oferta Pública;Duplicata;Produto Encerrado
a55  Unitoken #31;Unitoken;05/02/2025;-160;R$ 0,00;R$ 694,78;R$ 0,00;R$ 0,00;R$ 0,00;;R$ 0,00;R$ 0,00;;;;0,0%;;"";;a55 SECURITIZADORA S.A.;a55 SECURITIZADORA S.A.;Oferta Pública;Duplicata;Produto Encerrado
Conecta Lá Unitoken #59;Unitoken;05/02/2025;-160;R$ 0,00;;;R$ 0,00;;;;R$ 0,00;;;;0,0%;;"";;FULL NINE DIGITAL CONSULTORIA S.A.;AMFI COMPANHIA SECURITIZADORA DE CREDITOS FINANCEIROS I SA;Oferta Pública;Duplicata;Produto Encerrado
Lebasq Unitoken #40;Unitoken;06/02/2025;-159;R$ 0,00;;;R$ 0,00;;;;R$ 0,00;;;;0,0%;;"";;LEBASQ SECURITIZAÇÃO DE CRÉDITOS SA;AMFI COMPANHIA SECURITIZADORA DE CREDITOS FINANCEIROS I SA;Oferta Pública;Duplicata;Produto Encerrado
Conecta Lá Unitoken #60;Unitoken;06/02/2025;-159;R$ 0,00;;;R$ 0,00;;;;R$ 0,00;;;;0,0%;;"";;FULL NINE DIGITAL CONSULTORIA S.A.;AMFI COMPANHIA SECURITIZADORA DE CREDITOS FINANCEIROS I SA;Oferta Pública;Duplicata;Produto Encerrado
AFA Unitoken #18;Unitoken;06/02/2025;-159;R$ 0,00;;;R$ 0,00;;;;R$ 0,00;;;;0,0%;;"";;AFA HIGH YIELD CREDIT OPPORTUNITY - FIDC;AMFI COMPANHIA SECURITIZADORA DE CREDITOS FINANCEIROS I SA;Oferta Pública;Duplicata;Produto Encerrado
Syntheo Unitoken #35;Unitoken;06/02/2025;-159;R$ 0,00;;;R$ 0,00;;;;R$ 0,00;;;;0,0%;;"";;SYNTHÉO SECURITIZADORA DE CRÉDITOS S.A.;AMFI COMPANHIA SECURITIZADORA DE CREDITOS FINANCEIROS I SA;Oferta Pública;Duplicata;Produto Encerrado
Rezultz Unitoken #5;Unitoken;06/02/2025;-159;R$ 0,00;;;R$ 0,00;;;;R$ 0,00;;;;0,0%;;"";;Padova Securitizadora S.A;AMFI COMPANHIA SECURITIZADORA DE CREDITOS FINANCEIROS I SA;Oferta Pública;Duplicata;Produto Encerrado
Formento Unitoken #33;Unitoken;07/02/2025;-158;R$ 0,00;;;R$ 0,00;;;;R$ 0,00;;;;0,0%;;"";;Formento Securitizadora S.A.;AMFI COMPANHIA SECURITIZADORA DE CREDITOS FINANCEIROS I SA;Oferta Pública;Duplicata;Produto Encerrado
Formento Unitoken #37;Unitoken;07/02/2025;-158;R$ 0,00;;;R$ 0,00;;;;R$ 0,00;;;;0,0%;;"";;Formento Securitizadora S.A.;AMFI COMPANHIA SECURITIZADORA DE CREDITOS FINANCEIROS I SA;Oferta Pública;Duplicata;Produto Encerrado
a55  Unitoken #30;Unitoken;07/02/2025;-158;R$ 0,00;R$ 0,00;R$ 0,00;R$ 0,00;R$ 0,00;;;R$ 0,00;;;;0,0%;;"";;a55 SECURITIZADORA S.A.;a55 SECURITIZADORA S.A.;Oferta Pública;Duplicata;Produto Encerrado
Lebasq Unitoken #42;Unitoken;10/02/2025;-155;R$ 0,00;;;R$ 0,00;;;;R$ 0,00;;;;0,0%;;"";;LEBASQ SECURITIZAÇÃO DE CRÉDITOS SA;AMFI COMPANHIA SECURITIZADORA DE CREDITOS FINANCEIROS I SA;Oferta Pública;Duplicata;Produto Encerrado
Syntheo Unitoken #37;Unitoken;11/02/2025;-154;R$ 0,00;;;R$ 0,00;;;;R$ 0,00;;;;0,0%;;"";;SYNTHÉO SECURITIZADORA DE CRÉDITOS S.A.;AMFI COMPANHIA SECURITIZADORA DE CREDITOS FINANCEIROS I SA;Oferta Pública;Duplicata;Produto Encerrado
AFA Unitoken #14 [Cancelado];Unitoken;11/02/2025;-154;R$ 0,00;;;R$ 0,00;;;;R$ 0,00;;;;0,0%;;"";;AFA HIGH YIELD CREDIT OPPORTUNITY - FIDC;AMFI COMPANHIA SECURITIZADORA DE CREDITOS FINANCEIROS I SA;Oferta Pública;Duplicata;Cancelada
Click Antecipa Unitoken #63;Unitoken;11/02/2025;-154;R$ 0,00;;;R$ 0,00;;;;R$ 0,00;;;;0,0%;;"";;CLICK SECURITIZADORA S.A.;AMFI COMPANHIA SECURITIZADORA DE CREDITOS FINANCEIROS I SA;Oferta Pública;Duplicata;Produto Encerrado
AFA Unitoken #16;Unitoken;11/02/2025;-154;R$ 0,00;R$ 0,00;R$ 0,00;R$ 0,00;R$ 0,00;;;R$ 0,00;;;;0,0%;;"";;AFA HIGH YIELD CREDIT OPPORTUNITY - FIDC;AMFI COMPANHIA SECURITIZADORA DE CREDITOS FINANCEIROS I SA;Oferta Pública;Duplicata;Produto Encerrado
Syntheo Unitoken #34;Unitoken;11/02/2025;-154;R$ 0,00;;;R$ 0,00;;;;R$ 0,00;;;;0,0%;;"";;SYNTHÉO SECURITIZADORA DE CRÉDITOS S.A.;AMFI COMPANHIA SECURITIZADORA DE CREDITOS FINANCEIROS I SA;Oferta Pública;Duplicata;Produto Encerrado
Click Antecipa Unitoken #83;Unitoken;12/02/2025;-153;R$ 0,00;;;R$ 0,00;;;;R$ 0,00;;;;0,0%;;"";;CLICK SECURITIZADORA S.A.;AMFI COMPANHIA SECURITIZADORA DE CREDITOS FINANCEIROS I SA;Oferta Pública;Duplicata;Produto Encerrado
AFA Unitoken #20;Unitoken;13/02/2025;-152;R$ 0,00;;;R$ 0,00;;;;R$ 0,00;;;;0,0%;;"";;AFA HIGH YIELD CREDIT OPPORTUNITY - FIDC;AMFI COMPANHIA SECURITIZADORA DE CREDITOS FINANCEIROS I SA;Oferta Pública;Duplicata;Produto Encerrado
Click Antecipa Unitoken #77;Unitoken;13/02/2025;-152;R$ 0,00;;;R$ 0,00;;;;R$ 0,00;;;;0,0%;;"";;CLICK SECURITIZADORA S.A.;AMFI COMPANHIA SECURITIZADORA DE CREDITOS FINANCEIROS I SA;Oferta Pública;Duplicata;Produto Encerrado
Faighus Unitoken #4;Unitoken;14/02/2025;-151;R$ 0,00;;;R$ 0,00;;;;R$ 0,00;;;;0,0%;;"";;FAIGHUS SECURITIZADORA S.A.;AMFI COMPANHIA SECURITIZADORA DE CREDITOS FINANCEIROS I SA;Oferta Pública;Duplicata;Produto Encerrado
Teddy  Unitoken #1;Unitoken;15/02/2025;-150;R$ 0,00;R$ 0,00;R$ 0,00;R$ 0,00;R$ 0,00;;;R$ 0,00;;;;0,0%;;"";;TEDDY HUB DIGITAL LTDA;AMFI COMPANHIA SECURITIZADORA DE CREDITOS FINANCEIROS I SA;;Duplicata;
Conecta Lá Unitoken #51;Unitoken;15/02/2025;-150;R$ 0,00;;;R$ 0,00;;;;R$ 0,00;;;;0,0%;;"";;FULL NINE DIGITAL CONSULTORIA S.A.;AMFI COMPANHIA SECURITIZADORA DE CREDITOS FINANCEIROS I SA;Oferta Pública;Duplicata;Produto Encerrado
Teddy  Unitoken #10;Unitoken;15/02/2025;-150;R$ 0,00;R$ 0,00;R$ 0,00;R$ 0,00;R$ 0,00;;;R$ 0,00;;;;0,0%;;"";;TEDDY HUB DIGITAL LTDA;AMFI COMPANHIA SECURITIZADORA DE CREDITOS FINANCEIROS I SA;;Duplicata;
C4 Unitoken #41;Unitoken;17/02/2025;-148;R$ 0,00;R$ 16,16;R$ 0,00;R$ 0,00;R$ 0,00;;R$ 0,00;R$ 0,00;;;;0,0%;;"";;C4 CAPITAL SECURITIZADORA S/A;AMFI COMPANHIA SECURITIZADORA DE CREDITOS FINANCEIROS I SA;Oferta Pública;Duplicata;Produto Encerrado
Audax Capital Unitoken #7;Unitoken;17/02/2025;-148;R$ 0,00;R$ 51,77;R$ 0,00;R$ 0,00;R$ 0,00;;R$ 0,00;R$ 0,00;;;;0,0%;;"";;AUDAX CAPITAL SECURITIZADORA S.A;AMFI COMPANHIA SECURITIZADORA DE CREDITOS FINANCEIROS I SA;Oferta Pública;Duplicata;Produto Encerrado
Conecta Lá Unitoken #85;Unitoken;17/02/2025;-148;R$ 0,00;;;R$ 0,00;;;;R$ 0,00;;;;0,0%;;"";;FULL NINE DIGITAL CONSULTORIA S.A.;AMFI COMPANHIA SECURITIZADORA DE CREDITOS FINANCEIROS I SA;Oferta Pública;Duplicata;Produto Encerrado
Formento Unitoken #41;Unitoken;17/02/2025;-148;R$ 0,00;R$ 0,00;R$ 0,00;R$ 0,00;R$ 0,00;;;R$ 0,00;;;;0,0%;;"";;Formento Securitizadora S.A.;AMFI COMPANHIA SECURITIZADORA DE CREDITOS FINANCEIROS I SA;Oferta Pública;Duplicata;Produto Encerrado
C4 Unitoken #35;Unitoken;17/02/2025;-148;R$ 0,00;R$ 13,64;R$ 0,00;R$ 0,00;R$ 0,00;;R$ 0,00;R$ 0,00;;;;0,0%;;"";;C4 CAPITAL SECURITIZADORA S/A;AMFI COMPANHIA SECURITIZADORA DE CREDITOS FINANCEIROS I SA;Oferta Pública;CCB;Produto Encerrado
Lebasq Unitoken #43;Unitoken;18/02/2025;-147;R$ 0,00;R$ 0,00;R$ 0,00;R$ 0,00;R$ 0,00;;;R$ 0,00;;;;0,0%;;"";;LEBASQ SECURITIZAÇÃO DE CRÉDITOS SA;AMFI COMPANHIA SECURITIZADORA DE CREDITOS FINANCEIROS I SA;Oferta Pública;Duplicata;Produto Encerrado
Conecta Lá Unitoken #75;Unitoken;18/02/2025;-147;R$ 0,00;R$ 0,00;R$ 0,00;R$ 0,00;R$ 0,00;;;R$ 0,00;;;;0,0%;;"";;FULL NINE DIGITAL CONSULTORIA S.A.;AMFI COMPANHIA SECURITIZADORA DE CREDITOS FINANCEIROS I SA;Oferta Pública;Duplicata;Produto Encerrado
Conecta Lá Unitoken #79;Unitoken;18/02/2025;-147;R$ 0,00;R$ 0,08;R$ 0,00;R$ 0,00;R$ 0,00;;R$ 0,00;R$ 0,00;;;;0,0%;;"";;FULL NINE DIGITAL CONSULTORIA S.A.;AMFI COMPANHIA SECURITIZADORA DE CREDITOS FINANCEIROS I SA;Oferta Pública;Duplicata;Produto Encerrado
Conecta Lá Unitoken #82;Unitoken;18/02/2025;-147;R$ 0,00;R$ 0,00;R$ 0,00;R$ 0,00;R$ 0,00;;;R$ 0,00;;;;0,0%;;"";;FULL NINE DIGITAL CONSULTORIA S.A.;AMFI COMPANHIA SECURITIZADORA DE CREDITOS FINANCEIROS I SA;Oferta Pública;Duplicata;Produto Encerrado
Resolvvi #1;Pool;18/02/2025;-147;R$ 0,00;R$ 0,01;R$ 0,00;R$ 0,00;R$ 0,00;R$ 0,00;R$ 0,00;R$ 0,00;100,0%;1,0%;;0,0%;;"";;Resolvvi Tecnologia Ltda;;Oferta Privada;Ativo Judicial;Produto Encerrado
Click Antecipa Unitoken #84;Unitoken;19/02/2025;-146;R$ 0,00;R$ 0,16;R$ 0,00;R$ 0,00;R$ 0,00;;R$ 0,00;R$ 0,00;;;;0,0%;;"";;CLICK SECURITIZADORA S.A.;AMFI COMPANHIA SECURITIZADORA DE CREDITOS FINANCEIROS I SA;Oferta Pública;Duplicata;Produto Encerrado
Syntheo Unitoken #36;Unitoken;19/02/2025;-146;R$ 0,00;R$ 0,00;R$ 0,00;R$ 0,00;R$ 0,00;;;R$ 0,00;;;;0,0%;;"";;SYNTHÉO SECURITIZADORA DE CRÉDITOS S.A.;AMFI COMPANHIA SECURITIZADORA DE CREDITOS FINANCEIROS I SA;Oferta Pública;Duplicata;Produto Encerrado
Conecta Lá Unitoken #81;Unitoken;20/02/2025;-145;R$ 0,00;R$ 0,11;R$ 0,00;R$ 0,00;R$ 0,00;;R$ 0,00;R$ 0,00;;;;0,0%;;"";;FULL NINE DIGITAL CONSULTORIA S.A.;AMFI COMPANHIA SECURITIZADORA DE CREDITOS FINANCEIROS I SA;Oferta Pública;Duplicata;Produto Encerrado
Conecta Lá Unitoken #84;Unitoken;21/02/2025;-144;R$ 0,00;R$ 0,18;R$ 0,00;R$ 0,00;R$ 0,00;;R$ 0,00;R$ 0,00;;;;0,0%;;"";;FULL NINE DIGITAL CONSULTORIA S.A.;AMFI COMPANHIA SECURITIZADORA DE CREDITOS FINANCEIROS I SA;Oferta Pública;Duplicata;Produto Encerrado
Conecta Lá Unitoken #76;Unitoken;24/02/2025;-141;R$ 0,00;R$ 12,21;R$ 0,00;R$ 0,00;R$ 0,00;;R$ 0,00;R$ 0,00;;;;0,0%;;"";;FULL NINE DIGITAL CONSULTORIA S.A.;AMFI COMPANHIA SECURITIZADORA DE CREDITOS FINANCEIROS I SA;Oferta Pública;Duplicata;Produto Encerrado
Conecta Lá Unitoken #70;Unitoken;24/02/2025;-141;R$ 0,00;R$ 16,39;R$ 0,00;R$ 0,00;R$ 0,00;;R$ 0,00;R$ 0,00;;;;0,0%;;"";;FULL NINE DIGITAL CONSULTORIA S.A.;AMFI COMPANHIA SECURITIZADORA DE CREDITOS FINANCEIROS I SA;Oferta Pública;Duplicata;Produto Encerrado
Conecta Lá Unitoken #20;Unitoken;24/02/2025;-141;R$ 0,00;R$ 0,00;R$ 0,00;R$ 0,00;R$ 0,00;;;R$ 0,00;;;;0,0%;;"";;FULL NINE DIGITAL CONSULTORIA S.A.;AMFI COMPANHIA SECURITIZADORA DE CREDITOS FINANCEIROS I SA;;Duplicata;
Conecta Lá Unitoken #61;Unitoken;24/02/2025;-141;R$ 0,00;R$ 38,00;R$ 0,00;R$ 0,00;R$ 0,00;;R$ 0,00;R$ 0,00;;;;0,0%;;"";;FULL NINE DIGITAL CONSULTORIA S.A.;AMFI COMPANHIA SECURITIZADORA DE CREDITOS FINANCEIROS I SA;Oferta Pública;Duplicata;Produto Encerrado
Conecta Lá Unitoken #58;Unitoken;25/02/2025;-140;R$ 0,00;R$ 22,56;R$ 0,00;R$ 0,00;R$ 0,00;;R$ 0,00;R$ 0,00;;;;0,0%;;"";;FULL NINE DIGITAL CONSULTORIA S.A.;AMFI COMPANHIA SECURITIZADORA DE CREDITOS FINANCEIROS I SA;Oferta Pública;Duplicata;Produto Encerrado
Faighus Unitoken #6;Unitoken;25/02/2025;-140;R$ 0,00;R$ 0,00;R$ 0,00;R$ 0,00;R$ 0,00;;;R$ 0,00;;;;0,0%;;"";;FAIGHUS SECURITIZADORA S.A.;AMFI COMPANHIA SECURITIZADORA DE CREDITOS FINANCEIROS I SA;Oferta Pública;Duplicata;Produto Encerrado
Syntheo Unitoken #41;Unitoken;27/02/2025;-138;R$ 0,00;R$ 0,00;R$ 0,00;R$ 0,00;R$ 0,00;;;R$ 0,00;;;;0,0%;;"";;SYNTHÉO SECURITIZADORA DE CRÉDITOS S.A.;AMFI COMPANHIA SECURITIZADORA DE CREDITOS FINANCEIROS I SA;Oferta Pública;Duplicata;Produto Encerrado
Rezultz Unitoken #6;Unitoken;28/02/2025;-137;R$ 0,00;R$ 0,00;R$ 0,00;R$ 0,00;R$ 0,00;;;R$ 0,00;;;;0,0%;;"";;Padova Securitizadora S.A;AMFI COMPANHIA SECURITIZADORA DE CREDITOS FINANCEIROS I SA;Oferta Pública;Duplicata;Produto Encerrado
Formento Unitoken #47;Unitoken;28/02/2025;-137;R$ 0,00;R$ 47,00;R$ 0,00;R$ 0,00;R$ 0,00;;R$ 0,00;R$ 0,00;;;;0,0%;;"";;Formento Securitizadora S.A.;AMFI COMPANHIA SECURITIZADORA DE CREDITOS FINANCEIROS I SA;Oferta Pública;Duplicata;Produto Encerrado
Audax Capital Unitoken #8;Unitoken;28/02/2025;-137;R$ 0,00;R$ 0,00;R$ 0,00;R$ 0,00;R$ 0,00;;;R$ 0,00;;;;0,0%;;"";;AUDAX CAPITAL SECURITIZADORA S.A;AMFI COMPANHIA SECURITIZADORA DE CREDITOS FINANCEIROS I SA;Oferta Pública;Duplicata;Produto Encerrado
Learnbase Unitoken #38;Unitoken;03/03/2025;-134;R$ 0,00;R$ 14,27;R$ 0,00;R$ 0,00;R$ 0,00;;R$ 0,00;R$ 0,00;;;;0,0%;;"";;Learnbase Gestão e Consultoria Educacional S.A.;AMFI COMPANHIA SECURITIZADORA DE CREDITOS FINANCEIROS I SA;Oferta Pública;Duplicata;Produto Encerrado
Faighus Unitoken #5;Unitoken;05/03/2025;-132;R$ 0,00;R$ 0,00;R$ 0,00;R$ 0,00;R$ 0,00;;;R$ 0,00;;;;0,0%;;"";;FAIGHUS SECURITIZADORA S.A.;AMFI COMPANHIA SECURITIZADORA DE CREDITOS FINANCEIROS I SA;Oferta Pública;Duplicata;Produto Encerrado
Conecta Lá Unitoken #78;Unitoken;05/03/2025;-132;R$ 0,00;R$ 0,02;R$ 0,00;R$ 0,00;R$ 0,00;;R$ 0,00;R$ 0,00;;;;0,0%;;"";;FULL NINE DIGITAL CONSULTORIA S.A.;AMFI COMPANHIA SECURITIZADORA DE CREDITOS FINANCEIROS I SA;Oferta Pública;Duplicata;Produto Encerrado
Syntheo Unitoken #38;Unitoken;05/03/2025;-132;R$ 0,00;R$ 7,75;R$ 0,00;R$ 0,00;R$ 0,00;;R$ 0,00;R$ 0,00;;;;0,0%;;"";;SYNTHÉO SECURITIZADORA DE CRÉDITOS S.A.;AMFI COMPANHIA SECURITIZADORA DE CREDITOS FINANCEIROS I SA;Oferta Pública;Duplicata;Produto Encerrado
Conecta Lá Unitoken #80;Unitoken;05/03/2025;-132;R$ 0,00;R$ 0,05;R$ 0,00;R$ 0,00;R$ 0,00;;R$ 0,00;R$ 0,00;;;;0,0%;;"";;FULL NINE DIGITAL CONSULTORIA S.A.;AMFI COMPANHIA SECURITIZADORA DE CREDITOS FINANCEIROS I SA;Oferta Pública;Duplicata;Produto Encerrado
Conecta Lá Unitoken #86;Unitoken;05/03/2025;-132;R$ 0,00;R$ 0,08;R$ 0,00;R$ 0,00;R$ 0,00;;R$ 0,00;R$ 0,00;;;;0,0%;;"";;FULL NINE DIGITAL CONSULTORIA S.A.;AMFI COMPANHIA SECURITIZADORA DE CREDITOS FINANCEIROS I SA;Oferta Pública;Duplicata;Produto Encerrado
Click Antecipa Unitoken #87;Unitoken;05/03/2025;-132;R$ 0,00;R$ 0,00;R$ 0,00;R$ 0,00;R$ 0,00;;;R$ 0,00;;;;0,0%;;"";;CLICK SECURITIZADORA S.A.;AMFI COMPANHIA SECURITIZADORA DE CREDITOS FINANCEIROS I SA;Oferta Pública;Duplicata;Produto Encerrado
Syntheo Unitoken #39;Unitoken;05/03/2025;-132;R$ 0,00;R$ 16,08;R$ 0,00;R$ 0,00;R$ 0,00;;R$ 0,00;R$ 0,00;;;;0,0%;;"";;SYNTHÉO SECURITIZADORA DE CRÉDITOS S.A.;AMFI COMPANHIA SECURITIZADORA DE CREDITOS FINANCEIROS I SA;Oferta Pública;Duplicata;Produto Encerrado
Conecta Lá Unitoken #77;Unitoken;06/03/2025;-131;R$ 0,00;R$ 0,00;R$ 0,00;R$ 0,00;R$ 0,00;;;R$ 0,00;;;;0,0%;;"";;FULL NINE DIGITAL CONSULTORIA S.A.;AMFI COMPANHIA SECURITIZADORA DE CREDITOS FINANCEIROS I SA;Oferta Pública;Duplicata;Produto Encerrado
AFA Unitoken #24;Unitoken;06/03/2025;-131;R$ 0,00;R$ 76,99;R$ 0,00;R$ 0,00;R$ 0,00;;R$ 0,00;R$ 0,00;;;;0,0%;;"";;AFA HIGH YIELD CREDIT OPPORTUNITY - FIDC;AMFI COMPANHIA SECURITIZADORA DE CREDITOS FINANCEIROS I SA;Oferta Pública;Duplicata;Produto Encerrado
AFA Unitoken #23;Unitoken;06/03/2025;-131;R$ 0,00;R$ 46,40;R$ 0,00;R$ 0,00;R$ 0,00;;R$ 0,00;R$ 0,00;;;;0,0%;;"";;AFA HIGH YIELD CREDIT OPPORTUNITY - FIDC;AMFI COMPANHIA SECURITIZADORA DE CREDITOS FINANCEIROS I SA;Oferta Pública;Duplicata;Produto Encerrado
AFA Unitoken #22;Unitoken;06/03/2025;-131;R$ 0,00;R$ 36,01;R$ 0,00;R$ 0,00;R$ 0,00;;R$ 0,00;R$ 0,00;;;;0,0%;;"";;AFA HIGH YIELD CREDIT OPPORTUNITY - FIDC;AMFI COMPANHIA SECURITIZADORA DE CREDITOS FINANCEIROS I SA;Oferta Pública;Duplicata;Produto Encerrado
AFA Unitoken #21;Unitoken;06/03/2025;-131;R$ 0,00;R$ 93,75;R$ 0,00;R$ 0,00;R$ 0,00;;R$ 0,00;R$ 0,00;;;;0,0%;;"";;AFA HIGH YIELD CREDIT OPPORTUNITY - FIDC;AMFI COMPANHIA SECURITIZADORA DE CREDITOS FINANCEIROS I SA;Oferta Pública;Duplicata;Produto Encerrado
Formento Unitoken #49;Unitoken;07/03/2025;-130;R$ 0,00;R$ 0,33;R$ 0,00;R$ 0,00;R$ 0,00;;R$ 0,00;R$ 0,00;;;;0,0%;;"";;Formento Securitizadora S.A.;AMFI COMPANHIA SECURITIZADORA DE CREDITOS FINANCEIROS I SA;Oferta Pública;Duplicata;Produto Encerrado
DS Unitoken #47;Unitoken;07/03/2025;-130;R$ 216.851,50;R$ 232.404,73;R$ 0,00;R$ 216.851,50;R$ 0,00;;R$ 0,93;R$ 0,00;;;100,0%;0,0%;1,6%;"";;DS SECURITIZADORA S/A;AMFI COMPANHIA SECURITIZADORA DE CREDITOS FINANCEIROS I SA;Oferta Pública;Duplicata;Captação finalizada
Conecta Lá Unitoken #83;Unitoken;07/03/2025;-130;R$ 0,00;R$ 0,00;R$ 0,00;R$ 0,00;R$ 0,00;;;R$ 0,00;;;;0,0%;;"";;FULL NINE DIGITAL CONSULTORIA S.A.;AMFI COMPANHIA SECURITIZADORA DE CREDITOS FINANCEIROS I SA;Oferta Pública;Duplicata;Produto Encerrado
Syntheo Unitoken #44;Unitoken;10/03/2025;-127;R$ 0,00;R$ 1,36;R$ 0,00;R$ 0,00;R$ 0,00;;R$ 0,00;R$ 0,00;;;;0,0%;;"";;SYNTHÉO SECURITIZADORA DE CRÉDITOS S.A.;AMFI COMPANHIA SECURITIZADORA DE CREDITOS FINANCEIROS I SA;Oferta Pública;Duplicata;Produto Encerrado
DS Unitoken #46;Unitoken;10/03/2025;-127;R$ 150.530,61;R$ 160.231,18;R$ 0,00;R$ 150.530,61;R$ 0,00;;R$ 0,97;R$ 0,00;;;100,0%;0,0%;1,6%;"";;DS SECURITIZADORA S/A;AMFI COMPANHIA SECURITIZADORA DE CREDITOS FINANCEIROS I SA;Oferta Pública;Duplicata;Captação finalizada
Formento Unitoken #42;Unitoken;10/03/2025;-127;R$ 0,00;R$ 34,97;R$ 0,00;R$ 0,00;R$ 0,00;;R$ 0,00;R$ 0,00;;;;0,0%;;"";;Formento Securitizadora S.A.;AMFI COMPANHIA SECURITIZADORA DE CREDITOS FINANCEIROS I SA;Oferta Pública;Duplicata;Produto Encerrado
Conecta Lá Unitoken #87;Unitoken;10/03/2025;-127;R$ 0,00;R$ 0,00;R$ 0,00;R$ 0,00;R$ 0,00;;;R$ 0,00;;;;0,0%;;"";;FULL NINE DIGITAL CONSULTORIA S.A.;AMFI COMPANHIA SECURITIZADORA DE CREDITOS FINANCEIROS I SA;Oferta Pública;Duplicata;Produto Encerrado
Conecta Lá Unitoken #92;Unitoken;10/03/2025;-127;R$ 0,00;R$ 0,00;R$ 0,00;R$ 0,00;R$ 0,00;;;R$ 0,00;;;;0,0%;;"";;FULL NINE DIGITAL CONSULTORIA S.A.;AMFI COMPANHIA SECURITIZADORA DE CREDITOS FINANCEIROS I SA;Oferta Pública;Duplicata;Produto Encerrado
Faighus Unitoken #7;Unitoken;11/03/2025;-126;R$ 0,00;R$ 0,02;R$ 0,00;R$ 0,00;R$ 0,00;;R$ 0,00;R$ 0,00;;;;0,0%;;"";;FAIGHUS SECURITIZADORA S.A.;AMFI COMPANHIA SECURITIZADORA DE CREDITOS FINANCEIROS I SA;Oferta Pública;Duplicata;Produto Encerrado
Syntheo Unitoken #42;Unitoken;11/03/2025;-126;R$ 0,00;R$ 4,30;R$ 0,00;R$ 0,00;R$ 0,00;;R$ 0,00;R$ 0,00;;;;0,0%;;"";;SYNTHÉO SECURITIZADORA DE CRÉDITOS S.A.;AMFI COMPANHIA SECURITIZADORA DE CREDITOS FINANCEIROS I SA;Oferta Pública;Duplicata;Produto Encerrado
Audax Capital Unitoken #10;Unitoken;12/03/2025;-125;R$ 0,00;R$ 20,17;R$ 0,00;R$ 0,00;R$ 0,00;;R$ 0,00;R$ 0,00;;;;0,0%;;"";;AUDAX CAPITAL SECURITIZADORA S.A;AMFI COMPANHIA SECURITIZADORA DE CREDITOS FINANCEIROS I SA;Oferta Pública;Duplicata;Produto Encerrado
OUB CAPITAL Unitoken #5;Unitoken;12/03/2025;-125;R$ 0,00;R$ 11,45;R$ 0,00;R$ 0,00;R$ 0,00;;R$ 0,00;R$ 0,00;;;;0,0%;;"";;OUB CAPITAL SA;AMFI COMPANHIA SECURITIZADORA DE CREDITOS FINANCEIROS I SA;Oferta Pública;Duplicata;Produto Encerrado
Formento Unitoken #43;Unitoken;13/03/2025;-124;R$ 0,00;R$ 32,49;R$ 0,00;R$ 0,00;R$ 0,00;;R$ 0,00;R$ 0,00;;;;0,0%;;"";;Formento Securitizadora S.A.;AMFI COMPANHIA SECURITIZADORA DE CREDITOS FINANCEIROS I SA;Oferta Pública;Duplicata;Produto Encerrado
OUB CAPITAL Unitoken #6;Unitoken;13/03/2025;-124;R$ 0,00;R$ 9,91;R$ 0,00;R$ 0,00;R$ 0,00;;R$ 0,00;R$ 0,00;;;;0,0%;;"";;OUB CAPITAL SA;AMFI COMPANHIA SECURITIZADORA DE CREDITOS FINANCEIROS I SA;Oferta Pública;Duplicata;Produto Encerrado
Click Antecipa Unitoken #68;Unitoken;15/03/2025;-122;R$ 0,00;R$ 0,00;R$ 0,00;R$ 0,00;R$ 0,00;;;R$ 0,00;;;;0,0%;;"";;CLICK SECURITIZADORA S.A.;AMFI COMPANHIA SECURITIZADORA DE CREDITOS FINANCEIROS I SA;Oferta Pública;Duplicata;Produto Encerrado
Conecta Lá Unitoken #62;Unitoken;15/03/2025;-122;R$ 0,00;R$ 19,93;R$ 0,00;R$ 0,00;R$ 0,00;;R$ 0,00;R$ 0,00;;;;0,0%;;"";;FULL NINE DIGITAL CONSULTORIA S.A.;AMFI COMPANHIA SECURITIZADORA DE CREDITOS FINANCEIROS I SA;Oferta Pública;Duplicata;Produto Encerrado
Click Antecipa Unitoken #72;Unitoken;16/03/2025;-121;R$ 0,00;R$ 0,00;R$ 0,00;R$ 0,00;R$ 0,00;;;R$ 0,00;;;;0,0%;;"";;CLICK SECURITIZADORA S.A.;AMFI COMPANHIA SECURITIZADORA DE CREDITOS FINANCEIROS I SA;Oferta Pública;Duplicata;Produto Encerrado
Formento Unitoken #35;Unitoken;16/03/2025;-121;R$ 0,00;R$ 23,69;R$ 0,00;R$ 0,00;R$ 0,00;;R$ 0,00;R$ 0,00;;;;0,0%;;"";;Formento Securitizadora S.A.;AMFI COMPANHIA SECURITIZADORA DE CREDITOS FINANCEIROS I SA;Oferta Pública;Duplicata;Produto Encerrado
Syntheo Unitoken #43;Unitoken;17/03/2025;-120;R$ 0,00;R$ 0,00;R$ 0,00;R$ 0,00;R$ 0,00;;;R$ 0,00;;;;0,0%;;"";;SYNTHÉO SECURITIZADORA DE CRÉDITOS S.A.;AMFI COMPANHIA SECURITIZADORA DE CREDITOS FINANCEIROS I SA;Oferta Pública;Duplicata;Produto Encerrado
Formento Unitoken #46;Unitoken;17/03/2025;-120;R$ 0,00;R$ 0,00;R$ 0,00;R$ 0,00;R$ 0,00;;;R$ 0,00;;;;0,0%;;"";;Formento Securitizadora S.A.;AMFI COMPANHIA SECURITIZADORA DE CREDITOS FINANCEIROS I SA;Oferta Pública;Duplicata;Produto Encerrado
C4 Unitoken #44;Unitoken;17/03/2025;-120;R$ 0,00;R$ 0,00;R$ 0,00;R$ 0,00;R$ 0,00;;;R$ 0,00;;;;0,0%;;"";;C4 CAPITAL SECURITIZADORA S/A;AMFI COMPANHIA SECURITIZADORA DE CREDITOS FINANCEIROS I SA;Oferta Pública;Duplicata;Produto Encerrado
Conecta Lá Unitoken #89;Unitoken;17/03/2025;-120;R$ 0,00;R$ 11,97;R$ 0,00;R$ 0,00;R$ 0,00;;R$ 0,00;R$ 0,00;;;;0,0%;;"";;FULL NINE DIGITAL CONSULTORIA S.A.;AMFI COMPANHIA SECURITIZADORA DE CREDITOS FINANCEIROS I SA;Oferta Pública;Duplicata;Produto Encerrado
Syntheo Unitoken #45;Unitoken;17/03/2025;-120;R$ 0,00;R$ 8,80;R$ 0,00;R$ 0,00;R$ 0,00;;R$ 0,00;R$ 0,00;;;;0,0%;;"";;SYNTHÉO SECURITIZADORA DE CRÉDITOS S.A.;AMFI COMPANHIA SECURITIZADORA DE CREDITOS FINANCEIROS I SA;Oferta Pública;Duplicata;Produto Encerrado
Faighus Unitoken #8;Unitoken;18/03/2025;-119;R$ 0,00;R$ 0,03;R$ 0,00;R$ 0,00;R$ 0,00;;R$ 0,00;R$ 0,00;;;;0,0%;;"";;FAIGHUS SECURITIZADORA S.A.;AMFI COMPANHIA SECURITIZADORA DE CREDITOS FINANCEIROS I SA;Oferta Pública;Duplicata;Produto Encerrado
DS Unitoken #48;Unitoken;19/03/2025;-118;R$ 43.891,64;R$ 45.292,85;R$ 0,00;R$ 43.891,64;R$ 0,00;;R$ 1,26;R$ 0,00;;;100,0%;0,0%;1,6%;"";;DS SECURITIZADORA S/A;AMFI COMPANHIA SECURITIZADORA DE CREDITOS FINANCEIROS I SA;Oferta Pública;Duplicata;Captação finalizada
Lebasq Unitoken #32;Unitoken;20/03/2025;-117;R$ 0,00;R$ 0,82;R$ 0,00;R$ 0,00;R$ 0,00;;R$ 0,00;R$ 0,00;;;;0,0%;;"";;LEBASQ SECURITIZAÇÃO DE CRÉDITOS SA;AMFI COMPANHIA SECURITIZADORA DE CREDITOS FINANCEIROS I SA;Oferta Pública;Duplicata;Produto Encerrado
C4 Unitoken #43;Unitoken;20/03/2025;-117;R$ 0,00;R$ 0,00;R$ 0,00;R$ 0,00;R$ 0,00;;;R$ 0,00;;;;0,0%;;"";;C4 CAPITAL SECURITIZADORA S/A;AMFI COMPANHIA SECURITIZADORA DE CREDITOS FINANCEIROS I SA;Oferta Pública;Duplicata;Produto Encerrado
Conecta Lá Unitoken #97;Unitoken;20/03/2025;-117;R$ 0,00;R$ 63,78;R$ 0,00;R$ 0,00;R$ 0,00;;R$ 0,00;R$ 0,00;;;;0,0%;;"";;FULL NINE DIGITAL CONSULTORIA S.A.;AMFI COMPANHIA SECURITIZADORA DE CREDITOS FINANCEIROS I SA;Oferta Pública;Duplicata;Produto Encerrado
Click Antecipa Unitoken #88;Unitoken;21/03/2025;-116;R$ 0,00;R$ 0,86;R$ 0,00;R$ 0,00;R$ 0,00;;R$ 0,00;R$ 0,00;;;;0,0%;;"";;CLICK SECURITIZADORA S.A.;AMFI COMPANHIA SECURITIZADORA DE CREDITOS FINANCEIROS I SA;Oferta Pública;Duplicata;Produto Encerrado
Sirius Unitoken #1;Unitoken;21/03/2025;-116;R$ 0,00;R$ 0,02;R$ 0,00;R$ 0,00;R$ 0,00;;R$ 0,00;R$ 0,00;;;;0,0%;;"";;Sirius Securitizadora S.A;AMFI COMPANHIA SECURITIZADORA DE CREDITOS FINANCEIROS I SA;Oferta Pública;Duplicata;Produto Encerrado
Click Antecipa Unitoken #78;Unitoken;21/03/2025;-116;R$ 0,00;R$ 0,07;R$ 0,00;R$ 0,00;R$ 0,00;;R$ 0,00;R$ 0,00;;;;0,0%;;"";;CLICK SECURITIZADORA S.A.;AMFI COMPANHIA SECURITIZADORA DE CREDITOS FINANCEIROS I SA;Oferta Pública;Duplicata;Produto Encerrado
Baru Unitoken #1;Unitoken;21/03/2025;-116;R$ 0,00;R$ 0,00;R$ 0,00;R$ 0,00;R$ 0,00;;;R$ 0,00;;;;0,0%;;"";;GRIFFIN CAPITAL S.A. SECURITIZADORA;AMFI COMPANHIA SECURITIZADORA DE CREDITOS FINANCEIROS I SA;Oferta Pública;Duplicata;Produto Encerrado
Conecta Lá Unitoken #94;Unitoken;21/03/2025;-116;R$ 0,00;R$ 107,09;R$ 0,00;R$ 0,00;R$ 0,00;;R$ 0,00;R$ 0,00;;;;0,0%;;"";;FULL NINE DIGITAL CONSULTORIA S.A.;AMFI COMPANHIA SECURITIZADORA DE CREDITOS FINANCEIROS I SA;Oferta Pública;Duplicata;Produto Encerrado
Syntheo Unitoken #51;Unitoken;21/03/2025;-116;R$ 0,00;R$ 3,30;R$ 0,00;R$ 0,00;R$ 0,00;;R$ 0,00;R$ 0,00;;;;0,0%;;"";;SYNTHÉO SECURITIZADORA DE CRÉDITOS S.A.;AMFI COMPANHIA SECURITIZADORA DE CREDITOS FINANCEIROS I SA;Oferta Pública;Duplicata;Produto Encerrado
Conecta Lá Unitoken #21;Unitoken;24/03/2025;-113;R$ 0,00;R$ 0,00;R$ 0,00;R$ 0,00;R$ 0,00;;;R$ 0,00;;;;0,0%;;"";;FULL NINE DIGITAL CONSULTORIA S.A.;AMFI COMPANHIA SECURITIZADORA DE CREDITOS FINANCEIROS I SA;;Duplicata;
Conecta Lá Unitoken #95;Unitoken;24/03/2025;-113;R$ 0,00;R$ 0,00;R$ 0,00;R$ 0,00;R$ 0,00;;;R$ 0,00;;;;0,0%;;"";;FULL NINE DIGITAL CONSULTORIA S.A.;AMFI COMPANHIA SECURITIZADORA DE CREDITOS FINANCEIROS I SA;Oferta Pública;Duplicata;Produto Encerrado
Formento Unitoken #51;Unitoken;24/03/2025;-113;R$ 0,00;R$ 0,00;R$ 0,00;R$ 0,00;R$ 0,00;;;R$ 0,00;;;;0,0%;;"";;Formento Securitizadora S.A.;AMFI COMPANHIA SECURITIZADORA DE CREDITOS FINANCEIROS I SA;Oferta Pública;Duplicata;Produto Encerrado
Syntheo Unitoken #48;Unitoken;24/03/2025;-113;R$ 0,00;R$ 27,69;R$ 0,00;R$ 0,00;R$ 0,00;;R$ 0,00;R$ 0,00;;;;0,0%;;"";;SYNTHÉO SECURITIZADORA DE CRÉDITOS S.A.;AMFI COMPANHIA SECURITIZADORA DE CREDITOS FINANCEIROS I SA;Oferta Pública;Duplicata;Produto Encerrado
Syntheo Unitoken #63;Unitoken;25/03/2025;-112;R$ 0,00;R$ 0,01;R$ 0,00;R$ 0,00;R$ 0,00;;R$ 0,00;R$ 0,00;;;;0,0%;;"";;SYNTHÉO SECURITIZADORA DE CRÉDITOS S.A.;AMFI COMPANHIA SECURITIZADORA DE CREDITOS FINANCEIROS I SA;Oferta Pública;Duplicata;Produto Encerrado
Chronos Unitoken #1;Unitoken;25/03/2025;-112;R$ 0,00;R$ 0,00;R$ 0,00;R$ 0,00;R$ 0,00;;;R$ 0,00;;;;0,0%;;"";;CHRONOS SECURITIZADORA S/A;AMFI COMPANHIA SECURITIZADORA DE CREDITOS FINANCEIROS I SA;Oferta Pública;Duplicata;Produto Encerrado
Conecta Lá Unitoken #74;Unitoken;25/03/2025;-112;R$ 0,00;R$ 14,82;R$ 0,00;R$ 0,00;R$ 0,00;;R$ 0,00;R$ 0,00;;;;0,0%;;"";;FULL NINE DIGITAL CONSULTORIA S.A.;AMFI COMPANHIA SECURITIZADORA DE CREDITOS FINANCEIROS I SA;Oferta Pública;Duplicata;Produto Encerrado
Click Antecipa Unitoken #74;Unitoken;26/03/2025;-111;R$ 0,00;R$ 2,73;R$ 0,00;R$ 0,00;R$ 0,00;;R$ 0,00;R$ 0,00;;;;0,0%;;"";;CLICK SECURITIZADORA S.A.;AMFI COMPANHIA SECURITIZADORA DE CREDITOS FINANCEIROS I SA;Oferta Pública;Duplicata;Produto Encerrado
Click Antecipa Unitoken #91;Unitoken;26/03/2025;-111;R$ 0,00;R$ 0,00;R$ 0,00;R$ 0,00;R$ 0,00;;;R$ 0,00;;;;0,0%;;"";;CLICK SECURITIZADORA S.A.;AMFI COMPANHIA SECURITIZADORA DE CREDITOS FINANCEIROS I SA;Oferta Pública;Duplicata;Produto Encerrado
DS Unitoken #45;Unitoken;27/03/2025;-110;R$ 78.000,00;R$ 83.689,67;R$ 0,00;R$ 78.000,00;R$ 0,00;;R$ 0,93;R$ 0,00;;;100,0%;0,0%;1,5%;"";;DS SECURITIZADORA S/A;AMFI COMPANHIA SECURITIZADORA DE CREDITOS FINANCEIROS I SA;Oferta Pública;Duplicata;Captação finalizada
Lebasq Unitoken #34;Unitoken;28/03/2025;-109;R$ 0,00;R$ 5,36;R$ 0,00;R$ 0,00;R$ 0,00;;R$ 0,00;R$ 0,00;;;;0,0%;;"";;LEBASQ SECURITIZAÇÃO DE CRÉDITOS SA;AMFI COMPANHIA SECURITIZADORA DE CREDITOS FINANCEIROS I SA;Oferta Pública;Duplicata;Produto Encerrado
Sirius Unitoken #2;Unitoken;28/03/2025;-109;R$ 0,00;R$ 9,93;R$ 0,00;R$ 0,00;R$ 0,00;;R$ 0,00;R$ 0,00;;;;0,0%;;"";;Sirius Securitizadora S.A;AMFI COMPANHIA SECURITIZADORA DE CREDITOS FINANCEIROS I SA;Oferta Pública;Duplicata;Produto Encerrado
Sirius Unitoken #4;Unitoken;28/03/2025;-109;R$ 0,00;R$ 9,69;R$ 0,00;R$ 0,00;R$ 0,00;;R$ 0,00;R$ 0,00;;;;0,0%;;"";;Sirius Securitizadora S.A;AMFI COMPANHIA SECURITIZADORA DE CREDITOS FINANCEIROS I SA;Oferta Pública;Duplicata;Produto Encerrado
OUB CAPITAL Unitoken #2;Unitoken;29/03/2025;-108;R$ 0,00;R$ 43,26;R$ 0,00;R$ 0,00;R$ 0,00;;R$ 0,00;R$ 0,00;;;;0,0%;;"";;OUB CAPITAL SA;AMFI COMPANHIA SECURITIZADORA DE CREDITOS FINANCEIROS I SA;Oferta Pública;Duplicata;Produto Encerrado
Click Antecipa Unitoken #76;Unitoken;29/03/2025;-108;R$ 0,00;R$ 11,88;R$ 0,00;R$ 0,00;R$ 0,00;;R$ 0,00;R$ 0,00;;;;0,0%;;"";;CLICK SECURITIZADORA S.A.;AMFI COMPANHIA SECURITIZADORA DE CREDITOS FINANCEIROS I SA;Oferta Pública;Duplicata;Produto Encerrado
Syntheo Unitoken #47;Unitoken;31/03/2025;-106;R$ 0,00;R$ 0,00;R$ 0,00;R$ 0,00;R$ 0,00;;;R$ 0,00;;;;0,0%;;"";;SYNTHÉO SECURITIZADORA DE CRÉDITOS S.A.;AMFI COMPANHIA SECURITIZADORA DE CREDITOS FINANCEIROS I SA;Oferta Pública;Duplicata;Produto Encerrado
C4 Unitoken #42;Unitoken;31/03/2025;-106;R$ 0,00;R$ 0,00;R$ 0,00;R$ 0,00;R$ 0,00;;;R$ 0,00;;;;0,0%;;"";;C4 CAPITAL SECURITIZADORA S/A;AMFI COMPANHIA SECURITIZADORA DE CREDITOS FINANCEIROS I SA;Oferta Pública;Duplicata;Produto Encerrado
Formento Unitoken #48;Unitoken;31/03/2025;-106;R$ 0,00;R$ 43,49;R$ 0,00;R$ 0,00;R$ 0,00;;R$ 0,00;R$ 0,00;;;;0,0%;;"";;Formento Securitizadora S.A.;AMFI COMPANHIA SECURITIZADORA DE CREDITOS FINANCEIROS I SA;Oferta Pública;Duplicata;Produto Encerrado
Formento Unitoken #50;Unitoken;01/04/2025;-105;R$ 0,00;R$ 0,53;R$ 0,00;R$ 0,00;R$ 0,00;;R$ 0,00;R$ 0,00;;;;0,0%;;"";;Formento Securitizadora S.A.;AMFI COMPANHIA SECURITIZADORA DE CREDITOS FINANCEIROS I SA;Oferta Pública;Duplicata;Produto Encerrado
Chronos Unitoken #3;Unitoken;01/04/2025;-105;R$ 0,00;R$ 0,00;R$ 0,00;R$ 0,00;R$ 0,00;;;R$ 0,00;;;;0,0%;;"";;CHRONOS SECURITIZADORA S/A;AMFI COMPANHIA SECURITIZADORA DE CREDITOS FINANCEIROS I SA;Oferta Pública;Duplicata;Produto Encerrado
Baru Unitoken #5;Unitoken;01/04/2025;-105;R$ 0,00;R$ 0,00;R$ 0,00;R$ 0,00;R$ 0,00;;;R$ 0,00;;;;0,0%;;"";;GRIFFIN CAPITAL S.A. SECURITIZADORA;AMFI COMPANHIA SECURITIZADORA DE CREDITOS FINANCEIROS I SA;Oferta Pública;Duplicata;Produto Encerrado
Dinie Pool #1;Pool;01/04/2025;-105;R$ 0,02;R$ 0,01;R$ 0,01;R$ 0,00;R$ 0,02;R$ 0,00;R$ 0,00;R$ 0,00;100,0%;20,0%;;0,0%;;Prazo máximo por ativo (dias), Concentração máx por sacado;;DINIE CORRESPONDENTE BANCÁRIO E MEIOS DE PAGAMENTOS LTDA;AMFI COMPANHIA SECURITIZADORA DE CREDITOS FINANCEIROS I SA;Oferta Pública;CCB;Produto Encerrado
Learnbase Unitoken #41;Unitoken;01/04/2025;-105;R$ 0,00;R$ 0,00;R$ 0,00;R$ 0,00;R$ 0,00;;;R$ 0,00;;;;0,0%;;"";;Learnbase Gestão e Consultoria Educacional S.A.;AMFI COMPANHIA SECURITIZADORA DE CREDITOS FINANCEIROS I SA;Oferta Pública;Duplicata;Produto Encerrado
Chronos Unitoken #2;Unitoken;01/04/2025;-105;R$ 0,00;R$ 0,00;R$ 0,00;R$ 0,00;R$ 0,00;;;R$ 0,00;;;;0,0%;;"";;CHRONOS SECURITIZADORA S/A;AMFI COMPANHIA SECURITIZADORA DE CREDITOS FINANCEIROS I SA;Oferta Pública;Duplicata;Produto Encerrado
Syntheo Unitoken #46;Unitoken;01/04/2025;-105;R$ 0,00;R$ 3,95;R$ 0,00;R$ 0,00;R$ 0,00;;R$ 0,00;R$ 0,00;;;;0,0%;;"";;SYNTHÉO SECURITIZADORA DE CRÉDITOS S.A.;AMFI COMPANHIA SECURITIZADORA DE CREDITOS FINANCEIROS I SA;Oferta Pública;Duplicata;Produto Encerrado
Syntheo Unitoken #49;Unitoken;02/04/2025;-104;R$ 0,00;R$ 6,53;R$ 0,00;R$ 0,00;R$ 0,00;;R$ 0,00;R$ 0,00;;;;0,0%;;"";;SYNTHÉO SECURITIZADORA DE CRÉDITOS S.A.;AMFI COMPANHIA SECURITIZADORA DE CREDITOS FINANCEIROS I SA;Oferta Pública;Duplicata;Produto Encerrado
OUB CAPITAL Unitoken #4;Unitoken;02/04/2025;-104;R$ 0,00;R$ 12,03;R$ 0,00;R$ 0,00;R$ 0,00;;R$ 0,00;R$ 0,00;;;;0,0%;;"";;OUB CAPITAL SA;AMFI COMPANHIA SECURITIZADORA DE CREDITOS FINANCEIROS I SA;Oferta Pública;Duplicata;Produto Encerrado
Click Antecipa Unitoken #95;Unitoken;03/04/2025;-103;R$ 0,00;R$ 0,00;R$ 0,00;R$ 0,00;R$ 0,00;;;R$ 0,00;;;;0,0%;;"";;CLICK SECURITIZADORA S.A.;AMFI COMPANHIA SECURITIZADORA DE CREDITOS FINANCEIROS I SA;Oferta Pública;Duplicata;Produto Encerrado
Descontanet Unitoken #3;Unitoken;04/04/2025;-102;R$ 0,00;R$ 0,00;R$ 0,00;R$ 0,00;R$ 0,00;;;R$ 0,00;;;;0,0%;;"";;DESCONTANET SECURITIZADORA S.A.;AMFI COMPANHIA SECURITIZADORA DE CREDITOS FINANCEIROS I SA;Oferta Pública;Duplicata;Produto Encerrado
Syntheo Unitoken #50;Unitoken;04/04/2025;-102;R$ 0,00;R$ 1,52;R$ 0,00;R$ 0,00;R$ 0,00;;R$ 0,00;R$ 0,00;;;;0,0%;;"";;SYNTHÉO SECURITIZADORA DE CRÉDITOS S.A.;AMFI COMPANHIA SECURITIZADORA DE CREDITOS FINANCEIROS I SA;Oferta Pública;Duplicata;Produto Encerrado
OUB CAPITAL Unitoken #8;Unitoken;04/04/2025;-102;R$ 0,00;R$ 20,79;R$ 0,00;R$ 0,00;R$ 0,00;;R$ 0,00;R$ 0,00;;;;0,0%;;"";;OUB CAPITAL SA;AMFI COMPANHIA SECURITIZADORA DE CREDITOS FINANCEIROS I SA;Oferta Pública;Duplicata;Produto Encerrado
Conecta Lá Unitoken #99;Unitoken;04/04/2025;-102;R$ 0,00;R$ 0,00;R$ 0,00;R$ 0,00;R$ 0,00;;;R$ 0,00;;;;0,0%;;"";;FULL NINE DIGITAL CONSULTORIA S.A.;AMFI COMPANHIA SECURITIZADORA DE CREDITOS FINANCEIROS I SA;Oferta Pública;Duplicata;Produto Encerrado
Conecta Lá Unitoken #98;Unitoken;04/04/2025;-102;R$ 0,00;R$ 0,00;R$ 0,00;R$ 0,00;R$ 0,00;;;R$ 0,00;;;;0,0%;;"";;FULL NINE DIGITAL CONSULTORIA S.A.;AMFI COMPANHIA SECURITIZADORA DE CREDITOS FINANCEIROS I SA;Oferta Pública;Duplicata;Produto Encerrado
Click Antecipa Unitoken #80;Unitoken;07/04/2025;-99;R$ 0,00;R$ 16,12;R$ 0,00;R$ 0,00;R$ 0,00;;R$ 0,00;R$ 0,00;;;;0,0%;;"";;CLICK SECURITIZADORA S.A.;AMFI COMPANHIA SECURITIZADORA DE CREDITOS FINANCEIROS I SA;Oferta Pública;Duplicata;Produto Encerrado
Conecta Lá Unitoken #93;Unitoken;07/04/2025;-99;R$ 0,00;R$ 0,09;R$ 0,00;R$ 0,00;R$ 0,00;;R$ 0,00;R$ 0,00;;;;0,0%;;"";;FULL NINE DIGITAL CONSULTORIA S.A.;AMFI COMPANHIA SECURITIZADORA DE CREDITOS FINANCEIROS I SA;Oferta Pública;Duplicata;Produto Encerrado
Conecta Lá Unitoken #96;Unitoken;07/04/2025;-99;R$ 0,00;R$ 0,00;R$ 0,00;R$ 0,00;R$ 0,00;;;R$ 0,00;;;;0,0%;;"";;FULL NINE DIGITAL CONSULTORIA S.A.;AMFI COMPANHIA SECURITIZADORA DE CREDITOS FINANCEIROS I SA;Oferta Pública;Duplicata;Produto Encerrado
Conecta Lá Unitoken #101;Unitoken;07/04/2025;-99;R$ 0,00;R$ 0,08;R$ 0,00;R$ 0,00;R$ 0,00;;R$ 0,00;R$ 0,00;;;;0,0%;;"";;FULL NINE DIGITAL CONSULTORIA S.A.;AMFI COMPANHIA SECURITIZADORA DE CREDITOS FINANCEIROS I SA;Oferta Pública;Duplicata;Produto Encerrado
Descontanet Unitoken #4;Unitoken;07/04/2025;-99;R$ 0,00;R$ 178,73;R$ 0,00;R$ 0,00;R$ 0,00;;R$ 0,00;R$ 0,00;;;;0,0%;;"";;DESCONTANET SECURITIZADORA S.A.;AMFI COMPANHIA SECURITIZADORA DE CREDITOS FINANCEIROS I SA;Oferta Pública;Duplicata;Produto Encerrado
Conecta Lá Unitoken #91;Unitoken;07/04/2025;-99;R$ 0,00;R$ 0,04;R$ 0,00;R$ 0,00;R$ 0,00;;R$ 0,00;R$ 0,00;;;;0,0%;;"";;FULL NINE DIGITAL CONSULTORIA S.A.;AMFI COMPANHIA SECURITIZADORA DE CREDITOS FINANCEIROS I SA;Oferta Pública;Duplicata;Produto Encerrado
Formento Unitoken #45;Unitoken;08/04/2025;-98;R$ 0,00;R$ 39,25;R$ 0,00;R$ 0,00;R$ 0,00;;R$ 0,00;R$ 0,00;;;;0,0%;;"";;Formento Securitizadora S.A.;AMFI COMPANHIA SECURITIZADORA DE CREDITOS FINANCEIROS I SA;Oferta Pública;Duplicata;Produto Encerrado
Syntheo Unitoken #54;Unitoken;08/04/2025;-98;R$ 0,00;R$ 13,52;R$ 0,00;R$ 0,00;R$ 0,00;;R$ 0,00;R$ 0,00;;;;0,0%;;"";;SYNTHÉO SECURITIZADORA DE CRÉDITOS S.A.;AMFI COMPANHIA SECURITIZADORA DE CREDITOS FINANCEIROS I SA;Oferta Pública;Duplicata;Produto Encerrado
Syntheo Unitoken #52;Unitoken;08/04/2025;-98;R$ 0,00;R$ 7,09;R$ 0,00;R$ 0,00;R$ 0,00;;R$ 0,00;R$ 0,00;;;;0,0%;;"";;SYNTHÉO SECURITIZADORA DE CRÉDITOS S.A.;AMFI COMPANHIA SECURITIZADORA DE CREDITOS FINANCEIROS I SA;Oferta Pública;Duplicata;Produto Encerrado
Syntheo Unitoken #56;Unitoken;08/04/2025;-98;R$ 0,00;R$ 1,49;R$ 0,00;R$ 0,00;R$ 0,00;;R$ 0,00;R$ 0,00;;;;0,0%;;"";;SYNTHÉO SECURITIZADORA DE CRÉDITOS S.A.;AMFI COMPANHIA SECURITIZADORA DE CREDITOS FINANCEIROS I SA;Oferta Pública;Duplicata;Produto Encerrado
Formento Unitoken #52;Unitoken;08/04/2025;-98;R$ 0,00;R$ 34,21;R$ 0,00;R$ 0,00;R$ 0,00;;R$ 0,00;R$ 0,00;;;;0,0%;;"";;Formento Securitizadora S.A.;AMFI COMPANHIA SECURITIZADORA DE CREDITOS FINANCEIROS I SA;Oferta Pública;Duplicata;Produto Encerrado
a55 payments Unitoken #1;Unitoken;09/04/2025;-97;R$ 0,00;R$ 0,00;R$ 0,00;R$ 0,00;R$ 0,00;;;R$ 0,00;;;;0,0%;;"";;A55 PAYMENTS LTDA;AMFI COMPANHIA SECURITIZADORA DE CREDITOS FINANCEIROS I SA;Oferta Pública;Recebível de Cartão;Produto Encerrado
Syntheo Unitoken #53;Unitoken;09/04/2025;-97;R$ 0,00;R$ 0,04;R$ 0,00;R$ 0,00;R$ 0,00;;R$ 0,00;R$ 0,00;;;;0,0%;;"";;SYNTHÉO SECURITIZADORA DE CRÉDITOS S.A.;AMFI COMPANHIA SECURITIZADORA DE CREDITOS FINANCEIROS I SA;Oferta Pública;Duplicata;Produto Encerrado
Syntheo Unitoken #60;Unitoken;09/04/2025;-97;R$ 0,00;R$ 0,00;R$ 0,00;R$ 0,00;R$ 0,00;;;R$ 0,00;;;;0,0%;;"";;SYNTHÉO SECURITIZADORA DE CRÉDITOS S.A.;AMFI COMPANHIA SECURITIZADORA DE CREDITOS FINANCEIROS I SA;Oferta Pública;Duplicata;Produto Encerrado
Conecta Lá Unitoken #105;Unitoken;10/04/2025;-96;R$ 0,00;R$ 0,00;R$ 0,00;R$ 0,00;R$ 0,00;;;R$ 0,00;;;;0,0%;;"";;FULL NINE DIGITAL CONSULTORIA S.A.;AMFI COMPANHIA SECURITIZADORA DE CREDITOS FINANCEIROS I SA;Oferta Pública;Duplicata;Produto Encerrado
Grana.ai Unitoken #1;Unitoken;10/04/2025;-96;R$ 0,00;R$ 37,26;R$ 0,00;R$ 0,00;R$ 0,00;;R$ 0,00;R$ 0,00;;;;0,0%;;"";;GRANA.AI TECNOLOGIA LTDA;AMFI COMPANHIA SECURITIZADORA DE CREDITOS FINANCEIROS I SA;Oferta Pública;Recebível de Cartão;Produto Encerrado
Conecta Lá Unitoken #100;Unitoken;10/04/2025;-96;R$ 0,00;R$ 0,00;R$ 0,00;R$ 0,00;R$ 0,00;;;R$ 0,00;;;;0,0%;;"";;FULL NINE DIGITAL CONSULTORIA S.A.;AMFI COMPANHIA SECURITIZADORA DE CREDITOS FINANCEIROS I SA;Oferta Pública;Duplicata;Produto Encerrado
Sirius Unitoken #3;Unitoken;11/04/2025;-95;R$ 0,00;R$ 0,00;R$ 0,00;R$ 0,00;R$ 0,00;;;R$ 0,00;;;;0,0%;;"";;Sirius Securitizadora S.A;AMFI COMPANHIA SECURITIZADORA DE CREDITOS FINANCEIROS I SA;Oferta Pública;Duplicata;Produto Encerrado
Lebasq Unitoken #23;Unitoken;13/04/2025;-93;R$ 0,00;R$ 1,83;R$ 0,00;R$ 0,00;R$ 0,00;;R$ 0,00;R$ 0,00;;;;0,0%;;"";;LEBASQ SECURITIZAÇÃO DE CRÉDITOS SA;AMFI COMPANHIA SECURITIZADORA DE CREDITOS FINANCEIROS I SA;Oferta Pública;Duplicata;Produto Encerrado
Syntheo Unitoken #55;Unitoken;14/04/2025;-92;R$ 0,00;R$ 6,75;R$ 0,00;R$ 0,00;R$ 0,00;;R$ 0,00;R$ 0,00;;;;0,0%;;"";;SYNTHÉO SECURITIZADORA DE CRÉDITOS S.A.;AMFI COMPANHIA SECURITIZADORA DE CREDITOS FINANCEIROS I SA;Oferta Pública;Duplicata;Produto Encerrado
Fintrust  Unitoken #2;Unitoken;14/04/2025;-92;R$ 0,00;R$ 18,69;R$ 0,00;R$ 0,00;R$ 0,00;;R$ 0,00;R$ 0,00;;;;0,0%;;"";;Fintrust Securitizadora;AMFI COMPANHIA SECURITIZADORA DE CREDITOS FINANCEIROS I SA;Oferta Pública;Duplicata;Produto Encerrado
Formento Unitoken #62;Unitoken;14/04/2025;-92;R$ 0,00;R$ 0,00;R$ 0,00;R$ 0,00;R$ 0,00;;;R$ 0,00;;;;0,0%;;"";;Formento Securitizadora S.A.;AMFI COMPANHIA SECURITIZADORA DE CREDITOS FINANCEIROS I SA;Oferta Pública;Duplicata;Produto Encerrado
Conecta Lá Unitoken #102;Unitoken;15/04/2025;-91;R$ 0,00;R$ 0,00;R$ 0,00;R$ 0,00;R$ 0,00;;;R$ 0,00;;;;0,0%;;"";;FULL NINE DIGITAL CONSULTORIA S.A.;AMFI COMPANHIA SECURITIZADORA DE CREDITOS FINANCEIROS I SA;Oferta Pública;Duplicata;Produto Encerrado
Conecta Lá Unitoken #90;Unitoken;15/04/2025;-91;R$ 0,00;R$ 0,00;R$ 0,00;R$ 0,00;R$ 0,00;;;R$ 0,00;;;;0,0%;;"";;FULL NINE DIGITAL CONSULTORIA S.A.;AMFI COMPANHIA SECURITIZADORA DE CREDITOS FINANCEIROS I SA;Oferta Pública;Duplicata;Produto Encerrado
Faighus Unitoken #9;Unitoken;15/04/2025;-91;R$ 0,00;R$ 0,04;R$ 0,00;R$ 0,00;R$ 0,00;;R$ 0,00;R$ 0,00;;;;0,0%;;"";;FAIGHUS SECURITIZADORA S.A.;AMFI COMPANHIA SECURITIZADORA DE CREDITOS FINANCEIROS I SA;Oferta Pública;Duplicata;Produto Encerrado
AFA CONSULTORIA DE CREDITO Unitoken #36;Unitoken;16/04/2025;-90;R$ 0,00;R$ 54,37;R$ 0,00;R$ 0,00;R$ 0,00;;R$ 0,00;R$ 0,00;;;;0,0%;;"";;AFA CONSULTORIA DE CREDITO UNIPESSOAL LTDA;AMFI COMPANHIA SECURITIZADORA DE CREDITOS FINANCEIROS I SA;Oferta Pública;Duplicata;Produto Encerrado
BRL Unitoken #1;Unitoken;16/04/2025;-90;R$ 0,00;R$ 0,00;R$ 0,00;R$ 0,00;R$ 0,00;;;R$ 0,00;;;;0,0%;;"";;BRL SECURITIZADORA S.A;AMFI COMPANHIA SECURITIZADORA DE CREDITOS FINANCEIROS I SA;Oferta Pública;Duplicata;Produto Encerrado
Formento Unitoken #53;Unitoken;16/04/2025;-90;R$ 0,00;R$ 29,59;R$ 0,00;R$ 0,00;R$ 0,00;;R$ 0,00;R$ 0,00;;;;0,0%;;"";;Formento Securitizadora S.A.;AMFI COMPANHIA SECURITIZADORA DE CREDITOS FINANCEIROS I SA;Oferta Pública;Duplicata;Produto Encerrado
Click Antecipa Unitoken #90;Unitoken;17/04/2025;-89;R$ 0,00;R$ 0,04;R$ 0,00;R$ 0,00;R$ 0,00;;R$ 0,00;R$ 0,00;;;;0,0%;;"";;CLICK SECURITIZADORA S.A.;AMFI COMPANHIA SECURITIZADORA DE CREDITOS FINANCEIROS I SA;Oferta Pública;Duplicata;Produto Encerrado
Syntheo Unitoken #58;Unitoken;17/04/2025;-89;R$ 0,00;R$ 0,00;R$ 0,00;R$ 0,00;R$ 0,00;;;R$ 0,00;;;;0,0%;;"";;SYNTHÉO SECURITIZADORA DE CRÉDITOS S.A.;AMFI COMPANHIA SECURITIZADORA DE CREDITOS FINANCEIROS I SA;Oferta Pública;Duplicata;Produto Encerrado
Plin Pool #1;Pool;19/04/2025;-87;R$ 0,00;;;R$ 0,00;;R$ 30.000,00;;R$ 0,00;;20,0%;;0,0%;;"";;GARANTIZA SOLUCOES FINANCEIRAS LTDA;AMFI REPRESENTAÇÃO OPERACIONAL LTDA;Oferta Pública;Duplicata;Pré-captação
Lebasq Unitoken #24 [Cancelado];Unitoken;21/04/2025;-85;R$ 0,00;;;R$ 0,00;;;;R$ 0,00;;;;0,0%;;"";;LEBASQ SECURITIZAÇÃO DE CRÉDITOS SA;AMFI COMPANHIA SECURITIZADORA DE CREDITOS FINANCEIROS I SA;Oferta Pública;Duplicata;Produto Encerrado
Lebasq Unitoken #25;Unitoken;21/04/2025;-85;R$ 0,00;R$ 2,45;R$ 0,00;R$ 0,00;R$ 0,00;;R$ 0,00;R$ 0,00;;;;0,0%;;"";;LEBASQ SECURITIZAÇÃO DE CRÉDITOS SA;AMFI COMPANHIA SECURITIZADORA DE CREDITOS FINANCEIROS I SA;Oferta Pública;Duplicata;Produto Encerrado
Conecta Lá Unitoken #118;Unitoken;22/04/2025;-84;R$ 0,00;R$ 0,00;R$ 0,00;R$ 0,00;R$ 0,00;;;R$ 0,00;;;;0,0%;;"";;FULL NINE DIGITAL CONSULTORIA S.A.;AMFI COMPANHIA SECURITIZADORA DE CREDITOS FINANCEIROS I SA;Oferta Pública;Duplicata;Produto Encerrado
Conecta Lá Unitoken #126;Unitoken;22/04/2025;-84;R$ 0,00;R$ 16,27;R$ 0,00;R$ 0,00;R$ 0,00;;R$ 0,00;R$ 0,00;;;;0,0%;;"";;FULL NINE DIGITAL CONSULTORIA S.A.;AMFI COMPANHIA SECURITIZADORA DE CREDITOS FINANCEIROS I SA;Oferta Pública;Duplicata;Produto Encerrado
Click Antecipa Unitoken #85;Unitoken;22/04/2025;-84;R$ 0,00;R$ 0,18;R$ 0,00;R$ 0,00;R$ 0,00;;R$ 0,00;R$ 0,00;;;;0,0%;;"";;CLICK SECURITIZADORA S.A.;AMFI COMPANHIA SECURITIZADORA DE CREDITOS FINANCEIROS I SA;Oferta Pública;Duplicata;Produto Encerrado
Conecta Lá Unitoken #120;Unitoken;22/04/2025;-84;R$ 0,00;R$ 0,00;R$ 0,00;R$ 0,00;R$ 0,00;;;R$ 0,00;;;;0,0%;;"";;FULL NINE DIGITAL CONSULTORIA S.A.;AMFI COMPANHIA SECURITIZADORA DE CREDITOS FINANCEIROS I SA;Oferta Pública;Duplicata;Produto Encerrado
Fintrust  Unitoken #4;Unitoken;22/04/2025;-84;R$ 0,00;R$ 0,00;R$ 0,00;R$ 0,00;R$ 0,00;;;R$ 0,00;;;;0,0%;;"";;Fintrust Securitizadora;AMFI COMPANHIA SECURITIZADORA DE CREDITOS FINANCEIROS I SA;Oferta Pública;Duplicata;Produto Encerrado
Syntheo Unitoken #57;Unitoken;22/04/2025;-84;R$ 0,00;R$ 0,00;R$ 0,00;R$ 0,00;R$ 0,00;;;R$ 0,00;;;;0,0%;;"";;SYNTHÉO SECURITIZADORA DE CRÉDITOS S.A.;AMFI COMPANHIA SECURITIZADORA DE CREDITOS FINANCEIROS I SA;Oferta Pública;Duplicata;Produto Encerrado
Grana.ai Unitoken #2;Unitoken;22/04/2025;-84;R$ 0,34;R$ 8,65;R$ 0,00;R$ 0,00;R$ 0,00;;R$ 0,00;R$ 0,00;;;;0,0%;;"";;GRANA.AI TECNOLOGIA LTDA;AMFI COMPANHIA SECURITIZADORA DE CREDITOS FINANCEIROS I SA;Oferta Pública;Recebível de Cartão;Produto Encerrado
Click Antecipa Unitoken #96;Unitoken;22/04/2025;-84;R$ 0,00;R$ 5,94;R$ 0,00;R$ 0,00;R$ 0,00;;R$ 0,00;R$ 0,00;;;;0,0%;;"";;CLICK SECURITIZADORA S.A.;AMFI COMPANHIA SECURITIZADORA DE CREDITOS FINANCEIROS I SA;Oferta Pública;Duplicata;Produto Encerrado
Conecta Lá Unitoken #88;Unitoken;22/04/2025;-84;R$ 0,00;R$ 0,00;R$ 0,00;R$ 0,00;R$ 0,00;;;R$ 0,00;;;;0,0%;;"";;FULL NINE DIGITAL CONSULTORIA S.A.;AMFI COMPANHIA SECURITIZADORA DE CREDITOS FINANCEIROS I SA;Oferta Pública;Duplicata;Produto Encerrado
Fintrust  Unitoken #1;Unitoken;22/04/2025;-84;R$ 0,00;R$ 13,93;R$ 0,00;R$ 0,00;R$ 0,00;;R$ 0,00;R$ 0,00;;;;0,0%;;"";;Fintrust Securitizadora;AMFI COMPANHIA SECURITIZADORA DE CREDITOS FINANCEIROS I SA;Oferta Pública;Duplicata;Produto Encerrado
Formento Unitoken #76;Unitoken;22/04/2025;-84;R$ 0,00;R$ 45,92;R$ 0,00;R$ 0,00;R$ 0,00;;R$ 0,00;R$ 0,00;;;;0,0%;;"";;Formento Securitizadora S.A.;AMFI COMPANHIA SECURITIZADORA DE CREDITOS FINANCEIROS I SA;Oferta Pública;Duplicata;Produto Encerrado
Formento Unitoken #70;Unitoken;22/04/2025;-84;R$ 0,00;R$ 8,94;R$ 0,00;R$ 0,00;R$ 0,00;;R$ 0,00;R$ 0,00;;;;0,0%;;"";;Formento Securitizadora S.A.;AMFI COMPANHIA SECURITIZADORA DE CREDITOS FINANCEIROS I SA;Oferta Pública;Duplicata;Produto Encerrado
Lebasq Unitoken #22;Unitoken;23/04/2025;-83;R$ 0,00;R$ 18,63;R$ 0,00;R$ 0,00;R$ 0,00;;R$ 0,00;R$ 0,00;;;;0,0%;;"";;LEBASQ SECURITIZAÇÃO DE CRÉDITOS SA;AMFI COMPANHIA SECURITIZADORA DE CREDITOS FINANCEIROS I SA;Oferta Pública;Duplicata;Produto Encerrado
Fintrust  Unitoken #3;Unitoken;23/04/2025;-83;R$ 0,00;R$ 4,58;R$ 0,00;R$ 0,00;R$ 0,00;;R$ 0,00;R$ 0,00;;;;0,0%;;"";;Fintrust Securitizadora;AMFI COMPANHIA SECURITIZADORA DE CREDITOS FINANCEIROS I SA;Oferta Pública;Duplicata;Produto Encerrado
Valorem Unitoken #38;Unitoken;23/04/2025;-83;R$ 0,00;R$ 0,00;R$ 0,00;R$ 0,00;R$ 0,00;;;R$ 0,00;;;;0,0%;;"";;Valorem Soluções Financeiras S.A;AMFI COMPANHIA SECURITIZADORA DE CREDITOS FINANCEIROS I SA;Oferta Pública;Duplicata;Produto Encerrado
Valorem Unitoken #37;Unitoken;23/04/2025;-83;R$ 0,00;R$ 0,00;R$ 0,00;R$ 0,00;R$ 0,00;;;R$ 0,00;;;;0,0%;;"";;Valorem Soluções Financeiras S.A;AMFI COMPANHIA SECURITIZADORA DE CREDITOS FINANCEIROS I SA;Oferta Pública;Duplicata;Produto Encerrado
Faighus Unitoken #10;Unitoken;23/04/2025;-83;R$ 0,00;R$ 0,06;R$ 0,00;R$ 0,00;R$ 0,00;;R$ 0,00;R$ 0,00;;;;0,0%;;"";;FAIGHUS SECURITIZADORA S.A.;AMFI COMPANHIA SECURITIZADORA DE CREDITOS FINANCEIROS I SA;Oferta Pública;Duplicata;Produto Encerrado
Baru Unitoken #3;Unitoken;24/04/2025;-82;R$ 0,00;R$ 0,00;R$ 0,00;R$ 0,00;R$ 0,00;;;R$ 0,00;;;;0,0%;;"";;GRIFFIN CAPITAL S.A. SECURITIZADORA;AMFI COMPANHIA SECURITIZADORA DE CREDITOS FINANCEIROS I SA;Oferta Pública;Duplicata;Produto Encerrado
Syntheo Unitoken #59;Unitoken;24/04/2025;-82;R$ 0,00;R$ 0,01;R$ 0,00;R$ 0,00;R$ 0,00;;R$ 0,00;R$ 0,00;;;;0,0%;;"";;SYNTHÉO SECURITIZADORA DE CRÉDITOS S.A.;AMFI COMPANHIA SECURITIZADORA DE CREDITOS FINANCEIROS I SA;Oferta Pública;Duplicata;Produto Encerrado
Conecta Lá Unitoken #27;Unitoken;24/04/2025;-82;R$ 0,00;R$ 0,00;R$ 0,00;R$ 0,00;R$ 0,00;;;R$ 0,00;;;;0,0%;;"";;FULL NINE DIGITAL CONSULTORIA S.A.;AMFI COMPANHIA SECURITIZADORA DE CREDITOS FINANCEIROS I SA;;Duplicata;
Baru Unitoken #2;Unitoken;24/04/2025;-82;R$ 0,00;R$ 0,00;R$ 0,00;R$ 0,00;R$ 0,00;;;R$ 0,00;;;;0,0%;;"";;GRIFFIN CAPITAL S.A. SECURITIZADORA;AMFI COMPANHIA SECURITIZADORA DE CREDITOS FINANCEIROS I SA;Oferta Pública;Duplicata;Produto Encerrado
Syntheo Unitoken #69;Unitoken;24/04/2025;-82;R$ 0,00;R$ 0,05;R$ 0,00;R$ 0,00;R$ 0,00;;R$ 0,00;R$ 0,00;;;;0,0%;;"";;SYNTHÉO SECURITIZADORA DE CRÉDITOS S.A.;AMFI COMPANHIA SECURITIZADORA DE CREDITOS FINANCEIROS I SA;Oferta Pública;Duplicata;Produto Encerrado
Conecta Lá Unitoken #125;Unitoken;24/04/2025;-82;R$ 0,00;R$ 16,86;R$ 0,00;R$ 0,00;R$ 0,00;;R$ 0,00;R$ 0,00;;;;0,0%;;"";;FULL NINE DIGITAL CONSULTORIA S.A.;AMFI COMPANHIA SECURITIZADORA DE CREDITOS FINANCEIROS I SA;Oferta Pública;Duplicata;Produto Encerrado
Grana.ai Unitoken #3;Unitoken;24/04/2025;-82;R$ 0,00;R$ 7,50;R$ 0,00;R$ 0,00;R$ 0,00;;R$ 0,00;R$ 0,00;;;;0,0%;;"";;GRANA.AI TECNOLOGIA LTDA;AMFI COMPANHIA SECURITIZADORA DE CREDITOS FINANCEIROS I SA;Oferta Pública;Recebível de Cartão;Produto Encerrado
AFA CONSULTORIA DE CREDITO Unitoken #4;Unitoken;24/04/2025;-82;R$ 0,00;R$ 63,75;R$ 0,00;R$ 0,00;R$ 0,00;;R$ 0,00;R$ 0,00;;;;0,0%;;"";;AFA CONSULTORIA DE CREDITO UNIPESSOAL LTDA;AMFI COMPANHIA SECURITIZADORA DE CREDITOS FINANCEIROS I SA;Oferta Pública;Duplicata;Produto Encerrado
Conecta Lá Unitoken #24;Unitoken;24/04/2025;-82;R$ 0,00;R$ 0,00;R$ 0,00;R$ 0,00;R$ 0,00;;;R$ 0,00;;;;0,0%;;"";;FULL NINE DIGITAL CONSULTORIA S.A.;AMFI COMPANHIA SECURITIZADORA DE CREDITOS FINANCEIROS I SA;;Duplicata;
Formento Unitoken #55;Unitoken;25/04/2025;-81;R$ 0,00;R$ 33,65;R$ 0,00;R$ 0,00;R$ 0,00;;R$ 0,00;R$ 0,00;;;;0,0%;;"";;Formento Securitizadora S.A.;AMFI COMPANHIA SECURITIZADORA DE CREDITOS FINANCEIROS I SA;Oferta Pública;Duplicata;Produto Encerrado
Sirius Unitoken #5;Unitoken;25/04/2025;-81;R$ 0,00;R$ 0,00;R$ 0,00;R$ 0,00;R$ 0,00;;;R$ 0,00;;;;0,0%;;"";;Sirius Securitizadora S.A;AMFI COMPANHIA SECURITIZADORA DE CREDITOS FINANCEIROS I SA;Oferta Pública;Duplicata;Produto Encerrado
Click Antecipa Unitoken #93;Unitoken;28/04/2025;-78;R$ 0,00;R$ 0,09;R$ 0,00;R$ 0,00;R$ 0,00;;R$ 0,00;R$ 0,00;;;;0,0%;;"";;CLICK SECURITIZADORA S.A.;AMFI COMPANHIA SECURITIZADORA DE CREDITOS FINANCEIROS I SA;Oferta Pública;Duplicata;Produto Encerrado
Formento Unitoken #56;Unitoken;28/04/2025;-78;R$ 0,00;R$ 12,06;R$ 0,00;R$ 0,00;R$ 0,00;;R$ 0,00;R$ 0,00;;;;0,0%;;"";;Formento Securitizadora S.A.;AMFI COMPANHIA SECURITIZADORA DE CREDITOS FINANCEIROS I SA;Oferta Pública;Duplicata;Produto Encerrado
Formento Unitoken #58;Unitoken;28/04/2025;-78;R$ 0,00;R$ 21,41;R$ 0,00;R$ 0,00;R$ 0,00;;R$ 0,00;R$ 0,00;;;;0,0%;;"";;Formento Securitizadora S.A.;AMFI COMPANHIA SECURITIZADORA DE CREDITOS FINANCEIROS I SA;Oferta Pública;Duplicata;Produto Encerrado
Syntheo Unitoken #62;Unitoken;28/04/2025;-78;R$ 0,00;R$ 11,21;R$ 0,00;R$ 0,00;R$ 0,00;;R$ 0,00;R$ 0,00;;;;0,0%;;"";;SYNTHÉO SECURITIZADORA DE CRÉDITOS S.A.;AMFI COMPANHIA SECURITIZADORA DE CREDITOS FINANCEIROS I SA;Oferta Pública;Duplicata;Produto Encerrado
Formento Unitoken #54;Unitoken;28/04/2025;-78;R$ 0,00;R$ 30,42;R$ 0,00;R$ 0,00;R$ 0,00;;R$ 0,00;R$ 0,00;;;;0,0%;;"";;Formento Securitizadora S.A.;AMFI COMPANHIA SECURITIZADORA DE CREDITOS FINANCEIROS I SA;Oferta Pública;Duplicata;Produto Encerrado
Conecta Lá Unitoken #110;Unitoken;28/04/2025;-78;R$ 0,00;R$ 0,00;R$ 0,00;R$ 0,00;R$ 0,00;;;R$ 0,00;;;;0,0%;;"";;FULL NINE DIGITAL CONSULTORIA S.A.;AMFI COMPANHIA SECURITIZADORA DE CREDITOS FINANCEIROS I SA;Oferta Pública;Duplicata;Produto Encerrado
AFA CONSULTORIA DE CREDITO Unitoken #7;Unitoken;29/04/2025;-77;R$ 0,00;R$ 23,32;R$ 0,00;R$ 0,00;R$ 0,00;;R$ 0,00;R$ 0,00;;;;0,0%;;"";;AFA CONSULTORIA DE CREDITO UNIPESSOAL LTDA;AMFI COMPANHIA SECURITIZADORA DE CREDITOS FINANCEIROS I SA;Oferta Pública;Duplicata;Produto Encerrado
Grana.ai Unitoken #4;Unitoken;29/04/2025;-77;R$ 0,00;R$ 16,73;R$ 0,00;R$ 0,00;R$ 0,00;;R$ 0,00;R$ 0,00;;;;0,0%;;"";;GRANA.AI TECNOLOGIA LTDA;AMFI COMPANHIA SECURITIZADORA DE CREDITOS FINANCEIROS I SA;Oferta Pública;Recebível de Cartão;Produto Encerrado
Syntheo Unitoken #64;Unitoken;29/04/2025;-77;R$ 0,00;R$ 0,00;R$ 0,00;R$ 0,00;R$ 0,00;;;R$ 0,00;;;;0,0%;;"";;SYNTHÉO SECURITIZADORA DE CRÉDITOS S.A.;AMFI COMPANHIA SECURITIZADORA DE CREDITOS FINANCEIROS I SA;Oferta Pública;Duplicata;Produto Encerrado
Faighus Unitoken #11;Unitoken;29/04/2025;-77;R$ 0,00;R$ 0,07;R$ 0,00;R$ 0,00;R$ 0,00;;R$ 0,00;R$ 0,00;;;;0,0%;;"";;FAIGHUS SECURITIZADORA S.A.;AMFI COMPANHIA SECURITIZADORA DE CREDITOS FINANCEIROS I SA;Oferta Pública;Duplicata;Produto Encerrado
Faighus Unitoken #13;Unitoken;29/04/2025;-77;R$ 0,00;R$ 0,02;R$ 0,00;R$ 0,00;R$ 0,00;;R$ 0,00;R$ 0,00;;;;0,0%;;"";;FAIGHUS SECURITIZADORA S.A.;AMFI COMPANHIA SECURITIZADORA DE CREDITOS FINANCEIROS I SA;Oferta Pública;Duplicata;Produto Encerrado
Syntheo Unitoken #61;Unitoken;29/04/2025;-77;R$ 0,00;R$ 5,79;R$ 0,00;R$ 0,00;R$ 0,00;;R$ 0,00;R$ 0,00;;;;0,0%;;"";;SYNTHÉO SECURITIZADORA DE CRÉDITOS S.A.;AMFI COMPANHIA SECURITIZADORA DE CREDITOS FINANCEIROS I SA;Oferta Pública;Duplicata;Produto Encerrado
Chronos Unitoken #4;Unitoken;29/04/2025;-77;R$ 0,00;R$ 0,00;R$ 0,00;R$ 0,00;R$ 0,00;;;R$ 0,00;;;;0,0%;;"";;CHRONOS SECURITIZADORA S/A;AMFI COMPANHIA SECURITIZADORA DE CREDITOS FINANCEIROS I SA;Oferta Pública;Duplicata;Produto Encerrado
Audax Capital Unitoken #11;Unitoken;30/04/2025;-76;R$ 0,00;R$ 0,00;R$ 0,00;R$ 0,00;R$ 0,00;;;R$ 0,00;;;;0,0%;;"";;AUDAX CAPITAL SECURITIZADORA S.A;AMFI COMPANHIA SECURITIZADORA DE CREDITOS FINANCEIROS I SA;Oferta Pública;Duplicata;Produto Encerrado
Formento Unitoken #57;Unitoken;30/04/2025;-76;R$ 0,00;R$ 11,68;R$ 0,00;R$ 0,00;R$ 0,00;;R$ 0,00;R$ 0,00;;;;0,0%;;"";;Formento Securitizadora S.A.;AMFI COMPANHIA SECURITIZADORA DE CREDITOS FINANCEIROS I SA;Oferta Pública;Duplicata;Produto Encerrado
Learnbase Unitoken #40;Unitoken;01/05/2025;-75;R$ 0,00;R$ 0,00;R$ 0,00;R$ 0,00;R$ 0,00;;;R$ 0,00;;;;0,0%;;"";;Learnbase Gestão e Consultoria Educacional S.A.;AMFI COMPANHIA SECURITIZADORA DE CREDITOS FINANCEIROS I SA;Oferta Pública;Duplicata;Produto Encerrado
Formento Unitoken #59;Unitoken;02/05/2025;-74;R$ 0,00;R$ 21,90;R$ 0,00;R$ 0,00;R$ 0,00;;R$ 0,00;R$ 0,00;;;;0,0%;;"";;Formento Securitizadora S.A.;AMFI COMPANHIA SECURITIZADORA DE CREDITOS FINANCEIROS I SA;Oferta Pública;Duplicata;Produto Encerrado
Conecta Lá Unitoken #104;Unitoken;02/05/2025;-74;R$ 0,00;R$ 0,08;R$ 0,00;R$ 0,00;R$ 0,00;;R$ 0,00;R$ 0,00;;;;0,0%;;"";;FULL NINE DIGITAL CONSULTORIA S.A.;AMFI COMPANHIA SECURITIZADORA DE CREDITOS FINANCEIROS I SA;Oferta Pública;Duplicata;Produto Encerrado
Syntheo Unitoken #65;Unitoken;02/05/2025;-74;R$ 0,00;R$ 49,24;R$ 0,00;R$ 0,00;R$ 0,00;;R$ 0,00;R$ 0,00;;;;0,0%;;"";;SYNTHÉO SECURITIZADORA DE CRÉDITOS S.A.;AMFI COMPANHIA SECURITIZADORA DE CREDITOS FINANCEIROS I SA;Oferta Pública;Duplicata;Produto Encerrado
Click Antecipa Unitoken #97;Unitoken;02/05/2025;-74;R$ 0,00;R$ 0,00;R$ 0,00;R$ 0,00;R$ 0,00;;;R$ 0,00;;;;0,0%;;"";;CLICK SECURITIZADORA S.A.;AMFI COMPANHIA SECURITIZADORA DE CREDITOS FINANCEIROS I SA;Oferta Pública;Duplicata;Produto Encerrado
Click Antecipa Unitoken #89;Unitoken;02/05/2025;-74;R$ 0,00;R$ 0,00;R$ 0,00;R$ 0,00;R$ 0,00;;;R$ 0,00;;;;0,0%;;"";;CLICK SECURITIZADORA S.A.;AMFI COMPANHIA SECURITIZADORA DE CREDITOS FINANCEIROS I SA;Oferta Pública;Duplicata;Produto Encerrado
Learnbase Unitoken #48;Unitoken;02/05/2025;-74;R$ 0,00;R$ 0,00;R$ 0,00;R$ 0,00;R$ 0,00;;;R$ 0,00;;;;0,0%;;"";;Learnbase Gestão e Consultoria Educacional S.A.;AMFI COMPANHIA SECURITIZADORA DE CREDITOS FINANCEIROS I SA;Oferta Pública;Duplicata;Produto Encerrado
Lebasq Unitoken #27;Unitoken;05/05/2025;-71;R$ 0,00;R$ 2,47;R$ 0,00;R$ 0,00;R$ 0,00;;R$ 0,00;R$ 0,00;;;;0,0%;;"";;LEBASQ SECURITIZAÇÃO DE CRÉDITOS SA;AMFI COMPANHIA SECURITIZADORA DE CREDITOS FINANCEIROS I SA;Oferta Pública;Duplicata;Produto Encerrado
Audax Capital Unitoken #12;Unitoken;05/05/2025;-71;R$ 0,00;R$ 1,44;R$ 0,00;R$ 0,00;R$ 0,00;;R$ 0,00;R$ 0,00;;;;0,0%;;"";;AUDAX CAPITAL SECURITIZADORA S.A;AMFI COMPANHIA SECURITIZADORA DE CREDITOS FINANCEIROS I SA;Oferta Pública;Duplicata;Produto Encerrado
AFA CONSULTORIA DE CREDITO Unitoken #37;Unitoken;05/05/2025;-71;R$ 0,00;R$ 823,69;R$ 0,00;R$ 0,00;R$ 0,00;;R$ 0,00;R$ 0,00;;;;0,0%;;"";;AFA CONSULTORIA DE CREDITO UNIPESSOAL LTDA;AMFI COMPANHIA SECURITIZADORA DE CREDITOS FINANCEIROS I SA;Oferta Pública;Duplicata;Produto Encerrado
Conecta Lá Unitoken #122;Unitoken;05/05/2025;-71;R$ 0,00;R$ 0,00;R$ 0,00;R$ 0,00;R$ 0,00;;;R$ 0,00;;;;0,0%;;"";;FULL NINE DIGITAL CONSULTORIA S.A.;AMFI COMPANHIA SECURITIZADORA DE CREDITOS FINANCEIROS I SA;Oferta Pública;Duplicata;Produto Encerrado
a55  Unitoken #25;Unitoken;06/05/2025;-70;R$ 0,00;R$ 1,75;R$ 0,00;R$ 0,00;R$ 0,00;;R$ 0,00;R$ 0,00;;;;0,0%;;"";;a55 SECURITIZADORA S.A.;a55 SECURITIZADORA S.A.;Oferta Pública;Duplicata;Produto Encerrado
Click Antecipa Unitoken #98;Unitoken;06/05/2025;-70;R$ 0,00;R$ 0,00;R$ 0,00;R$ 0,00;R$ 0,00;;;R$ 0,00;;;;0,0%;;"";;CLICK SECURITIZADORA S.A.;AMFI COMPANHIA SECURITIZADORA DE CREDITOS FINANCEIROS I SA;Oferta Pública;Duplicata;Produto Encerrado
Primer Unitoken #1;Unitoken;06/05/2025;-70;R$ 0,00;R$ 46,39;R$ 0,00;R$ 0,00;R$ 0,00;;R$ 0,00;R$ 0,00;;;;0,0%;;"";;Primer Securitizadora S.A;AMFI COMPANHIA SECURITIZADORA DE CREDITOS FINANCEIROS I SA;Oferta Pública;Duplicata;Produto Encerrado
a55  Unitoken #29;Unitoken;06/05/2025;-70;R$ 0,00;R$ 0,00;R$ 0,00;R$ 0,00;R$ 0,00;;;R$ 0,00;;;;0,0%;;"";;a55 SECURITIZADORA S.A.;a55 SECURITIZADORA S.A.;Oferta Pública;Duplicata;Produto Encerrado
a55  Unitoken #28;Unitoken;06/05/2025;-70;R$ 0,00;R$ 2,35;R$ 0,00;R$ 0,00;R$ 0,00;;R$ 0,00;R$ 0,00;;;;0,0%;;"";;a55 SECURITIZADORA S.A.;a55 SECURITIZADORA S.A.;Oferta Pública;Duplicata;Produto Encerrado
a55  Unitoken #27;Unitoken;06/05/2025;-70;R$ 0,00;R$ 0,00;R$ 0,00;R$ 0,00;R$ 0,00;;;R$ 0,00;;;;0,0%;;"";;a55 SECURITIZADORA S.A.;a55 SECURITIZADORA S.A.;Oferta Pública;Duplicata;Produto Encerrado
Learnbase Unitoken #49;Unitoken;06/05/2025;-70;R$ 0,00;R$ 0,00;R$ 0,00;R$ 0,00;R$ 0,00;;;R$ 0,00;;;;0,0%;;"";;Learnbase Gestão e Consultoria Educacional S.A.;AMFI COMPANHIA SECURITIZADORA DE CREDITOS FINANCEIROS I SA;Oferta Pública;Duplicata;Produto Encerrado
a55  Unitoken #26;Unitoken;06/05/2025;-70;R$ 0,00;R$ 0,00;R$ 0,00;R$ 0,00;R$ 0,00;;;R$ 0,00;;;;0,0%;;"";;a55 SECURITIZADORA S.A.;a55 SECURITIZADORA S.A.;Oferta Pública;Duplicata;Produto Encerrado
Conecta Lá Unitoken #111;Unitoken;06/05/2025;-70;R$ 0,00;R$ 0,00;R$ 0,00;R$ 0,00;R$ 0,00;;;R$ 0,00;;;;0,0%;;"";;FULL NINE DIGITAL CONSULTORIA S.A.;AMFI COMPANHIA SECURITIZADORA DE CREDITOS FINANCEIROS I SA;Oferta Pública;Duplicata;Produto Encerrado
Formento Unitoken #61;Unitoken;07/05/2025;-69;R$ 0,00;R$ 15,39;R$ 0,00;R$ 0,00;R$ 0,00;;R$ 0,00;R$ 0,00;;;;0,0%;;"";;Formento Securitizadora S.A.;AMFI COMPANHIA SECURITIZADORA DE CREDITOS FINANCEIROS I SA;Oferta Pública;Duplicata;Produto Encerrado
Syntheo Unitoken #67;Unitoken;07/05/2025;-69;R$ 0,00;R$ 30,57;R$ 0,00;R$ 0,00;R$ 0,00;;R$ 0,00;R$ 0,00;;;;0,0%;;"";;SYNTHÉO SECURITIZADORA DE CRÉDITOS S.A.;AMFI COMPANHIA SECURITIZADORA DE CREDITOS FINANCEIROS I SA;Oferta Pública;Duplicata;Produto Encerrado
Syntheo Unitoken #77;Unitoken;08/05/2025;-68;R$ 0,00;R$ 0,00;R$ 0,00;R$ 0,00;R$ 0,00;;;R$ 0,00;;;;0,0%;;"";;SYNTHÉO SECURITIZADORA DE CRÉDITOS S.A.;AMFI COMPANHIA SECURITIZADORA DE CREDITOS FINANCEIROS I SA;Oferta Pública;Duplicata;Produto Encerrado
Lebasq Unitoken #30;Unitoken;09/05/2025;-67;R$ 0,00;R$ 1,60;R$ 0,00;R$ 0,00;R$ 0,00;;R$ 0,00;R$ 0,00;;;;0,0%;;"";;LEBASQ SECURITIZAÇÃO DE CRÉDITOS SA;AMFI COMPANHIA SECURITIZADORA DE CREDITOS FINANCEIROS I SA;Oferta Pública;Duplicata;Produto Encerrado
LC INVESTE Pool #1;Pool;11/05/2025;-65;R$ 0,01;R$ 0,00;R$ 0,01;R$ 0,00;R$ 0,01;R$ 0,00;R$ 0,00;R$ 0,00;100,0%;20,0%;;0,0%;;"";;LC Investe LTDA;AMFI COMPANHIA SECURITIZADORA DE CREDITOS FINANCEIROS I SA;Oferta Privada;Ativo Judicial;Produto Encerrado
Conecta Lá Unitoken #107;Unitoken;12/05/2025;-64;R$ 0,00;R$ 0,08;R$ 0,00;R$ 0,00;R$ 0,00;;R$ 0,00;R$ 0,00;;;;0,0%;;"";;FULL NINE DIGITAL CONSULTORIA S.A.;AMFI COMPANHIA SECURITIZADORA DE CREDITOS FINANCEIROS I SA;Oferta Pública;Duplicata;Produto Encerrado
Conecta Lá Unitoken #114;Unitoken;12/05/2025;-64;R$ 0,00;R$ 0,00;R$ 0,00;R$ 0,00;R$ 0,00;;;R$ 0,00;;;;0,0%;;"";;FULL NINE DIGITAL CONSULTORIA S.A.;AMFI COMPANHIA SECURITIZADORA DE CREDITOS FINANCEIROS I SA;Oferta Pública;Duplicata;Produto Encerrado
Formento Unitoken #67;Unitoken;12/05/2025;-64;R$ 0,00;R$ 30,66;R$ 0,00;R$ 0,00;R$ 0,00;;R$ 0,00;R$ 0,00;;;;0,0%;;"";;Formento Securitizadora S.A.;AMFI COMPANHIA SECURITIZADORA DE CREDITOS FINANCEIROS I SA;Oferta Pública;Duplicata;Produto Encerrado
Conecta Lá Unitoken #113;Unitoken;12/05/2025;-64;R$ 0,00;R$ 0,00;R$ 0,00;R$ 0,00;R$ 0,00;;;R$ 0,00;;;;0,0%;;"";;FULL NINE DIGITAL CONSULTORIA S.A.;AMFI COMPANHIA SECURITIZADORA DE CREDITOS FINANCEIROS I SA;Oferta Pública;Duplicata;Produto Encerrado
Conecta Lá Unitoken #115;Unitoken;12/05/2025;-64;R$ 0,00;R$ 0,00;R$ 0,00;R$ 0,00;R$ 0,00;;;R$ 0,00;;;;0,0%;;"";;FULL NINE DIGITAL CONSULTORIA S.A.;AMFI COMPANHIA SECURITIZADORA DE CREDITOS FINANCEIROS I SA;Oferta Pública;Duplicata;Produto Encerrado
Formento Unitoken #71;Unitoken;14/05/2025;-62;R$ 0,00;R$ 52,33;R$ 0,00;R$ 0,00;R$ 0,00;;R$ 0,00;R$ 0,00;;;;0,0%;;"";;Formento Securitizadora S.A.;AMFI COMPANHIA SECURITIZADORA DE CREDITOS FINANCEIROS I SA;Oferta Pública;Duplicata;Produto Encerrado
C4 Unitoken #47;Unitoken;15/05/2025;-61;R$ 0,00;R$ 0,08;R$ 0,00;R$ 0,00;R$ 0,00;;R$ 0,00;R$ 0,00;;;;0,0%;;"";;C4 CAPITAL SECURITIZADORA S/A;AMFI COMPANHIA SECURITIZADORA DE CREDITOS FINANCEIROS I SA;Oferta Pública;Duplicata;Produto Encerrado
C4 Unitoken #46;Unitoken;15/05/2025;-61;R$ 0,00;R$ 0,02;R$ 0,00;R$ 0,00;R$ 0,00;;R$ 0,00;R$ 0,00;;;;0,0%;;"";;C4 CAPITAL SECURITIZADORA S/A;AMFI COMPANHIA SECURITIZADORA DE CREDITOS FINANCEIROS I SA;Oferta Pública;Duplicata;Produto Encerrado
Nagro #3;Unitoken;15/05/2025;-61;R$ 0,00;R$ 0,00;R$ 0,00;R$ 0,00;R$ 0,00;R$ 0,00;;R$ 0,00;;;;0,0%;;"";;NAGRO;;;CCB;
Stockash Unitoken #4;Unitoken;15/05/2025;-61;R$ 7.750,00;R$ 0,00;R$ 7.750,00;R$ 7.750,00;R$ 0,00;;;R$ 0,00;;;100,0%;0,0%;1,2%;"";;Stockash Consultoria em Credito LTDA;AMFI COMPANHIA SECURITIZADORA DE CREDITOS FINANCEIROS I SA;;Duplicata;
C4 Unitoken #48;Unitoken;15/05/2025;-61;R$ 0,00;R$ 0,00;R$ 0,00;R$ 0,00;R$ 0,00;;;R$ 0,00;;;;0,0%;;"";;C4 CAPITAL SECURITIZADORA S/A;AMFI COMPANHIA SECURITIZADORA DE CREDITOS FINANCEIROS I SA;Oferta Pública;Duplicata;Produto Encerrado
Nagro #2;Unitoken;15/05/2025;-61;R$ 0,00;;;R$ 0,00;;R$ 0,00;;R$ 0,00;;;;0,0%;;"";;NAGRO;;;CCB;
Conecta Lá Unitoken #116;Unitoken;15/05/2025;-61;R$ 0,00;R$ 0,00;R$ 0,00;R$ 0,00;R$ 0,00;;;R$ 0,00;;;;0,0%;;"";;FULL NINE DIGITAL CONSULTORIA S.A.;AMFI COMPANHIA SECURITIZADORA DE CREDITOS FINANCEIROS I SA;Oferta Pública;Duplicata;Produto Encerrado
Conecta Lá Unitoken #103;Unitoken;15/05/2025;-61;R$ 0,00;R$ 0,00;R$ 0,00;R$ 0,00;R$ 0,00;;;R$ 0,00;;;;0,0%;;"";;FULL NINE DIGITAL CONSULTORIA S.A.;AMFI COMPANHIA SECURITIZADORA DE CREDITOS FINANCEIROS I SA;Oferta Pública;Duplicata;Produto Encerrado
Conecta Lá Unitoken #117;Unitoken;15/05/2025;-61;R$ 0,00;R$ 0,00;R$ 0,00;R$ 0,00;R$ 0,00;;;R$ 0,00;;;;0,0%;;"";;FULL NINE DIGITAL CONSULTORIA S.A.;AMFI COMPANHIA SECURITIZADORA DE CREDITOS FINANCEIROS I SA;Oferta Pública;Duplicata;Produto Encerrado
Conecta Lá Unitoken #128;Unitoken;16/05/2025;-60;R$ 0,00;R$ 0,05;R$ 0,00;R$ 0,00;R$ 0,00;;R$ 0,00;R$ 0,00;;;;0,0%;;"";;FULL NINE DIGITAL CONSULTORIA S.A.;AMFI COMPANHIA SECURITIZADORA DE CREDITOS FINANCEIROS I SA;Oferta Pública;Duplicata;Produto Encerrado
Formento Unitoken #75;Unitoken;16/05/2025;-60;R$ 0,00;R$ 14,35;R$ 0,00;R$ 0,00;R$ 0,00;;R$ 0,00;R$ 0,00;;;;0,0%;;"";;Formento Securitizadora S.A.;AMFI COMPANHIA SECURITIZADORA DE CREDITOS FINANCEIROS I SA;Oferta Pública;Duplicata;Produto Encerrado
BRL Unitoken #2;Unitoken;16/05/2025;-60;R$ 0,00;R$ 0,00;R$ 0,00;R$ 0,00;R$ 0,00;;;R$ 0,00;;;;0,0%;;"";;BRL SECURITIZADORA S.A;AMFI COMPANHIA SECURITIZADORA DE CREDITOS FINANCEIROS I SA;Oferta Pública;Duplicata;Produto Encerrado
Formento Unitoken #72;Unitoken;16/05/2025;-60;R$ 0,00;R$ 92,87;R$ 0,00;R$ 0,00;R$ 0,00;;R$ 0,00;R$ 0,00;;;;0,0%;;"";;Formento Securitizadora S.A.;AMFI COMPANHIA SECURITIZADORA DE CREDITOS FINANCEIROS I SA;Oferta Pública;Duplicata;Produto Encerrado
DS Unitoken #39;Unitoken;18/05/2025;-58;R$ 79.683,62;R$ 83.132,76;R$ 0,00;R$ 79.683,62;R$ 0,00;;R$ 1,13;R$ 0,00;;;100,0%;0,0%;1,5%;"";;DS SECURITIZADORA S/A;AMFI COMPANHIA SECURITIZADORA DE CREDITOS FINANCEIROS I SA;Oferta Pública;Duplicata;Captação finalizada
Formento Unitoken #65;Unitoken;19/05/2025;-57;R$ 0,00;R$ 87,26;R$ 0,00;R$ 0,00;R$ 0,00;;R$ 0,00;R$ 0,00;;;;0,0%;;"";;Formento Securitizadora S.A.;AMFI COMPANHIA SECURITIZADORA DE CREDITOS FINANCEIROS I SA;Oferta Pública;Duplicata;Produto Encerrado
Fintrust  Unitoken #5;Unitoken;19/05/2025;-57;R$ 0,00;R$ 253,54;R$ 0,00;R$ 0,00;R$ 0,00;;R$ 0,00;R$ 0,00;;;;0,0%;;"";;Fintrust Securitizadora;AMFI COMPANHIA SECURITIZADORA DE CREDITOS FINANCEIROS I SA;Oferta Pública;Duplicata;Produto Encerrado
Learnbase Unitoken #50;Unitoken;19/05/2025;-57;R$ 0,00;R$ 0,00;R$ 0,00;R$ 0,00;R$ 0,00;;;R$ 0,00;;;;0,0%;;"";;Learnbase Gestão e Consultoria Educacional S.A.;AMFI COMPANHIA SECURITIZADORA DE CREDITOS FINANCEIROS I SA;Oferta Pública;Duplicata;Produto Encerrado
AFA CONSULTORIA DE CREDITO Unitoken #29;Unitoken;19/05/2025;-57;R$ 0,00;R$ 109,47;R$ 0,00;R$ 0,00;R$ 0,00;;R$ 0,00;R$ 0,00;;;;0,0%;;"";;AFA CONSULTORIA DE CREDITO UNIPESSOAL LTDA;AMFI COMPANHIA SECURITIZADORA DE CREDITOS FINANCEIROS I SA;Oferta Pública;Duplicata;Produto Encerrado
Formento Unitoken #77;Unitoken;19/05/2025;-57;R$ 0,00;R$ 20,15;R$ 0,00;R$ 0,00;R$ 0,00;;R$ 0,00;R$ 0,00;;;;0,0%;;"";;Formento Securitizadora S.A.;AMFI COMPANHIA SECURITIZADORA DE CREDITOS FINANCEIROS I SA;Oferta Pública;Duplicata;Produto Encerrado
Baru Unitoken #6;Unitoken;20/05/2025;-56;R$ 0,00;R$ 0,00;R$ 0,00;R$ 0,00;R$ 0,00;;;R$ 0,00;;;;0,0%;;"";;GRIFFIN CAPITAL S.A. SECURITIZADORA;AMFI COMPANHIA SECURITIZADORA DE CREDITOS FINANCEIROS I SA;Oferta Pública;Duplicata;Produto Encerrado
Faighus Unitoken #12;Unitoken;20/05/2025;-56;R$ 0,00;R$ 0,05;R$ 0,00;R$ 0,00;R$ 0,00;;R$ 0,00;R$ 0,00;;;;0,0%;;"";;FAIGHUS SECURITIZADORA S.A.;AMFI COMPANHIA SECURITIZADORA DE CREDITOS FINANCEIROS I SA;Oferta Pública;Duplicata;Produto Encerrado
Formento Unitoken #69;Unitoken;20/05/2025;-56;R$ 0,00;R$ 44,77;R$ 0,00;R$ 0,00;R$ 0,00;;R$ 0,00;R$ 0,00;;;;0,0%;;"";;Formento Securitizadora S.A.;AMFI COMPANHIA SECURITIZADORA DE CREDITOS FINANCEIROS I SA;Oferta Pública;Duplicata;Produto Encerrado
Chronos Unitoken #5;Unitoken;20/05/2025;-56;R$ 0,00;R$ 0,00;R$ 0,00;R$ 0,00;R$ 0,00;;;R$ 0,00;;;;0,0%;;"";;CHRONOS SECURITIZADORA S/A;AMFI COMPANHIA SECURITIZADORA DE CREDITOS FINANCEIROS I SA;Oferta Pública;Duplicata;Produto Encerrado
Conecta Lá Unitoken #106;Unitoken;20/05/2025;-56;R$ 0,00;R$ 0,00;R$ 0,00;R$ 0,00;R$ 0,00;;;R$ 0,00;;;;0,0%;;"";;FULL NINE DIGITAL CONSULTORIA S.A.;AMFI COMPANHIA SECURITIZADORA DE CREDITOS FINANCEIROS I SA;Oferta Pública;Duplicata;Produto Encerrado
Syntheo Unitoken #68;Unitoken;20/05/2025;-56;R$ 0,00;R$ 0,24;R$ 0,00;R$ 0,00;R$ 0,00;;R$ 0,00;R$ 0,00;;;;0,0%;;"";;SYNTHÉO SECURITIZADORA DE CRÉDITOS S.A.;AMFI COMPANHIA SECURITIZADORA DE CREDITOS FINANCEIROS I SA;Oferta Pública;Duplicata;Produto Encerrado
Syntheo Unitoken #74;Unitoken;20/05/2025;-56;R$ 0,00;R$ 28,71;R$ 0,00;R$ 0,00;R$ 0,00;;R$ 0,00;R$ 0,00;;;;0,0%;;"";;SYNTHÉO SECURITIZADORA DE CRÉDITOS S.A.;AMFI COMPANHIA SECURITIZADORA DE CREDITOS FINANCEIROS I SA;Oferta Pública;Duplicata;Produto Encerrado
Z5 (New Invest Sec) Unitoken #2;Unitoken;21/05/2025;-55;R$ 0,00;R$ 0,00;R$ 0,00;R$ 0,00;R$ 0,00;;;R$ 0,00;;;;0,0%;;"";;NEW INVEST SECURITIZAÇÃO DE CREDITOS SA;AMFI COMPANHIA SECURITIZADORA DE CREDITOS FINANCEIROS I SA;Oferta Pública;Duplicata;Produto Encerrado
Conecta Lá Unitoken #138;Unitoken;21/05/2025;-55;R$ 0,00;R$ 0,00;R$ 0,00;R$ 0,00;R$ 0,00;;;R$ 0,00;;;;0,0%;;"";;FULL NINE DIGITAL CONSULTORIA S.A.;AMFI COMPANHIA SECURITIZADORA DE CREDITOS FINANCEIROS I SA;Oferta Pública;Duplicata;Produto Encerrado
Z5 (New Invest Sec) Unitoken #3;Unitoken;22/05/2025;-54;R$ 0,00;R$ 0,00;R$ 0,00;R$ 0,00;R$ 0,00;;;R$ 0,00;;;;0,0%;;"";;NEW INVEST SECURITIZAÇÃO DE CREDITOS SA;AMFI COMPANHIA SECURITIZADORA DE CREDITOS FINANCEIROS I SA;Oferta Pública;Duplicata;Produto Encerrado
Syntheo Unitoken #66;Unitoken;22/05/2025;-54;R$ 0,00;R$ 6,60;R$ 0,00;R$ 0,00;R$ 0,00;;R$ 0,00;R$ 0,00;;;;0,0%;;"";;SYNTHÉO SECURITIZADORA DE CRÉDITOS S.A.;AMFI COMPANHIA SECURITIZADORA DE CREDITOS FINANCEIROS I SA;Oferta Pública;Duplicata;Produto Encerrado
Click Antecipa Unitoken #92;Unitoken;22/05/2025;-54;R$ 0,00;R$ 0,21;R$ 0,00;R$ 0,00;R$ 0,00;;R$ 0,00;R$ 0,00;;;;0,0%;;"";;CLICK SECURITIZADORA S.A.;AMFI COMPANHIA SECURITIZADORA DE CREDITOS FINANCEIROS I SA;Oferta Pública;Duplicata;Produto Encerrado
AmFi Pool de Unitokens ;Pool;23/05/2025;-53;R$ 0,01;R$ 0,01;R$ 0,00;R$ 0,00;R$ 0,01;R$ 0,00;R$ 0,00;R$ 0,00;;10,0%;;0,0%;;"";;AMFI CONSULTING LTDA;;Oferta Privada;Duplicata / Recebível de Cartão;Produto Encerrado
Syntheo Unitoken #73;Unitoken;26/05/2025;-50;R$ 0,00;R$ 0,00;R$ 0,00;R$ 0,00;R$ 0,00;;;R$ 0,00;;;;0,0%;;"";;SYNTHÉO SECURITIZADORA DE CRÉDITOS S.A.;AMFI COMPANHIA SECURITIZADORA DE CREDITOS FINANCEIROS I SA;Oferta Pública;Duplicata;Produto Encerrado
Conecta Lá Unitoken #123;Unitoken;26/05/2025;-50;R$ 0,00;R$ 0,14;R$ 0,00;R$ 0,00;R$ 0,00;;R$ 0,00;R$ 0,00;;;;0,0%;;"";;FULL NINE DIGITAL CONSULTORIA S.A.;AMFI COMPANHIA SECURITIZADORA DE CREDITOS FINANCEIROS I SA;Oferta Pública;Duplicata;Produto Encerrado
Formento Unitoken #63;Unitoken;26/05/2025;-50;R$ 0,00;R$ 26,06;R$ 0,00;R$ 0,00;R$ 0,00;;R$ 0,00;R$ 0,00;;;;0,0%;;"";;Formento Securitizadora S.A.;AMFI COMPANHIA SECURITIZADORA DE CREDITOS FINANCEIROS I SA;Oferta Pública;Duplicata;Produto Encerrado
Conecta Lá Unitoken #124;Unitoken;26/05/2025;-50;R$ 0,00;R$ 0,09;R$ 0,00;R$ 0,00;R$ 0,00;;R$ 0,00;R$ 0,00;;;;0,0%;;"";;FULL NINE DIGITAL CONSULTORIA S.A.;AMFI COMPANHIA SECURITIZADORA DE CREDITOS FINANCEIROS I SA;Oferta Pública;Duplicata;Produto Encerrado
AFA CONSULTORIA DE CREDITO Unitoken #9;Unitoken;26/05/2025;-50;R$ 0,00;R$ 0,04;R$ 0,00;R$ 0,00;R$ 0,00;;R$ 0,00;R$ 0,00;;;;0,0%;;"";;AFA CONSULTORIA DE CREDITO UNIPESSOAL LTDA;AMFI COMPANHIA SECURITIZADORA DE CREDITOS FINANCEIROS I SA;Oferta Pública;Duplicata;Produto Encerrado
Primer Unitoken #2;Unitoken;27/05/2025;-49;R$ 0,00;R$ 64,37;R$ 0,00;R$ 0,00;R$ 0,00;;R$ 0,00;R$ 0,00;;;;0,0%;;"";;Primer Securitizadora S.A;AMFI COMPANHIA SECURITIZADORA DE CREDITOS FINANCEIROS I SA;Oferta Pública;Duplicata;Produto Encerrado
Formento Unitoken #106;Unitoken;27/05/2025;-49;R$ 0,00;R$ 0,01;R$ 0,00;R$ 0,00;R$ 0,00;;R$ 0,00;R$ 0,00;;;;0,0%;;"";;Formento Securitizadora S.A.;AMFI COMPANHIA SECURITIZADORA DE CREDITOS FINANCEIROS I SA;Oferta Pública;Duplicata;Produto Encerrado
Faighus Unitoken #14;Unitoken;27/05/2025;-49;R$ 0,00;R$ 0,04;R$ 0,00;R$ 0,00;R$ 0,00;;R$ 0,00;R$ 0,00;;;;0,0%;;"";;FAIGHUS SECURITIZADORA S.A.;AMFI COMPANHIA SECURITIZADORA DE CREDITOS FINANCEIROS I SA;Oferta Pública;Duplicata;Produto Encerrado
Faighus Unitoken #16;Unitoken;27/05/2025;-49;R$ 0,00;R$ 0,02;R$ 0,00;R$ 0,00;R$ 0,00;;R$ 0,00;R$ 0,00;;;;0,0%;;"";;FAIGHUS SECURITIZADORA S.A.;AMFI COMPANHIA SECURITIZADORA DE CREDITOS FINANCEIROS I SA;Oferta Pública;Duplicata;Produto Encerrado
OUB CAPITAL Unitoken #11;Unitoken;27/05/2025;-49;R$ 0,00;R$ 0,00;R$ 0,00;R$ 0,00;R$ 0,00;;R$ 0,00;R$ 0,00;;;;0,0%;;"";;OUB CAPITAL SA;AMFI COMPANHIA SECURITIZADORA DE CREDITOS FINANCEIROS I SA;Oferta Pública;Duplicata;Produto Encerrado
Learnbase Unitoken #51;Unitoken;27/05/2025;-49;R$ 0,00;R$ 0,00;R$ 0,00;R$ 0,00;R$ 0,00;;;R$ 0,00;;;;0,0%;;"";;Learnbase Gestão e Consultoria Educacional S.A.;AMFI COMPANHIA SECURITIZADORA DE CREDITOS FINANCEIROS I SA;Oferta Pública;Duplicata;Produto Encerrado
Syntheo Unitoken #70;Unitoken;27/05/2025;-49;R$ 0,00;R$ 21,37;R$ 0,00;R$ 0,00;R$ 0,00;;R$ 0,00;R$ 0,00;;;;0,0%;;"";;SYNTHÉO SECURITIZADORA DE CRÉDITOS S.A.;AMFI COMPANHIA SECURITIZADORA DE CREDITOS FINANCEIROS I SA;Oferta Pública;Duplicata;Produto Encerrado
Syntheo Unitoken #75;Unitoken;27/05/2025;-49;R$ 0,00;R$ 25,27;R$ 0,00;R$ 0,00;R$ 0,00;;R$ 0,00;R$ 0,00;;;;0,0%;;"";;SYNTHÉO SECURITIZADORA DE CRÉDITOS S.A.;AMFI COMPANHIA SECURITIZADORA DE CREDITOS FINANCEIROS I SA;Oferta Pública;Duplicata;Produto Encerrado
Syntheo Unitoken #82;Unitoken;27/05/2025;-49;R$ 0,00;R$ 0,03;R$ 0,00;R$ 0,00;R$ 0,00;;R$ 0,00;R$ 0,00;;;;0,0%;;"";;SYNTHÉO SECURITIZADORA DE CRÉDITOS S.A.;AMFI COMPANHIA SECURITIZADORA DE CREDITOS FINANCEIROS I SA;Oferta Pública;Duplicata;Produto Encerrado
Click Antecipa Unitoken #109;Unitoken;28/05/2025;-48;R$ 0,00;R$ 6,40;R$ 0,00;R$ 0,00;R$ 0,00;;R$ 0,00;R$ 0,00;;;;0,0%;;"";;CLICK SECURITIZADORA S.A.;AMFI COMPANHIA SECURITIZADORA DE CREDITOS FINANCEIROS I SA;Oferta Pública;Duplicata;Produto Encerrado
Formento Unitoken #60;Unitoken;28/05/2025;-48;R$ 0,00;R$ 14,79;R$ 0,00;R$ 0,00;R$ 0,00;;R$ 0,00;R$ 0,00;;;;0,0%;;"";;Formento Securitizadora S.A.;AMFI COMPANHIA SECURITIZADORA DE CREDITOS FINANCEIROS I SA;Oferta Pública;Duplicata;Produto Encerrado
Click Antecipa Unitoken #94;Unitoken;29/05/2025;-47;R$ 0,00;R$ 0,14;R$ 0,00;R$ 0,00;R$ 0,00;;R$ 0,00;R$ 0,00;;;;0,0%;;"";;CLICK SECURITIZADORA S.A.;AMFI COMPANHIA SECURITIZADORA DE CREDITOS FINANCEIROS I SA;Oferta Pública;Duplicata;Produto Encerrado
Baru Unitoken #8;Unitoken;29/05/2025;-47;R$ 0,00;R$ 0,00;R$ 0,00;R$ 0,00;R$ 0,00;;;R$ 0,00;;;;0,0%;;"";;GRIFFIN CAPITAL S.A. SECURITIZADORA;AMFI COMPANHIA SECURITIZADORA DE CREDITOS FINANCEIROS I SA;Oferta Pública;Duplicata;Produto Encerrado
AFA CONSULTORIA DE CREDITO Unitoken #10;Unitoken;29/05/2025;-47;R$ 0,00;R$ 0,00;R$ 0,00;R$ 0,00;R$ 0,00;;;R$ 0,00;;;;0,0%;;"";;AFA CONSULTORIA DE CREDITO UNIPESSOAL LTDA;AMFI COMPANHIA SECURITIZADORA DE CREDITOS FINANCEIROS I SA;Oferta Pública;Duplicata;Produto Encerrado
Syntheo Unitoken #71;Unitoken;29/05/2025;-47;R$ 0,00;R$ 0,02;R$ 0,00;R$ 0,00;R$ 0,00;;R$ 0,00;R$ 0,00;;;;0,0%;;"";;SYNTHÉO SECURITIZADORA DE CRÉDITOS S.A.;AMFI COMPANHIA SECURITIZADORA DE CREDITOS FINANCEIROS I SA;Oferta Pública;Duplicata;Produto Encerrado
Click Antecipa Unitoken #100;Unitoken;29/05/2025;-47;R$ 0,00;R$ 0,02;R$ 0,00;R$ 0,00;R$ 0,00;;R$ 0,00;R$ 0,00;;;;0,0%;;"";;CLICK SECURITIZADORA S.A.;AMFI COMPANHIA SECURITIZADORA DE CREDITOS FINANCEIROS I SA;Oferta Pública;Duplicata;Produto Encerrado
Formento Unitoken #87;Unitoken;30/05/2025;-46;R$ 0,00;R$ 4,29;R$ 0,00;R$ 0,00;R$ 0,00;;R$ 0,00;R$ 0,00;;;;0,0%;;"";;Formento Securitizadora S.A.;AMFI COMPANHIA SECURITIZADORA DE CREDITOS FINANCEIROS I SA;Oferta Pública;Duplicata;Produto Encerrado
NLT Tech One;Pool;31/05/2025;-45;R$ 1.522.412,64;R$ 0,00;R$ 1.522.412,64;R$ 1.569.497,57;R$ 0,00;R$ 0,00;;R$ 0,00;100,0%;1,0%;103,1%;47.084,9%;1,9%;"";;Next Level Tecnologia LTDA;;Oferta Privada;CCB / Nota Comercial;Captação finalizada
Learnbase Unitoken #42;Unitoken;01/06/2025;-44;R$ 0,00;R$ 0,03;R$ 0,00;R$ 0,00;R$ 0,00;;R$ 0,00;R$ 0,00;;;;0,0%;;"";;Learnbase Gestão e Consultoria Educacional S.A.;AMFI COMPANHIA SECURITIZADORA DE CREDITOS FINANCEIROS I SA;Oferta Pública;Duplicata;Produto Encerrado
Conecta Lá Unitoken #112;Unitoken;02/06/2025;-43;R$ 0,00;R$ 4,78;R$ 0,00;R$ 0,00;R$ 0,00;;R$ 0,00;R$ 0,00;;;;0,0%;;"";;FULL NINE DIGITAL CONSULTORIA S.A.;AMFI COMPANHIA SECURITIZADORA DE CREDITOS FINANCEIROS I SA;Oferta Pública;Duplicata;Produto Encerrado
Formento Unitoken #73;Unitoken;02/06/2025;-43;R$ 0,00;R$ 28,31;R$ 0,00;R$ 0,00;R$ 0,00;;R$ 0,00;R$ 0,00;;;;0,0%;;"";;Formento Securitizadora S.A.;AMFI COMPANHIA SECURITIZADORA DE CREDITOS FINANCEIROS I SA;Oferta Pública;Duplicata;Produto Encerrado
Syntheo Unitoken #72;Unitoken;02/06/2025;-43;R$ 0,00;R$ 13,29;R$ 0,00;R$ 0,00;R$ 0,00;;R$ 0,00;R$ 0,00;;;;0,0%;;"";;SYNTHÉO SECURITIZADORA DE CRÉDITOS S.A.;AMFI COMPANHIA SECURITIZADORA DE CREDITOS FINANCEIROS I SA;Oferta Pública;Duplicata;Produto Encerrado
Lecapital Unitoken #2;Unitoken;03/06/2025;-42;R$ 0,00;R$ 21,26;R$ 0,00;R$ 0,00;R$ 0,00;;R$ 0,00;R$ 0,00;;;;0,0%;;"";;LECAPITAL SECURITIZADORA S/A;AMFI COMPANHIA SECURITIZADORA DE CREDITOS FINANCEIROS I SA;Oferta Pública;Duplicata;Produto Encerrado
Grana.ai Unitoken #5;Unitoken;03/06/2025;-42;R$ 0,00;R$ 24,05;R$ 0,00;R$ 0,00;R$ 0,00;;R$ 0,00;R$ 0,00;;;;0,0%;;"";;GRANA.AI TECNOLOGIA LTDA;AMFI COMPANHIA SECURITIZADORA DE CREDITOS FINANCEIROS I SA;Oferta Pública;Recebível de Cartão;Produto Encerrado
BRL Unitoken #4;Unitoken;03/06/2025;-42;R$ 0,00;R$ 0,03;R$ 0,00;R$ 0,00;R$ 0,00;;R$ 0,00;R$ 0,00;;;;0,0%;;"";;BRL SECURITIZADORA S.A;AMFI COMPANHIA SECURITIZADORA DE CREDITOS FINANCEIROS I SA;Oferta Pública;Duplicata;Produto Encerrado
Lecapital Unitoken #1;Unitoken;03/06/2025;-42;R$ 0,00;R$ 64,06;R$ 0,00;R$ 0,00;R$ 0,00;;R$ 0,00;R$ 0,00;;;;0,0%;;"";;LECAPITAL SECURITIZADORA S/A;AMFI COMPANHIA SECURITIZADORA DE CREDITOS FINANCEIROS I SA;Oferta Privada;Duplicata;Produto Encerrado
Formento Unitoken #85;Unitoken;03/06/2025;-42;R$ 0,00;R$ 7,45;R$ 0,00;R$ 0,00;R$ 0,00;;R$ 0,00;R$ 0,00;;;;0,0%;;"";;Formento Securitizadora S.A.;AMFI COMPANHIA SECURITIZADORA DE CREDITOS FINANCEIROS I SA;Oferta Pública;Duplicata;Produto Encerrado
BRL Unitoken #5;Unitoken;03/06/2025;-42;R$ 0,00;R$ 0,00;R$ 0,00;R$ 0,00;R$ 0,00;;R$ 0,00;R$ 0,00;;;;0,0%;;"";;BRL SECURITIZADORA S.A;AMFI COMPANHIA SECURITIZADORA DE CREDITOS FINANCEIROS I SA;Oferta Pública;Duplicata;Produto Encerrado
BRL Unitoken #3;Unitoken;03/06/2025;-42;R$ 0,00;R$ 0,00;R$ 0,00;R$ 0,00;R$ 0,00;;;R$ 0,00;;;;0,0%;;"";;BRL SECURITIZADORA S.A;AMFI COMPANHIA SECURITIZADORA DE CREDITOS FINANCEIROS I SA;Oferta Pública;Duplicata;Produto Encerrado
OUB CAPITAL Unitoken #10;Unitoken;04/06/2025;-41;R$ 0,00;R$ 0,00;R$ 0,00;R$ 0,00;R$ 0,00;;;R$ 0,00;;;;0,0%;;"";;OUB CAPITAL SA;AMFI COMPANHIA SECURITIZADORA DE CREDITOS FINANCEIROS I SA;Oferta Pública;Duplicata;Produto Encerrado
Formento Unitoken #95;Unitoken;04/06/2025;-41;R$ 0,00;R$ 5,82;R$ 0,00;R$ 0,00;R$ 0,00;;R$ 0,00;R$ 0,00;;;;0,0%;;"";;Formento Securitizadora S.A.;AMFI COMPANHIA SECURITIZADORA DE CREDITOS FINANCEIROS I SA;Oferta Pública;Duplicata;Produto Encerrado
C4 Unitoken #50;Unitoken;04/06/2025;-41;R$ 0,00;R$ 0,04;R$ 0,00;R$ 0,00;R$ 0,00;;R$ 0,00;R$ 0,00;;;;0,0%;;"";;C4 CAPITAL SECURITIZADORA S/A;AMFI COMPANHIA SECURITIZADORA DE CREDITOS FINANCEIROS I SA;Oferta Pública;Duplicata;Produto Encerrado
Formento Unitoken #79;Unitoken;04/06/2025;-41;R$ 0,00;R$ 0,00;R$ 0,00;R$ 0,00;R$ 0,00;;;R$ 0,00;;;;0,0%;;"";;Formento Securitizadora S.A.;AMFI COMPANHIA SECURITIZADORA DE CREDITOS FINANCEIROS I SA;Oferta Pública;Duplicata;Produto Encerrado
Syntheo Unitoken #88;Unitoken;05/06/2025;-40;R$ 0,00;R$ 0,10;R$ 0,00;R$ 0,00;R$ 0,00;;R$ 0,00;R$ 0,00;;;;0,0%;;"";;SYNTHÉO SECURITIZADORA DE CRÉDITOS S.A.;AMFI COMPANHIA SECURITIZADORA DE CREDITOS FINANCEIROS I SA;Oferta Pública;Duplicata;Produto Encerrado
OUB CAPITAL Unitoken #7;Unitoken;05/06/2025;-40;R$ 0,00;R$ 0,00;R$ 0,00;R$ 0,00;R$ 0,00;;;R$ 0,00;;;;0,0%;;"";;OUB CAPITAL SA;AMFI COMPANHIA SECURITIZADORA DE CREDITOS FINANCEIROS I SA;Oferta Pública;Duplicata;Produto Encerrado
Baru Unitoken #4;Unitoken;06/06/2025;-39;R$ 0,00;R$ 0,00;R$ 0,00;R$ 0,00;R$ 0,00;;;R$ 0,00;;;;0,0%;;"";;GRIFFIN CAPITAL S.A. SECURITIZADORA;AMFI COMPANHIA SECURITIZADORA DE CREDITOS FINANCEIROS I SA;Oferta Pública;Duplicata;Produto Encerrado
Syntheo Unitoken #76;Unitoken;06/06/2025;-39;R$ 0,00;R$ 0,00;R$ 0,00;R$ 0,00;R$ 0,00;;;R$ 0,00;;;;0,0%;;"";;SYNTHÉO SECURITIZADORA DE CRÉDITOS S.A.;AMFI COMPANHIA SECURITIZADORA DE CREDITOS FINANCEIROS I SA;Oferta Pública;Duplicata;Produto Encerrado
Conecta Lá Unitoken #127;Unitoken;06/06/2025;-39;R$ 0,00;R$ 66,87;R$ 0,00;R$ 0,00;R$ 0,00;;R$ 0,00;R$ 0,00;;;;0,0%;;"";;FULL NINE DIGITAL CONSULTORIA S.A.;AMFI COMPANHIA SECURITIZADORA DE CREDITOS FINANCEIROS I SA;Oferta Pública;Duplicata;Produto Encerrado
Click Antecipa Unitoken #99;Unitoken;06/06/2025;-39;R$ 0,00;R$ 0,12;R$ 0,00;R$ 0,00;R$ 0,00;;R$ 0,00;R$ 0,00;;;;0,0%;;"";;CLICK SECURITIZADORA S.A.;AMFI COMPANHIA SECURITIZADORA DE CREDITOS FINANCEIROS I SA;Oferta Pública;Duplicata;Produto Encerrado
Wynvest Unitoken #1;Unitoken;06/06/2025;-39;R$ 0,00;R$ 0,11;R$ 0,00;R$ 0,00;R$ 0,00;;R$ 0,00;R$ 0,00;;;;0,0%;;"";;WYNVEST SECURITIZADORA DE CRÉDITO S.A;AMFI COMPANHIA SECURITIZADORA DE CREDITOS FINANCEIROS I SA;Oferta Pública;Duplicata;Produto Encerrado
Chronos Unitoken #6;Unitoken;06/06/2025;-39;R$ 0,00;R$ 0,00;R$ 0,00;R$ 0,00;R$ 0,00;;;R$ 0,00;;;;0,0%;;"";;CHRONOS SECURITIZADORA S/A;AMFI COMPANHIA SECURITIZADORA DE CREDITOS FINANCEIROS I SA;Oferta Pública;Duplicata;Produto Encerrado
Lebasq Unitoken #35;Unitoken;08/06/2025;-37;R$ 0,00;R$ 6,48;R$ 0,00;R$ 0,00;R$ 0,00;;R$ 0,00;R$ 0,00;;;;0,0%;;"";;LEBASQ SECURITIZAÇÃO DE CRÉDITOS SA;AMFI COMPANHIA SECURITIZADORA DE CREDITOS FINANCEIROS I SA;Oferta Pública;Duplicata;Produto Encerrado
Click Antecipa Unitoken #101;Unitoken;09/06/2025;-36;R$ 0,00;R$ 0,00;R$ 0,00;R$ 0,00;R$ 0,00;;;R$ 0,00;;;;0,0%;;"";;CLICK SECURITIZADORA S.A.;AMFI COMPANHIA SECURITIZADORA DE CREDITOS FINANCEIROS I SA;Oferta Pública;Duplicata;Produto Encerrado
Syntheo Unitoken #87;Unitoken;09/06/2025;-36;R$ 0,00;R$ 41,99;R$ 0,00;R$ 0,00;R$ 0,00;;R$ 0,00;R$ 0,00;;;;0,0%;;"";;SYNTHÉO SECURITIZADORA DE CRÉDITOS S.A.;AMFI COMPANHIA SECURITIZADORA DE CREDITOS FINANCEIROS I SA;Oferta Pública;Duplicata;Produto Encerrado
Formento Unitoken #103;Unitoken;10/06/2025;-35;R$ 0,00;R$ 0,00;R$ 0,00;R$ 0,00;R$ 0,00;;;R$ 0,00;;;;0,0%;;"";;Formento Securitizadora S.A.;AMFI COMPANHIA SECURITIZADORA DE CREDITOS FINANCEIROS I SA;Oferta Pública;Duplicata;Produto Encerrado
Chronos Unitoken #7;Unitoken;10/06/2025;-35;R$ 0,00;R$ 0,00;R$ 0,00;R$ 0,00;R$ 0,00;;;R$ 0,00;;;;0,0%;;"";;CHRONOS SECURITIZADORA S/A;AMFI COMPANHIA SECURITIZADORA DE CREDITOS FINANCEIROS I SA;Oferta Pública;Duplicata;Produto Encerrado
Formento Unitoken #104;Unitoken;10/06/2025;-35;R$ 0,00;R$ 5,43;R$ 0,00;R$ 0,00;R$ 0,00;;R$ 0,00;R$ 0,00;;;;0,0%;;"";;Formento Securitizadora S.A.;AMFI COMPANHIA SECURITIZADORA DE CREDITOS FINANCEIROS I SA;Oferta Pública;Duplicata;Produto Encerrado
Conecta Lá Unitoken #129;Unitoken;10/06/2025;-35;R$ 0,00;R$ 0,00;R$ 0,00;R$ 0,00;R$ 0,00;;;R$ 0,00;;;;0,0%;;"";;FULL NINE DIGITAL CONSULTORIA S.A.;AMFI COMPANHIA SECURITIZADORA DE CREDITOS FINANCEIROS I SA;Oferta Pública;Duplicata;Produto Encerrado
Formento Unitoken #100;Unitoken;10/06/2025;-35;R$ 0,00;R$ 11,87;R$ 0,00;R$ 0,00;R$ 0,00;;R$ 0,00;R$ 0,00;;;;0,0%;;"";;Formento Securitizadora S.A.;AMFI COMPANHIA SECURITIZADORA DE CREDITOS FINANCEIROS I SA;Oferta Pública;Duplicata;Produto Encerrado
Faighus Unitoken #15;Unitoken;10/06/2025;-35;R$ 0,00;R$ 0,03;R$ 0,00;R$ 0,00;R$ 0,00;;R$ 0,00;R$ 0,00;;;;0,0%;;"";;FAIGHUS SECURITIZADORA S.A.;AMFI COMPANHIA SECURITIZADORA DE CREDITOS FINANCEIROS I SA;Oferta Pública;Duplicata;Produto Encerrado
Syntheo Unitoken #79;Unitoken;11/06/2025;-34;R$ 0,00;R$ 8,33;R$ 0,00;R$ 0,00;R$ 0,00;;R$ 0,00;R$ 0,00;;;;0,0%;;"";;SYNTHÉO SECURITIZADORA DE CRÉDITOS S.A.;AMFI COMPANHIA SECURITIZADORA DE CREDITOS FINANCEIROS I SA;Oferta Pública;Duplicata;Produto Encerrado
Click Antecipa Unitoken #108;Unitoken;11/06/2025;-34;R$ 0,00;R$ 0,21;R$ 0,00;R$ 0,00;R$ 0,00;;R$ 0,00;R$ 0,00;;;;0,0%;;"";;CLICK SECURITIZADORA S.A.;AMFI COMPANHIA SECURITIZADORA DE CREDITOS FINANCEIROS I SA;Oferta Pública;Duplicata;Produto Encerrado
Formento Unitoken #74;Unitoken;11/06/2025;-34;R$ 0,00;R$ 15,00;R$ 0,00;R$ 0,00;R$ 0,00;;R$ 0,00;R$ 0,00;;;;0,0%;;"";;Formento Securitizadora S.A.;AMFI COMPANHIA SECURITIZADORA DE CREDITOS FINANCEIROS I SA;Oferta Pública;Duplicata;Produto Encerrado
Learnbase Unitoken #52;Unitoken;11/06/2025;-34;R$ 0,00;R$ 0,00;R$ 0,00;R$ 0,00;R$ 0,00;;;R$ 0,00;;;;0,0%;;"";;Learnbase Gestão e Consultoria Educacional S.A.;AMFI COMPANHIA SECURITIZADORA DE CREDITOS FINANCEIROS I SA;Oferta Pública;Duplicata;Produto Encerrado
Formento Unitoken #80;Unitoken;11/06/2025;-34;R$ 0,00;R$ 14,82;R$ 0,00;R$ 0,00;R$ 0,00;;R$ 0,00;R$ 0,00;;;;0,0%;;"";;Formento Securitizadora S.A.;AMFI COMPANHIA SECURITIZADORA DE CREDITOS FINANCEIROS I SA;Oferta Pública;Duplicata;Produto Encerrado
Syntheo Unitoken #78;Unitoken;11/06/2025;-34;R$ 0,00;R$ 3,91;R$ 0,00;R$ 0,00;R$ 0,00;;R$ 0,00;R$ 0,00;;;;0,0%;;"";;SYNTHÉO SECURITIZADORA DE CRÉDITOS S.A.;AMFI COMPANHIA SECURITIZADORA DE CREDITOS FINANCEIROS I SA;Oferta Pública;Duplicata;Produto Encerrado
Formento Unitoken #66;Unitoken;11/06/2025;-34;R$ 0,00;R$ 8,68;R$ 0,00;R$ 0,00;R$ 0,00;;R$ 0,00;R$ 0,00;;;;0,0%;;"";;Formento Securitizadora S.A.;AMFI COMPANHIA SECURITIZADORA DE CREDITOS FINANCEIROS I SA;Oferta Pública;Duplicata;Produto Encerrado
Formento Unitoken #96;Unitoken;11/06/2025;-34;R$ 0,00;R$ 8,24;R$ 0,00;R$ 0,00;R$ 0,00;;R$ 0,00;R$ 0,00;;;;0,0%;;"";;Formento Securitizadora S.A.;AMFI COMPANHIA SECURITIZADORA DE CREDITOS FINANCEIROS I SA;Oferta Pública;Duplicata;Produto Encerrado
Click Antecipa Unitoken #110;Unitoken;11/06/2025;-34;R$ 0,00;R$ 0,00;R$ 0,00;R$ 0,00;R$ 0,00;;;R$ 0,00;;;;0,0%;;"";;CLICK SECURITIZADORA S.A.;AMFI COMPANHIA SECURITIZADORA DE CREDITOS FINANCEIROS I SA;Oferta Pública;Duplicata;Produto Encerrado
Click Antecipa Unitoken #112;Unitoken;12/06/2025;-33;R$ 0,00;R$ 0,00;R$ 0,00;R$ 0,00;R$ 0,00;;;R$ 0,00;;;;0,0%;;"";;CLICK SECURITIZADORA S.A.;AMFI COMPANHIA SECURITIZADORA DE CREDITOS FINANCEIROS I SA;Oferta Pública;Duplicata;Produto Encerrado
Grana.ai Unitoken #6;Unitoken;12/06/2025;-33;R$ 0,00;R$ 11,87;R$ 0,00;R$ 0,00;R$ 0,00;;R$ 0,00;R$ 0,00;;;;0,0%;;"";;GRANA.AI TECNOLOGIA LTDA;AMFI COMPANHIA SECURITIZADORA DE CREDITOS FINANCEIROS I SA;Oferta Pública;Recebível de Cartão;Produto Encerrado
Baru Unitoken #7;Unitoken;13/06/2025;-32;R$ 0,00;R$ 0,00;R$ 0,00;R$ 0,00;R$ 0,00;;;R$ 0,00;;;;0,0%;;"";;GRIFFIN CAPITAL S.A. SECURITIZADORA;AMFI COMPANHIA SECURITIZADORA DE CREDITOS FINANCEIROS I SA;Oferta Pública;Duplicata;Produto Encerrado
Wynvest Unitoken #2;Unitoken;13/06/2025;-32;R$ 0,00;R$ 117,62;R$ 0,00;R$ 0,00;R$ 0,00;;R$ 0,00;R$ 0,00;;;;0,0%;;"";;WYNVEST SECURITIZADORA DE CRÉDITO S.A;AMFI COMPANHIA SECURITIZADORA DE CREDITOS FINANCEIROS I SA;Oferta Pública;Duplicata;Produto Encerrado
Formento Unitoken #114;Unitoken;13/06/2025;-32;R$ 0,00;R$ 0,09;R$ 0,00;R$ 0,00;R$ 0,00;;R$ 0,00;R$ 0,00;;;;0,0%;;"";;Formento Securitizadora S.A.;AMFI COMPANHIA SECURITIZADORA DE CREDITOS FINANCEIROS I SA;Oferta Pública;Duplicata;Produto Encerrado
Flowins Café Pool #1;Pool;14/06/2025;-31;R$ 0,04;R$ 0,00;R$ 0,04;R$ 0,00;R$ 0,04;R$ 0,00;;R$ 0,00;;;;0,0%;;Concentração máx por sacado;;Flowins;;;CCB;
BMDC Unitoken #2;Unitoken;15/06/2025;-30;R$ 0,00;R$ 0,00;R$ 0,00;R$ 0,00;R$ 0,00;;;R$ 0,00;;;;0,0%;;"";;BMDC SECURITIZADORA SA;AMFI COMPANHIA SECURITIZADORA DE CREDITOS FINANCEIROS I SA;;CCB;
C4 Unitoken #49;Unitoken;16/06/2025;-29;R$ 0,00;R$ 0,34;R$ 0,00;R$ 0,00;R$ 0,00;;R$ 0,00;R$ 0,00;;;;0,0%;;"";;C4 CAPITAL SECURITIZADORA S/A;AMFI COMPANHIA SECURITIZADORA DE CREDITOS FINANCEIROS I SA;Oferta Pública;Duplicata;Produto Encerrado
Conecta Lá Unitoken #137;Unitoken;16/06/2025;-29;R$ 0,00;R$ 0,03;R$ 0,00;R$ 0,00;R$ 0,00;;R$ 0,00;R$ 0,00;;;;0,0%;;"";;FULL NINE DIGITAL CONSULTORIA S.A.;AMFI COMPANHIA SECURITIZADORA DE CREDITOS FINANCEIROS I SA;Oferta Pública;Duplicata;Produto Encerrado
Conecta Lá Unitoken #130;Unitoken;16/06/2025;-29;R$ 0,00;R$ 0,00;R$ 0,00;R$ 0,00;R$ 0,00;;;R$ 0,00;;;;0,0%;;"";;FULL NINE DIGITAL CONSULTORIA S.A.;AMFI COMPANHIA SECURITIZADORA DE CREDITOS FINANCEIROS I SA;Oferta Pública;Duplicata;Produto Encerrado
Conecta Lá Unitoken #133;Unitoken;16/06/2025;-29;R$ 0,00;R$ 10,84;R$ 0,00;R$ 0,00;R$ 0,00;;R$ 0,00;R$ 0,00;;;;0,0%;;"";;FULL NINE DIGITAL CONSULTORIA S.A.;AMFI COMPANHIA SECURITIZADORA DE CREDITOS FINANCEIROS I SA;Oferta Pública;Duplicata;Produto Encerrado
AFA CONSULTORIA DE CREDITO Unitoken #31;Unitoken;16/06/2025;-29;R$ 0,00;R$ 0,00;R$ 0,00;R$ 0,00;R$ 0,00;;;R$ 0,00;;;;0,0%;;"";;AFA CONSULTORIA DE CREDITO UNIPESSOAL LTDA;AMFI COMPANHIA SECURITIZADORA DE CREDITOS FINANCEIROS I SA;Oferta Pública;Duplicata;Produto Encerrado
C4 Unitoken #45;Unitoken;16/06/2025;-29;R$ 0,00;R$ 1,55;R$ 0,00;R$ 0,00;R$ 0,00;;R$ 0,00;R$ 0,00;;;;0,0%;;"";;C4 CAPITAL SECURITIZADORA S/A;AMFI COMPANHIA SECURITIZADORA DE CREDITOS FINANCEIROS I SA;Oferta Pública;Duplicata;Produto Encerrado
Faighus Unitoken #17;Unitoken;17/06/2025;-28;R$ 0,00;R$ 0,00;R$ 0,00;R$ 0,00;R$ 0,00;;;R$ 0,00;;;;0,0%;;"";;FAIGHUS SECURITIZADORA S.A.;AMFI COMPANHIA SECURITIZADORA DE CREDITOS FINANCEIROS I SA;Oferta Pública;Duplicata;Produto Encerrado
Lebasq Unitoken #46;Unitoken;17/06/2025;-28;R$ 0,00;R$ 0,46;R$ 0,00;R$ 0,00;R$ 0,00;;R$ 0,00;R$ 0,00;;;;0,0%;;"";;LEBASQ SECURITIZAÇÃO DE CRÉDITOS SA;AMFI COMPANHIA SECURITIZADORA DE CREDITOS FINANCEIROS I SA;Oferta Pública;Duplicata;Produto Encerrado
Wynvest Unitoken #3;Unitoken;17/06/2025;-28;R$ 0,00;R$ 0,05;R$ 0,00;R$ 0,00;R$ 0,00;;R$ 0,00;R$ 0,00;;;;0,0%;;"";;WYNVEST SECURITIZADORA DE CRÉDITO S.A;AMFI COMPANHIA SECURITIZADORA DE CREDITOS FINANCEIROS I SA;Oferta Pública;Duplicata;Produto Encerrado
AFA CONSULTORIA DE CREDITO Unitoken #11;Unitoken;17/06/2025;-28;R$ 0,00;R$ 128,43;R$ 0,00;R$ 0,00;R$ 0,00;;R$ 0,00;R$ 0,00;;;;0,0%;;"";;AFA CONSULTORIA DE CREDITO UNIPESSOAL LTDA;AMFI COMPANHIA SECURITIZADORA DE CREDITOS FINANCEIROS I SA;Oferta Pública;Duplicata;Produto Encerrado
Formento Unitoken #88;Unitoken;18/06/2025;-27;R$ 0,00;R$ 5,79;R$ 0,00;R$ 0,00;R$ 0,00;;R$ 0,00;R$ 0,00;;;;0,0%;;"";;Formento Securitizadora S.A.;AMFI COMPANHIA SECURITIZADORA DE CREDITOS FINANCEIROS I SA;Oferta Pública;Duplicata;Produto Encerrado
Wynvest Unitoken #4;Unitoken;18/06/2025;-27;R$ 0,00;R$ 0,06;R$ 0,00;R$ 0,00;R$ 0,00;;R$ 0,00;R$ 0,00;;;;0,0%;;"";;WYNVEST SECURITIZADORA DE CRÉDITO S.A;AMFI COMPANHIA SECURITIZADORA DE CREDITOS FINANCEIROS I SA;Oferta Pública;Duplicata;Produto Encerrado
Syntheo Unitoken #80;Unitoken;18/06/2025;-27;R$ 0,00;R$ 17,34;R$ 0,00;R$ 0,00;R$ 0,00;;R$ 0,00;R$ 0,00;;;;0,0%;;"";;SYNTHÉO SECURITIZADORA DE CRÉDITOS S.A.;AMFI COMPANHIA SECURITIZADORA DE CREDITOS FINANCEIROS I SA;Oferta Pública;Duplicata;Produto Encerrado
Formento Unitoken #83;Unitoken;18/06/2025;-27;R$ 0,00;R$ 0,00;R$ 0,00;R$ 0,00;R$ 0,00;;;R$ 0,00;;;;0,0%;;"";;Formento Securitizadora S.A.;AMFI COMPANHIA SECURITIZADORA DE CREDITOS FINANCEIROS I SA;Oferta Pública;Duplicata;Produto Encerrado
Conecta Lá Unitoken #139;Unitoken;20/06/2025;-25;R$ 0,00;R$ 59,77;R$ 0,00;R$ 0,00;R$ 0,00;;R$ 0,00;R$ 0,00;;;;0,0%;;"";;FULL NINE DIGITAL CONSULTORIA S.A.;AMFI COMPANHIA SECURITIZADORA DE CREDITOS FINANCEIROS I SA;Oferta Pública;Duplicata;Produto Encerrado
Grana.ai Unitoken #7;Unitoken;20/06/2025;-25;R$ 0,00;R$ 0,00;R$ 0,00;R$ 0,00;R$ 0,00;;;R$ 0,00;;;;0,0%;;"";;GRANA.AI TECNOLOGIA LTDA;AMFI COMPANHIA SECURITIZADORA DE CREDITOS FINANCEIROS I SA;Oferta Pública;Recebível de Cartão;Produto Encerrado
Syntheo Unitoken #101;Unitoken;20/06/2025;-25;R$ 0,00;R$ 30,19;R$ 0,00;R$ 0,00;R$ 0,00;;R$ 0,00;R$ 0,00;;;;0,0%;;"";;SYNTHÉO SECURITIZADORA DE CRÉDITOS S.A.;AMFI COMPANHIA SECURITIZADORA DE CREDITOS FINANCEIROS I SA;Oferta Pública;Duplicata;Produto Encerrado
Formento Unitoken #112;Unitoken;20/06/2025;-25;R$ 0,00;R$ 0,00;R$ 0,00;R$ 0,00;R$ 0,00;;;R$ 0,00;;;;0,0%;;"";;Formento Securitizadora S.A.;AMFI COMPANHIA SECURITIZADORA DE CREDITOS FINANCEIROS I SA;Oferta Pública;Duplicata;Produto Encerrado
Conecta Lá Unitoken #136;Unitoken;20/06/2025;-25;R$ 0,00;R$ 0,00;R$ 0,00;R$ 0,00;R$ 0,00;;;R$ 0,00;;;;0,0%;;"";;FULL NINE DIGITAL CONSULTORIA S.A.;AMFI COMPANHIA SECURITIZADORA DE CREDITOS FINANCEIROS I SA;Oferta Pública;Duplicata;Produto Encerrado
Conecta Lá Unitoken #131;Unitoken;20/06/2025;-25;R$ 0,00;R$ 42,60;R$ 0,00;R$ 0,00;R$ 0,00;;R$ 0,00;R$ 0,00;;;;0,0%;;"";;FULL NINE DIGITAL CONSULTORIA S.A.;AMFI COMPANHIA SECURITIZADORA DE CREDITOS FINANCEIROS I SA;Oferta Pública;Duplicata;Produto Encerrado
Syntheo Unitoken #95;Unitoken;20/06/2025;-25;R$ 0,00;R$ 29,48;R$ 0,00;R$ 0,00;R$ 0,00;;R$ 0,00;R$ 0,00;;;;0,0%;;"";;SYNTHÉO SECURITIZADORA DE CRÉDITOS S.A.;AMFI COMPANHIA SECURITIZADORA DE CREDITOS FINANCEIROS I SA;Oferta Pública;Duplicata;Produto Encerrado
Conecta Lá Unitoken #132;Unitoken;20/06/2025;-25;R$ 0,00;R$ 0,00;R$ 0,00;R$ 0,00;R$ 0,00;;;R$ 0,00;;;;0,0%;;"";;FULL NINE DIGITAL CONSULTORIA S.A.;AMFI COMPANHIA SECURITIZADORA DE CREDITOS FINANCEIROS I SA;Oferta Pública;Duplicata;Produto Encerrado
Syntheo Unitoken #85;Unitoken;23/06/2025;-22;R$ 0,00;R$ 14,35;R$ 0,00;R$ 0,00;R$ 0,00;;R$ 0,00;R$ 0,00;;;;0,0%;;"";;SYNTHÉO SECURITIZADORA DE CRÉDITOS S.A.;AMFI COMPANHIA SECURITIZADORA DE CREDITOS FINANCEIROS I SA;Oferta Pública;Duplicata;Produto Encerrado
Girubank Unitoken #12;Unitoken;23/06/2025;-22;R$ 0,00;R$ 0,00;R$ 0,00;R$ 0,00;R$ 0,00;;;R$ 0,00;;;;0,0%;;"";;Girubank Securitizadora SA;AMFI COMPANHIA SECURITIZADORA DE CREDITOS FINANCEIROS I SA;Oferta Pública;Duplicata;Produto Encerrado
Chronos Unitoken #11;Unitoken;23/06/2025;-22;R$ 0,00;R$ 0,09;R$ 0,00;R$ 0,00;R$ 0,00;;R$ 0,00;R$ 0,00;;;;0,0%;;"";;CHRONOS SECURITIZADORA S/A;AMFI COMPANHIA SECURITIZADORA DE CREDITOS FINANCEIROS I SA;Oferta Pública;Duplicata;Produto Encerrado
Syntheo Unitoken #81;Unitoken;23/06/2025;-22;R$ 0,00;R$ 12,47;R$ 0,00;R$ 0,00;R$ 0,00;;R$ 0,00;R$ 0,00;;;;0,0%;;"";;SYNTHÉO SECURITIZADORA DE CRÉDITOS S.A.;AMFI COMPANHIA SECURITIZADORA DE CREDITOS FINANCEIROS I SA;Oferta Pública;Duplicata;Produto Encerrado
Conecta Lá Unitoken #150;Unitoken;23/06/2025;-22;R$ 0,00;R$ 55,27;R$ 0,00;R$ 0,00;R$ 0,00;;R$ 0,00;R$ 0,00;;;;0,0%;;"";;FULL NINE DIGITAL CONSULTORIA S.A.;AMFI COMPANHIA SECURITIZADORA DE CREDITOS FINANCEIROS I SA;Oferta Pública;Duplicata;Produto Encerrado
Lebasq Unitoken #47;Unitoken;23/06/2025;-22;R$ 0,00;R$ 1,84;R$ 0,00;R$ 0,00;R$ 0,00;;R$ 0,00;R$ 0,00;;;;0,0%;;"";;LEBASQ SECURITIZAÇÃO DE CRÉDITOS SA;AMFI COMPANHIA SECURITIZADORA DE CREDITOS FINANCEIROS I SA;Oferta Pública;Duplicata;Produto Encerrado
OUB CAPITAL Unitoken #15;Unitoken;23/06/2025;-22;R$ 0,00;R$ 0,01;R$ 0,00;R$ 0,00;R$ 0,00;;R$ 0,00;R$ 0,00;;;;0,0%;;"";;OUB CAPITAL SA;AMFI COMPANHIA SECURITIZADORA DE CREDITOS FINANCEIROS I SA;Oferta Pública;Duplicata;Produto Encerrado
BRL Unitoken #6;Unitoken;24/06/2025;-21;R$ 0,00;R$ 0,00;R$ 0,00;R$ 0,00;R$ 0,00;;;R$ 0,00;;;;0,0%;;"";;BRL SECURITIZADORA S.A;AMFI COMPANHIA SECURITIZADORA DE CREDITOS FINANCEIROS I SA;Oferta Pública;Duplicata;Produto Encerrado
AFA CONSULTORIA DE CREDITO Unitoken #12;Unitoken;24/06/2025;-21;R$ 0,00;R$ 7,90;R$ 0,00;R$ 0,00;R$ 0,00;;R$ 0,00;R$ 0,00;;;;0,0%;;"";;AFA CONSULTORIA DE CREDITO UNIPESSOAL LTDA;AMFI COMPANHIA SECURITIZADORA DE CREDITOS FINANCEIROS I SA;Oferta Pública;Duplicata;Produto Encerrado
Formento Unitoken #99;Unitoken;24/06/2025;-21;R$ 0,00;R$ 0,00;R$ 0,00;R$ 0,00;R$ 0,00;;;R$ 0,00;;;;0,0%;;"";;Formento Securitizadora S.A.;AMFI COMPANHIA SECURITIZADORA DE CREDITOS FINANCEIROS I SA;Oferta Pública;Duplicata;Produto Encerrado
BRL Unitoken #7;Unitoken;24/06/2025;-21;R$ 0,00;R$ 0,13;R$ 0,00;R$ 0,00;R$ 0,00;;R$ 0,00;R$ 0,00;;;;0,0%;;"";;BRL SECURITIZADORA S.A;AMFI COMPANHIA SECURITIZADORA DE CREDITOS FINANCEIROS I SA;Oferta Pública;Duplicata;Produto Encerrado
Syntheo Unitoken #83;Unitoken;24/06/2025;-21;R$ 0,00;R$ 0,26;R$ 0,00;R$ 0,00;R$ 0,00;;R$ 0,00;R$ 0,00;;;;0,0%;;"";;SYNTHÉO SECURITIZADORA DE CRÉDITOS S.A.;AMFI COMPANHIA SECURITIZADORA DE CREDITOS FINANCEIROS I SA;Oferta Pública;Duplicata;Produto Encerrado
Conecta Lá Unitoken #32;Unitoken;24/06/2025;-21;R$ 0,00;R$ 0,00;R$ 0,00;R$ 0,00;R$ 0,00;;;R$ 0,00;;;;0,0%;;"";;FULL NINE DIGITAL CONSULTORIA S.A.;AMFI COMPANHIA SECURITIZADORA DE CREDITOS FINANCEIROS I SA;;Duplicata;
Formento Unitoken #86;Unitoken;24/06/2025;-21;R$ 0,00;R$ 0,00;R$ 0,00;R$ 0,00;R$ 0,00;;;R$ 0,00;;;;0,0%;;"";;Formento Securitizadora S.A.;AMFI COMPANHIA SECURITIZADORA DE CREDITOS FINANCEIROS I SA;Oferta Pública;Duplicata;Produto Encerrado
Formento Unitoken #94;Unitoken;25/06/2025;-20;R$ 0,00;R$ 0,00;R$ 0,00;R$ 0,00;R$ 0,00;;R$ 0,00;R$ 0,00;;;;0,0%;;"";;Formento Securitizadora S.A.;AMFI COMPANHIA SECURITIZADORA DE CREDITOS FINANCEIROS I SA;Oferta Pública;Duplicata;Produto Encerrado
Conecta Lá Unitoken #140;Unitoken;25/06/2025;-20;R$ 0,00;R$ 24,86;R$ 0,00;R$ 0,00;R$ 0,00;;R$ 0,00;R$ 0,00;;;;0,0%;;"";;FULL NINE DIGITAL CONSULTORIA S.A.;AMFI COMPANHIA SECURITIZADORA DE CREDITOS FINANCEIROS I SA;Oferta Pública;Duplicata;Produto Encerrado
Conecta Lá Unitoken #121;Unitoken;25/06/2025;-20;R$ 0,00;R$ 29,77;R$ 0,00;R$ 0,00;R$ 0,00;;R$ 0,00;R$ 0,00;;;;0,0%;;"";;FULL NINE DIGITAL CONSULTORIA S.A.;AMFI COMPANHIA SECURITIZADORA DE CREDITOS FINANCEIROS I SA;Oferta Pública;Duplicata;Produto Encerrado
Girubank Unitoken #6;Unitoken;26/06/2025;-19;R$ 0,00;R$ 0,00;R$ 0,00;R$ 0,00;R$ 0,00;;;R$ 0,00;;;;0,0%;;"";;Girubank Securitizadora SA;AMFI COMPANHIA SECURITIZADORA DE CREDITOS FINANCEIROS I SA;Oferta Pública;Duplicata;Produto Encerrado
B.Invest Unitoken #4;Unitoken;26/06/2025;-19;R$ 0,00;R$ 0,00;R$ 0,00;R$ 0,00;R$ 0,00;;;R$ 0,00;;;;0,0%;;"";;B.Invest Securitizadora de Créditos S.A.;AMFI COMPANHIA SECURITIZADORA DE CREDITOS FINANCEIROS I SA;Oferta Pública;Duplicata;Produto Encerrado
Click Antecipa Unitoken #105;Unitoken;26/06/2025;-19;R$ 0,00;R$ 0,30;R$ 0,00;R$ 0,00;R$ 0,00;;R$ 0,00;R$ 0,00;;;;0,0%;;"";;CLICK SECURITIZADORA S.A.;AMFI COMPANHIA SECURITIZADORA DE CREDITOS FINANCEIROS I SA;Oferta Pública;Duplicata;Produto Encerrado
Grana.ai Unitoken #8;Unitoken;26/06/2025;-19;R$ 0,00;R$ 0,00;R$ 0,00;R$ 0,00;R$ 0,00;;;R$ 0,00;;;;0,0%;;"";;GRANA.AI TECNOLOGIA LTDA;AMFI COMPANHIA SECURITIZADORA DE CREDITOS FINANCEIROS I SA;Oferta Pública;Recebível de Cartão;Produto Encerrado
B. Invest Unitoken #1;Unitoken;26/06/2025;-19;R$ 0,00;R$ 52,82;R$ 0,00;R$ 0,00;R$ 0,00;;R$ 0,00;R$ 0,00;;;;0,0%;;"";;B.Invest Securitizadora de Créditos S.A.;AMFI COMPANHIA SECURITIZADORA DE CREDITOS FINANCEIROS I SA;Oferta Pública;Duplicata;Produto Encerrado
Chronos Unitoken #12;Unitoken;27/06/2025;-18;R$ 0,00;R$ 0,03;R$ 0,00;R$ 0,00;R$ 0,00;;R$ 0,00;R$ 0,00;;;;0,0%;;"";;CHRONOS SECURITIZADORA S/A;AMFI COMPANHIA SECURITIZADORA DE CREDITOS FINANCEIROS I SA;Oferta Pública;Duplicata;Produto Encerrado
BRL Unitoken #9;Unitoken;27/06/2025;-18;R$ 0,00;R$ 0,00;R$ 0,00;R$ 0,00;R$ 0,00;;;R$ 0,00;;;;0,0%;;"";;BRL SECURITIZADORA S.A;AMFI COMPANHIA SECURITIZADORA DE CREDITOS FINANCEIROS I SA;Oferta Pública;Duplicata;Produto Encerrado
Click Antecipa Unitoken #114;Unitoken;27/06/2025;-18;R$ 0,00;R$ 0,00;R$ 0,00;R$ 0,00;R$ 0,00;;;R$ 0,00;;;;0,0%;;"";;CLICK SECURITIZADORA S.A.;AMFI COMPANHIA SECURITIZADORA DE CREDITOS FINANCEIROS I SA;Oferta Pública;Duplicata;Produto Encerrado
Lebasq Unitoken #29;Unitoken;27/06/2025;-18;R$ 0,00;R$ 0,00;R$ 0,00;R$ 0,00;R$ 0,00;;;R$ 0,00;;;;0,0%;;"";;LEBASQ SECURITIZAÇÃO DE CRÉDITOS SA;AMFI COMPANHIA SECURITIZADORA DE CREDITOS FINANCEIROS I SA;Oferta Pública;Duplicata;Produto Encerrado
Stockash - Equity Flex - EdTech;Unitoken;28/06/2025;-17;R$ 258.235,89;R$ 0,00;R$ 258.235,89;R$ 258.235,89;R$ 0,00;R$ 0,00;;R$ 0,00;100,0%;0,0%;100,0%;0,0%;2,0%;"";;Stockash Consultoria em Credito LTDA;AMFI COMPANHIA SECURITIZADORA DE CREDITOS FINANCEIROS I SA;Oferta Privada;Nota Comercial / CCB;Captação finalizada
Lebasq Unitoken #33;Unitoken;28/06/2025;-17;R$ 0,00;R$ 5,06;R$ 0,00;R$ 0,00;R$ 0,00;;R$ 0,00;R$ 0,00;;;;0,0%;;"";;LEBASQ SECURITIZAÇÃO DE CRÉDITOS SA;AMFI COMPANHIA SECURITIZADORA DE CREDITOS FINANCEIROS I SA;Oferta Pública;Duplicata;Produto Encerrado
Formento Unitoken #90;Unitoken;30/06/2025;-15;R$ 0,00;R$ 0,18;R$ 0,00;R$ 0,00;R$ 0,00;;R$ 0,00;R$ 0,00;;;;0,0%;;"";;Formento Securitizadora S.A.;AMFI COMPANHIA SECURITIZADORA DE CREDITOS FINANCEIROS I SA;Oferta Pública;Duplicata;Produto Encerrado
BRL Unitoken #8;Unitoken;30/06/2025;-15;R$ 0,00;R$ 0,00;R$ 0,00;R$ 0,00;R$ 0,00;;;R$ 0,00;;;;0,0%;;"";;BRL SECURITIZADORA S.A;AMFI COMPANHIA SECURITIZADORA DE CREDITOS FINANCEIROS I SA;Oferta Pública;Duplicata;Produto Encerrado
Formento Unitoken #64;Unitoken;30/06/2025;-15;R$ 0,00;R$ 28,59;R$ 0,00;R$ 0,00;R$ 0,00;;R$ 0,00;R$ 0,00;;;;0,0%;;"";;Formento Securitizadora S.A.;AMFI COMPANHIA SECURITIZADORA DE CREDITOS FINANCEIROS I SA;Oferta Pública;Duplicata;Produto Encerrado
B.Invest Unitoken #2;Unitoken;30/06/2025;-15;R$ 0,00;R$ 0,00;R$ 0,00;R$ 0,00;R$ 0,00;;;R$ 0,00;;;;0,0%;;"";;B.Invest Securitizadora de Créditos S.A.;AMFI COMPANHIA SECURITIZADORA DE CREDITOS FINANCEIROS I SA;Oferta Pública;Duplicata;Produto Encerrado
Syntheo Unitoken #97;Unitoken;30/06/2025;-15;R$ 0,00;R$ 0,00;R$ 0,00;R$ 0,00;R$ 0,00;;;R$ 0,00;;;;0,0%;;"";;SYNTHÉO SECURITIZADORA DE CRÉDITOS S.A.;AMFI COMPANHIA SECURITIZADORA DE CREDITOS FINANCEIROS I SA;Oferta Pública;Duplicata;Produto Encerrado
Formento Unitoken #78;Unitoken;30/06/2025;-15;R$ 0,00;R$ 31,35;R$ 0,00;R$ 0,00;R$ 0,00;;R$ 0,00;R$ 0,00;;;;0,0%;;"";;Formento Securitizadora S.A.;AMFI COMPANHIA SECURITIZADORA DE CREDITOS FINANCEIROS I SA;Oferta Pública;Duplicata;Produto Encerrado
AFA CONSULTORIA DE CREDITO Unitoken #13;Unitoken;30/06/2025;-15;R$ 0,00;R$ 0,00;R$ 0,00;R$ 0,00;R$ 0,00;;;R$ 0,00;;;;0,0%;;"";;AFA CONSULTORIA DE CREDITO UNIPESSOAL LTDA;AMFI COMPANHIA SECURITIZADORA DE CREDITOS FINANCEIROS I SA;Oferta Pública;Duplicata;Produto Encerrado
Click Antecipa Unitoken #106;Unitoken;30/06/2025;-15;R$ 0,00;R$ 0,45;R$ 0,00;R$ 0,00;R$ 0,00;;R$ 0,00;R$ 0,00;;;;0,0%;;"";;CLICK SECURITIZADORA S.A.;AMFI COMPANHIA SECURITIZADORA DE CREDITOS FINANCEIROS I SA;Oferta Pública;Duplicata;Produto Encerrado
Formento Unitoken #123;Unitoken;30/06/2025;-15;R$ 0,00;R$ 0,00;R$ 0,00;R$ 0,00;R$ 0,00;;;R$ 0,00;;;;0,0%;;"";;Formento Securitizadora S.A.;AMFI COMPANHIA SECURITIZADORA DE CREDITOS FINANCEIROS I SA;Oferta Pública;Duplicata;Produto Encerrado
Click Antecipa Unitoken #107;Unitoken;30/06/2025;-15;R$ 0,00;R$ 0,18;R$ 0,00;R$ 0,00;R$ 0,00;;R$ 0,00;R$ 0,00;;;;0,0%;;"";;CLICK SECURITIZADORA S.A.;AMFI COMPANHIA SECURITIZADORA DE CREDITOS FINANCEIROS I SA;Oferta Pública;Duplicata;Produto Encerrado
Formento Unitoken #91;Unitoken;01/07/2025;-14;R$ 0,00;R$ 0,00;R$ 0,00;R$ 0,00;R$ 0,00;;;R$ 0,00;;;;0,0%;;"";;Formento Securitizadora S.A.;AMFI COMPANHIA SECURITIZADORA DE CREDITOS FINANCEIROS I SA;Oferta Pública;Duplicata;Produto Encerrado
Click Antecipa Unitoken #111;Unitoken;01/07/2025;-14;R$ 0,00;R$ 0,20;R$ 0,00;R$ 0,00;R$ 0,00;;R$ 0,00;R$ 0,00;;;;0,0%;;"";;CLICK SECURITIZADORA S.A.;AMFI COMPANHIA SECURITIZADORA DE CREDITOS FINANCEIROS I SA;Oferta Pública;Duplicata;Produto Encerrado
Fintrust  Unitoken #6;Unitoken;01/07/2025;-14;R$ 1.091,07;R$ 0,00;R$ 1.091,07;R$ 1.091,07;R$ 0,00;;;R$ 0,00;;;100,0%;0,0%;1,7%;"";;Fintrust Securitizadora;AMFI COMPANHIA SECURITIZADORA DE CREDITOS FINANCEIROS I SA;Oferta Pública;Duplicata;Captação finalizada
Learnbase Unitoken #44;Unitoken;01/07/2025;-14;R$ 0,00;R$ 0,00;R$ 0,00;R$ 0,00;R$ 0,00;;;R$ 0,00;;;;0,0%;;"";;Learnbase Gestão e Consultoria Educacional S.A.;AMFI COMPANHIA SECURITIZADORA DE CREDITOS FINANCEIROS I SA;Oferta Pública;Duplicata;Produto Encerrado
Learnbase Unitoken #58;Unitoken;02/07/2025;-13;R$ 0,00;R$ 0,00;R$ 0,00;R$ 0,00;R$ 0,00;;;R$ 0,00;;;;0,0%;;"";;Learnbase Gestão e Consultoria Educacional S.A.;AMFI COMPANHIA SECURITIZADORA DE CREDITOS FINANCEIROS I SA;Oferta Pública;Duplicata;Produto Encerrado
Syntheo Unitoken #90;Unitoken;03/07/2025;-12;R$ 0,00;R$ 0,05;R$ 0,00;R$ 0,00;R$ 0,00;;R$ 0,00;R$ 0,00;;;;0,0%;;"";;SYNTHÉO SECURITIZADORA DE CRÉDITOS S.A.;AMFI COMPANHIA SECURITIZADORA DE CREDITOS FINANCEIROS I SA;Oferta Pública;Duplicata;Produto Encerrado
Syntheo Unitoken #84;Unitoken;03/07/2025;-12;R$ 0,00;R$ 49,52;R$ 0,00;R$ 0,00;R$ 0,00;;R$ 0,00;R$ 0,00;;;;0,0%;;"";;SYNTHÉO SECURITIZADORA DE CRÉDITOS S.A.;AMFI COMPANHIA SECURITIZADORA DE CREDITOS FINANCEIROS I SA;Oferta Pública;Duplicata;Produto Encerrado
Formento Unitoken #92;Unitoken;03/07/2025;-12;R$ 0,00;R$ 0,01;R$ 0,00;R$ 0,00;R$ 0,00;;R$ 0,00;R$ 0,00;;;;0,0%;;"";;Formento Securitizadora S.A.;AMFI COMPANHIA SECURITIZADORA DE CREDITOS FINANCEIROS I SA;Oferta Pública;Duplicata;Produto Encerrado
Syntheo Unitoken #86;Unitoken;04/07/2025;-11;R$ 0,00;R$ 0,00;R$ 0,00;R$ 0,00;R$ 0,00;;;R$ 0,00;;;;0,0%;;"";;SYNTHÉO SECURITIZADORA DE CRÉDITOS S.A.;AMFI COMPANHIA SECURITIZADORA DE CREDITOS FINANCEIROS I SA;Oferta Pública;Duplicata;Produto Encerrado
Formento Unitoken #81;Unitoken;04/07/2025;-11;R$ 0,00;R$ 0,00;R$ 0,00;R$ 0,00;R$ 0,00;;;R$ 0,00;;;;0,0%;;"";;Formento Securitizadora S.A.;AMFI COMPANHIA SECURITIZADORA DE CREDITOS FINANCEIROS I SA;Oferta Pública;Duplicata;Produto Encerrado
Formento Unitoken #93;Unitoken;04/07/2025;-11;R$ 0,00;R$ 0,00;R$ 0,00;R$ 0,00;R$ 0,00;;;R$ 0,00;;;;0,0%;;"";;Formento Securitizadora S.A.;AMFI COMPANHIA SECURITIZADORA DE CREDITOS FINANCEIROS I SA;Oferta Pública;Duplicata;Produto Encerrado
Grana.ai Unitoken #9;Unitoken;04/07/2025;-11;R$ 0,00;R$ 0,00;R$ 0,00;R$ 0,00;R$ 0,00;;;R$ 0,00;;;;0,0%;;"";;GRANA.AI TECNOLOGIA LTDA;AMFI COMPANHIA SECURITIZADORA DE CREDITOS FINANCEIROS I SA;Oferta Pública;Recebível de Cartão;Produto Encerrado
Chronos Unitoken #10;Unitoken;04/07/2025;-11;R$ 0,00;R$ 0,00;R$ 0,00;R$ 0,00;R$ 0,00;;;R$ 0,00;;;;0,0%;;"";;CHRONOS SECURITIZADORA S/A;AMFI COMPANHIA SECURITIZADORA DE CREDITOS FINANCEIROS I SA;Oferta Pública;Duplicata;Produto Encerrado
Syntheo Unitoken #103;Unitoken;07/07/2025;-8;R$ 0,00;R$ 9,93;R$ 0,00;R$ 0,00;R$ 0,00;;R$ 0,00;R$ 0,00;;;;0,0%;;"";;SYNTHÉO SECURITIZADORA DE CRÉDITOS S.A.;AMFI COMPANHIA SECURITIZADORA DE CREDITOS FINANCEIROS I SA;Oferta Pública;Duplicata;Produto Encerrado
Conecta Lá Unitoken #148;Unitoken;07/07/2025;-8;R$ 0,00;R$ 0,00;R$ 0,00;R$ 0,00;R$ 0,00;;;R$ 0,00;;;;0,0%;;"";;FULL NINE DIGITAL CONSULTORIA S.A.;AMFI COMPANHIA SECURITIZADORA DE CREDITOS FINANCEIROS I SA;Oferta Pública;Duplicata;Produto Encerrado
Conecta Lá Unitoken #134;Unitoken;07/07/2025;-8;R$ 0,00;R$ 0,00;R$ 0,00;R$ 0,00;R$ 0,00;;;R$ 0,00;;;;0,0%;;"";;FULL NINE DIGITAL CONSULTORIA S.A.;AMFI COMPANHIA SECURITIZADORA DE CREDITOS FINANCEIROS I SA;Oferta Pública;Duplicata;Produto Encerrado
Click Antecipa Unitoken #102;Unitoken;07/07/2025;-8;R$ 0,00;R$ 0,00;R$ 0,00;R$ 0,00;R$ 0,00;;;R$ 0,00;;;;0,0%;;"";;CLICK SECURITIZADORA S.A.;AMFI COMPANHIA SECURITIZADORA DE CREDITOS FINANCEIROS I SA;Oferta Pública;Duplicata;Produto Encerrado
Faighus Unitoken #18;Unitoken;08/07/2025;-7;R$ 0,00;R$ 0,00;R$ 0,00;R$ 0,00;R$ 0,00;;;R$ 0,00;;;;0,0%;;"";;FAIGHUS SECURITIZADORA S.A.;AMFI COMPANHIA SECURITIZADORA DE CREDITOS FINANCEIROS I SA;Oferta Pública;Duplicata;Produto Encerrado
Formento Unitoken #68;Unitoken;08/07/2025;-7;R$ 0,00;R$ 4,96;R$ 0,00;R$ 0,00;R$ 0,00;;R$ 0,00;R$ 0,00;;;;0,0%;;"";;Formento Securitizadora S.A.;AMFI COMPANHIA SECURITIZADORA DE CREDITOS FINANCEIROS I SA;Oferta Pública;Duplicata;Produto Encerrado
Syntheo Unitoken #98;Unitoken;08/07/2025;-7;R$ 0,00;R$ 0,00;R$ 0,00;R$ 0,00;R$ 0,00;;;R$ 0,00;;;;0,0%;;"";;SYNTHÉO SECURITIZADORA DE CRÉDITOS S.A.;AMFI COMPANHIA SECURITIZADORA DE CREDITOS FINANCEIROS I SA;Oferta Pública;Duplicata;Produto Encerrado
Formento Unitoken #97;Unitoken;08/07/2025;-7;R$ 0,00;R$ 0,22;R$ 0,00;R$ 0,00;R$ 0,00;;R$ 0,00;R$ 0,00;;;;0,0%;;"";;Formento Securitizadora S.A.;AMFI COMPANHIA SECURITIZADORA DE CREDITOS FINANCEIROS I SA;Oferta Pública;Duplicata;Produto Encerrado
Baru Unitoken #13;Unitoken;08/07/2025;-7;R$ 0,00;R$ 0,00;R$ 0,00;R$ 0,00;R$ 0,00;;;R$ 0,00;;;;0,0%;;"";;GRIFFIN CAPITAL S.A. SECURITIZADORA;AMFI COMPANHIA SECURITIZADORA DE CREDITOS FINANCEIROS I SA;Oferta Pública;Duplicata;Produto Encerrado
B.Invest Unitoken #5;Unitoken;08/07/2025;-7;R$ 0,00;R$ 0,00;R$ 0,00;R$ 0,00;R$ 0,00;;;R$ 0,00;;;;0,0%;;"";;B.Invest Securitizadora de Créditos S.A.;AMFI COMPANHIA SECURITIZADORA DE CREDITOS FINANCEIROS I SA;Oferta Pública;Duplicata;Produto Encerrado
Click Antecipa Unitoken #113;Unitoken;08/07/2025;-7;R$ 0,00;R$ 0,00;R$ 0,00;R$ 0,00;R$ 0,00;;;R$ 0,00;;;;0,0%;;"";;CLICK SECURITIZADORA S.A.;AMFI COMPANHIA SECURITIZADORA DE CREDITOS FINANCEIROS I SA;Oferta Pública;Duplicata;Produto Encerrado
Syntheo Unitoken #99;Unitoken;09/07/2025;-6;R$ 0,00;R$ 0,00;R$ 0,00;R$ 0,00;R$ 0,00;;;R$ 0,00;;;;0,0%;;"";;SYNTHÉO SECURITIZADORA DE CRÉDITOS S.A.;AMFI COMPANHIA SECURITIZADORA DE CREDITOS FINANCEIROS I SA;Oferta Pública;Duplicata;Produto Encerrado
Syntheo Unitoken #104;Unitoken;09/07/2025;-6;R$ 0,00;R$ 0,00;R$ 0,00;R$ 0,00;R$ 0,00;;;R$ 0,00;;;;0,0%;;"";;SYNTHÉO SECURITIZADORA DE CRÉDITOS S.A.;AMFI COMPANHIA SECURITIZADORA DE CREDITOS FINANCEIROS I SA;Oferta Pública;Duplicata;Produto Encerrado
Formento Unitoken #125;Unitoken;09/07/2025;-6;R$ 0,00;R$ 0,00;R$ 0,00;R$ 0,00;R$ 0,00;;;R$ 0,00;;;;0,0%;;"";;Formento Securitizadora S.A.;AMFI COMPANHIA SECURITIZADORA DE CREDITOS FINANCEIROS I SA;Oferta Pública;Duplicata;Produto Encerrado
BRL Unitoken #10;Unitoken;09/07/2025;-6;R$ 0,00;R$ 0,00;R$ 0,00;R$ 0,00;R$ 0,00;;;R$ 0,00;;;;0,0%;;"";;BRL SECURITIZADORA S.A;AMFI COMPANHIA SECURITIZADORA DE CREDITOS FINANCEIROS I SA;Oferta Pública;Duplicata;Produto Encerrado
Syntheo Unitoken #89;Unitoken;09/07/2025;-6;R$ 0,00;R$ 0,00;R$ 0,00;R$ 0,00;R$ 0,00;;;R$ 0,00;;;;0,0%;;"";;SYNTHÉO SECURITIZADORA DE CRÉDITOS S.A.;AMFI COMPANHIA SECURITIZADORA DE CREDITOS FINANCEIROS I SA;Oferta Pública;Duplicata;Produto Encerrado
Syntheo Unitoken #93;Unitoken;09/07/2025;-6;R$ 0,00;R$ 0,00;R$ 0,00;R$ 0,00;R$ 0,00;;;R$ 0,00;;;;0,0%;;"";;SYNTHÉO SECURITIZADORA DE CRÉDITOS S.A.;AMFI COMPANHIA SECURITIZADORA DE CREDITOS FINANCEIROS I SA;Oferta Pública;Duplicata;Produto Encerrado
Lecapital Unitoken #3;Unitoken;09/07/2025;-6;R$ 0,00;R$ 0,00;R$ 0,00;R$ 0,00;R$ 0,00;;;R$ 0,00;;;;0,0%;;"";;LECAPITAL SECURITIZADORA S/A;AMFI COMPANHIA SECURITIZADORA DE CREDITOS FINANCEIROS I SA;Oferta Pública;Duplicata;Produto Encerrado
a55  Unitoken #32;Unitoken;10/07/2025;-5;R$ 73.896,00;R$ 23.209,52;R$ 50.686,48;R$ 73.896,00;R$ 0,00;;R$ 3,18;R$ 0,00;;;100,0%;0,0%;1,4%;"";;a55 SECURITIZADORA S.A.;a55 SECURITIZADORA S.A.;Oferta Pública;CCB;Captação finalizada
C4 Unitoken #61;Unitoken;10/07/2025;-5;R$ 0,00;R$ 0,00;R$ 0,00;R$ 0,00;R$ 0,00;;;R$ 0,00;;;;0,0%;;"";;C4 CAPITAL SECURITIZADORA S/A;AMFI COMPANHIA SECURITIZADORA DE CREDITOS FINANCEIROS I SA;Oferta Pública;Duplicata;Produto Encerrado
Wynvest Unitoken #6;Unitoken;10/07/2025;-5;R$ 0,00;R$ 0,89;R$ 0,00;R$ 0,00;R$ 0,00;;R$ 0,00;R$ 0,00;;;;0,0%;;"";;WYNVEST SECURITIZADORA DE CRÉDITO S.A;AMFI COMPANHIA SECURITIZADORA DE CREDITOS FINANCEIROS I SA;Oferta Pública;Duplicata;Produto Encerrado
Grana.ai Unitoken #10;Unitoken;10/07/2025;-5;R$ 0,00;R$ 578,24;R$ 0,00;R$ 0,00;R$ 0,00;;R$ 0,00;R$ 0,00;;;;0,0%;;"";;GRANA.AI TECNOLOGIA LTDA;AMFI COMPANHIA SECURITIZADORA DE CREDITOS FINANCEIROS I SA;Oferta Pública;Recebível de Cartão;Produto Encerrado
Lebasq Unitoken #51;Unitoken;10/07/2025;-5;R$ 0,00;R$ 0,00;R$ 0,00;R$ 0,00;R$ 0,00;;;R$ 0,00;;;;0,0%;;"";;LEBASQ SECURITIZAÇÃO DE CRÉDITOS SA;AMFI COMPANHIA SECURITIZADORA DE CREDITOS FINANCEIROS I SA;Oferta Pública;Duplicata;Produto Encerrado
Click Antecipa Unitoken #115;Unitoken;10/07/2025;-5;R$ 0,00;R$ 0,17;R$ 0,00;R$ 0,00;R$ 0,00;;R$ 0,00;R$ 0,00;;;;0,0%;;"";;CLICK SECURITIZADORA S.A.;AMFI COMPANHIA SECURITIZADORA DE CREDITOS FINANCEIROS I SA;Oferta Pública;Duplicata;Produto Encerrado
Formento Unitoken #84;Unitoken;11/07/2025;-4;R$ 0,00;R$ 0,00;R$ 0,00;R$ 0,00;R$ 0,00;;;R$ 0,00;;;;0,0%;;"";;Formento Securitizadora S.A.;AMFI COMPANHIA SECURITIZADORA DE CREDITOS FINANCEIROS I SA;Oferta Pública;Duplicata;Produto Encerrado
B.Invest Unitoken #3;Unitoken;11/07/2025;-4;R$ 45.388,94;R$ 45.485,70;R$ 0,00;R$ 45.388,94;R$ 0,00;;R$ 1,00;R$ 0,00;;;100,0%;0,0%;1,6%;"";;B.Invest Securitizadora de Créditos S.A.;AMFI COMPANHIA SECURITIZADORA DE CREDITOS FINANCEIROS I SA;Oferta Pública;Duplicata;Captação finalizada
Lebasq Unitoken #44;Unitoken;14/07/2025;-1;R$ 0,00;R$ 0,00;R$ 0,00;R$ 0,00;R$ 0,00;;;R$ 0,00;;;;0,0%;;"";;LEBASQ SECURITIZAÇÃO DE CRÉDITOS SA;AMFI COMPANHIA SECURITIZADORA DE CREDITOS FINANCEIROS I SA;Oferta Pública;Duplicata;Produto Encerrado
Chronos Unitoken #14;Unitoken;14/07/2025;-1;R$ 0,00;R$ 0,00;R$ 0,00;R$ 0,00;R$ 0,00;;;R$ 0,00;;;;0,0%;;"";;CHRONOS SECURITIZADORA S/A;AMFI COMPANHIA SECURITIZADORA DE CREDITOS FINANCEIROS I SA;Oferta Pública;Duplicata;Produto Encerrado
Click Antecipa Unitoken #104;Unitoken;14/07/2025;-1;R$ 0,00;R$ 0,00;R$ 0,00;R$ 0,00;R$ 0,00;;;R$ 0,00;;;;0,0%;;"";;CLICK SECURITIZADORA S.A.;AMFI COMPANHIA SECURITIZADORA DE CREDITOS FINANCEIROS I SA;Oferta Pública;Duplicata;Produto Encerrado
BRL Unitoken #11;Unitoken;15/07/2025;0;R$ 18.799,79;R$ 18.798,26;R$ 1,53;R$ 18.799,79;R$ 0,00;;R$ 1,00;R$ 0,00;;;;0,0%;2,0%;"";15/07/2025;BRL SECURITIZADORA S.A;AMFI COMPANHIA SECURITIZADORA DE CREDITOS FINANCEIROS I SA;Oferta Pública;Duplicata;Captação finalizada
C4 Unitoken #58;Unitoken;15/07/2025;0;R$ 12.099,80;R$ 12.099,63;R$ 0,17;R$ 12.133,56;R$ 0,00;;R$ 1,00;R$ 0,00;;;;0,0%;1,7%;"";15/07/2025;C4 CAPITAL SECURITIZADORA S/A;AMFI COMPANHIA SECURITIZADORA DE CREDITOS FINANCEIROS I SA;Oferta Pública;Duplicata;Captação finalizada
Conecta Lá Unitoken #135;Unitoken;15/07/2025;0;R$ 15.799,56;R$ 15.799,52;R$ 0,04;R$ 15.799,56;R$ 0,00;;R$ 1,00;R$ 0,00;;;;0,0%;1,7%;"";15/07/2025;FULL NINE DIGITAL CONSULTORIA S.A.;AMFI COMPANHIA SECURITIZADORA DE CREDITOS FINANCEIROS I SA;Oferta Pública;Duplicata;Captação finalizada
C4 Unitoken #53;Unitoken;15/07/2025;0;R$ 15.000,00;R$ 14.999,68;R$ 0,32;R$ 15.000,00;R$ 0,00;;R$ 1,00;R$ 0,00;;;;0,0%;1,6%;"";15/07/2025;C4 CAPITAL SECURITIZADORA S/A;AMFI COMPANHIA SECURITIZADORA DE CREDITOS FINANCEIROS I SA;Oferta Pública;Duplicata;Captação finalizada
OUB CAPITAL Unitoken #12;Unitoken;15/07/2025;0;R$ 28.950,00;R$ 28.949,85;R$ 0,15;R$ 28.950,00;R$ 0,00;;R$ 1,00;R$ 0,00;;;;0,0%;1,6%;"";15/07/2025;OUB CAPITAL SA;AMFI COMPANHIA SECURITIZADORA DE CREDITOS FINANCEIROS I SA;Oferta Pública;Duplicata;Captação finalizada
Syntheo Unitoken #94;Unitoken;15/07/2025;0;R$ 8.250,00;R$ 8.254,27;R$ 0,00;R$ 8.250,00;R$ 0,00;;R$ 1,00;R$ 0,00;;;;0,0%;1,6%;"";15/07/2025;SYNTHÉO SECURITIZADORA DE CRÉDITOS S.A.;AMFI COMPANHIA SECURITIZADORA DE CREDITOS FINANCEIROS I SA;Oferta Pública;Duplicata;Captação finalizada
Learnbase Unitoken #59;Unitoken;15/07/2025;0;R$ 0,00;R$ 0,00;R$ 0,00;R$ 0,00;R$ 0,00;;;R$ 0,00;;;;0,0%;;"";15/07/2025;Learnbase Gestão e Consultoria Educacional S.A.;AMFI COMPANHIA SECURITIZADORA DE CREDITOS FINANCEIROS I SA;Oferta Pública;Duplicata;Produto Encerrado
C4 Unitoken #55;Unitoken;15/07/2025;0;R$ 18.522,83;R$ 18.522,78;R$ 0,05;R$ 18.522,83;R$ 0,00;;R$ 1,00;R$ 0,00;;;;0,0%;1,7%;"";15/07/2025;C4 CAPITAL SECURITIZADORA S/A;AMFI COMPANHIA SECURITIZADORA DE CREDITOS FINANCEIROS I SA;Oferta Pública;Duplicata;Captação finalizada
BMDC Unitoken #3;Unitoken;15/07/2025;0;R$ 1.308,59;R$ 0,00;R$ 1.308,59;R$ 1.308,59;R$ 0,00;;;R$ 0,00;;;;0,0%;1,7%;"";;BMDC SECURITIZADORA SA;AMFI COMPANHIA SECURITIZADORA DE CREDITOS FINANCEIROS I SA;;CCB;
Faighus Unitoken #24;Unitoken;15/07/2025;0;R$ 14.500,00;R$ 14.499,99;R$ 0,01;R$ 14.500,00;R$ 0,00;;R$ 1,00;R$ 0,00;;;;0,0%;1,6%;"";15/07/2025;FAIGHUS SECURITIZADORA S.A.;AMFI COMPANHIA SECURITIZADORA DE CREDITOS FINANCEIROS I SA;Oferta Pública;Duplicata;Captação finalizada
Conecta Lá Unitoken #155;Unitoken;15/07/2025;0;R$ 0,00;R$ 0,00;R$ 0,00;R$ 0,00;R$ 0,00;;;R$ 0,00;;;;0,0%;;"";15/07/2025;FULL NINE DIGITAL CONSULTORIA S.A.;AMFI COMPANHIA SECURITIZADORA DE CREDITOS FINANCEIROS I SA;Oferta Pública;Duplicata;Produto Encerrado
Conecta Lá Unitoken #147;Unitoken;15/07/2025;0;R$ 0,00;R$ 0,00;R$ 0,00;R$ 0,00;R$ 0,00;;;R$ 0,00;;;;0,0%;;"";15/07/2025;FULL NINE DIGITAL CONSULTORIA S.A.;AMFI COMPANHIA SECURITIZADORA DE CREDITOS FINANCEIROS I SA;Oferta Pública;Duplicata;Produto Encerrado
Conecta Lá Unitoken #146;Unitoken;15/07/2025;0;R$ 24.174,62;R$ 24.174,59;R$ 0,03;R$ 24.174,62;R$ 0,00;;R$ 1,00;R$ 0,00;;;;0,0%;1,7%;"";15/07/2025;FULL NINE DIGITAL CONSULTORIA S.A.;AMFI COMPANHIA SECURITIZADORA DE CREDITOS FINANCEIROS I SA;Oferta Pública;Duplicata;Captação finalizada
Lebasq Unitoken #45;Unitoken;16/07/2025;1;R$ 1.096,18;R$ 1.085,09;R$ 11,09;R$ 1.096,18;R$ 0,00;;R$ 1,01;R$ 0,00;;;;0,0%;1,3%;"";16/07/2025;LEBASQ SECURITIZAÇÃO DE CRÉDITOS SA;AMFI COMPANHIA SECURITIZADORA DE CREDITOS FINANCEIROS I SA;Oferta Pública;Duplicata;Captação finalizada
Wynvest Unitoken #8;Unitoken;16/07/2025;1;R$ 90.270,34;R$ 90.223,82;R$ 46,52;R$ 90.270,34;R$ 0,00;;R$ 1,00;R$ 0,00;;;;0,0%;1,6%;"";16/07/2025;WYNVEST SECURITIZADORA DE CRÉDITO S.A;AMFI COMPANHIA SECURITIZADORA DE CREDITOS FINANCEIROS I SA;Oferta Pública;Duplicata;Captação finalizada
AFA CONSULTORIA DE CREDITO Unitoken #27;Unitoken;17/07/2025;2;R$ 34.968,57;R$ 34.968,35;R$ 0,22;R$ 34.968,57;R$ 0,00;;R$ 1,00;R$ 0,00;;;;0,0%;1,4%;"";17/07/2025;AFA CONSULTORIA DE CREDITO UNIPESSOAL LTDA;AMFI COMPANHIA SECURITIZADORA DE CREDITOS FINANCEIROS I SA;Oferta Pública;Duplicata;Captação finalizada
C4 Unitoken #52;Unitoken;17/07/2025;2;R$ 39.184,49;R$ 39.183,24;R$ 1,25;R$ 39.205,86;R$ 0,00;;R$ 1,00;R$ 0,00;;;;0,0%;1,6%;"";15/07/2025;C4 CAPITAL SECURITIZADORA S/A;AMFI COMPANHIA SECURITIZADORA DE CREDITOS FINANCEIROS I SA;Oferta Pública;Duplicata;Captação finalizada
Lebasq Unitoken #49;Unitoken;18/07/2025;3;R$ 1.110,53;R$ 1.090,74;R$ 19,79;R$ 1.110,53;R$ 0,00;;R$ 1,02;R$ 0,00;;;;0,0%;1,3%;"";18/07/2025;LEBASQ SECURITIZAÇÃO DE CRÉDITOS SA;AMFI COMPANHIA SECURITIZADORA DE CREDITOS FINANCEIROS I SA;Oferta Pública;Duplicata;Captação finalizada
Faighus Unitoken #19;Unitoken;18/07/2025;3;R$ 18.414,34;R$ 18.414,32;R$ 0,02;R$ 18.414,34;R$ 0,00;;R$ 1,00;R$ 0,00;;;;0,0%;1,6%;"";18/07/2025;FAIGHUS SECURITIZADORA S.A.;AMFI COMPANHIA SECURITIZADORA DE CREDITOS FINANCEIROS I SA;Oferta Pública;Duplicata;Captação finalizada
Formento Unitoken #121;Unitoken;18/07/2025;3;R$ 50.706,11;R$ 50.707,04;R$ 0,00;R$ 50.706,11;R$ 0,00;;R$ 1,00;R$ 0,00;;;;0,0%;1,6%;"";18/07/2025;Formento Securitizadora S.A.;AMFI COMPANHIA SECURITIZADORA DE CREDITOS FINANCEIROS I SA;Oferta Pública;Duplicata;Captação finalizada
C4 Unitoken #56;Unitoken;21/07/2025;6;R$ 4.157,96;R$ 4.157,88;R$ 0,08;R$ 4.157,96;R$ 0,00;;R$ 1,00;R$ 0,00;;;;0,0%;1,7%;"";21/07/2025;C4 CAPITAL SECURITIZADORA S/A;AMFI COMPANHIA SECURITIZADORA DE CREDITOS FINANCEIROS I SA;Oferta Pública;Duplicata;Captação finalizada
Conecta Lá Unitoken #141;Unitoken;21/07/2025;6;R$ 48.522,17;R$ 48.496,92;R$ 25,25;R$ 48.522,17;R$ 0,00;;R$ 1,00;R$ 0,00;;;;0,0%;1,7%;"";21/07/2025;FULL NINE DIGITAL CONSULTORIA S.A.;AMFI COMPANHIA SECURITIZADORA DE CREDITOS FINANCEIROS I SA;Oferta Pública;Duplicata;Captação finalizada
Learnbase Unitoken #61;Unitoken;21/07/2025;6;R$ 23.804,84;R$ 23.764,36;R$ 40,48;R$ 23.804,84;R$ 0,00;;R$ 1,00;R$ 0,00;;;;0,0%;2,0%;"";21/07/2025;Learnbase Gestão e Consultoria Educacional S.A.;AMFI COMPANHIA SECURITIZADORA DE CREDITOS FINANCEIROS I SA;Oferta Pública;Duplicata;Captação finalizada
Conecta Lá Unitoken #145;Unitoken;21/07/2025;6;R$ 24.431,38;R$ 24.418,82;R$ 12,56;R$ 24.431,38;R$ 0,00;;R$ 1,00;R$ 0,00;;;;0,0%;1,7%;"";21/07/2025;FULL NINE DIGITAL CONSULTORIA S.A.;AMFI COMPANHIA SECURITIZADORA DE CREDITOS FINANCEIROS I SA;Oferta Pública;Duplicata;Captação finalizada
Wynvest Unitoken #7;Unitoken;21/07/2025;6;R$ 122.063,13;R$ 122.000,23;R$ 62,90;R$ 122.063,13;R$ 0,00;;R$ 1,00;R$ 0,00;;;;0,0%;1,6%;"";21/07/2025;WYNVEST SECURITIZADORA DE CRÉDITO S.A;AMFI COMPANHIA SECURITIZADORA DE CREDITOS FINANCEIROS I SA;Oferta Pública;Duplicata;Captação finalizada
Grana.ai Unitoken #11;Unitoken;21/07/2025;6;R$ 22.001,55;R$ 22.009,34;R$ 0,00;R$ 22.001,55;R$ 0,00;;R$ 1,00;R$ 0,00;;;48,7%;0,0%;1,6%;"";15/07/2025;GRANA.AI TECNOLOGIA LTDA;AMFI COMPANHIA SECURITIZADORA DE CREDITOS FINANCEIROS I SA;Oferta Pública;Recebível de Cartão;Captação finalizada
Syntheo Unitoken #96;Unitoken;21/07/2025;6;R$ 30.438,07;R$ 30.463,06;R$ 0,00;R$ 30.438,07;R$ 0,00;;R$ 1,00;R$ 0,00;;;29,9%;0,0%;1,6%;"";21/07/2025;SYNTHÉO SECURITIZADORA DE CRÉDITOS S.A.;AMFI COMPANHIA SECURITIZADORA DE CREDITOS FINANCEIROS I SA;Oferta Pública;Duplicata;Captação finalizada
Conecta Lá Unitoken #164;Unitoken;21/07/2025;6;R$ 35.309,02;R$ 35.291,66;R$ 17,36;R$ 35.309,02;R$ 0,00;;R$ 1,00;R$ 0,00;;;;0,0%;1,8%;"";21/07/2025;FULL NINE DIGITAL CONSULTORIA S.A.;AMFI COMPANHIA SECURITIZADORA DE CREDITOS FINANCEIROS I SA;Oferta Pública;Duplicata;Captação finalizada
Conecta Lá Unitoken #160;Unitoken;21/07/2025;6;R$ 49.854,19;R$ 49.828,09;R$ 26,10;R$ 49.854,19;R$ 0,00;;R$ 1,00;R$ 0,00;;;;0,0%;1,8%;"";21/07/2025;FULL NINE DIGITAL CONSULTORIA S.A.;AMFI COMPANHIA SECURITIZADORA DE CREDITOS FINANCEIROS I SA;Oferta Pública;Duplicata;Captação finalizada
Conecta Lá Unitoken #143;Unitoken;21/07/2025;6;R$ 109.691,91;R$ 109.634,23;R$ 57,68;R$ 109.691,91;R$ 0,00;;R$ 1,00;R$ 0,00;;;;0,0%;1,7%;"";21/07/2025;FULL NINE DIGITAL CONSULTORIA S.A.;AMFI COMPANHIA SECURITIZADORA DE CREDITOS FINANCEIROS I SA;Oferta Pública;Duplicata;Captação finalizada
Faighus Unitoken #21;Unitoken;22/07/2025;7;R$ 12.979,70;R$ 12.979,68;R$ 0,02;R$ 12.979,70;R$ 0,00;;R$ 1,00;R$ 0,00;;;;0,0%;1,6%;"";22/07/2025;FAIGHUS SECURITIZADORA S.A.;AMFI COMPANHIA SECURITIZADORA DE CREDITOS FINANCEIROS I SA;Oferta Pública;Duplicata;Captação finalizada
Formento Unitoken #105;Unitoken;22/07/2025;7;R$ 41.952,41;R$ 41.916,79;R$ 35,62;R$ 41.952,41;R$ 0,00;;R$ 1,00;R$ 0,00;;;;0,0%;1,6%;"";15/07/2025;Formento Securitizadora S.A.;AMFI COMPANHIA SECURITIZADORA DE CREDITOS FINANCEIROS I SA;Oferta Pública;Duplicata;Captação finalizada
Learnbase Unitoken #60;Unitoken;22/07/2025;7;R$ 21.695,46;R$ 21.683,94;R$ 11,52;R$ 21.695,46;R$ 0,00;;R$ 1,00;R$ 0,00;;;;0,0%;1,9%;"";22/07/2025;Learnbase Gestão e Consultoria Educacional S.A.;AMFI COMPANHIA SECURITIZADORA DE CREDITOS FINANCEIROS I SA;Oferta Pública;Duplicata;Captação finalizada
Syntheo Unitoken #92;Unitoken;22/07/2025;7;R$ 41.414,92;R$ 41.423,54;R$ 0,00;R$ 41.414,92;R$ 0,00;;R$ 1,00;R$ 0,00;;;;0,0%;1,6%;"";18/07/2025;SYNTHÉO SECURITIZADORA DE CRÉDITOS S.A.;AMFI COMPANHIA SECURITIZADORA DE CREDITOS FINANCEIROS I SA;Oferta Pública;Duplicata;Captação finalizada
Faighus Unitoken #22;Unitoken;22/07/2025;7;R$ 21.202,40;R$ 21.202,38;R$ 0,02;R$ 21.202,40;R$ 0,00;;R$ 1,00;R$ 0,00;;;;0,0%;1,6%;"";22/07/2025;FAIGHUS SECURITIZADORA S.A.;AMFI COMPANHIA SECURITIZADORA DE CREDITOS FINANCEIROS I SA;Oferta Pública;Duplicata;Captação finalizada
Faighus Unitoken #20;Unitoken;22/07/2025;7;R$ 14.465,46;R$ 14.465,44;R$ 0,02;R$ 14.465,46;R$ 0,00;;R$ 1,00;R$ 0,00;;;;0,0%;1,6%;"";22/07/2025;FAIGHUS SECURITIZADORA S.A.;AMFI COMPANHIA SECURITIZADORA DE CREDITOS FINANCEIROS I SA;Oferta Pública;Duplicata;Captação finalizada
OUB CAPITAL Unitoken #9;Unitoken;22/07/2025;7;R$ 7.175,15;R$ 7.030,64;R$ 144,51;R$ 7.178,69;R$ 0,00;;R$ 1,02;R$ 0,00;;;;0,0%;1,5%;"";22/07/2025;OUB CAPITAL SA;AMFI COMPANHIA SECURITIZADORA DE CREDITOS FINANCEIROS I SA;Oferta Pública;Duplicata;Captação finalizada
Learnbase Unitoken #62;Unitoken;22/07/2025;7;R$ 26.678,60;R$ 26.665,03;R$ 13,57;R$ 26.678,60;R$ 0,00;;R$ 1,00;R$ 0,00;;;;0,0%;1,9%;"";22/07/2025;Learnbase Gestão e Consultoria Educacional S.A.;AMFI COMPANHIA SECURITIZADORA DE CREDITOS FINANCEIROS I SA;Oferta Pública;Duplicata;Captação finalizada
Formento Unitoken #98;Unitoken;23/07/2025;8;R$ 21.700,80;R$ 21.690,32;R$ 10,48;R$ 21.700,80;R$ 0,00;;R$ 1,00;R$ 0,00;;;;0,0%;1,5%;"";15/07/2025;Formento Securitizadora S.A.;AMFI COMPANHIA SECURITIZADORA DE CREDITOS FINANCEIROS I SA;Oferta Pública;Duplicata;Captação finalizada
Wynvest Unitoken #11;Unitoken;23/07/2025;8;R$ 156.768,88;R$ 3.770,21;R$ 152.998,67;R$ 154.751,27;R$ 2.017,61;;R$ 41,22;R$ 0,00;;;;0,0%;1,6%;"";23/07/2025;WYNVEST SECURITIZADORA DE CRÉDITO S.A;AMFI COMPANHIA SECURITIZADORA DE CREDITOS FINANCEIROS I SA;Oferta Pública;Duplicata;Em captação
AFA CONSULTORIA DE CREDITO Unitoken #15;Unitoken;24/07/2025;9;R$ 17.428,17;R$ 17.428,14;R$ 0,03;R$ 17.428,17;R$ 0,00;;R$ 1,00;R$ 0,00;;;;0,0%;1,4%;"";24/07/2025;AFA CONSULTORIA DE CREDITO UNIPESSOAL LTDA;AMFI COMPANHIA SECURITIZADORA DE CREDITOS FINANCEIROS I SA;Oferta Pública;Duplicata;Captação finalizada
Syntheo Unitoken #100;Unitoken;24/07/2025;9;R$ 48.146,46;R$ 48.170,31;R$ 0,00;R$ 48.146,46;R$ 0,00;;R$ 1,00;R$ 0,00;;;;0,0%;1,6%;"";16/07/2025;SYNTHÉO SECURITIZADORA DE CRÉDITOS S.A.;AMFI COMPANHIA SECURITIZADORA DE CREDITOS FINANCEIROS I SA;Oferta Pública;Duplicata;Captação finalizada
C4 Unitoken #60;Unitoken;25/07/2025;10;R$ 2.999,21;R$ 2.999,06;R$ 0,15;R$ 2.999,21;R$ 0,00;;R$ 1,01;R$ 0,00;;;;0,0%;1,6%;"";25/07/2025;C4 CAPITAL SECURITIZADORA S/A;AMFI COMPANHIA SECURITIZADORA DE CREDITOS FINANCEIROS I SA;Oferta Pública;Duplicata;Captação finalizada
Conecta Lá Unitoken #144;Unitoken;25/07/2025;10;R$ 25.755,12;R$ 25.755,09;R$ 0,03;R$ 25.755,12;R$ 0,00;;R$ 1,01;R$ 0,00;;;;0,0%;1,7%;"";25/07/2025;FULL NINE DIGITAL CONSULTORIA S.A.;AMFI COMPANHIA SECURITIZADORA DE CREDITOS FINANCEIROS I SA;Oferta Pública;Duplicata;Captação finalizada
Conecta Lá Unitoken #149;Unitoken;25/07/2025;10;R$ 27.901,10;R$ 27.901,07;R$ 0,03;R$ 27.901,10;R$ 0,00;;R$ 1,01;R$ 0,00;;;;0,0%;1,7%;"";25/07/2025;FULL NINE DIGITAL CONSULTORIA S.A.;AMFI COMPANHIA SECURITIZADORA DE CREDITOS FINANCEIROS I SA;Oferta Pública;Duplicata;Captação finalizada
C4 Unitoken #62;Unitoken;25/07/2025;10;R$ 27.225,33;R$ 27.225,19;R$ 0,14;R$ 27.225,33;R$ 0,00;;R$ 1,01;R$ 0,00;;;;0,0%;1,6%;"";25/07/2025;C4 CAPITAL SECURITIZADORA S/A;AMFI COMPANHIA SECURITIZADORA DE CREDITOS FINANCEIROS I SA;Oferta Pública;Duplicata;Captação finalizada
Syntheo Unitoken #108;Unitoken;25/07/2025;10;R$ 53.122,17;R$ 53.122,12;R$ 0,05;R$ 53.122,17;R$ 0,00;;R$ 1,01;R$ 0,00;;;;0,0%;1,6%;"";25/07/2025;SYNTHÉO SECURITIZADORA DE CRÉDITOS S.A.;AMFI COMPANHIA SECURITIZADORA DE CREDITOS FINANCEIROS I SA;Oferta Pública;Duplicata;Captação finalizada
Faighus Unitoken #23;Unitoken;25/07/2025;10;R$ 11.085,60;R$ 11.085,59;R$ 0,01;R$ 11.085,60;R$ 0,00;;R$ 1,01;R$ 0,00;;;;0,0%;1,6%;"";25/07/2025;FAIGHUS SECURITIZADORA S.A.;AMFI COMPANHIA SECURITIZADORA DE CREDITOS FINANCEIROS I SA;Oferta Pública;Duplicata;Captação finalizada
Blipay Pool #1;Pool;26/07/2025;11;R$ 4.693.989,74;R$ 1.585.900,13;R$ 3.108.089,61;R$ 7.171.232,79;R$ 1.710.424,61;R$ 5.000,00;R$ 4,52;R$ 0,00;66,2%;30,0%;148,8%;3.851.020,1%;40,9%;"";26/07/2025;BLIPAY INTERMEDIACAO DE NEGOCIOS E TECNOLOGIA LTDA;AMFI COMPANHIA SECURITIZADORA DE CREDITOS FINANCEIROS I SA;Oferta Pública;CCB;Captação finalizada
Lebasq Unitoken #37;Unitoken;26/07/2025;11;R$ 901,17;R$ 864,26;R$ 36,91;R$ 901,17;R$ 0,00;;R$ 1,04;R$ 0,00;;;;0,0%;1,3%;"";15/07/2025;LEBASQ SECURITIZAÇÃO DE CRÉDITOS SA;AMFI COMPANHIA SECURITIZADORA DE CREDITOS FINANCEIROS I SA;Oferta Pública;Duplicata;Captação finalizada
Formento Unitoken #102;Unitoken;28/07/2025;13;R$ 6.217,06;R$ 6.190,75;R$ 26,31;R$ 6.217,06;R$ 0,00;;R$ 1,01;R$ 0,00;;;;0,0%;1,6%;"";28/07/2025;Formento Securitizadora S.A.;AMFI COMPANHIA SECURITIZADORA DE CREDITOS FINANCEIROS I SA;Oferta Pública;Duplicata;Captação finalizada
Conecta Lá Unitoken #108;Unitoken;28/07/2025;13;R$ 12.925,32;R$ 12.946,94;R$ 0,00;R$ 12.925,32;R$ 0,00;;R$ 1,00;R$ 0,00;;;;0,0%;1,6%;"";28/07/2025;FULL NINE DIGITAL CONSULTORIA S.A.;AMFI COMPANHIA SECURITIZADORA DE CREDITOS FINANCEIROS I SA;Oferta Pública;Duplicata;Captação finalizada
Grana.ai Unitoken #12;Unitoken;28/07/2025;13;R$ 17.891,56;R$ 17.891,70;R$ 0,00;R$ 17.891,56;R$ 0,00;;R$ 1,00;R$ 0,00;;;;0,0%;1,6%;"";21/07/2025;GRANA.AI TECNOLOGIA LTDA;AMFI COMPANHIA SECURITIZADORA DE CREDITOS FINANCEIROS I SA;Oferta Pública;Recebível de Cartão;Captação finalizada
Lebasq Unitoken #50;Unitoken;28/07/2025;13;R$ 2.583,18;R$ 2.570,64;R$ 12,54;R$ 2.583,18;R$ 0,00;;R$ 1,01;R$ 0,00;;;;0,0%;1,3%;"";23/07/2025;LEBASQ SECURITIZAÇÃO DE CRÉDITOS SA;AMFI COMPANHIA SECURITIZADORA DE CREDITOS FINANCEIROS I SA;Oferta Pública;Duplicata;Captação finalizada
Syntheo Unitoken #91;Unitoken;28/07/2025;13;R$ 7.546,34;R$ 7.555,11;R$ 0,00;R$ 7.546,34;R$ 0,00;;R$ 1,00;R$ 0,00;;;;0,0%;1,6%;"";28/07/2025;SYNTHÉO SECURITIZADORA DE CRÉDITOS S.A.;AMFI COMPANHIA SECURITIZADORA DE CREDITOS FINANCEIROS I SA;Oferta Pública;Duplicata;Captação finalizada
Faighus Unitoken #26;Unitoken;29/07/2025;14;R$ 16.481,47;R$ 16.481,45;R$ 0,02;R$ 16.490,11;R$ 0,00;;R$ 1,01;R$ 0,00;;;;0,0%;1,6%;"";29/07/2025;FAIGHUS SECURITIZADORA S.A.;AMFI COMPANHIA SECURITIZADORA DE CREDITOS FINANCEIROS I SA;Oferta Pública;Duplicata;Captação finalizada
OUB CAPITAL Unitoken #16;Unitoken;29/07/2025;14;R$ 38.676,12;R$ 38.665,45;R$ 10,67;R$ 38.676,12;R$ 0,00;;R$ 1,01;R$ 0,00;;;;0,0%;1,7%;"";29/07/2025;OUB CAPITAL SA;AMFI COMPANHIA SECURITIZADORA DE CREDITOS FINANCEIROS I SA;Oferta Pública;Duplicata;Captação finalizada
Formento Unitoken #108;Unitoken;29/07/2025;14;R$ 22.186,07;R$ 22.168,32;R$ 17,75;R$ 22.186,07;R$ 0,00;;R$ 1,01;R$ 0,00;;;;0,0%;1,6%;"";25/07/2025;Formento Securitizadora S.A.;AMFI COMPANHIA SECURITIZADORA DE CREDITOS FINANCEIROS I SA;Oferta Pública;Duplicata;Captação finalizada
OUB CAPITAL Unitoken #13;Unitoken;29/07/2025;14;R$ 21.068,87;R$ 21.046,64;R$ 22,23;R$ 21.068,87;R$ 0,00;;R$ 1,00;R$ 0,00;;;;0,0%;1,6%;"";15/07/2025;OUB CAPITAL SA;AMFI COMPANHIA SECURITIZADORA DE CREDITOS FINANCEIROS I SA;Oferta Pública;Duplicata;Captação finalizada
BRL Unitoken #12;Unitoken;29/07/2025;14;R$ 86.762,50;R$ 86.765,27;R$ 0,00;R$ 86.762,50;R$ 0,00;;R$ 1,00;R$ 0,00;;;;0,0%;1,9%;"";15/07/2025;BRL SECURITIZADORA S.A;AMFI COMPANHIA SECURITIZADORA DE CREDITOS FINANCEIROS I SA;Oferta Pública;Duplicata;Captação finalizada
Formento Unitoken #109;Unitoken;29/07/2025;14;R$ 14.948,93;R$ 14.929,68;R$ 19,25;R$ 14.948,93;R$ 0,00;;R$ 1,01;R$ 0,00;;;;0,0%;1,6%;"";29/07/2025;Formento Securitizadora S.A.;AMFI COMPANHIA SECURITIZADORA DE CREDITOS FINANCEIROS I SA;Oferta Pública;Duplicata;Captação finalizada
Formento Unitoken #107;Unitoken;29/07/2025;14;R$ 50.860,68;R$ 50.813,92;R$ 46,76;R$ 50.860,68;R$ 0,00;;R$ 1,01;R$ 0,00;;;;0,0%;1,6%;"";23/07/2025;Formento Securitizadora S.A.;AMFI COMPANHIA SECURITIZADORA DE CREDITOS FINANCEIROS I SA;Oferta Pública;Duplicata;Captação finalizada
Click Antecipa Unitoken #116;Unitoken;29/07/2025;14;R$ 23.180,01;R$ 23.131,76;R$ 48,25;R$ 23.180,01;R$ 0,00;;R$ 1,01;R$ 0,00;;;;0,0%;1,6%;"";16/07/2025;CLICK SECURITIZADORA S.A.;AMFI COMPANHIA SECURITIZADORA DE CREDITOS FINANCEIROS I SA;Oferta Pública;Duplicata;Captação finalizada
Lebasq Unitoken #38;Unitoken;29/07/2025;14;R$ 1.970,45;R$ 1.975,64;R$ 0,00;R$ 1.970,45;R$ 0,00;;R$ 1,00;R$ 0,00;;;;0,0%;1,3%;"";29/07/2025;LEBASQ SECURITIZAÇÃO DE CRÉDITOS SA;AMFI COMPANHIA SECURITIZADORA DE CREDITOS FINANCEIROS I SA;Oferta Pública;Duplicata;Captação finalizada
Faighus Unitoken #25;Unitoken;29/07/2025;14;R$ 16.737,92;R$ 16.737,91;R$ 0,01;R$ 16.737,92;R$ 0,00;;R$ 1,01;R$ 0,00;;;;0,0%;1,6%;"";29/07/2025;FAIGHUS SECURITIZADORA S.A.;AMFI COMPANHIA SECURITIZADORA DE CREDITOS FINANCEIROS I SA;Oferta Pública;Duplicata;Captação finalizada
AFA CONSULTORIA DE CREDITO Unitoken #26;Unitoken;29/07/2025;14;R$ 17.390,39;R$ 17.390,47;R$ 0,00;R$ 17.390,39;R$ 0,00;;R$ 1,01;R$ 0,00;;;;0,0%;1,4%;"";29/07/2025;AFA CONSULTORIA DE CREDITO UNIPESSOAL LTDA;AMFI COMPANHIA SECURITIZADORA DE CREDITOS FINANCEIROS I SA;Oferta Pública;Duplicata;Captação finalizada
Lebasq Unitoken #39;Unitoken;29/07/2025;14;R$ 759,37;R$ 726,76;R$ 32,61;R$ 759,37;R$ 0,00;;R$ 1,05;R$ 0,00;;;;0,0%;1,3%;"";29/07/2025;LEBASQ SECURITIZAÇÃO DE CRÉDITOS SA;AMFI COMPANHIA SECURITIZADORA DE CREDITOS FINANCEIROS I SA;Oferta Pública;Duplicata;Captação finalizada
Lebasq Unitoken #41;Unitoken;30/07/2025;15;R$ 619,60;R$ 607,13;R$ 12,47;R$ 619,60;R$ 0,00;;R$ 1,03;R$ 0,00;;;;0,0%;1,3%;"";30/07/2025;LEBASQ SECURITIZAÇÃO DE CRÉDITOS SA;AMFI COMPANHIA SECURITIZADORA DE CREDITOS FINANCEIROS I SA;Oferta Pública;Duplicata;Captação finalizada
Formento Unitoken #89;Unitoken;30/07/2025;15;R$ 34.741,34;R$ 34.726,21;R$ 15,13;R$ 34.741,34;R$ 0,00;;R$ 1,01;R$ 0,00;;;;0,0%;1,5%;"";30/07/2025;Formento Securitizadora S.A.;AMFI COMPANHIA SECURITIZADORA DE CREDITOS FINANCEIROS I SA;Oferta Pública;Duplicata;Captação finalizada
C4 Unitoken #54;Unitoken;30/07/2025;15;R$ 42.734,87;R$ 42.734,68;R$ 0,19;R$ 42.734,87;R$ 0,00;;R$ 1,01;R$ 0,00;;;;0,0%;1,6%;"";30/07/2025;C4 CAPITAL SECURITIZADORA S/A;AMFI COMPANHIA SECURITIZADORA DE CREDITOS FINANCEIROS I SA;Oferta Pública;Duplicata;Captação finalizada
Formento Unitoken #110;Unitoken;30/07/2025;15;R$ 17.086,01;R$ 17.078,98;R$ 7,03;R$ 17.086,01;R$ 0,00;;R$ 1,01;R$ 0,00;;;;0,0%;1,6%;"";29/07/2025;Formento Securitizadora S.A.;AMFI COMPANHIA SECURITIZADORA DE CREDITOS FINANCEIROS I SA;Oferta Pública;Duplicata;Captação finalizada
BRL Unitoken #13;Unitoken;31/07/2025;16;R$ 277.544,12;R$ 277.422,44;R$ 121,68;R$ 277.544,12;R$ 0,00;;R$ 1,01;R$ 0,00;;;;0,0%;1,9%;"";23/07/2025;BRL SECURITIZADORA S.A;AMFI COMPANHIA SECURITIZADORA DE CREDITOS FINANCEIROS I SA;Oferta Pública;Duplicata;Captação finalizada
Baru Unitoken #9;Unitoken;31/07/2025;16;R$ 47.122,33;R$ 47.041,18;R$ 81,15;R$ 47.122,33;R$ 0,00;;R$ 1,01;R$ 0,00;;;;0,0%;1,6%;"";18/07/2025;GRIFFIN CAPITAL S.A. SECURITIZADORA;AMFI COMPANHIA SECURITIZADORA DE CREDITOS FINANCEIROS I SA;Oferta Pública;Ativo Judicial;Captação finalizada
Lebasq Unitoken #52;Unitoken;01/08/2025;17;R$ 1.423,32;R$ 1.398,88;R$ 24,44;R$ 1.423,32;R$ 0,00;;R$ 1,03;R$ 0,00;;;;0,0%;1,4%;"";01/08/2025;LEBASQ SECURITIZAÇÃO DE CRÉDITOS SA;AMFI COMPANHIA SECURITIZADORA DE CREDITOS FINANCEIROS I SA;Oferta Pública;Duplicata;Captação finalizada
C4 Unitoken #51;Unitoken;01/08/2025;17;R$ 16.408,23;R$ 16.407,98;R$ 0,25;R$ 16.408,23;R$ 0,00;;R$ 1,01;R$ 0,00;;;;0,0%;1,6%;"";01/08/2025;C4 CAPITAL SECURITIZADORA S/A;AMFI COMPANHIA SECURITIZADORA DE CREDITOS FINANCEIROS I SA;Oferta Pública;Duplicata;Captação finalizada
Grana.ai Unitoken #13;Unitoken;01/08/2025;17;R$ 11.802,52;R$ 11.802,57;R$ 0,00;R$ 11.802,52;R$ 0,00;;R$ 1,01;R$ 0,00;;;;0,0%;1,6%;"";28/07/2025;GRANA.AI TECNOLOGIA LTDA;AMFI COMPANHIA SECURITIZADORA DE CREDITOS FINANCEIROS I SA;Oferta Pública;Recebível de Cartão;Captação finalizada
Wynvest Unitoken #10;Unitoken;04/08/2025;20;R$ 83.231,63;R$ 0,00;R$ 83.231,63;R$ 83.231,63;R$ 0,00;;;R$ 0,00;;;;0,0%;1,6%;"";04/08/2025;WYNVEST SECURITIZADORA DE CRÉDITO S.A;AMFI COMPANHIA SECURITIZADORA DE CREDITOS FINANCEIROS I SA;Oferta Pública;Duplicata;Em captação
Formento Unitoken #116;Unitoken;04/08/2025;20;R$ 17.713,27;R$ 17.703,56;R$ 9,71;R$ 17.713,27;R$ 0,00;;R$ 1,00;R$ 0,00;;;;0,0%;1,6%;"";15/07/2025;Formento Securitizadora S.A.;AMFI COMPANHIA SECURITIZADORA DE CREDITOS FINANCEIROS I SA;Oferta Pública;Duplicata;Captação finalizada
Lebasq Unitoken #54;Unitoken;05/08/2025;21;R$ 3.697,13;R$ 3.687,58;R$ 9,55;R$ 3.697,13;R$ 0,00;;R$ 1,01;R$ 0,00;;;;0,0%;1,4%;"";25/07/2025;LEBASQ SECURITIZAÇÃO DE CRÉDITOS SA;AMFI COMPANHIA SECURITIZADORA DE CREDITOS FINANCEIROS I SA;Oferta Pública;Duplicata;Captação finalizada
Conecta Lá Unitoken #151;Unitoken;05/08/2025;21;R$ 12.682,71;R$ 12.682,70;R$ 0,01;R$ 12.682,71;R$ 0,00;;R$ 1,01;R$ 0,00;;;;0,0%;1,7%;"";05/08/2025;FULL NINE DIGITAL CONSULTORIA S.A.;AMFI COMPANHIA SECURITIZADORA DE CREDITOS FINANCEIROS I SA;Oferta Pública;Duplicata;Captação finalizada
BRL Unitoken #14;Unitoken;05/08/2025;21;R$ 253.164,23;R$ 253.113,90;R$ 50,33;R$ 253.164,23;R$ 0,00;;R$ 1,01;R$ 0,00;;;;0,0%;1,9%;"";31/07/2025;BRL SECURITIZADORA S.A;AMFI COMPANHIA SECURITIZADORA DE CREDITOS FINANCEIROS I SA;Oferta Pública;Duplicata;Captação finalizada
Click Antecipa Unitoken #122;Unitoken;05/08/2025;21;R$ 18.046,57;R$ 18.046,49;R$ 0,08;R$ 18.046,57;R$ 0,00;;R$ 1,01;R$ 0,00;;;;0,0%;1,6%;"";05/08/2025;CLICK SECURITIZADORA S.A.;AMFI COMPANHIA SECURITIZADORA DE CREDITOS FINANCEIROS I SA;Oferta Pública;Duplicata;Captação finalizada
Conecta Lá Unitoken #163;Unitoken;05/08/2025;21;R$ 25.590,07;R$ 25.590,00;R$ 0,07;R$ 25.590,07;R$ 0,00;;R$ 1,01;R$ 0,00;;;;0,0%;1,7%;"";05/08/2025;FULL NINE DIGITAL CONSULTORIA S.A.;AMFI COMPANHIA SECURITIZADORA DE CREDITOS FINANCEIROS I SA;Oferta Pública;Duplicata;Captação finalizada
Lebasq Unitoken #53;Unitoken;05/08/2025;21;R$ 751,62;R$ 751,70;R$ 0,00;R$ 751,62;R$ 0,00;;R$ 1,01;R$ 0,00;;;;0,0%;1,4%;"";05/08/2025;LEBASQ SECURITIZAÇÃO DE CRÉDITOS SA;AMFI COMPANHIA SECURITIZADORA DE CREDITOS FINANCEIROS I SA;Oferta Pública;Duplicata;Captação finalizada
Learnbase Unitoken #53;Unitoken;05/08/2025;21;R$ 27.136,92;R$ 27.124,86;R$ 12,06;R$ 27.136,92;R$ 0,00;;R$ 1,01;R$ 0,00;;;;0,0%;1,9%;"";05/08/2025;Learnbase Gestão e Consultoria Educacional S.A.;AMFI COMPANHIA SECURITIZADORA DE CREDITOS FINANCEIROS I SA;Oferta Pública;Duplicata;Captação finalizada
Learnbase Unitoken #63;Unitoken;05/08/2025;21;R$ 15.380,57;R$ 15.376,64;R$ 3,93;R$ 15.380,57;R$ 0,00;;R$ 1,01;R$ 0,00;;;;0,0%;1,9%;"";05/08/2025;Learnbase Gestão e Consultoria Educacional S.A.;AMFI COMPANHIA SECURITIZADORA DE CREDITOS FINANCEIROS I SA;Oferta Pública;Duplicata;Captação finalizada
Conecta Lá Unitoken #165;Unitoken;05/08/2025;21;R$ 21.736,73;R$ 21.736,68;R$ 0,05;R$ 21.736,73;R$ 0,00;;R$ 1,01;R$ 0,00;;;;0,0%;1,7%;"";05/08/2025;FULL NINE DIGITAL CONSULTORIA S.A.;AMFI COMPANHIA SECURITIZADORA DE CREDITOS FINANCEIROS I SA;Oferta Pública;Duplicata;Captação finalizada
Formento Unitoken #115;Unitoken;05/08/2025;21;R$ 63.196,87;R$ 63.138,25;R$ 58,62;R$ 63.196,87;R$ 0,00;;R$ 1,01;R$ 0,00;;;;0,0%;1,6%;"";29/07/2025;Formento Securitizadora S.A.;AMFI COMPANHIA SECURITIZADORA DE CREDITOS FINANCEIROS I SA;Oferta Pública;Duplicata;Captação finalizada
CENTURY Unitoken #1;Unitoken;06/08/2025;22;R$ 257.686,23;R$ 257.475,10;R$ 211,13;R$ 257.686,23;R$ 0,00;;R$ 1,02;R$ 0,00;;;;0,0%;2,5%;"";06/08/2025;CENTURY PROJETOS E CONSTRUÇÕES LTDA;AMFI COMPANHIA SECURITIZADORA DE CREDITOS FINANCEIROS I SA;Oferta Pública;Duplicata;Captação finalizada
Lecapital Unitoken #5;Unitoken;06/08/2025;22;R$ 67.913,95;R$ 67.588,29;R$ 325,66;R$ 67.913,95;R$ 0,00;;R$ 1,01;R$ 0,00;;;;0,0%;1,6%;"";22/07/2025;LECAPITAL SECURITIZADORA S/A;AMFI COMPANHIA SECURITIZADORA DE CREDITOS FINANCEIROS I SA;Oferta Pública;Duplicata;Captação finalizada
Grana.ai Unitoken #14;Unitoken;07/08/2025;23;R$ 14.063,93;R$ 14.064,01;R$ 0,00;R$ 14.071,51;R$ 0,00;;R$ 1,01;R$ 0,00;;;;0,0%;1,6%;"";04/08/2025;GRANA.AI TECNOLOGIA LTDA;AMFI COMPANHIA SECURITIZADORA DE CREDITOS FINANCEIROS I SA;Oferta Pública;Recebível de Cartão;Captação finalizada
Wynvest Unitoken #12;Unitoken;07/08/2025;23;R$ 74.795,01;R$ 0,00;R$ 74.795,01;R$ 74.795,01;R$ 0,00;;;R$ 0,00;;;;0,0%;1,6%;"";07/08/2025;WYNVEST SECURITIZADORA DE CRÉDITO S.A;AMFI COMPANHIA SECURITIZADORA DE CREDITOS FINANCEIROS I SA;Oferta Pública;Duplicata;Em captação
Syntheo Unitoken #102;Unitoken;08/08/2025;24;R$ 33.954,31;R$ 33.954,20;R$ 0,11;R$ 33.972,03;R$ 0,00;;R$ 1,01;R$ 0,00;;;;0,0%;1,6%;"";08/08/2025;SYNTHÉO SECURITIZADORA DE CRÉDITOS S.A.;AMFI COMPANHIA SECURITIZADORA DE CREDITOS FINANCEIROS I SA;Oferta Pública;Duplicata;Captação finalizada
Formento Unitoken #119;Unitoken;08/08/2025;24;R$ 16.555,20;R$ 16.549,12;R$ 6,08;R$ 16.555,20;R$ 0,00;;R$ 1,01;R$ 0,00;;;;0,0%;1,6%;"";07/08/2025;Formento Securitizadora S.A.;AMFI COMPANHIA SECURITIZADORA DE CREDITOS FINANCEIROS I SA;Oferta Pública;Duplicata;Captação finalizada
Conecta Lá Unitoken #156;Unitoken;11/08/2025;27;R$ 33.940,55;R$ 33.927,35;R$ 13,20;R$ 33.940,55;R$ 0,00;;R$ 1,02;R$ 0,00;;;;0,0%;1,7%;"";11/08/2025;FULL NINE DIGITAL CONSULTORIA S.A.;AMFI COMPANHIA SECURITIZADORA DE CREDITOS FINANCEIROS I SA;Oferta Pública;Duplicata;Captação finalizada
Formento Unitoken #132;Unitoken;11/08/2025;27;R$ 59.937,89;R$ 59.921,11;R$ 16,78;R$ 59.937,89;R$ 0,00;;R$ 1,01;R$ 0,00;;;;0,0%;1,7%;"";04/08/2025;Formento Securitizadora S.A.;AMFI COMPANHIA SECURITIZADORA DE CREDITOS FINANCEIROS I SA;Oferta Pública;Duplicata;Captação finalizada
Conecta Lá Unitoken #154;Unitoken;11/08/2025;27;R$ 15.223,49;R$ 15.217,46;R$ 6,03;R$ 15.223,49;R$ 0,00;;R$ 1,02;R$ 0,00;;;;0,0%;1,7%;"";11/08/2025;FULL NINE DIGITAL CONSULTORIA S.A.;AMFI COMPANHIA SECURITIZADORA DE CREDITOS FINANCEIROS I SA;Oferta Pública;Duplicata;Captação finalizada
Learnbase Unitoken #64;Unitoken;11/08/2025;27;R$ 108.731,91;R$ 108.668,33;R$ 63,58;R$ 108.731,91;R$ 0,00;;R$ 1,02;R$ 0,00;;;;0,0%;2,0%;"";11/08/2025;Learnbase Gestão e Consultoria Educacional S.A.;AMFI COMPANHIA SECURITIZADORA DE CREDITOS FINANCEIROS I SA;Oferta Pública;Duplicata;Captação finalizada
Wynvest Unitoken #5;Unitoken;11/08/2025;27;R$ 393.097,01;R$ 392.994,64;R$ 102,37;R$ 393.097,01;R$ 0,00;;R$ 1,01;R$ 0,00;;;;0,0%;1,6%;"";11/08/2025;WYNVEST SECURITIZADORA DE CRÉDITO S.A;AMFI COMPANHIA SECURITIZADORA DE CREDITOS FINANCEIROS I SA;Oferta Pública;Duplicata;Captação finalizada
Primer Unitoken #5;Unitoken;12/08/2025;28;R$ 53.604,85;R$ 53.566,40;R$ 38,45;R$ 53.604,85;R$ 0,00;;R$ 1,01;R$ 0,00;;;;0,0%;1,9%;"";24/07/2025;Primer Securitizadora S.A;AMFI COMPANHIA SECURITIZADORA DE CREDITOS FINANCEIROS I SA;Oferta Pública;Duplicata;Captação finalizada
Formento Unitoken #118;Unitoken;12/08/2025;28;R$ 54.305,74;R$ 54.272,20;R$ 33,54;R$ 54.334,69;R$ 0,00;;R$ 1,01;R$ 0,00;;;;0,0%;1,6%;"";06/08/2025;Formento Securitizadora S.A.;AMFI COMPANHIA SECURITIZADORA DE CREDITOS FINANCEIROS I SA;Oferta Pública;Duplicata;Captação finalizada
Formento Unitoken #122;Unitoken;12/08/2025;28;R$ 50.361,50;R$ 50.331,72;R$ 29,78;R$ 50.361,50;R$ 0,00;;R$ 1,01;R$ 0,00;;;;0,0%;1,6%;"";08/08/2025;Formento Securitizadora S.A.;AMFI COMPANHIA SECURITIZADORA DE CREDITOS FINANCEIROS I SA;Oferta Pública;Duplicata;Captação finalizada
Formento Unitoken #120;Unitoken;13/08/2025;29;R$ 88.931,58;R$ 88.953,86;R$ 0,00;R$ 88.931,58;R$ 0,00;;R$ 1,01;R$ 0,00;;;;0,0%;1,6%;"";15/07/2025;Formento Securitizadora S.A.;AMFI COMPANHIA SECURITIZADORA DE CREDITOS FINANCEIROS I SA;Oferta Pública;Duplicata;Captação finalizada
Syntheo Unitoken #105;Unitoken;13/08/2025;29;R$ 54.507,49;R$ 54.532,90;R$ 0,00;R$ 54.507,49;R$ 0,00;;R$ 1,01;R$ 0,00;;;10,3%;0,0%;1,6%;"";16/07/2025;SYNTHÉO SECURITIZADORA DE CRÉDITOS S.A.;AMFI COMPANHIA SECURITIZADORA DE CREDITOS FINANCEIROS I SA;Oferta Pública;Duplicata;Captação finalizada
BRL Unitoken #15;Unitoken;14/08/2025;30;R$ 265.268,46;R$ 0,00;R$ 265.268,46;R$ 265.268,46;R$ 0,00;;;R$ 0,00;;;;0,0%;2,0%;"";31/07/2025;BRL SECURITIZADORA S.A;AMFI COMPANHIA SECURITIZADORA DE CREDITOS FINANCEIROS I SA;Oferta Pública;Duplicata;Em captação
Digcap Pool #2;Pool;14/08/2025;30;R$ 1.003.341,78;R$ 442.524,69;R$ 560.817,09;R$ 989.273,36;R$ 4.941,05;R$ 1.500,00;R$ 3,16;R$ 0,00;55,9%;10,0%;20,6%;0,0%;4,0%;Prazo máximo por ativo (dias), Concentração máx por cedente em percentual;16/07/2025;Digcap Intermediação de Créditos Judiciais Ltda	;;Oferta Privada;Ativo Judicial;Captação finalizada
Baru Unitoken #15;Unitoken;14/08/2025;30;R$ 110.028,23;R$ 110.027,82;R$ 0,41;R$ 110.028,23;R$ 0,00;;R$ 1,01;R$ 0,00;;;;0,0%;1,5%;"";16/07/2025;GRIFFIN CAPITAL S.A. SECURITIZADORA;AMFI COMPANHIA SECURITIZADORA DE CREDITOS FINANCEIROS I SA;Oferta Pública;Duplicata;Captação finalizada
C4 Unitoken #57;Unitoken;15/08/2025;31;R$ 176.883,67;R$ 176.883,58;R$ 0,09;R$ 176.883,67;R$ 0,00;;R$ 1,01;R$ 0,00;;;;0,0%;1,7%;"";21/07/2025;C4 CAPITAL SECURITIZADORA S/A;AMFI COMPANHIA SECURITIZADORA DE CREDITOS FINANCEIROS I SA;Oferta Pública;Duplicata;Captação finalizada
BMDC Unitoken #5;Unitoken;15/08/2025;31;R$ 3.189,70;R$ 0,00;R$ 3.189,70;R$ 3.189,70;R$ 0,00;;;R$ 0,00;;;;0,0%;1,7%;"";;BMDC SECURITIZADORA SA;AMFI COMPANHIA SECURITIZADORA DE CREDITOS FINANCEIROS I SA;;CCB;
Conecta Lá Unitoken #152;Unitoken;15/08/2025;31;R$ 24.634,51;R$ 24.634,48;R$ 0,03;R$ 24.634,51;R$ 0,00;;R$ 1,02;R$ 0,00;;;;0,0%;1,7%;"";15/08/2025;FULL NINE DIGITAL CONSULTORIA S.A.;AMFI COMPANHIA SECURITIZADORA DE CREDITOS FINANCEIROS I SA;Oferta Pública;Duplicata;Captação finalizada
BMDC Unitoken #1;Unitoken;15/08/2025;31;R$ 1.006,32;R$ 0,00;R$ 1.006,32;R$ 1.006,32;R$ 0,00;;;R$ 0,00;;;;0,0%;1,7%;"";;BMDC SECURITIZADORA SA;AMFI COMPANHIA SECURITIZADORA DE CREDITOS FINANCEIROS I SA;;CCB;
Click Antecipa Unitoken #103;Unitoken;15/08/2025;31;R$ 21.448,64;R$ 0,00;R$ 21.448,64;R$ 0,00;R$ 0,00;;;R$ 0,00;;;;0,0%;;"";15/07/2025;CLICK SECURITIZADORA S.A.;AMFI COMPANHIA SECURITIZADORA DE CREDITOS FINANCEIROS I SA;Oferta Pública;Duplicata;Cancelada
Conecta Lá Unitoken #153;Unitoken;15/08/2025;31;R$ 25.453,52;R$ 25.453,50;R$ 0,02;R$ 25.453,52;R$ 0,00;;R$ 1,02;R$ 0,00;;;;0,0%;1,7%;"";15/08/2025;FULL NINE DIGITAL CONSULTORIA S.A.;AMFI COMPANHIA SECURITIZADORA DE CREDITOS FINANCEIROS I SA;Oferta Pública;Duplicata;Captação finalizada
DS Pool #1;Pool;17/08/2025;33;R$ 333.122,69;R$ 353.529,67;R$ 0,00;R$ 495.180,89;R$ 0,00;R$ 2.500,00;R$ 1,40;R$ 0,00;-6,1%;20,0%;148,7%;162.147,7%;3,5%;Concentração máx por sacado, Nível crítico de Subordinação da tranche Sênior;17/08/2025;COMPANHIA SECURITIZADORA X S.A;;Oferta Pública;Duplicata;Captação finalizada
AFA CONSULTORIA DE CREDITO Unitoken #25;Unitoken;18/08/2025;34;R$ 34.466,55;R$ 34.467,03;R$ 0,00;R$ 34.466,55;R$ 0,00;;R$ 1,02;R$ 0,00;;;;0,0%;1,4%;"";18/08/2025;AFA CONSULTORIA DE CREDITO UNIPESSOAL LTDA;AMFI COMPANHIA SECURITIZADORA DE CREDITOS FINANCEIROS I SA;Oferta Pública;Duplicata;Captação finalizada
Girubank Unitoken #26;Unitoken;18/08/2025;34;R$ 28.455,29;R$ 28.454,04;R$ 1,25;R$ 28.455,29;R$ 0,00;;R$ 1,02;R$ 0,00;;;;0,0%;1,9%;"";12/08/2025;Girubank Securitizadora SA;AMFI COMPANHIA SECURITIZADORA DE CREDITOS FINANCEIROS I SA;Oferta Pública;Duplicata;Captação finalizada
Baru Unitoken #10;Unitoken;18/08/2025;34;R$ 101.788,17;R$ 101.729,29;R$ 58,88;R$ 101.788,17;R$ 0,00;;R$ 1,01;R$ 0,00;;;;0,0%;1,5%;"";04/08/2025;GRIFFIN CAPITAL S.A. SECURITIZADORA;AMFI COMPANHIA SECURITIZADORA DE CREDITOS FINANCEIROS I SA;Oferta Pública;Ativo Judicial;Captação finalizada
Formento Unitoken #124;Unitoken;19/08/2025;35;R$ 30.426,46;R$ 30.410,36;R$ 16,10;R$ 30.426,46;R$ 0,00;;R$ 1,02;R$ 0,00;;;;0,0%;1,6%;"";29/07/2025;Formento Securitizadora S.A.;AMFI COMPANHIA SECURITIZADORA DE CREDITOS FINANCEIROS I SA;Oferta Pública;Duplicata;Captação finalizada
CENTURY Unitoken #2;Unitoken;19/08/2025;35;R$ 357.912,52;R$ 357.809,72;R$ 102,80;R$ 357.912,52;R$ 0,00;;R$ 1,03;R$ 0,00;;;;0,0%;2,6%;"";19/08/2025;CENTURY PROJETOS E CONSTRUÇÕES LTDA;AMFI COMPANHIA SECURITIZADORA DE CREDITOS FINANCEIROS I SA;Oferta Pública;Duplicata;Captação finalizada
C4 Unitoken #65;Unitoken;20/08/2025;36;R$ 38.397,83;R$ 38.397,78;R$ 0,05;R$ 38.397,83;R$ 0,00;;R$ 1,02;R$ 0,00;;;;0,0%;1,6%;"";20/08/2025;C4 CAPITAL SECURITIZADORA S/A;AMFI COMPANHIA SECURITIZADORA DE CREDITOS FINANCEIROS I SA;Oferta Pública;Duplicata;Captação finalizada
Conecta Lá Unitoken #159;Unitoken;20/08/2025;36;R$ 19.591,47;R$ 19.591,37;R$ 0,10;R$ 19.591,47;R$ 0,00;;R$ 1,02;R$ 0,00;;;;0,0%;1,7%;"";20/08/2025;FULL NINE DIGITAL CONSULTORIA S.A.;AMFI COMPANHIA SECURITIZADORA DE CREDITOS FINANCEIROS I SA;Oferta Pública;Duplicata;Captação finalizada
C4 Unitoken #64;Unitoken;20/08/2025;36;R$ 98.093,28;R$ 98.093,11;R$ 0,17;R$ 98.093,28;R$ 0,00;;R$ 1,01;R$ 0,00;;;;0,0%;1,6%;"";04/08/2025;C4 CAPITAL SECURITIZADORA S/A;AMFI COMPANHIA SECURITIZADORA DE CREDITOS FINANCEIROS I SA;Oferta Pública;Duplicata;Captação finalizada
Conecta Lá Unitoken #157;Unitoken;20/08/2025;36;R$ 40.668,36;R$ 40.668,33;R$ 0,03;R$ 40.668,36;R$ 0,00;;R$ 1,02;R$ 0,00;;;;0,0%;1,7%;"";20/08/2025;FULL NINE DIGITAL CONSULTORIA S.A.;AMFI COMPANHIA SECURITIZADORA DE CREDITOS FINANCEIROS I SA;Oferta Pública;Duplicata;Captação finalizada
Syntheo Unitoken #107;Unitoken;21/08/2025;37;R$ 81.224,32;R$ 81.213,80;R$ 10,52;R$ 81.224,32;R$ 0,00;;R$ 1,01;R$ 0,00;;;;0,0%;1,6%;"";16/07/2025;SYNTHÉO SECURITIZADORA DE CRÉDITOS S.A.;AMFI COMPANHIA SECURITIZADORA DE CREDITOS FINANCEIROS I SA;Oferta Pública;Duplicata;Captação finalizada
Girubank Unitoken #13;Unitoken;21/08/2025;37;R$ 15.971,97;R$ 15.933,71;R$ 38,26;R$ 15.971,97;R$ 0,00;;R$ 1,01;R$ 0,00;;;;0,0%;1,8%;"";22/07/2025;Girubank Securitizadora SA;AMFI COMPANHIA SECURITIZADORA DE CREDITOS FINANCEIROS I SA;Oferta Pública;Duplicata;Captação finalizada
Click Antecipa Unitoken #118;Unitoken;21/08/2025;37;R$ 17.510,38;R$ 17.498,54;R$ 11,84;R$ 17.510,38;R$ 0,00;;R$ 1,01;R$ 0,00;;;;0,0%;1,7%;"";15/07/2025;CLICK SECURITIZADORA S.A.;AMFI COMPANHIA SECURITIZADORA DE CREDITOS FINANCEIROS I SA;Oferta Pública;Duplicata;Captação finalizada
Formento Unitoken #126;Unitoken;21/08/2025;37;R$ 35.293,95;R$ 35.281,65;R$ 12,30;R$ 35.293,95;R$ 0,00;;R$ 1,02;R$ 0,00;;;;0,0%;1,6%;"";15/07/2025;Formento Securitizadora S.A.;AMFI COMPANHIA SECURITIZADORA DE CREDITOS FINANCEIROS I SA;Oferta Pública;Duplicata;Captação finalizada
Formento Unitoken #117;Unitoken;22/08/2025;38;R$ 7.217,08;R$ 7.212,37;R$ 4,71;R$ 7.217,08;R$ 0,00;;R$ 1,01;R$ 0,00;;;;0,0%;1,6%;"";22/07/2025;Formento Securitizadora S.A.;AMFI COMPANHIA SECURITIZADORA DE CREDITOS FINANCEIROS I SA;Oferta Pública;Duplicata;Captação finalizada
Syntheo Unitoken #106;Unitoken;25/08/2025;41;R$ 68.466,44;R$ 68.469,74;R$ 0,00;R$ 68.466,44;R$ 0,00;;R$ 1,01;R$ 0,00;;;9,7%;0,0%;1,6%;"";17/07/2025;SYNTHÉO SECURITIZADORA DE CRÉDITOS S.A.;AMFI COMPANHIA SECURITIZADORA DE CREDITOS FINANCEIROS I SA;Oferta Pública;Duplicata;Captação finalizada
Conecta Lá Unitoken #172;Unitoken;25/08/2025;41;R$ 13.182,00;R$ 13.181,98;R$ 0,02;R$ 13.182,00;R$ 0,00;;R$ 1,02;R$ 0,00;;;;0,0%;1,7%;"";25/08/2025;FULL NINE DIGITAL CONSULTORIA S.A.;AMFI COMPANHIA SECURITIZADORA DE CREDITOS FINANCEIROS I SA;Oferta Pública;Duplicata;Captação finalizada
Conecta Lá Unitoken #158;Unitoken;25/08/2025;41;R$ 72.769,38;R$ 72.769,03;R$ 0,35;R$ 72.769,38;R$ 0,00;;R$ 1,02;R$ 0,00;;;;0,0%;1,7%;"";25/08/2025;FULL NINE DIGITAL CONSULTORIA S.A.;AMFI COMPANHIA SECURITIZADORA DE CREDITOS FINANCEIROS I SA;Oferta Pública;Duplicata;Captação finalizada
AFA CONSULTORIA DE CREDITO Unitoken #5;Unitoken;25/08/2025;41;R$ 17.173,80;R$ 17.174,02;R$ 0,00;R$ 17.173,80;R$ 0,00;;R$ 1,02;R$ 0,00;;;;0,0%;1,4%;"";25/08/2025;AFA CONSULTORIA DE CREDITO UNIPESSOAL LTDA;AMFI COMPANHIA SECURITIZADORA DE CREDITOS FINANCEIROS I SA;Oferta Pública;Duplicata;Captação finalizada
Syntheo Unitoken #110;Unitoken;25/08/2025;41;R$ 79.143,01;R$ 79.134,78;R$ 8,23;R$ 79.143,01;R$ 0,00;;R$ 1,01;R$ 0,00;;;;0,0%;1,6%;"";18/07/2025;SYNTHÉO SECURITIZADORA DE CRÉDITOS S.A.;AMFI COMPANHIA SECURITIZADORA DE CREDITOS FINANCEIROS I SA;Oferta Pública;Duplicata;Captação finalizada
Chronos Unitoken #13;Unitoken;25/08/2025;41;R$ 35.933,72;R$ 35.904,95;R$ 28,77;R$ 35.933,72;R$ 0,00;;R$ 1,02;R$ 0,00;;;;0,0%;1,7%;"";25/08/2025;CHRONOS SECURITIZADORA S/A;AMFI COMPANHIA SECURITIZADORA DE CREDITOS FINANCEIROS I SA;Oferta Pública;Duplicata;Captação finalizada
Conecta Lá Unitoken #167;Unitoken;25/08/2025;41;R$ 25.298,34;R$ 25.298,29;R$ 0,05;R$ 25.298,34;R$ 0,00;;R$ 1,02;R$ 0,00;;;;0,0%;1,7%;"";25/08/2025;FULL NINE DIGITAL CONSULTORIA S.A.;AMFI COMPANHIA SECURITIZADORA DE CREDITOS FINANCEIROS I SA;Oferta Pública;Duplicata;Captação finalizada
Up Vendas Unitoken #11;Unitoken;25/08/2025;41;R$ 334.219,10;R$ 334.328,71;R$ 0,00;R$ 334.219,10;R$ 0,00;;R$ 1,01;R$ 0,00;;;;0,0%;1,6%;"";21/07/2025;Up Vendas;AMFI COMPANHIA SECURITIZADORA DE CREDITOS FINANCEIROS I SA;Oferta Pública;Recebível de Cartão;Captação finalizada
Conecta Lá Unitoken #162;Unitoken;25/08/2025;41;R$ 26.742,89;R$ 26.742,81;R$ 0,08;R$ 26.742,89;R$ 0,00;;R$ 1,02;R$ 0,00;;;;0,0%;1,7%;"";25/08/2025;FULL NINE DIGITAL CONSULTORIA S.A.;AMFI COMPANHIA SECURITIZADORA DE CREDITOS FINANCEIROS I SA;Oferta Pública;Duplicata;Captação finalizada
Conecta Lá Unitoken #169;Unitoken;25/08/2025;41;R$ 15.855,71;R$ 15.855,68;R$ 0,03;R$ 15.855,71;R$ 0,00;;R$ 1,02;R$ 0,00;;;;0,0%;1,7%;"";25/08/2025;FULL NINE DIGITAL CONSULTORIA S.A.;AMFI COMPANHIA SECURITIZADORA DE CREDITOS FINANCEIROS I SA;Oferta Pública;Duplicata;Captação finalizada
Syntheo Unitoken #109;Unitoken;26/08/2025;42;R$ 75.132,59;R$ 75.132,51;R$ 0,08;R$ 75.132,59;R$ 0,00;;R$ 1,01;R$ 0,00;;;;0,0%;1,6%;"";17/07/2025;SYNTHÉO SECURITIZADORA DE CRÉDITOS S.A.;AMFI COMPANHIA SECURITIZADORA DE CREDITOS FINANCEIROS I SA;Oferta Pública;Duplicata;Captação finalizada
Descontanet Unitoken #5;Unitoken;27/08/2025;43;R$ 103.607,34;R$ 103.542,95;R$ 64,39;R$ 103.607,34;R$ 0,00;;R$ 1,01;R$ 0,00;;;;0,0%;1,8%;"";16/07/2025;DESCONTANET SECURITIZADORA S.A.;AMFI COMPANHIA SECURITIZADORA DE CREDITOS FINANCEIROS I SA;Oferta Pública;Duplicata;Captação finalizada
Primer Unitoken #6;Unitoken;27/08/2025;43;R$ 48.463,97;R$ 48.435,97;R$ 28,00;R$ 48.463,97;R$ 0,00;;R$ 1,02;R$ 0,00;;;;0,0%;1,9%;"";21/07/2025;Primer Securitizadora S.A;AMFI COMPANHIA SECURITIZADORA DE CREDITOS FINANCEIROS I SA;Oferta Pública;Duplicata;Captação finalizada
Formento Unitoken #128;Unitoken;27/08/2025;43;R$ 49.848,49;R$ 49.824,05;R$ 24,44;R$ 49.848,49;R$ 0,00;;R$ 1,02;R$ 0,00;;;;0,0%;1,6%;"";26/08/2025;Formento Securitizadora S.A.;AMFI COMPANHIA SECURITIZADORA DE CREDITOS FINANCEIROS I SA;Oferta Pública;Duplicata;Captação finalizada
OUB CAPITAL Unitoken #14;Unitoken;27/08/2025;43;R$ 2.994,01;R$ 2.990,25;R$ 3,76;R$ 2.994,01;R$ 0,00;;R$ 1,00;R$ 0,00;;;;0,0%;1,7%;"";21/07/2025;OUB CAPITAL SA;AMFI COMPANHIA SECURITIZADORA DE CREDITOS FINANCEIROS I SA;Oferta Pública;Duplicata;Captação finalizada
Lecapital Unitoken #6;Unitoken;28/08/2025;44;R$ 104.197,53;R$ 104.144,47;R$ 53,06;R$ 104.197,53;R$ 0,00;;R$ 1,01;R$ 0,00;;;;0,0%;1,6%;"";29/07/2025;LECAPITAL SECURITIZADORA S/A;AMFI COMPANHIA SECURITIZADORA DE CREDITOS FINANCEIROS I SA;Oferta Pública;Duplicata;Captação finalizada
Formento Unitoken #111;Unitoken;29/08/2025;45;R$ 24.890,30;R$ 24.882,82;R$ 7,48;R$ 24.890,30;R$ 0,00;;R$ 1,02;R$ 0,00;;;;0,0%;1,6%;"";29/08/2025;Formento Securitizadora S.A.;AMFI COMPANHIA SECURITIZADORA DE CREDITOS FINANCEIROS I SA;Oferta Pública;Duplicata;Captação finalizada
AFA CONSULTORIA DE CREDITO Unitoken #6;Unitoken;29/08/2025;45;R$ 17.147,10;R$ 17.147,23;R$ 0,00;R$ 17.147,10;R$ 0,00;;R$ 1,02;R$ 0,00;;;;0,0%;1,4%;"";29/08/2025;AFA CONSULTORIA DE CREDITO UNIPESSOAL LTDA;AMFI COMPANHIA SECURITIZADORA DE CREDITOS FINANCEIROS I SA;Oferta Pública;Duplicata;Captação finalizada
Click Antecipa Unitoken #86;Unitoken;01/09/2025;48;R$ 7.936,16;R$ 7.934,99;R$ 1,17;R$ 7.936,16;R$ 0,00;;R$ 1,02;R$ 0,00;;;;0,0%;1,4%;"";31/07/2025;CLICK SECURITIZADORA S.A.;AMFI COMPANHIA SECURITIZADORA DE CREDITOS FINANCEIROS I SA;Oferta Pública;Duplicata;Captação finalizada
Lebasq Unitoken #56;Unitoken;01/09/2025;48;R$ 5.177,10;R$ 5.143,48;R$ 33,62;R$ 5.177,10;R$ 0,00;;R$ 1,02;R$ 0,00;;;;0,0%;1,4%;"";15/07/2025;LEBASQ SECURITIZAÇÃO DE CRÉDITOS SA;AMFI COMPANHIA SECURITIZADORA DE CREDITOS FINANCEIROS I SA;Oferta Pública;Duplicata;Captação finalizada
C4 Unitoken #66;Unitoken;01/09/2025;48;R$ 143.632,11;R$ 143.632,00;R$ 0,11;R$ 143.632,11;R$ 0,00;;R$ 1,02;R$ 0,00;;;;0,0%;1,6%;"";20/08/2025;C4 CAPITAL SECURITIZADORA S/A;AMFI COMPANHIA SECURITIZADORA DE CREDITOS FINANCEIROS I SA;Oferta Pública;Duplicata;Captação finalizada
Formento Unitoken #129;Unitoken;01/09/2025;48;R$ 46.477,99;R$ 46.450,49;R$ 27,50;R$ 46.477,99;R$ 0,00;;R$ 1,02;R$ 0,00;;;;0,0%;1,6%;"";04/08/2025;Formento Securitizadora S.A.;AMFI COMPANHIA SECURITIZADORA DE CREDITOS FINANCEIROS I SA;Oferta Pública;Duplicata;Captação finalizada
Primer Unitoken #3;Unitoken;01/09/2025;48;R$ 60.597,63;R$ 60.567,00;R$ 30,63;R$ 60.597,63;R$ 0,00;;R$ 1,02;R$ 0,00;;;;0,0%;1,9%;"";17/07/2025;Primer Securitizadora S.A;AMFI COMPANHIA SECURITIZADORA DE CREDITOS FINANCEIROS I SA;Oferta Pública;Duplicata;Captação finalizada
Wynvest Unitoken #9;Unitoken;01/09/2025;48;R$ 82.021,90;R$ 7.524,67;R$ 74.497,23;R$ 82.021,90;R$ 0,00;;R$ 11,18;R$ 0,00;;;;0,0%;1,6%;"";01/09/2025;WYNVEST SECURITIZADORA DE CRÉDITO S.A;AMFI COMPANHIA SECURITIZADORA DE CREDITOS FINANCEIROS I SA;Oferta Pública;Duplicata;Em captação
CENTURY Unitoken #3;Unitoken;01/09/2025;48;R$ 173.049,58;R$ 173.015,37;R$ 34,21;R$ 173.049,58;R$ 0,00;;R$ 1,03;R$ 0,00;;;;0,0%;2,1%;"";01/09/2025;CENTURY PROJETOS E CONSTRUÇÕES LTDA;AMFI COMPANHIA SECURITIZADORA DE CREDITOS FINANCEIROS I SA;Oferta Pública;Duplicata;Captação finalizada
Formento Unitoken #131;Unitoken;03/09/2025;50;R$ 33.906,23;R$ 33.900,00;R$ 6,23;R$ 33.906,23;R$ 0,00;;R$ 1,02;R$ 0,00;;;;0,0%;1,6%;"";04/08/2025;Formento Securitizadora S.A.;AMFI COMPANHIA SECURITIZADORA DE CREDITOS FINANCEIROS I SA;Oferta Pública;Duplicata;Captação finalizada
Up Vendas Unitoken #3;Unitoken;03/09/2025;50;R$ 257.205,33;R$ 257.205,04;R$ 0,29;R$ 257.205,33;R$ 0,00;;R$ 1,02;R$ 0,00;;;;0,0%;1,6%;"";08/08/2025;Up Vendas;AMFI COMPANHIA SECURITIZADORA DE CREDITOS FINANCEIROS I SA;Oferta Pública;Recebível de Cartão;Captação finalizada
Learnbase Unitoken #54;Unitoken;03/09/2025;50;R$ 26.643,57;R$ 26.634,69;R$ 8,88;R$ 26.643,57;R$ 0,00;;R$ 1,03;R$ 0,00;;;;0,0%;1,9%;"";03/09/2025;Learnbase Gestão e Consultoria Educacional S.A.;AMFI COMPANHIA SECURITIZADORA DE CREDITOS FINANCEIROS I SA;Oferta Pública;Duplicata;Captação finalizada
Syntheo Unitoken #112;Unitoken;03/09/2025;50;R$ 100.796,14;R$ 100.796,11;R$ 0,03;R$ 100.796,14;R$ 0,00;;R$ 1,01;R$ 0,00;;;;0,0%;1,6%;"";29/07/2025;SYNTHÉO SECURITIZADORA DE CRÉDITOS S.A.;AMFI COMPANHIA SECURITIZADORA DE CREDITOS FINANCEIROS I SA;Oferta Pública;Duplicata;Captação finalizada
Baru Unitoken #11;Unitoken;04/09/2025;51;R$ 100.048,24;R$ 99.994,42;R$ 53,82;R$ 100.048,24;R$ 0,00;;R$ 1,02;R$ 0,00;;;;0,0%;1,6%;"";18/08/2025;GRIFFIN CAPITAL S.A. SECURITIZADORA;AMFI COMPANHIA SECURITIZADORA DE CREDITOS FINANCEIROS I SA;Oferta Pública;Ativo Judicial;Captação finalizada
Formento Unitoken #101;Unitoken;04/09/2025;51;R$ 11.961,36;R$ 11.957,90;R$ 3,46;R$ 11.961,36;R$ 0,00;;R$ 1,02;R$ 0,00;;;;0,0%;1,6%;"";05/08/2025;Formento Securitizadora S.A.;AMFI COMPANHIA SECURITIZADORA DE CREDITOS FINANCEIROS I SA;Oferta Pública;Duplicata;Captação finalizada
Descontanet Unitoken #6;Unitoken;05/09/2025;52;R$ 73.844,84;R$ 73.829,87;R$ 14,97;R$ 73.844,84;R$ 0,00;;R$ 1,02;R$ 0,00;;;;0,0%;1,8%;"";25/07/2025;DESCONTANET SECURITIZADORA S.A.;AMFI COMPANHIA SECURITIZADORA DE CREDITOS FINANCEIROS I SA;Oferta Pública;Duplicata;Captação finalizada
Conecta Lá Unitoken #174;Unitoken;05/09/2025;52;R$ 7.765,03;R$ 7.765,02;R$ 0,01;R$ 7.765,03;R$ 0,00;;R$ 1,03;R$ 0,00;;;;0,0%;1,7%;"";05/09/2025;FULL NINE DIGITAL CONSULTORIA S.A.;AMFI COMPANHIA SECURITIZADORA DE CREDITOS FINANCEIROS I SA;Oferta Pública;Duplicata;Captação finalizada
Conecta Lá Unitoken #161;Unitoken;05/09/2025;52;R$ 12.456,09;R$ 12.456,05;R$ 0,04;R$ 12.456,09;R$ 0,00;;R$ 1,03;R$ 0,00;;;;0,0%;1,7%;"";05/09/2025;FULL NINE DIGITAL CONSULTORIA S.A.;AMFI COMPANHIA SECURITIZADORA DE CREDITOS FINANCEIROS I SA;Oferta Pública;Duplicata;Captação finalizada
Up Vendas Unitoken #10;Unitoken;05/09/2025;52;R$ 151.092,33;R$ 151.204,99;R$ 0,00;R$ 151.092,33;R$ 0,00;;R$ 1,01;R$ 0,00;;;41,8%;0,0%;1,6%;"";11/08/2025;Up Vendas;AMFI COMPANHIA SECURITIZADORA DE CREDITOS FINANCEIROS I SA;Oferta Pública;Recebível de Cartão;Captação finalizada
Conecta Lá Unitoken #168;Unitoken;05/09/2025;52;R$ 23.780,44;R$ 23.780,39;R$ 0,05;R$ 23.780,44;R$ 0,00;;R$ 1,03;R$ 0,00;;;;0,0%;1,7%;"";05/09/2025;FULL NINE DIGITAL CONSULTORIA S.A.;AMFI COMPANHIA SECURITIZADORA DE CREDITOS FINANCEIROS I SA;Oferta Pública;Duplicata;Captação finalizada
Up Vendas Unitoken #2;Unitoken;08/09/2025;55;R$ 134.678,34;R$ 134.678,19;R$ 0,15;R$ 134.678,34;R$ 0,00;;R$ 1,02;R$ 0,00;;;;0,0%;1,6%;"";25/08/2025;Up Vendas;AMFI COMPANHIA SECURITIZADORA DE CREDITOS FINANCEIROS I SA;Oferta Pública;Recebível de Cartão;Captação finalizada
Girubank Unitoken #10;Unitoken;08/09/2025;55;R$ 23.927,67;R$ 23.812,63;R$ 115,04;R$ 23.927,67;R$ 0,00;;R$ 1,02;R$ 0,00;;;;0,0%;1,7%;"";22/07/2025;Girubank Securitizadora SA;AMFI COMPANHIA SECURITIZADORA DE CREDITOS FINANCEIROS I SA;Oferta Pública;Duplicata;Captação finalizada
Click Antecipa Unitoken #121;Unitoken;08/09/2025;55;R$ 53.332,10;R$ 53.319,19;R$ 12,91;R$ 53.332,10;R$ 0,00;;R$ 1,02;R$ 0,00;;;;0,0%;1,6%;"";25/07/2025;CLICK SECURITIZADORA S.A.;AMFI COMPANHIA SECURITIZADORA DE CREDITOS FINANCEIROS I SA;Oferta Pública;Duplicata;Captação finalizada
Syntheo Unitoken #114;Unitoken;08/09/2025;55;R$ 41.385,38;R$ 41.384,84;R$ 0,54;R$ 41.385,38;R$ 0,00;;R$ 1,02;R$ 0,00;;;;0,0%;1,6%;"";08/08/2025;SYNTHÉO SECURITIZADORA DE CRÉDITOS S.A.;AMFI COMPANHIA SECURITIZADORA DE CREDITOS FINANCEIROS I SA;Oferta Pública;Duplicata;Captação finalizada
Lecapital Unitoken #7;Unitoken;08/09/2025;55;R$ 43.987,04;R$ 43.966,65;R$ 20,39;R$ 43.987,04;R$ 0,00;;R$ 1,01;R$ 0,00;;;;0,0%;1,6%;"";22/07/2025;LECAPITAL SECURITIZADORA S/A;AMFI COMPANHIA SECURITIZADORA DE CREDITOS FINANCEIROS I SA;Oferta Pública;Duplicata;Captação finalizada
C4 Unitoken #63;Unitoken;10/09/2025;57;R$ 149.505,49;R$ 149.505,00;R$ 0,49;R$ 149.505,49;R$ 0,00;;R$ 1,03;R$ 0,00;;;;0,0%;1,6%;"";10/09/2025;C4 CAPITAL SECURITIZADORA S/A;AMFI COMPANHIA SECURITIZADORA DE CREDITOS FINANCEIROS I SA;Oferta Pública;Duplicata;Captação finalizada
Chronos Unitoken #16;Unitoken;10/09/2025;57;R$ 34.303,67;R$ 6.313,22;R$ 27.990,45;R$ 27.993,94;R$ 6.309,73;;R$ 4,58;R$ 0,00;;;;0,0%;1,7%;"";10/09/2025;CHRONOS SECURITIZADORA S/A;AMFI COMPANHIA SECURITIZADORA DE CREDITOS FINANCEIROS I SA;Oferta Pública;Duplicata;Em captação
Conecta Lá Unitoken #171;Unitoken;10/09/2025;57;R$ 12.535,78;R$ 12.535,76;R$ 0,02;R$ 12.535,78;R$ 0,00;;R$ 1,03;R$ 0,00;;;;0,0%;1,7%;"";10/09/2025;FULL NINE DIGITAL CONSULTORIA S.A.;AMFI COMPANHIA SECURITIZADORA DE CREDITOS FINANCEIROS I SA;Oferta Pública;Duplicata;Captação finalizada
Up Vendas Unitoken #9;Unitoken;11/09/2025;58;R$ 127.032,75;R$ 127.032,66;R$ 0,09;R$ 127.032,75;R$ 0,00;;R$ 1,03;R$ 0,00;;;;0,0%;1,6%;"";08/09/2025;Up Vendas;AMFI COMPANHIA SECURITIZADORA DE CREDITOS FINANCEIROS I SA;Oferta Pública;Recebível de Cartão;Captação finalizada
Click Antecipa Unitoken #117;Unitoken;11/09/2025;58;R$ 8.662,99;R$ 8.663,93;R$ 0,00;R$ 8.662,99;R$ 0,00;;R$ 1,01;R$ 0,00;;;;0,0%;1,6%;"";31/07/2025;CLICK SECURITIZADORA S.A.;AMFI COMPANHIA SECURITIZADORA DE CREDITOS FINANCEIROS I SA;Oferta Pública;Duplicata;Captação finalizada
C4 Unitoken #67;Unitoken;12/09/2025;59;R$ 403.893,16;R$ 403.892,93;R$ 0,23;R$ 403.893,16;R$ 0,00;;R$ 1,01;R$ 0,00;;;;0,0%;1,6%;"";01/08/2025;C4 CAPITAL SECURITIZADORA S/A;AMFI COMPANHIA SECURITIZADORA DE CREDITOS FINANCEIROS I SA;Oferta Pública;Duplicata;Captação finalizada
Up Vendas Unitoken #4;Unitoken;12/09/2025;59;R$ 346.329,60;R$ 346.329,27;R$ 0,33;R$ 346.329,60;R$ 0,00;;R$ 1,02;R$ 0,00;;;;0,0%;1,6%;"";28/07/2025;Up Vendas;AMFI COMPANHIA SECURITIZADORA DE CREDITOS FINANCEIROS I SA;Oferta Pública;Recebível de Cartão;Captação finalizada
Click Antecipa Unitoken #123;Unitoken;12/09/2025;59;R$ 37.750,75;R$ 37.743,58;R$ 7,17;R$ 37.750,75;R$ 0,00;;R$ 1,01;R$ 0,00;;;;0,0%;1,7%;"";21/07/2025;CLICK SECURITIZADORA S.A.;AMFI COMPANHIA SECURITIZADORA DE CREDITOS FINANCEIROS I SA;Oferta Pública;Duplicata;Captação finalizada
a55 Pool #2;Pool;13/09/2025;60;R$ 176,91;R$ 0,00;R$ 176,91;R$ 358.969,61;R$ 0,00;R$ 2.000,00;R$ 818.525.630,26;R$ 0,00;100,0%;20,0%;202.909,6%;358.969,6%;5,0%;Concentração máx por sacado, Concentração máx por cedente em percentual, Inadimplência percentual máxima da carteira;12/09/2025;a55 Consultoria em Credito Ltda.;AMFI COMPANHIA SECURITIZADORA DE CREDITOS FINANCEIROS I SA;Oferta Pública;Duplicata;Captação finalizada
Conecta Lá Unitoken #173;Unitoken;15/09/2025;62;R$ 48.254,09;R$ 48.171,11;R$ 82,98;R$ 48.254,09;R$ 0,00;;R$ 1,04;R$ 0,00;;;;0,0%;1,7%;"";15/09/2025;FULL NINE DIGITAL CONSULTORIA S.A.;AMFI COMPANHIA SECURITIZADORA DE CREDITOS FINANCEIROS I SA;Oferta Pública;Duplicata;Captação finalizada
Conecta Lá Unitoken #178;Unitoken;15/09/2025;62;R$ 14.740,66;R$ 14.740,65;R$ 0,01;R$ 14.740,66;R$ 0,00;;R$ 1,04;R$ 0,00;;;;0,0%;1,7%;"";15/09/2025;FULL NINE DIGITAL CONSULTORIA S.A.;AMFI COMPANHIA SECURITIZADORA DE CREDITOS FINANCEIROS I SA;Oferta Pública;Duplicata;Captação finalizada
Lebasq Unitoken #58;Unitoken;15/09/2025;62;R$ 13.935,63;R$ 13.871,96;R$ 63,67;R$ 13.935,63;R$ 0,00;;R$ 1,02;R$ 0,00;;;;0,0%;1,4%;"";15/07/2025;LEBASQ SECURITIZAÇÃO DE CRÉDITOS SA;AMFI COMPANHIA SECURITIZADORA DE CREDITOS FINANCEIROS I SA;Oferta Pública;Duplicata;Captação finalizada
Click Antecipa Unitoken #125;Unitoken;15/09/2025;62;R$ 93.078,69;R$ 93.069,82;R$ 8,87;R$ 93.078,69;R$ 0,00;;R$ 1,01;R$ 0,00;;;;0,0%;1,6%;"";21/07/2025;CLICK SECURITIZADORA S.A.;AMFI COMPANHIA SECURITIZADORA DE CREDITOS FINANCEIROS I SA;Oferta Pública;Duplicata;Captação finalizada
Afinz Unitoken #3;Unitoken;16/09/2025;63;R$ 3.543,32;R$ 3.547,84;R$ 0,00;R$ 3.543,32;R$ 0,00;;R$ 1,02;R$ 0,00;;;;0,0%;1,7%;"";16/07/2025;BANCO AFINZ S.A. – BANCO MÚLTIPLO;AMFI COMPANHIA SECURITIZADORA DE CREDITOS FINANCEIROS I SA;Oferta Pública;CCB;Captação finalizada
Afinz Unitoken #2;Unitoken;16/09/2025;63;R$ 3.744,53;R$ 3.749,33;R$ 0,00;R$ 3.744,53;R$ 0,00;;R$ 1,02;R$ 0,00;;;;0,0%;1,7%;"";16/07/2025;BANCO AFINZ S.A. – BANCO MÚLTIPLO;AMFI COMPANHIA SECURITIZADORA DE CREDITOS FINANCEIROS I SA;Oferta Pública;CCB;Captação finalizada
Afinz Unitoken #4;Unitoken;17/09/2025;64;R$ 3.704,03;R$ 3.707,11;R$ 0,00;R$ 3.704,03;R$ 0,00;;R$ 1,02;R$ 0,00;;;;0,0%;1,7%;"";17/07/2025;BANCO AFINZ S.A. – BANCO MÚLTIPLO;AMFI COMPANHIA SECURITIZADORA DE CREDITOS FINANCEIROS I SA;Oferta Pública;CCB;Captação finalizada
AFA CONSULTORIA DE CREDITO Unitoken #8;Unitoken;17/09/2025;64;R$ 33.995,51;R$ 33.995,89;R$ 0,00;R$ 33.995,51;R$ 0,00;;R$ 1,03;R$ 0,00;;;;0,0%;1,4%;"";17/09/2025;AFA CONSULTORIA DE CREDITO UNIPESSOAL LTDA;AMFI COMPANHIA SECURITIZADORA DE CREDITOS FINANCEIROS I SA;Oferta Pública;Duplicata;Captação finalizada
Click Antecipa Unitoken #124;Unitoken;17/09/2025;64;R$ 51.148,99;R$ 51.143,72;R$ 5,27;R$ 51.148,99;R$ 0,00;;R$ 1,01;R$ 0,00;;;;0,0%;1,6%;"";21/07/2025;CLICK SECURITIZADORA S.A.;AMFI COMPANHIA SECURITIZADORA DE CREDITOS FINANCEIROS I SA;Oferta Pública;Duplicata;Captação finalizada
Formento Unitoken #113;Unitoken;17/09/2025;64;R$ 16.957,55;R$ 16.947,77;R$ 9,78;R$ 16.957,55;R$ 0,00;;R$ 1,02;R$ 0,00;;;;0,0%;1,6%;"";17/07/2025;Formento Securitizadora S.A.;AMFI COMPANHIA SECURITIZADORA DE CREDITOS FINANCEIROS I SA;Oferta Pública;Duplicata;Captação finalizada
Syntheo Unitoken #111;Unitoken;17/09/2025;64;R$ 38.838,93;R$ 38.831,27;R$ 7,66;R$ 38.838,93;R$ 0,00;;R$ 1,02;R$ 0,00;;;;0,0%;1,7%;"";21/07/2025;SYNTHÉO SECURITIZADORA DE CRÉDITOS S.A.;AMFI COMPANHIA SECURITIZADORA DE CREDITOS FINANCEIROS I SA;Oferta Pública;Duplicata;Captação finalizada
Afinz Unitoken #5;Unitoken;18/09/2025;65;R$ 3.539,37;R$ 3.545,86;R$ 0,00;R$ 3.539,37;R$ 0,00;;R$ 1,02;R$ 0,00;;;;0,0%;1,7%;"";18/07/2025;BANCO AFINZ S.A. – BANCO MÚLTIPLO;AMFI COMPANHIA SECURITIZADORA DE CREDITOS FINANCEIROS I SA;Oferta Pública;CCB;Captação finalizada
Click Antecipa Unitoken #120;Unitoken;18/09/2025;65;R$ 49.420,64;R$ 49.417,68;R$ 2,96;R$ 49.420,64;R$ 0,00;;R$ 1,01;R$ 0,00;;;;0,0%;1,6%;"";15/07/2025;CLICK SECURITIZADORA S.A.;AMFI COMPANHIA SECURITIZADORA DE CREDITOS FINANCEIROS I SA;Oferta Pública;Duplicata;Captação finalizada
C4 Unitoken #59;Unitoken;18/09/2025;65;R$ 248.567,04;R$ 248.566,93;R$ 0,11;R$ 248.567,04;R$ 0,00;;R$ 1,01;R$ 0,00;;;;0,0%;1,7%;"";21/07/2025;C4 CAPITAL SECURITIZADORA S/A;AMFI COMPANHIA SECURITIZADORA DE CREDITOS FINANCEIROS I SA;Oferta Pública;Duplicata;Captação finalizada
Afinz Unitoken #1;Unitoken;20/09/2025;67;R$ 3.559,61;R$ 3.563,32;R$ 0,00;R$ 3.559,61;R$ 0,00;;R$ 1,02;R$ 0,00;;;;0,0%;1,7%;"";20/07/2025;BANCO AFINZ S.A. – BANCO MÚLTIPLO;AMFI COMPANHIA SECURITIZADORA DE CREDITOS FINANCEIROS I SA;Oferta Pública;CCB;Captação finalizada
Conecta Lá Unitoken #170;Unitoken;22/09/2025;69;R$ 25.385,41;R$ 25.378,67;R$ 6,74;R$ 25.385,41;R$ 0,00;;R$ 1,04;R$ 0,00;;;;0,0%;1,8%;"";22/09/2025;FULL NINE DIGITAL CONSULTORIA S.A.;AMFI COMPANHIA SECURITIZADORA DE CREDITOS FINANCEIROS I SA;Oferta Pública;Duplicata;Captação finalizada
Lebasq Unitoken #55;Unitoken;22/09/2025;69;R$ 10.463,13;R$ 10.431,28;R$ 31,85;R$ 10.463,13;R$ 0,00;;R$ 1,02;R$ 0,00;;;;0,0%;1,4%;"";22/07/2025;LEBASQ SECURITIZAÇÃO DE CRÉDITOS SA;AMFI COMPANHIA SECURITIZADORA DE CREDITOS FINANCEIROS I SA;Oferta Pública;Duplicata;Captação finalizada
Chronos Unitoken #8;Unitoken;23/09/2025;70;R$ 44.221,14;R$ 44.206,00;R$ 15,14;R$ 44.221,14;R$ 0,00;;R$ 1,02;R$ 0,00;;;;0,0%;1,6%;"";23/07/2025;CHRONOS SECURITIZADORA S/A;AMFI COMPANHIA SECURITIZADORA DE CREDITOS FINANCEIROS I SA;Oferta Pública;Duplicata;Captação finalizada
AFA CONSULTORIA DE CREDITO Unitoken #28;Unitoken;24/09/2025;71;R$ 16.935,43;R$ 16.935,32;R$ 0,11;R$ 16.935,43;R$ 0,00;;R$ 1,03;R$ 0,00;;;;0,0%;1,4%;"";24/09/2025;AFA CONSULTORIA DE CREDITO UNIPESSOAL LTDA;AMFI COMPANHIA SECURITIZADORA DE CREDITOS FINANCEIROS I SA;Oferta Pública;Duplicata;Captação finalizada
LC INVESTE UNITOKEN #3;Unitoken;24/09/2025;71;R$ 3.490,61;R$ 0,00;R$ 3.490,61;R$ 3.490,61;R$ 0,00;;;R$ 0,00;;;;0,0%;2,5%;"";;LC Investe LTDA;AMFI COMPANHIA SECURITIZADORA DE CREDITOS FINANCEIROS I SA;;Ativo Judicial;
Conecta Lá Unitoken #45;Unitoken;24/09/2025;71;R$ 58.867,49;R$ 58.867,25;R$ 0,24;R$ 58.867,49;R$ 0,00;;R$ 1,02;R$ 0,00;;;;0,0%;1,4%;"";24/07/2025;FULL NINE DIGITAL CONSULTORIA S.A.;AMFI COMPANHIA SECURITIZADORA DE CREDITOS FINANCEIROS I SA;Oferta Pública;Duplicata;Captação finalizada
Conecta Lá Unitoken #177;Unitoken;25/09/2025;72;R$ 17.325,84;R$ 17.325,82;R$ 0,02;R$ 17.325,84;R$ 0,00;;R$ 1,04;R$ 0,00;;;;0,0%;1,7%;"";25/09/2025;FULL NINE DIGITAL CONSULTORIA S.A.;AMFI COMPANHIA SECURITIZADORA DE CREDITOS FINANCEIROS I SA;Oferta Pública;Duplicata;Captação finalizada
Conecta Lá Unitoken #166;Unitoken;25/09/2025;72;R$ 48.077,09;R$ 48.076,98;R$ 0,11;R$ 48.077,09;R$ 0,00;;R$ 1,04;R$ 0,00;;;;0,0%;1,7%;"";25/09/2025;FULL NINE DIGITAL CONSULTORIA S.A.;AMFI COMPANHIA SECURITIZADORA DE CREDITOS FINANCEIROS I SA;Oferta Pública;Duplicata;Captação finalizada
Conecta Lá Unitoken #175;Unitoken;25/09/2025;72;R$ 12.949,80;R$ 12.949,79;R$ 0,01;R$ 12.949,80;R$ 0,00;;R$ 1,04;R$ 0,00;;;;0,0%;1,7%;"";25/09/2025;FULL NINE DIGITAL CONSULTORIA S.A.;AMFI COMPANHIA SECURITIZADORA DE CREDITOS FINANCEIROS I SA;Oferta Pública;Duplicata;Captação finalizada
Syntheo Unitoken #113;Unitoken;29/09/2025;76;R$ 99.783,90;R$ 99.779,84;R$ 4,06;R$ 99.783,90;R$ 0,00;;R$ 1,02;R$ 0,00;;;;0,0%;1,6%;"";23/07/2025;SYNTHÉO SECURITIZADORA DE CRÉDITOS S.A.;AMFI COMPANHIA SECURITIZADORA DE CREDITOS FINANCEIROS I SA;Oferta Pública;Duplicata;Captação finalizada
AFA CONSULTORIA DE CREDITO Unitoken #24;Unitoken;29/09/2025;76;R$ 16.907,30;R$ 16.907,51;R$ 0,00;R$ 16.907,30;R$ 0,00;;R$ 1,04;R$ 0,00;;;;0,0%;1,4%;"";29/09/2025;AFA CONSULTORIA DE CREDITO UNIPESSOAL LTDA;AMFI COMPANHIA SECURITIZADORA DE CREDITOS FINANCEIROS I SA;Oferta Pública;Duplicata;Captação finalizada
Click Antecipa Unitoken #119;Unitoken;29/09/2025;76;R$ 63.588,05;R$ 63.574,53;R$ 13,52;R$ 63.588,05;R$ 0,00;;R$ 1,02;R$ 0,00;;;;0,0%;1,7%;"";16/07/2025;CLICK SECURITIZADORA S.A.;AMFI COMPANHIA SECURITIZADORA DE CREDITOS FINANCEIROS I SA;Oferta Pública;Duplicata;Captação finalizada
Girubank Unitoken #3;Unitoken;30/09/2025;77;R$ 21.114,38;R$ 21.059,14;R$ 55,24;R$ 21.114,38;R$ 0,00;;R$ 1,03;R$ 0,00;;;;0,0%;1,7%;"";15/07/2025;Girubank Securitizadora SA;AMFI COMPANHIA SECURITIZADORA DE CREDITOS FINANCEIROS I SA;Oferta Pública;Duplicata;Captação finalizada
AFA CONSULTORIA DE CREDITO Unitoken #33;Unitoken;30/09/2025;77;R$ 193.198,97;R$ 193.434,75;R$ 0,00;R$ 193.198,97;R$ 0,00;;R$ 1,01;R$ 0,00;;;14,1%;0,0%;2,0%;"";16/07/2025;AFA CONSULTORIA DE CREDITO UNIPESSOAL LTDA;AMFI COMPANHIA SECURITIZADORA DE CREDITOS FINANCEIROS I SA;Oferta Pública;Duplicata;Captação finalizada
B.Invest Unitoken #6;Unitoken;30/09/2025;77;R$ 295.025,73;R$ 294.938,47;R$ 87,26;R$ 295.025,73;R$ 0,00;;R$ 1,03;R$ 0,00;;;;0,0%;1,7%;"";01/09/2025;B.Invest Securitizadora de Créditos S.A.;AMFI COMPANHIA SECURITIZADORA DE CREDITOS FINANCEIROS I SA;Oferta Pública;Duplicata;Captação finalizada
Conecta Lá Unitoken #176;Unitoken;06/10/2025;83;R$ 23.363,14;R$ 23.361,54;R$ 1,60;R$ 23.363,14;R$ 0,00;;R$ 1,05;R$ 0,00;;;;0,0%;1,8%;"";06/10/2025;FULL NINE DIGITAL CONSULTORIA S.A.;AMFI COMPANHIA SECURITIZADORA DE CREDITOS FINANCEIROS I SA;Oferta Pública;Duplicata;Captação finalizada
Conecta Lá Unitoken #180;Unitoken;06/10/2025;83;R$ 8.582,01;R$ 8.581,79;R$ 0,22;R$ 8.582,01;R$ 0,00;;R$ 1,05;R$ 0,00;;;;0,0%;1,8%;"";06/10/2025;FULL NINE DIGITAL CONSULTORIA S.A.;AMFI COMPANHIA SECURITIZADORA DE CREDITOS FINANCEIROS I SA;Oferta Pública;Duplicata;Captação finalizada
Learnbase Unitoken #55;Unitoken;06/10/2025;83;R$ 26.115,36;R$ 26.095,51;R$ 19,85;R$ 26.115,36;R$ 0,00;;R$ 1,05;R$ 0,00;;;;0,0%;1,9%;"";06/10/2025;Learnbase Gestão e Consultoria Educacional S.A.;AMFI COMPANHIA SECURITIZADORA DE CREDITOS FINANCEIROS I SA;Oferta Pública;Duplicata;Captação finalizada
Conecta Lá Unitoken #179;Unitoken;06/10/2025;83;R$ 9.535,57;R$ 9.535,32;R$ 0,25;R$ 9.535,57;R$ 0,00;;R$ 1,05;R$ 0,00;;;;0,0%;1,8%;"";06/10/2025;FULL NINE DIGITAL CONSULTORIA S.A.;AMFI COMPANHIA SECURITIZADORA DE CREDITOS FINANCEIROS I SA;Oferta Pública;Duplicata;Captação finalizada
Lecapital Unitoken #8;Unitoken;07/10/2025;84;R$ 88.553,20;R$ 88.526,78;R$ 26,42;R$ 88.553,20;R$ 0,00;;R$ 1,13;R$ 0,00;;;;0,0%;4,5%;"";07/10/2025;LECAPITAL SECURITIZADORA S/A;AMFI COMPANHIA SECURITIZADORA DE CREDITOS FINANCEIROS I SA;Oferta Privada;Duplicata;Captação finalizada
Click Antecipa Unitoken #129;Unitoken;10/10/2025;87;R$ 124.870,81;R$ 124.856,85;R$ 13,96;R$ 124.870,81;R$ 0,00;;R$ 1,02;R$ 0,00;;;;0,0%;1,8%;"";31/07/2025;CLICK SECURITIZADORA S.A.;AMFI COMPANHIA SECURITIZADORA DE CREDITOS FINANCEIROS I SA;Oferta Pública;Duplicata;Captação finalizada
Chronos Unitoken #15;Unitoken;10/10/2025;87;R$ 65.564,41;R$ 65.560,50;R$ 3,91;R$ 65.564,41;R$ 0,00;;R$ 1,03;R$ 0,00;;;;0,0%;1,7%;"";08/08/2025;CHRONOS SECURITIZADORA S/A;AMFI COMPANHIA SECURITIZADORA DE CREDITOS FINANCEIROS I SA;Oferta Pública;Duplicata;Captação finalizada
Conecta Lá Unitoken #181;Unitoken;10/10/2025;87;R$ 9.418,35;R$ 9.418,35;R$ 0,00;R$ 9.418,35;R$ 0,00;;R$ 1,05;R$ 0,00;;;;0,0%;1,7%;"";10/10/2025;FULL NINE DIGITAL CONSULTORIA S.A.;AMFI COMPANHIA SECURITIZADORA DE CREDITOS FINANCEIROS I SA;Oferta Pública;Duplicata;Captação finalizada
Girubank Unitoken #19;Unitoken;13/10/2025;90;R$ 5.057,24;R$ 5.035,43;R$ 21,81;R$ 5.057,24;R$ 0,00;;R$ 1,04;R$ 0,00;;;;0,0%;1,8%;"";16/07/2025;Girubank Securitizadora SA;AMFI COMPANHIA SECURITIZADORA DE CREDITOS FINANCEIROS I SA;Oferta Pública;Duplicata;Captação finalizada
OUB CAPITAL Unitoken #17;Unitoken;13/10/2025;90;R$ 48.806,51;R$ 15.623,86;R$ 33.182,65;R$ 45.218,84;R$ 3.587,67;;R$ 2,99;R$ 0,00;;;;0,0%;1,7%;"";08/08/2025;OUB CAPITAL SA;AMFI COMPANHIA SECURITIZADORA DE CREDITOS FINANCEIROS I SA;Oferta Pública;Duplicata;Em captação
Formento Unitoken #134;Unitoken;14/10/2025;91;R$ 166.747,22;R$ 166.737,11;R$ 10,11;R$ 166.747,22;R$ 0,00;;R$ 1,03;R$ 0,00;;;;0,0%;1,6%;"";25/07/2025;Formento Securitizadora S.A.;AMFI COMPANHIA SECURITIZADORA DE CREDITOS FINANCEIROS I SA;Oferta Pública;Duplicata;Captação finalizada
Chronos Unitoken #9;Unitoken;15/10/2025;92;R$ 81.761,50;R$ 81.736,45;R$ 25,05;R$ 81.761,50;R$ 0,00;;R$ 1,04;R$ 0,00;;;;0,0%;1,6%;"";08/08/2025;CHRONOS SECURITIZADORA S/A;AMFI COMPANHIA SECURITIZADORA DE CREDITOS FINANCEIROS I SA;Oferta Pública;Duplicata;Captação finalizada
Lecapital Unitoken #4;Unitoken;17/10/2025;94;R$ 94.401,00;R$ 94.384,63;R$ 16,37;R$ 94.401,00;R$ 0,00;;R$ 1,05;R$ 0,00;;;;0,0%;1,5%;"";17/10/2025;LECAPITAL SECURITIZADORA S/A;AMFI COMPANHIA SECURITIZADORA DE CREDITOS FINANCEIROS I SA;Oferta Pública;Duplicata;Captação finalizada
AFA CONSULTORIA DE CREDITO Unitoken #23;Unitoken;17/10/2025;94;R$ 33.527,41;R$ 33.526,98;R$ 0,43;R$ 33.527,41;R$ 0,00;;R$ 1,04;R$ 0,00;;;;0,0%;1,4%;"";17/10/2025;AFA CONSULTORIA DE CREDITO UNIPESSOAL LTDA;AMFI COMPANHIA SECURITIZADORA DE CREDITOS FINANCEIROS I SA;Oferta Pública;Duplicata;Captação finalizada
Pool M2 #1;Pool;19/10/2025;96;R$ 0,00;;;R$ 0,00;;R$ 0,00;;R$ 0,00;;;;0,0%;;"";;AMFI CONSULTING LTDA;;;"";
Lebasq Unitoken #57;Unitoken;20/10/2025;97;R$ 13.091,46;R$ 13.006,50;R$ 84,96;R$ 13.091,46;R$ 0,00;;R$ 1,02;R$ 0,00;;;;0,0%;1,4%;"";21/07/2025;LEBASQ SECURITIZAÇÃO DE CRÉDITOS SA;AMFI COMPANHIA SECURITIZADORA DE CREDITOS FINANCEIROS I SA;Oferta Pública;Duplicata;Captação finalizada
Formento Unitoken #133;Unitoken;20/10/2025;97;R$ 390.021,43;R$ 389.967,99;R$ 53,44;R$ 390.021,43;R$ 0,00;;R$ 1,02;R$ 0,00;;;;0,0%;1,7%;"";29/07/2025;Formento Securitizadora S.A.;AMFI COMPANHIA SECURITIZADORA DE CREDITOS FINANCEIROS I SA;Oferta Pública;Duplicata;Captação finalizada
Formento Unitoken #127;Unitoken;21/10/2025;98;R$ 32.189,55;R$ 32.172,70;R$ 16,85;R$ 32.189,55;R$ 0,00;;R$ 1,03;R$ 0,00;;;;0,0%;1,6%;"";22/07/2025;Formento Securitizadora S.A.;AMFI COMPANHIA SECURITIZADORA DE CREDITOS FINANCEIROS I SA;Oferta Pública;Duplicata;Captação finalizada
Baru Unitoken #12;Unitoken;23/10/2025;100;R$ 196.350,23;R$ 196.286,66;R$ 63,57;R$ 196.350,23;R$ 0,00;;R$ 1,04;R$ 0,00;;;;0,0%;1,6%;"";04/09/2025;GRIFFIN CAPITAL S.A. SECURITIZADORA;AMFI COMPANHIA SECURITIZADORA DE CREDITOS FINANCEIROS I SA;Oferta Pública;Ativo Judicial;Captação finalizada
Conecta Lá Unitoken #57;Unitoken;24/10/2025;101;R$ 19.056,96;R$ 19.056,89;R$ 0,07;R$ 19.056,96;R$ 0,00;;R$ 1,05;R$ 0,00;;;;0,0%;1,4%;"";24/10/2025;FULL NINE DIGITAL CONSULTORIA S.A.;AMFI COMPANHIA SECURITIZADORA DE CREDITOS FINANCEIROS I SA;Oferta Pública;Duplicata;Captação finalizada
AFA CONSULTORIA DE CREDITO Unitoken #22;Unitoken;24/10/2025;101;R$ 16.699,08;R$ 16.699,22;R$ 0,00;R$ 16.699,08;R$ 0,00;;R$ 1,05;R$ 0,00;;;;0,0%;1,4%;"";24/10/2025;AFA CONSULTORIA DE CREDITO UNIPESSOAL LTDA;AMFI COMPANHIA SECURITIZADORA DE CREDITOS FINANCEIROS I SA;Oferta Pública;Duplicata;Captação finalizada
AFA CONSULTORIA DE CREDITO Unitoken #17;Unitoken;29/10/2025;106;R$ 16.676,01;R$ 16.676,20;R$ 0,00;R$ 16.676,01;R$ 0,00;;R$ 1,05;R$ 0,00;;;;0,0%;1,4%;"";29/10/2025;AFA CONSULTORIA DE CREDITO UNIPESSOAL LTDA;AMFI COMPANHIA SECURITIZADORA DE CREDITOS FINANCEIROS I SA;Oferta Pública;Duplicata;Captação finalizada
Baru Unitoken #16;Unitoken;29/10/2025;106;R$ 117.993,97;R$ 3.602,77;R$ 114.391,20;R$ 117.993,97;R$ 0,00;;R$ 34,55;R$ 0,00;;;;0,0%;1,5%;"";29/10/2025;GRIFFIN CAPITAL S.A. SECURITIZADORA;AMFI COMPANHIA SECURITIZADORA DE CREDITOS FINANCEIROS I SA;Oferta Pública;Duplicata;Em captação
AFA CONSULTORIA DE CREDITO Unitoken #32;Unitoken;30/10/2025;107;R$ 38.320,89;R$ 38.320,71;R$ 0,18;R$ 38.320,89;R$ 0,00;;R$ 1,07;R$ 0,00;;;;0,0%;2,0%;"";30/09/2025;AFA CONSULTORIA DE CREDITO UNIPESSOAL LTDA;AMFI COMPANHIA SECURITIZADORA DE CREDITOS FINANCEIROS I SA;Oferta Pública;Duplicata;Captação finalizada
Teddy Hub Pool 1;Pool;30/10/2025;107;R$ 0,00;R$ 0,00;R$ 0,00;R$ 0,00;R$ 0,00;;;R$ 0,00;;20,0%;;0,0%;;"";10/11/2025;TEDDY HUB DIGITAL LTDA;AMFI COMPANHIA SECURITIZADORA DE CREDITOS FINANCEIROS I SA;Oferta Privada;Duplicata;Captação finalizada
Denali Tax Unitoken #1;Unitoken;31/10/2025;108;R$ 383.840,09;R$ 0,00;R$ 383.840,09;R$ 383.840,09;R$ 0,00;;;R$ 0,00;;;;0,0%;1,8%;"";;DENALI TAX CONSULTORIA LTDA;AMFI COMPANHIA SECURITIZADORA DE CREDITOS FINANCEIROS I SA;;Ativo Judicial;
Formento Unitoken #130;Unitoken;31/10/2025;108;R$ 59.538,20;R$ 59.533,00;R$ 5,20;R$ 59.538,20;R$ 0,00;;R$ 1,04;R$ 0,00;;;;0,0%;1,6%;"";08/09/2025;Formento Securitizadora S.A.;AMFI COMPANHIA SECURITIZADORA DE CREDITOS FINANCEIROS I SA;Oferta Pública;Duplicata;Captação finalizada
C4 Unitoken #68;Unitoken;03/11/2025;111;R$ 265.008,77;R$ 133.015,26;R$ 131.993,51;R$ 262.605,66;R$ 2.403,11;;R$ 2,01;R$ 0,00;;;;0,0%;1,6%;"";01/08/2025;C4 CAPITAL SECURITIZADORA S/A;AMFI COMPANHIA SECURITIZADORA DE CREDITOS FINANCEIROS I SA;Oferta Pública;Duplicata;Em captação
Click Antecipa Unitoken #126;Unitoken;05/11/2025;113;R$ 83.718,67;R$ 83.714,41;R$ 4,26;R$ 83.718,67;R$ 0,00;;R$ 1,02;R$ 0,00;;;;0,0%;1,6%;"";22/07/2025;CLICK SECURITIZADORA S.A.;AMFI COMPANHIA SECURITIZADORA DE CREDITOS FINANCEIROS I SA;Oferta Pública;Duplicata;Captação finalizada
Lebasq Unitoken #65;Unitoken;05/11/2025;113;R$ 17.709,22;R$ 17.711,09;R$ 0,00;R$ 17.709,22;R$ 0,00;;R$ 1,03;R$ 0,00;;;;0,0%;1,6%;"";05/08/2025;LEBASQ SECURITIZAÇÃO DE CRÉDITOS SA;AMFI COMPANHIA SECURITIZADORA DE CREDITOS FINANCEIROS I SA;Oferta Pública;Duplicata;Captação finalizada
Lebasq Unitoken #59;Unitoken;05/11/2025;113;R$ 5.802,34;R$ 5.801,23;R$ 1,11;R$ 5.802,34;R$ 0,00;;R$ 1,02;R$ 0,00;;;;0,0%;1,4%;"";15/07/2025;LEBASQ SECURITIZAÇÃO DE CRÉDITOS SA;AMFI COMPANHIA SECURITIZADORA DE CREDITOS FINANCEIROS I SA;Oferta Pública;Duplicata;Captação finalizada
Learnbase Unitoken #56;Unitoken;05/11/2025;113;R$ 25.620,13;R$ 25.614,83;R$ 5,30;R$ 25.620,13;R$ 0,00;;R$ 1,07;R$ 0,00;;;;0,0%;1,9%;"";05/11/2025;Learnbase Gestão e Consultoria Educacional S.A.;AMFI COMPANHIA SECURITIZADORA DE CREDITOS FINANCEIROS I SA;Oferta Pública;Duplicata;Captação finalizada
Click Antecipa Unitoken #128;Unitoken;07/11/2025;115;R$ 134.981,88;R$ 134.965,91;R$ 15,97;R$ 134.981,88;R$ 0,00;;R$ 1,02;R$ 0,00;;;;0,0%;1,8%;"";22/07/2025;CLICK SECURITIZADORA S.A.;AMFI COMPANHIA SECURITIZADORA DE CREDITOS FINANCEIROS I SA;Oferta Pública;Duplicata;Captação finalizada
Tiba Unitoken #2;Unitoken;14/11/2025;122;R$ 6.107,20;R$ 6.198,80;R$ 0,00;R$ 6.107,20;R$ 0,00;;R$ 1,00;R$ 0,00;;;;0,0%;1,6%;"";15/07/2025;TIBA ASSETS LTDA;AMFI COMPANHIA SECURITIZADORA DE CREDITOS FINANCEIROS I SA;Oferta Pública;CCB;Captação finalizada
Teddy  Unitoken #11;Unitoken;15/11/2025;123;R$ 120.838,64;R$ 120.776,59;R$ 62,05;R$ 120.838,64;R$ 0,00;;R$ 1,03;R$ 0,00;;;;0,0%;1,6%;"";15/07/2025;TEDDY HUB DIGITAL LTDA;AMFI COMPANHIA SECURITIZADORA DE CREDITOS FINANCEIROS I SA;Oferta Pública;Duplicata;Captação finalizada
Teddy  Unitoken #12;Unitoken;15/11/2025;123;R$ 120.838,65;R$ 120.776,71;R$ 61,94;R$ 120.838,65;R$ 0,00;;R$ 1,03;R$ 0,00;;;;0,0%;1,6%;"";15/07/2025;TEDDY HUB DIGITAL LTDA;AMFI COMPANHIA SECURITIZADORA DE CREDITOS FINANCEIROS I SA;Oferta Pública;Duplicata;Captação finalizada
Teddy  Unitoken #13;Unitoken;15/11/2025;123;R$ 79.331,44;R$ 67.297,70;R$ 12.033,74;R$ 79.331,44;R$ 0,00;;R$ 1,22;R$ 0,00;;;;0,0%;1,6%;"";15/07/2025;TEDDY HUB DIGITAL LTDA;AMFI COMPANHIA SECURITIZADORA DE CREDITOS FINANCEIROS I SA;Oferta Pública;Duplicata;Captação finalizada
BMDC Unitoken #8;Unitoken;15/11/2025;123;R$ 2.716,02;R$ 0,00;R$ 2.716,02;R$ 2.716,02;R$ 0,00;;;R$ 0,00;;;;0,0%;1,7%;"";;BMDC SECURITIZADORA SA;AMFI COMPANHIA SECURITIZADORA DE CREDITOS FINANCEIROS I SA;;CCB;
AFA CONSULTORIA DE CREDITO Unitoken #21;Unitoken;17/11/2025;125;R$ 33.056,83;R$ 33.056,79;R$ 0,04;R$ 33.056,83;R$ 0,00;;R$ 1,06;R$ 0,00;;;;0,0%;1,4%;"";17/11/2025;AFA CONSULTORIA DE CREDITO UNIPESSOAL LTDA;AMFI COMPANHIA SECURITIZADORA DE CREDITOS FINANCEIROS I SA;Oferta Pública;Duplicata;Captação finalizada
Click Antecipa Unitoken #127;Unitoken;17/11/2025;125;R$ 78.643,86;R$ 78.643,43;R$ 0,43;R$ 78.643,86;R$ 0,00;;R$ 1,02;R$ 0,00;;;;0,0%;1,6%;"";17/07/2025;CLICK SECURITIZADORA S.A.;AMFI COMPANHIA SECURITIZADORA DE CREDITOS FINANCEIROS I SA;Oferta Pública;Duplicata;Captação finalizada
Tiba Unitoken #1;Unitoken;20/11/2025;128;R$ 6.484,28;R$ 5.656,33;R$ 827,95;R$ 6.484,28;R$ 0,00;;R$ 1,16;R$ 0,00;;;;0,0%;1,5%;"";15/07/2025;TIBA ASSETS LTDA;AMFI COMPANHIA SECURITIZADORA DE CREDITOS FINANCEIROS I SA;Oferta Pública;CCB;Captação finalizada
Tiba Unitoken #1 (unitoken cancelado);Unitoken;20/11/2025;128;R$ 0,00;;;R$ 0,00;;;;R$ 0,00;;;;0,0%;;"";15/07/2025;TIBA ASSETS LTDA;AMFI COMPANHIA SECURITIZADORA DE CREDITOS FINANCEIROS I SA;Oferta Pública;CCB;Cancelada
Baru Unitoken #14;Unitoken;21/11/2025;129;R$ 152.698,68;R$ 152.695,17;R$ 3,51;R$ 152.698,68;R$ 0,00;;R$ 1,07;R$ 0,00;;;;0,0%;1,7%;"";03/11/2025;GRIFFIN CAPITAL S.A. SECURITIZADORA;AMFI COMPANHIA SECURITIZADORA DE CREDITOS FINANCEIROS I SA;Oferta Pública;Ativo Judicial;Captação finalizada
Stockash Equity Flex EdTech#2;Unitoken;21/11/2025;129;R$ 314.628,84;R$ 0,00;R$ 314.628,84;R$ 314.628,84;R$ 0,00;R$ 0,00;;R$ 0,00;;;;0,0%;2,0%;"";;Stockash Consultoria em Credito LTDA;AMFI COMPANHIA SECURITIZADORA DE CREDITOS FINANCEIROS I SA;;Nota Comercial / Duplicata;
AFA CONSULTORIA DE CREDITO Unitoken #20;Unitoken;24/11/2025;132;R$ 16.462,82;R$ 16.462,60;R$ 0,22;R$ 16.462,82;R$ 0,00;;R$ 1,06;R$ 0,00;;;;0,0%;1,4%;"";24/11/2025;AFA CONSULTORIA DE CREDITO UNIPESSOAL LTDA;AMFI COMPANHIA SECURITIZADORA DE CREDITOS FINANCEIROS I SA;Oferta Pública;Duplicata;Captação finalizada
Girubank Unitoken #17;Unitoken;24/11/2025;132;R$ 956,01;R$ 949,13;R$ 6,88;R$ 956,01;R$ 0,00;;R$ 1,07;R$ 0,00;;;;0,0%;1,8%;"";23/09/2025;Girubank Securitizadora SA;AMFI COMPANHIA SECURITIZADORA DE CREDITOS FINANCEIROS I SA;Oferta Pública;Duplicata;Captação finalizada
Girubank Unitoken #14;Unitoken;24/11/2025;132;R$ 16.576,56;R$ 16.567,80;R$ 8,76;R$ 16.576,56;R$ 0,00;;R$ 1,03;R$ 0,00;;;;0,0%;1,8%;"";21/08/2025;Girubank Securitizadora SA;AMFI COMPANHIA SECURITIZADORA DE CREDITOS FINANCEIROS I SA;Oferta Pública;Duplicata;Captação finalizada
Conecta Lá Unitoken #109;Unitoken;26/11/2025;134;R$ 49.665,82;R$ 49.673,25;R$ 0,00;R$ 49.665,82;R$ 0,00;;R$ 1,05;R$ 0,00;;;;0,0%;1,6%;"";26/08/2025;FULL NINE DIGITAL CONSULTORIA S.A.;AMFI COMPANHIA SECURITIZADORA DE CREDITOS FINANCEIROS I SA;Oferta Pública;Duplicata;Captação finalizada
Dinie Pool #2;Pool;30/11/2025;138;R$ 821.760,21;R$ 725.845,29;R$ 95.914,92;R$ 862.558,33;R$ 153.467,58;R$ 6.000,00;R$ 1,29;R$ 0,00;11,6%;20,0%;51,0%;180.925,9%;11,7%;Nível crítico de Subordinação da tranche Sênior;31/07/2025;DINIE CORRESPONDENTE BANCÁRIO E MEIOS DE PAGAMENTOS LTDA;AMFI COMPANHIA SECURITIZADORA DE CREDITOS FINANCEIROS I SA;Oferta Pública;CCB;Captação finalizada
AFA CONSULTORIA DE CREDITO Unitoken #19;Unitoken;01/12/2025;139;R$ 16.427,49;R$ 16.427,68;R$ 0,00;R$ 16.427,49;R$ 0,00;;R$ 1,07;R$ 0,00;;;;0,0%;1,4%;"";01/12/2025;AFA CONSULTORIA DE CREDITO UNIPESSOAL LTDA;AMFI COMPANHIA SECURITIZADORA DE CREDITOS FINANCEIROS I SA;Oferta Pública;Duplicata;Captação finalizada
Learnbase Unitoken #57;Unitoken;04/12/2025;142;R$ 25.162,93;R$ 25.158,60;R$ 4,33;R$ 25.162,93;R$ 0,00;;R$ 1,09;R$ 0,00;;;;0,0%;1,9%;"";04/12/2025;Learnbase Gestão e Consultoria Educacional S.A.;AMFI COMPANHIA SECURITIZADORA DE CREDITOS FINANCEIROS I SA;Oferta Pública;Duplicata;Captação finalizada
Lebasq Unitoken #66;Unitoken;05/12/2025;143;R$ 8.591,30;R$ 8.585,29;R$ 6,01;R$ 8.591,30;R$ 0,00;;R$ 1,04;R$ 0,00;;;;0,0%;1,6%;"";05/08/2025;LEBASQ SECURITIZAÇÃO DE CRÉDITOS SA;AMFI COMPANHIA SECURITIZADORA DE CREDITOS FINANCEIROS I SA;Oferta Pública;Duplicata;Captação finalizada
Girubank Unitoken #16;Unitoken;11/12/2025;149;R$ 13.651,59;R$ 13.643,76;R$ 7,83;R$ 13.651,59;R$ 0,00;;R$ 1,08;R$ 0,00;;;;0,0%;1,7%;"";21/08/2025;Girubank Securitizadora SA;AMFI COMPANHIA SECURITIZADORA DE CREDITOS FINANCEIROS I SA;Oferta Pública;Duplicata;Captação finalizada
Plin Unitoken #6;Unitoken;15/12/2025;153;R$ 275.997,10;R$ 275.747,41;R$ 249,69;R$ 275.997,10;R$ 0,00;;R$ 1,06;R$ 0,00;;;;0,0%;1,8%;"";15/09/2025;GARANTIZA SOLUCOES FINANCEIRAS LTDA;AMFI REPRESENTAÇÃO OPERACIONAL LTDA;Oferta Pública;Nota Comercial;Captação finalizada
Teddy  Unitoken #14;Unitoken;15/12/2025;153;R$ 143.903,30;R$ 143.855,94;R$ 47,36;R$ 143.903,30;R$ 0,00;;R$ 1,04;R$ 0,00;;;;0,0%;1,6%;"";15/07/2025;TEDDY HUB DIGITAL LTDA;AMFI COMPANHIA SECURITIZADORA DE CREDITOS FINANCEIROS I SA;Oferta Pública;Duplicata;Captação finalizada
Lebasq Unitoken #61;Unitoken;15/12/2025;153;R$ 15.445,81;R$ 15.446,62;R$ 0,00;R$ 15.445,81;R$ 0,00;;R$ 1,02;R$ 0,00;;;;0,0%;1,6%;"";15/07/2025;LEBASQ SECURITIZAÇÃO DE CRÉDITOS SA;AMFI COMPANHIA SECURITIZADORA DE CREDITOS FINANCEIROS I SA;Oferta Pública;Duplicata;Captação finalizada
AFA CONSULTORIA DE CREDITO Unitoken #18;Unitoken;17/12/2025;155;R$ 32.603,46;R$ 32.603,58;R$ 0,00;R$ 32.603,46;R$ 0,00;;R$ 1,07;R$ 0,00;;;;0,0%;1,4%;"";17/12/2025;AFA CONSULTORIA DE CREDITO UNIPESSOAL LTDA;AMFI COMPANHIA SECURITIZADORA DE CREDITOS FINANCEIROS I SA;Oferta Pública;Duplicata;Captação finalizada
Up Vendas Unitoken #5;Unitoken;22/12/2025;160;R$ 106.936,02;R$ 106.935,96;R$ 0,06;R$ 106.936,02;R$ 0,00;;R$ 1,06;R$ 0,00;;;;0,0%;1,6%;"";03/09/2025;Up Vendas;AMFI COMPANHIA SECURITIZADORA DE CREDITOS FINANCEIROS I SA;Oferta Pública;Recebível de Cartão;Captação finalizada
Girubank Unitoken #2;Unitoken;22/12/2025;160;R$ 10.584,72;R$ 10.567,13;R$ 17,59;R$ 10.584,72;R$ 0,00;;R$ 1,05;R$ 0,00;;;;0,0%;1,7%;"";15/07/2025;Girubank Securitizadora SA;AMFI COMPANHIA SECURITIZADORA DE CREDITOS FINANCEIROS I SA;Oferta Pública;Duplicata;Captação finalizada
Girubank Unitoken #18;Unitoken;23/12/2025;161;R$ 18.653,17;R$ 18.627,86;R$ 25,31;R$ 18.653,17;R$ 0,00;;R$ 1,06;R$ 0,00;;;;0,0%;1,8%;"";22/07/2025;Girubank Securitizadora SA;AMFI COMPANHIA SECURITIZADORA DE CREDITOS FINANCEIROS I SA;Oferta Pública;Duplicata;Captação finalizada
Girubank Unitoken #23;Unitoken;23/12/2025;161;R$ 169.243,74;R$ 169.201,35;R$ 42,39;R$ 169.243,74;R$ 0,00;;R$ 1,05;R$ 0,00;;;;0,0%;1,8%;"";22/07/2025;Girubank Securitizadora SA;AMFI COMPANHIA SECURITIZADORA DE CREDITOS FINANCEIROS I SA;Oferta Pública;Duplicata;Captação finalizada
AFA CONSULTORIA DE CREDITO Unitoken #14;Unitoken;24/12/2025;162;R$ 16.233,23;R$ 16.233,36;R$ 0,00;R$ 16.233,23;R$ 0,00;;R$ 1,08;R$ 0,00;;;;0,0%;1,4%;"";24/12/2025;AFA CONSULTORIA DE CREDITO UNIPESSOAL LTDA;AMFI COMPANHIA SECURITIZADORA DE CREDITOS FINANCEIROS I SA;Oferta Pública;Duplicata;Captação finalizada
UnionNational Pool #4;Pool;25/12/2025;163;R$ 1.162.386,66;R$ 895.407,47;R$ 266.979,19;R$ 1.131.767,43;R$ 20.619,23;R$ 10.000,00;R$ 1,29;R$ 0,00;23,0%;20,0%;;0,0%;2,1%;"";25/12/2025;SECURITIZADORA DE CRÉDITOS FINANCEIROS S.A.;;Oferta Pública;Duplicata;Captação finalizada
Lebasq Unitoken #64;Unitoken;26/12/2025;164;R$ 29.852,27;R$ 29.848,72;R$ 3,55;R$ 29.852,27;R$ 0,00;;R$ 1,04;R$ 0,00;;;;0,0%;1,6%;"";15/07/2025;LEBASQ SECURITIZAÇÃO DE CRÉDITOS SA;AMFI COMPANHIA SECURITIZADORA DE CREDITOS FINANCEIROS I SA;Oferta Pública;Duplicata;Captação finalizada
Lebasq Unitoken #69;Unitoken;26/12/2025;164;R$ 13.248,20;R$ 13.247,77;R$ 0,43;R$ 13.248,20;R$ 0,00;;R$ 1,04;R$ 0,00;;;;0,0%;1,6%;"";25/07/2025;LEBASQ SECURITIZAÇÃO DE CRÉDITOS SA;AMFI COMPANHIA SECURITIZADORA DE CREDITOS FINANCEIROS I SA;Oferta Pública;Duplicata;Captação finalizada
AFA CONSULTORIA DE CREDITO Unitoken #16;Unitoken;29/12/2025;167;R$ 16.218,65;R$ 16.218,66;R$ 0,00;R$ 16.218,65;R$ 0,00;;R$ 1,08;R$ 0,00;;;;0,0%;1,4%;"";29/12/2025;AFA CONSULTORIA DE CREDITO UNIPESSOAL LTDA;AMFI COMPANHIA SECURITIZADORA DE CREDITOS FINANCEIROS I SA;Oferta Pública;Duplicata;Captação finalizada
Click Antecipa Unitoken #81 [cancelado];Unitoken;29/12/2025;167;R$ 0,00;;;R$ 0,00;;;;R$ 0,00;;;;0,0%;;"";29/12/2025;CLICK SECURITIZADORA S.A.;AMFI COMPANHIA SECURITIZADORA DE CREDITOS FINANCEIROS I SA;Oferta Pública;Duplicata;Cancelada
Lebasq Unitoken #60;Unitoken;29/12/2025;167;R$ 139.191,43;R$ 139.087,10;R$ 104,33;R$ 139.191,43;R$ 0,00;;R$ 1,03;R$ 0,00;;;;0,0%;1,6%;"";15/07/2025;LEBASQ SECURITIZAÇÃO DE CRÉDITOS SA;AMFI COMPANHIA SECURITIZADORA DE CREDITOS FINANCEIROS I SA;Oferta Pública;Duplicata;Captação finalizada
MMK Private;Pool;31/12/2025;169;R$ 0,00;;;R$ 0,00;;R$ 0,00;;R$ 0,00;100,0%;1,0%;;0,0%;;"";;MMK Partners;AMFI COMPANHIA SECURITIZADORA DE CREDITOS FINANCEIROS I SA;Oferta Privada;CCB / Nota Comercial;Produto Encerrado
Lebasq Unitoken #67;Unitoken;07/01/2026;176;R$ 17.868,04;R$ 17.867,18;R$ 0,86;R$ 17.868,04;R$ 0,00;;R$ 1,05;R$ 0,00;;;;0,0%;1,6%;"";04/08/2025;LEBASQ SECURITIZAÇÃO DE CRÉDITOS SA;AMFI COMPANHIA SECURITIZADORA DE CREDITOS FINANCEIROS I SA;Oferta Pública;Duplicata;Captação finalizada
Lebasq Unitoken #62;Unitoken;08/01/2026;177;R$ 29.027,93;R$ 29.026,07;R$ 1,86;R$ 29.027,93;R$ 0,00;;R$ 1,04;R$ 0,00;;;;0,0%;1,6%;"";15/07/2025;LEBASQ SECURITIZAÇÃO DE CRÉDITOS SA;AMFI COMPANHIA SECURITIZADORA DE CREDITOS FINANCEIROS I SA;Oferta Pública;Duplicata;Captação finalizada
Lebasq Unitoken #68;Unitoken;12/01/2026;181;R$ 9.740,40;R$ 9.739,88;R$ 0,52;R$ 9.740,40;R$ 0,00;;R$ 1,05;R$ 0,00;;;;0,0%;1,6%;"";23/07/2025;LEBASQ SECURITIZAÇÃO DE CRÉDITOS SA;AMFI COMPANHIA SECURITIZADORA DE CREDITOS FINANCEIROS I SA;Oferta Pública;Duplicata;Captação finalizada
Girubank Unitoken #1;Unitoken;12/01/2026;181;R$ 17.324,73;R$ 17.300,84;R$ 23,89;R$ 17.324,73;R$ 0,00;;R$ 1,06;R$ 0,00;;;;0,0%;1,7%;"";21/07/2025;Girubank Securitizadora SA;AMFI COMPANHIA SECURITIZADORA DE CREDITOS FINANCEIROS I SA;Oferta Pública;Duplicata;Captação finalizada
Teddy  Unitoken #19;Unitoken;15/01/2026;184;R$ 576.313,71;R$ 513.718,72;R$ 62.594,99;R$ 513.722,27;R$ 62.591,44;;R$ 1,09;R$ 0,00;;;;0,0%;2,1%;"";15/08/2025;TEDDY HUB DIGITAL LTDA;AMFI COMPANHIA SECURITIZADORA DE CREDITOS FINANCEIROS I SA;Oferta Pública;Duplicata;Captação finalizada
Girubank Unitoken #5;Unitoken;15/01/2026;184;R$ 27.087,83;R$ 27.064,71;R$ 23,12;R$ 27.087,83;R$ 0,00;;R$ 1,05;R$ 0,00;;;;0,0%;1,7%;"";15/07/2025;Girubank Securitizadora SA;AMFI COMPANHIA SECURITIZADORA DE CREDITOS FINANCEIROS I SA;Oferta Pública;Duplicata;Captação finalizada
BMDC Unitoken #6;Unitoken;15/01/2026;184;R$ 4.523,43;R$ 0,00;R$ 4.523,43;R$ 4.523,43;R$ 0,00;;;R$ 0,00;;;;0,0%;1,7%;"";;BMDC SECURITIZADORA SA;AMFI COMPANHIA SECURITIZADORA DE CREDITOS FINANCEIROS I SA;;CCB;
Lebasq Unitoken #73;Unitoken;15/01/2026;184;R$ 9.281,94;R$ 9.281,97;R$ 0,00;R$ 9.281,94;R$ 0,00;;R$ 1,05;R$ 0,00;;;;0,0%;1,6%;"";15/08/2025;LEBASQ SECURITIZAÇÃO DE CRÉDITOS SA;AMFI COMPANHIA SECURITIZADORA DE CREDITOS FINANCEIROS I SA;Oferta Pública;Duplicata;Captação finalizada
Teddy  Unitoken #15;Unitoken;15/01/2026;184;R$ 166.063,11;R$ 165.682,16;R$ 380,95;R$ 166.063,11;R$ 0,00;;R$ 1,06;R$ 0,00;;;;0,0%;1,6%;"";15/07/2025;TEDDY HUB DIGITAL LTDA;AMFI COMPANHIA SECURITIZADORA DE CREDITOS FINANCEIROS I SA;Oferta Pública;Duplicata;Captação finalizada
Girubank Unitoken #4;Unitoken;15/01/2026;184;R$ 34.409,38;R$ 34.391,57;R$ 17,81;R$ 34.409,38;R$ 0,00;;R$ 1,05;R$ 0,00;;;;0,0%;1,7%;"";15/07/2025;Girubank Securitizadora SA;AMFI COMPANHIA SECURITIZADORA DE CREDITOS FINANCEIROS I SA;Oferta Pública;Duplicata;Captação finalizada
Girubank Unitoken #20;Unitoken;21/01/2026;190;R$ 20.180,01;R$ 20.176,20;R$ 3,81;R$ 20.180,01;R$ 0,00;;R$ 1,05;R$ 0,00;;;;0,0%;1,8%;"";16/09/2025;Girubank Securitizadora SA;AMFI COMPANHIA SECURITIZADORA DE CREDITOS FINANCEIROS I SA;Oferta Pública;Duplicata;Captação finalizada
Girubank Unitoken #9;Unitoken;21/01/2026;190;R$ 25.214,34;R$ 25.117,03;R$ 97,31;R$ 25.214,34;R$ 0,00;;R$ 1,05;R$ 0,00;;;;0,0%;1,7%;"";22/07/2025;Girubank Securitizadora SA;AMFI COMPANHIA SECURITIZADORA DE CREDITOS FINANCEIROS I SA;Oferta Pública;Duplicata;Captação finalizada
Lebasq Unitoken #70;Unitoken;26/01/2026;195;R$ 8.590,83;R$ 8.590,44;R$ 0,39;R$ 8.590,83;R$ 0,00;;R$ 1,05;R$ 0,00;;;;0,0%;1,6%;"";21/07/2025;LEBASQ SECURITIZAÇÃO DE CRÉDITOS SA;AMFI COMPANHIA SECURITIZADORA DE CREDITOS FINANCEIROS I SA;Oferta Pública;Duplicata;Captação finalizada
Lebasq Unitoken #63;Unitoken;26/01/2026;195;R$ 30.761,32;R$ 30.726,28;R$ 35,04;R$ 30.761,32;R$ 0,00;;R$ 1,04;R$ 0,00;;;;0,0%;1,6%;"";15/07/2025;LEBASQ SECURITIZAÇÃO DE CRÉDITOS SA;AMFI COMPANHIA SECURITIZADORA DE CREDITOS FINANCEIROS I SA;Oferta Pública;Duplicata;Captação finalizada
Up Vendas Unitoken #7;Unitoken;26/01/2026;195;R$ 109.349,01;R$ 109.348,54;R$ 0,47;R$ 109.349,01;R$ 0,00;;R$ 1,07;R$ 0,00;;;;0,0%;1,6%;"";05/08/2025;Up Vendas;AMFI COMPANHIA SECURITIZADORA DE CREDITOS FINANCEIROS I SA;Oferta Pública;Recebível de Cartão;Captação finalizada
Conecta Lá Unitoken #142;Unitoken;26/01/2026;195;R$ 13.228,14;R$ 13.230,11;R$ 0,00;R$ 13.228,14;R$ 0,00;;R$ 1,06;R$ 0,00;;;;0,0%;1,7%;"";25/07/2025;FULL NINE DIGITAL CONSULTORIA S.A.;AMFI COMPANHIA SECURITIZADORA DE CREDITOS FINANCEIROS I SA;Oferta Pública;Duplicata;Captação finalizada
AFA CONSULTORIA DE CREDITO Unitoken #34;Unitoken;26/01/2026;195;R$ 699.644,43;R$ 699.339,17;R$ 305,26;R$ 699.644,43;R$ 0,00;;R$ 1,12;R$ 0,00;;;;0,0%;1,8%;"";26/01/2026;AFA CONSULTORIA DE CREDITO UNIPESSOAL LTDA;AMFI COMPANHIA SECURITIZADORA DE CREDITOS FINANCEIROS I SA;Oferta Pública;Duplicata;Captação finalizada
Girubank Unitoken #8;Unitoken;27/01/2026;196;R$ 48.907,80;R$ 48.875,17;R$ 32,63;R$ 48.907,80;R$ 0,00;;R$ 1,05;R$ 0,00;;;;0,0%;1,7%;"";16/07/2025;Girubank Securitizadora SA;AMFI COMPANHIA SECURITIZADORA DE CREDITOS FINANCEIROS I SA;Oferta Pública;Duplicata;Captação finalizada
AFA CONSULTORIA DE CREDITO Unitoken #3;Unitoken;29/01/2026;198;R$ 15.990,30;R$ 15.990,13;R$ 0,17;R$ 15.990,30;R$ 0,00;;R$ 1,09;R$ 0,00;;;;0,0%;1,4%;"";29/01/2026;AFA CONSULTORIA DE CREDITO UNIPESSOAL LTDA;AMFI COMPANHIA SECURITIZADORA DE CREDITOS FINANCEIROS I SA;Oferta Pública;Duplicata;Captação finalizada
Lebasq Unitoken #71;Unitoken;30/01/2026;199;R$ 53.735,10;R$ 53.733,85;R$ 1,25;R$ 53.735,10;R$ 0,00;;R$ 1,05;R$ 0,00;;;;0,0%;1,6%;"";15/07/2025;LEBASQ SECURITIZAÇÃO DE CRÉDITOS SA;AMFI COMPANHIA SECURITIZADORA DE CREDITOS FINANCEIROS I SA;Oferta Pública;Duplicata;Captação finalizada
Lebasq Unitoken #72;Unitoken;30/01/2026;199;R$ 8.594,65;R$ 8.594,41;R$ 0,24;R$ 8.594,65;R$ 0,00;;R$ 1,05;R$ 0,00;;;;0,0%;1,6%;"";05/08/2025;LEBASQ SECURITIZAÇÃO DE CRÉDITOS SA;AMFI COMPANHIA SECURITIZADORA DE CREDITOS FINANCEIROS I SA;Oferta Pública;Duplicata;Captação finalizada
LC Investe Pool #2;Pool;31/01/2026;200;R$ 992.661,09;R$ 836.207,46;R$ 156.453,63;R$ 846.893,33;R$ 0,00;R$ 4.500,00;R$ 1,13;R$ 66.792,86;15,8%;10,0%;;0,0%;2,2%;Concentração máx por sacado;05/01/2026;LC Investe LTDA;AMFI COMPANHIA SECURITIZADORA DE CREDITOS FINANCEIROS I SA;Oferta Pública;Ativo Judicial;Captação finalizada
Up Vendas #1;Pool;01/02/2026;201;R$ 0,00;R$ 0,01;R$ 0,00;R$ 0,00;R$ 0,00;;R$ 0,00;R$ 0,00;100,0%;20,0%;;0,0%;;"";;Up Vendas;AMFI COMPANHIA SECURITIZADORA DE CREDITOS FINANCEIROS I SA;Oferta Privada;Recebível de Cartão;Produto Encerrado
Girubank Unitoken #7;Unitoken;02/02/2026;202;R$ 55.620,10;R$ 55.589,94;R$ 30,16;R$ 55.620,10;R$ 0,00;;R$ 1,05;R$ 0,00;;;;0,0%;1,7%;"";16/07/2025;Girubank Securitizadora SA;AMFI COMPANHIA SECURITIZADORA DE CREDITOS FINANCEIROS I SA;Oferta Pública;Duplicata;Captação finalizada
Girubank Unitoken #15;Unitoken;02/02/2026;202;R$ 30.139,63;R$ 30.177,65;R$ 0,00;R$ 30.139,63;R$ 0,00;;R$ 1,06;R$ 0,00;;;;0,0%;1,8%;"";11/09/2025;Girubank Securitizadora SA;AMFI COMPANHIA SECURITIZADORA DE CREDITOS FINANCEIROS I SA;Oferta Pública;Duplicata;Captação finalizada
Girubank Unitoken #22;Unitoken;11/02/2026;211;R$ 35.559,74;R$ 35.544,48;R$ 15,26;R$ 35.559,74;R$ 0,00;;R$ 1,05;R$ 0,00;;;;0,0%;1,8%;"";12/08/2025;Girubank Securitizadora SA;AMFI COMPANHIA SECURITIZADORA DE CREDITOS FINANCEIROS I SA;Oferta Pública;Duplicata;Captação finalizada
BMDC Unitoken #4;Unitoken;15/02/2026;215;R$ 5.618,23;R$ 0,00;R$ 5.618,23;R$ 5.618,23;R$ 0,00;;;R$ 0,00;;;;0,0%;1,7%;"";;BMDC SECURITIZADORA SA;AMFI COMPANHIA SECURITIZADORA DE CREDITOS FINANCEIROS I SA;;CCB;
BMDC Unitoken #9;Unitoken;15/02/2026;215;R$ 3.256,92;R$ 0,00;R$ 3.256,92;R$ 3.256,92;R$ 0,00;;;R$ 0,00;;;;0,0%;1,7%;"";;BMDC SECURITIZADORA SA;AMFI COMPANHIA SECURITIZADORA DE CREDITOS FINANCEIROS I SA;;CCB;
BMDC Unitoken #7;Unitoken;15/02/2026;215;R$ 7.746,03;R$ 0,00;R$ 7.746,03;R$ 7.746,03;R$ 0,00;;;R$ 0,00;;;;0,0%;1,7%;"";;BMDC SECURITIZADORA SA;AMFI COMPANHIA SECURITIZADORA DE CREDITOS FINANCEIROS I SA;;CCB;
Girubank Unitoken #25;Unitoken;23/02/2026;223;R$ 37.574,24;R$ 37.565,65;R$ 8,59;R$ 37.574,24;R$ 0,00;;R$ 1,03;R$ 0,00;;;;0,0%;1,9%;"";22/07/2025;Girubank Securitizadora SA;AMFI COMPANHIA SECURITIZADORA DE CREDITOS FINANCEIROS I SA;Oferta Pública;Duplicata;Captação finalizada
Girubank Unitoken #21;Unitoken;23/02/2026;223;R$ 5.801,15;R$ 5.793,61;R$ 7,54;R$ 5.801,15;R$ 0,00;;R$ 1,05;R$ 0,00;;;;0,0%;1,8%;"";12/08/2025;Girubank Securitizadora SA;AMFI COMPANHIA SECURITIZADORA DE CREDITOS FINANCEIROS I SA;Oferta Pública;Duplicata;Captação finalizada
SuperSim Pool #1;Pool;27/02/2026;227;R$ 16.823.378,73;R$ 7.002.981,16;R$ 9.820.397,57;R$ 21.222.099,78;R$ 996.201,97;R$ 100.000,00;R$ 3,40;R$ 2.820.229,63;57,8%;35,0%;63,5%;7.588.725,8%;41,7%;"";27/01/2026;SUPERSIM ANÁLISE DE DADOS E CORRESPONDENTE BANCÁRIO LTDA;;Oferta Privada;CCB;Captação finalizada
Stockash (Educbank) Unitoken #3;Unitoken;28/02/2026;228;R$ 553.806,99;R$ 0,00;R$ 553.806,99;R$ 553.806,98;R$ 0,01;;;R$ 0,00;;;;0,0%;2,0%;"";;Stockash Consultoria em Credito LTDA;AMFI COMPANHIA SECURITIZADORA DE CREDITOS FINANCEIROS I SA;;Nota Comercial;
AFA CONSULTORIA DE CREDITO Unitoken #35;Unitoken;02/03/2026;230;R$ 337.873,56;R$ 337.740,13;R$ 133,43;R$ 337.873,56;R$ 0,00;;R$ 1,15;R$ 0,00;;;;0,0%;1,8%;"";02/03/2026;AFA CONSULTORIA DE CREDITO UNIPESSOAL LTDA;AMFI COMPANHIA SECURITIZADORA DE CREDITOS FINANCEIROS I SA;Oferta Pública;Duplicata;Captação finalizada
Mooney Pool #1;Pool;07/03/2026;235;R$ 6.735,16;R$ 0,01;R$ 6.735,15;R$ 69.945,81;R$ 1.735,16;R$ 5.000,00;R$ 9.220.768,32;R$ 0,00;100,0%;15,0%;1.038,5%;69.945,8%;8,8%;"";06/09/2025;Mooney S.A. Companhia Securitizadora;;Oferta Pública;Duplicata;Produto Encerrado
Teddy  Unitoken #17;Unitoken;16/03/2026;244;R$ 262.766,92;R$ 262.707,15;R$ 59,77;R$ 262.766,92;R$ 0,00;;R$ 1,14;R$ 0,00;;;;0,0%;1,6%;"";16/03/2026;TEDDY HUB DIGITAL LTDA;AMFI COMPANHIA SECURITIZADORA DE CREDITOS FINANCEIROS I SA;Oferta Pública;Duplicata;Captação finalizada
Lebasq Unitoken #48;Unitoken;16/03/2026;244;R$ 0,00;;;R$ 0,00;;;;R$ 0,00;;;;0,0%;;"";18/07/2025;LEBASQ SECURITIZAÇÃO DE CRÉDITOS SA;AMFI COMPANHIA SECURITIZADORA DE CREDITOS FINANCEIROS I SA;Oferta Pública;Duplicata;Cancelada
Allya Unitoken #3;Unitoken;18/03/2026;246;R$ 220.748,53;R$ 220.790,06;R$ 0,00;R$ 220.748,53;R$ 0,00;;R$ 1,08;R$ 0,00;;;;0,0%;1,8%;"";18/07/2025;ALLYA SERVIÇOS LTDA;AMFI REPRESENTAÇÃO OPERACIONAL LTDA;Oferta Pública;Nota Comercial;Captação finalizada
Girubank Unitoken #24;Unitoken;23/03/2026;251;R$ 80.585,18;R$ 80.578,58;R$ 6,60;R$ 80.585,18;R$ 0,00;;R$ 1,10;R$ 0,00;;;;0,0%;1,8%;"";16/10/2025;Girubank Securitizadora SA;AMFI COMPANHIA SECURITIZADORA DE CREDITOS FINANCEIROS I SA;Oferta Pública;Duplicata;Captação finalizada
Up Vendas Unitoken #6;Unitoken;31/03/2026;259;R$ 220.591,84;R$ 220.591,03;R$ 0,81;R$ 220.591,84;R$ 0,00;;R$ 1,09;R$ 0,00;;;;0,0%;1,6%;"";07/08/2025;Up Vendas;AMFI COMPANHIA SECURITIZADORA DE CREDITOS FINANCEIROS I SA;Oferta Pública;Recebível de Cartão;Captação finalizada
Tiba Unitoken #3 [Cancelado];Unitoken;13/04/2026;272;R$ 0,00;;;R$ 0,00;;;;R$ 0,00;;;;0,0%;;"";15/07/2025;TIBA ASSETS LTDA;AMFI COMPANHIA SECURITIZADORA DE CREDITOS FINANCEIROS I SA;Oferta Pública;CCB;Cancelada
Tiba Unitoken #3;Unitoken;13/04/2026;272;R$ 271.722,48;R$ 269.820,88;R$ 1.901,60;R$ 271.722,48;R$ 0,00;;R$ 1,06;R$ 0,00;;;;0,0%;1,7%;"";15/07/2025;TIBA ASSETS LTDA;AMFI COMPANHIA SECURITIZADORA DE CREDITOS FINANCEIROS I SA;Oferta Pública;CCB;Captação finalizada
Teddy  Unitoken #18;Unitoken;15/04/2026;274;R$ 258.362,12;R$ 258.359,39;R$ 2,73;R$ 258.362,12;R$ 0,00;;R$ 1,16;R$ 0,00;;;;0,0%;1,6%;"";15/04/2026;TEDDY HUB DIGITAL LTDA;AMFI COMPANHIA SECURITIZADORA DE CREDITOS FINANCEIROS I SA;Oferta Pública;Duplicata;Captação finalizada
Droom Unitoken #1;Unitoken;31/05/2026;320;R$ 273.708,09;R$ 0,00;R$ 273.708,09;R$ 273.434,15;R$ 0,01;;;R$ 0,00;;;;0,0%;1,4%;"";;GOUVEA E GOUVEA SOCIEDADE DE ADVOGADOS;AMFI COMPANHIA SECURITIZADORA DE CREDITOS FINANCEIROS I SA;;Ativo Judicial;
Up Vendas Unitoken #8;Unitoken;01/06/2026;321;R$ 171.600,93;R$ 171.857,17;R$ 0,00;R$ 171.600,93;R$ 0,00;;R$ 1,08;R$ 0,00;;;4,9%;0,0%;1,6%;"";15/07/2025;Up Vendas;AMFI COMPANHIA SECURITIZADORA DE CREDITOS FINANCEIROS I SA;Oferta Pública;Recebível de Cartão;Captação finalizada
Denali Tax Unitoken #2;Unitoken;04/06/2026;324;R$ 411.128,34;R$ 0,00;R$ 411.128,34;R$ 0,00;R$ 0,00;;;R$ 0,00;;;;0,0%;;"";;DENALI TAX CONSULTORIA LTDA;AMFI COMPANHIA SECURITIZADORA DE CREDITOS FINANCEIROS I SA;;Ativo Judicial;
Girubank Unitoken #11;Unitoken;11/06/2026;331;R$ 6.905,75;R$ 6.569,33;R$ 336,42;R$ 6.905,75;R$ 0,00;;R$ 1,07;R$ 0,00;;;;0,0%;1,7%;"";22/07/2025;Girubank Securitizadora SA;AMFI COMPANHIA SECURITIZADORA DE CREDITOS FINANCEIROS I SA;Oferta Pública;Duplicata;Captação finalizada
UnionNational Pool #3;Pool;18/06/2026;338;R$ 897.643,15;R$ 670.512,05;R$ 227.131,09;R$ 828.291,31;R$ 59.351,84;R$ 10.000,00;R$ 1,26;R$ 0,00;25,3%;20,0%;;0,0%;2,1%;"";18/06/2026;SECURITIZADORA DE CRÉDITOS FINANCEIROS S.A.;;Oferta Pública;Duplicata;Captação finalizada
Allya Unitoken #4;Unitoken;17/07/2026;367;R$ 338.315,41;R$ 338.288,24;R$ 27,17;R$ 338.315,41;R$ 0,00;;R$ 1,12;R$ 0,00;;;;0,0%;1,8%;"";18/08/2025;ALLYA SERVIÇOS LTDA;AMFI REPRESENTAÇÃO OPERACIONAL LTDA;Oferta Pública;Nota Comercial;Captação finalizada
BMDC Pool #1;Pool;22/08/2026;403;R$ 1.171.726,26;R$ 921.413,15;R$ 250.313,11;R$ 1.178.932,89;R$ 150,73;R$ 9.000,00;R$ 1,47;R$ 0,00;21,4%;20,0%;;0,0%;2,1%;"";22/09/2025;BMDC SECURITIZADORA SA;AMFI COMPANHIA SECURITIZADORA DE CREDITOS FINANCEIROS I SA;Oferta Pública;CCB;Captação finalizada
Formento Pool #1;Pool;15/09/2026;427;R$ 0,01;R$ 0,00;R$ 0,01;R$ 0,00;R$ 0,01;R$ 0,00;R$ 0,00;R$ 0,00;65,0%;20,0%;;0,0%;;Concentração máx por sacado;15/09/2026;Formento Securitizadora S.A.;AMFI COMPANHIA SECURITIZADORA DE CREDITOS FINANCEIROS I SA;Oferta Pública;Duplicata;Produto Encerrado
Digcap Pool #3;Pool;03/10/2026;445;R$ 2.248.209,42;R$ 1.390.844,90;R$ 857.364,52;R$ 2.223.939,53;R$ 19.058,14;R$ 5.000,00;R$ 2,00;R$ 0,00;38,1%;15,0%;9,7%;0,0%;4,5%;"";28/03/2026;Digcap Intermediação de Créditos Judiciais Ltda	;;Oferta Pública;Ativo Judicial;Captação finalizada
Formento Pool #2;Pool;23/10/2026;465;R$ 2.253.013,97;R$ 1.754.679,19;R$ 498.334,78;R$ 2.245.070,01;R$ 9.332,43;R$ 3.333,33;R$ 1,33;R$ 0,00;22,1%;20,0%;0,8%;4.721,8%;2,8%;"";23/10/2026;Formento Securitizadora S.A.;AMFI COMPANHIA SECURITIZADORA DE CREDITOS FINANCEIROS I SA;Oferta Pública;Duplicata;Captação finalizada
Rhino Pool #1;Pool;26/10/2026;468;R$ 0,00;;;R$ 0,00;;R$ 2.700,00;;R$ 0,00;;20,0%;;0,0%;;"";26/10/2026;Rhino Holding & Participacoes S.A;AMFI COMPANHIA SECURITIZADORA DE CREDITOS FINANCEIROS I SA;Oferta Pública;Duplicata;Cancelada
Pool Maralto #1;Pool;26/10/2026;468;R$ 43.962,43;R$ 47.934,52;R$ 0,00;R$ 0,00;R$ 0,01;R$ 0,00;R$ 0,00;R$ 0,00;;0,0%;;0,0%;;"";27/10/2026;AMFI CONSULTING LTDA;;Oferta Privada;Recebível de Cartão / CCB / Nota Comercial / CPR / Duplicata / Ativo Judicial;Captação finalizada
C4 Pool #1;Pool;27/10/2026;469;R$ 0,00;;;R$ 0,00;;R$ 0,00;;R$ 0,00;100,0%;40,0%;;0,0%;;"";23/07/2025;C4 CAPITAL SECURITIZADORA S/A;AMFI COMPANHIA SECURITIZADORA DE CREDITOS FINANCEIROS I SA;Oferta Pública;CCB;Produto Encerrado
DS Pool #2;Pool;11/11/2026;484;R$ 1.096.932,10;R$ 1.590.551,35;R$ 0,00;R$ 2.048.826,49;R$ 0,00;R$ 2.500,00;R$ 1,29;R$ 0,00;-45,0%;20,0%;186,8%;952.035,1%;3,2%;Concentração máx por sacado, Nível crítico de Subordinação da tranche Sênior;11/11/2026;COMPANHIA SECURITIZADORA X S.A;;Oferta Pública;Duplicata;Captação finalizada
Teddy  Unitoken #16;Unitoken;16/11/2026;489;R$ 0,00;;;R$ 0,00;;;;R$ 0,00;;;;0,0%;;"";15/12/2025;TEDDY HUB DIGITAL LTDA;AMFI COMPANHIA SECURITIZADORA DE CREDITOS FINANCEIROS I SA;Oferta Pública;Duplicata;Cancelada
Digcap Unitoken #4;Unitoken;27/11/2026;500;R$ 32.465,37;R$ 32.465,07;R$ 0,30;R$ 32.465,37;R$ 0,00;;R$ 1,39;R$ 0,00;;;;0,0%;2,0%;"";27/11/2026;Digcap Intermediação de Créditos Judiciais Ltda	;;Oferta Pública;Ativo Judicial;Captação finalizada
Zero Paralelo Pool #1;Pool;25/12/2026;528;R$ 47.736,80;R$ 0,00;R$ 0,00;R$ 0,00;R$ 0,01;R$ 0,00;;R$ 0,00;;0,0%;;0,0%;;"";25/12/2026;AMFI CONSULTING LTDA;;Oferta Pública;Recebível de Cartão / CCB / Nota Comercial / CPR / Duplicata / Ativo Judicial;Captação finalizada
Digcap Unitoken #3;Unitoken;30/12/2026;533;R$ 0,00;;;R$ 0,00;;;;R$ 0,00;;;;0,0%;;"";;Digcap Intermediação de Créditos Judiciais Ltda	;;;Ativo Judicial;
Digcap Unitoken #2;Unitoken;30/12/2026;533;R$ 80.779,58;R$ 0,00;R$ 80.779,58;R$ 80.779,58;R$ 0,00;;;R$ 0,00;;;;0,0%;1,8%;"";;Digcap Intermediação de Créditos Judiciais Ltda	;;;Ativo Judicial;
Conecta Lá Unitoken #119;Unitoken;26/01/2027;560;R$ 138.984,02;R$ 138.974,45;R$ 9,57;R$ 138.984,02;R$ 0,00;;R$ 1,22;R$ 0,00;;;;0,0%;1,6%;"";26/01/2026;FULL NINE DIGITAL CONSULTORIA S.A.;AMFI COMPANHIA SECURITIZADORA DE CREDITOS FINANCEIROS I SA;Oferta Pública;Duplicata;Captação finalizada
E-ctare Pool #1;Pool;28/02/2027;593;R$ 10.306.692,77;R$ 8.345.389,67;R$ 1.961.303,10;R$ 7.290.391,18;R$ 3.553.380,10;R$ 25.000,00;R$ 1,01;R$ 0,00;19,0%;20,0%;11,1%;562.078,5%;1,8%;Concentração máx por sacado, Percentual mínimo de garantias;28/07/2025;ECTARE PAY SERVICOS DE GESTAO DE PAGAMENTOS S/A,;;Oferta Privada;CPR / Duplicata;Captação finalizada
Credmei Pool #1;Pool;15/03/2027;608;R$ 20.139.355,50;R$ 18.091.792,50;R$ 2.047.563,00;R$ 19.602.074,44;R$ 0,00;R$ 0,00;R$ 1,11;R$ 0,00;10,2%;10,0%;9,6%;536.887,1%;3,0%;"";13/04/2026;CREDMEI SECURITIZADORA S/A;;Oferta Privada;Duplicata;Captação finalizada
BMDC Unitoken #11;Unitoken;16/03/2027;609;R$ 97.577,15;R$ 97.571,28;R$ 5,87;R$ 97.577,15;R$ 0,00;;R$ 1,20;R$ 0,00;;;;0,0%;1,8%;"";16/07/2025;BMDC SECURITIZADORA SA;AMFI COMPANHIA SECURITIZADORA DE CREDITOS FINANCEIROS I SA;Oferta Pública;CCB;Captação finalizada
Pool Nexo #1;Pool;26/03/2027;619;R$ 144.179,25;R$ 76.383,85;R$ 67.795,40;R$ 0,00;R$ 0,01;R$ 0,00;R$ 0,00;R$ 0,00;;5,0%;;0,0%;;"";26/03/2027;AMFI CONSULTING LTDA;;Oferta Privada;Recebível de Cartão / CCB / Nota Comercial / CPR / Duplicata / Ativo Judicial;Captação finalizada
a55 Cartão Pool #1;Pool;01/04/2027;625;R$ 12.601.554,76;R$ 0,00;R$ 12.601.554,76;R$ 12.587.797,30;R$ 13.663,43;R$ 0,00;;R$ 0,00;100,0%;1,0%;0,7%;0,0%;1,6%;"";;A55 PAYMENTS LTDA;AMFI COMPANHIA SECURITIZADORA DE CREDITOS FINANCEIROS I SA;Oferta Privada;Recebível de Cartão;Captação finalizada
Faighus Pool #1;Pool;14/06/2027;699;R$ 1.474.428,33;R$ 1.018.115,29;R$ 456.313,04;R$ 1.305.895,11;R$ 145.367,96;R$ 25.000,00;R$ 1,37;R$ 0,00;31,0%;25,0%;1,8%;1.834,7%;6,3%;"";13/08/2025;FAIGHUS SECURITIZADORA S.A.;AMFI COMPANHIA SECURITIZADORA DE CREDITOS FINANCEIROS I SA;Oferta Privada;Duplicata;Captação finalizada
Chronos Pool #1;Pool;14/06/2027;699;R$ 1.335.184,46;R$ 1.010.955,46;R$ 324.229,00;R$ 386.226,48;R$ 925.476,78;R$ 25.000,00;R$ 0,39;R$ 0,00;24,3%;25,0%;22,8%;1.518,8%;9,2%;Concentração máx por cedente em percentual;13/01/2027;CHRONOS SECURITIZADORA S/A;AMFI COMPANHIA SECURITIZADORA DE CREDITOS FINANCEIROS I SA;Oferta Privada;Duplicata;Captação finalizada
Price Pool #1 ;Pool;24/06/2027;709;R$ 945.743,24;R$ 758.852,36;R$ 186.890,88;R$ 487.779,10;R$ 433.976,66;R$ 25.000,00;R$ 0,66;R$ 0,00;19,8%;20,0%;21,4%;1.012,5%;6,4%;Concentração máx por sacado, Concentração máx por cedente em percentual;24/07/2025;PRICE SECURITIZADORA S/A;;Oferta Privada;Duplicata;Captação finalizada
LeCapital Pool #2;Pool;08/07/2027;723;R$ 2.598.306,68;R$ 2.001.565,38;R$ 596.741,30;R$ 201.480,68;R$ 2.371.826,00;R$ 25.000,00;R$ 0,11;R$ 0,00;;20,0%;;0,0%;4,7%;"";08/08/2025;LECAPITAL SECURITIZADORA S/A;AMFI COMPANHIA SECURITIZADORA DE CREDITOS FINANCEIROS I SA;Oferta Privada;Duplicata / Nota Comercial / CCB;Em captação
Blipay Pool #2;Pool;13/07/2027;728;R$ 1.947.816,50;R$ 969.873,38;R$ 977.943,12;R$ 3.262.390,30;R$ 5.207,87;R$ 25.000,00;R$ 4,12;R$ 0,00;50,2%;30,0%;84,8%;1.100.858,4%;33,9%;"";13/02/2027;BLIPAY INTERMEDIACAO DE NEGOCIOS E TECNOLOGIA LTDA;AMFI COMPANHIA SECURITIZADORA DE CREDITOS FINANCEIROS I SA;Oferta Pública;CCB;Captação finalizada
BMDC Unitoken #14;Unitoken;05/08/2027;751;R$ 108.493,58;R$ 108.419,92;R$ 73,66;R$ 108.493,58;R$ 0,00;;R$ 1,25;R$ 0,00;;;;0,0%;1,8%;"";16/07/2025;BMDC SECURITIZADORA SA;AMFI COMPANHIA SECURITIZADORA DE CREDITOS FINANCEIROS I SA;Oferta Pública;CCB;Captação finalizada
Maralto Pool #2;Pool;06/08/2027;752;R$ 1.480.945,92;R$ 1.541.508,55;R$ 0,00;R$ 0,00;R$ 0,01;R$ 0,00;R$ 0,00;R$ 0,00;;0,0%;;0,0%;;"";06/08/2027;AMFI CONSULTING LTDA;;Oferta Privada;Recebível de Cartão / Nota Comercial / CPR / Duplicata / CCB / Ativo Judicial;Em captação
Plin Unitoken #7;Unitoken;18/10/2027;825;R$ 535.786,44;R$ 535.782,43;R$ 4,01;R$ 535.786,44;R$ 0,00;;R$ 1,36;R$ 0,00;;;;0,0%;1,8%;"";16/01/2026;GARANTIZA SOLUCOES FINANCEIRAS LTDA;AMFI REPRESENTAÇÃO OPERACIONAL LTDA;Oferta Pública;Nota Comercial;Captação finalizada
BMDC Unitoken #10;Unitoken;18/10/2027;825;R$ 178.752,23;R$ 178.744,94;R$ 7,29;R$ 178.752,23;R$ 0,00;;R$ 1,25;R$ 0,00;;;;0,0%;1,8%;"";16/07/2025;BMDC SECURITIZADORA SA;AMFI COMPANHIA SECURITIZADORA DE CREDITOS FINANCEIROS I SA;Oferta Pública;CCB;Captação finalizada
BMDC Unitoken #15;Unitoken;18/10/2027;825;R$ 119.395,91;R$ 119.391,48;R$ 4,43;R$ 119.395,91;R$ 0,00;;R$ 1,27;R$ 0,00;;;;0,0%;1,8%;"";16/07/2025;BMDC SECURITIZADORA SA;AMFI COMPANHIA SECURITIZADORA DE CREDITOS FINANCEIROS I SA;Oferta Pública;CCB;Captação finalizada
Credmei Pool #2;Pool;28/10/2027;835;R$ 23.119.468,19;R$ 20.774.353,86;R$ 2.345.114,32;R$ 22.637.160,62;R$ 0,00;R$ 0,00;R$ 1,12;R$ 0,00;10,1%;10,0%;3,1%;249.118,3%;2,8%;"";14/10/2027;CREDMEI SECURITIZADORA S/A;;Oferta Privada;Duplicata;Captação finalizada
Peak Unitoken #1;Unitoken;15/11/2027;853;R$ 125.718,07;R$ 125.675,00;R$ 43,07;R$ 125.718,07;R$ 0,00;;R$ 1,26;R$ 0,00;;;;0,0%;1,7%;"";16/07/2025;PEAK SOCIEDADE DE EMPRESTIMO ENTRE PESSOAS;AMFI COMPANHIA SECURITIZADORA DE CREDITOS FINANCEIROS I SA;Oferta Pública;CCB;Captação finalizada
Consignado Público Peak Unitoken #2;Unitoken;15/11/2027;853;R$ 47.776,01;R$ 44.404,42;R$ 3.371,59;R$ 47.776,01;R$ 0,00;;R$ 1,36;R$ 0,00;;;;0,0%;1,7%;"";16/07/2025;PEAK SOCIEDADE DE EMPRESTIMO ENTRE PESSOAS;AMFI COMPANHIA SECURITIZADORA DE CREDITOS FINANCEIROS I SA;Oferta Pública;CCB;Captação finalizada
Allya Unitoken #5;Unitoken;19/11/2027;857;R$ 453.838,43;R$ 453.830,59;R$ 7,84;R$ 453.838,43;R$ 0,00;;R$ 1,31;R$ 0,00;;;;0,0%;1,8%;"";19/09/2025;ALLYA SERVIÇOS LTDA;AMFI REPRESENTAÇÃO OPERACIONAL LTDA;Oferta Pública;Duplicata;Captação finalizada
AmFi Renda Mensal;Pool;19/11/2027;857;R$ 4.654.752,52;R$ 1.991.574,25;R$ 588.641,10;R$ 0,00;R$ 0,00;R$ 0,00;R$ 0,00;R$ 0,00;;25,0%;;0,0%;;"";21/07/2025;AMFI CONSULTING LTDA;;Oferta Pública;CCB / Recebível de Cartão / Duplicata / Nota Comercial;Captação finalizada
B.Invest Pool #1;Pool;23/11/2027;861;R$ 46.057.948,03;R$ 38.359.978,10;R$ 6.005.852,92;R$ 41.311.462,11;R$ 3.917.893,69;R$ 18.000,00;R$ 1,14;R$ 1.006.449,75;16,7%;15,0%;4,8%;196.279,4%;3,1%;"";21/12/2026;B.Invest Securitizadora de Créditos S.A.;AMFI COMPANHIA SECURITIZADORA DE CREDITOS FINANCEIROS I SA;Oferta Privada;Duplicata;Em captação
Syntheo Pool #1;Pool;30/11/2027;868;R$ 0,00;R$ 0,00;R$ 0,00;R$ 0,00;R$ 0,00;R$ 3.225,00;;R$ 0,00;;30,0%;;0,0%;;"";28/12/2026;SYNTHÉO SECURITIZADORA DE CRÉDITOS S.A.;AMFI COMPANHIA SECURITIZADORA DE CREDITOS FINANCEIROS I SA;Oferta Pública;Duplicata;Cancelada
Formento Pool #4;Pool;02/12/2027;870;R$ 2.574.978,72;R$ 2.046.239,39;R$ 528.739,33;R$ 2.546.532,69;R$ 3.979,35;R$ 25.000,00;R$ 1,29;R$ 0,00;20,5%;20,0%;0,2%;533,3%;4,2%;"";02/08/2025;Formento Securitizadora S.A.;AMFI COMPANHIA SECURITIZADORA DE CREDITOS FINANCEIROS I SA;Oferta Privada;Duplicata;Captação finalizada
Baru Pool #2;Pool;10/12/2027;878;R$ 6.780.655,12;R$ 5.086.587,29;R$ 1.694.067,83;R$ 6.692.979,34;R$ 63.008,53;R$ 25.000,00;R$ 1,67;R$ 0,00;25,0%;25,0%;1,0%;332,8%;1,9%;Concentração máx por sacado;10/08/2025;GRIFFIN CAPITAL S.A. SECURITIZADORA;AMFI COMPANHIA SECURITIZADORA DE CREDITOS FINANCEIROS I SA;Oferta Privada;CCB;Captação finalizada
Consignado Público Peak Unitoken #3;Unitoken;15/12/2027;883;R$ 63.105,59;R$ 61.528,84;R$ 1.576,75;R$ 63.105,59;R$ 0,00;;R$ 1,30;R$ 0,00;;;;0,0%;1,7%;"";16/07/2025;PEAK SOCIEDADE DE EMPRESTIMO ENTRE PESSOAS;AMFI COMPANHIA SECURITIZADORA DE CREDITOS FINANCEIROS I SA;Oferta Pública;CCB;Captação finalizada
BMDC Pool #2;Pool;30/12/2027;898;R$ 669.773,35;R$ 469.822,83;R$ 199.950,52;R$ 536.961,53;R$ 107.811,82;R$ 25.000,00;R$ 1,53;R$ 0,00;29,9%;20,0%;;0,0%;2,0%;Concentração máx por sacado;30/12/2027;BMDC SECURITIZADORA SA;AMFI COMPANHIA SECURITIZADORA DE CREDITOS FINANCEIROS I SA;Oferta Pública;CCB;Em captação
UnionNational Pool #5;Pool;03/01/2028;902;R$ 9.801.241,31;R$ 7.651.788,65;R$ 2.149.452,66;R$ 8.673.756,13;R$ 1.110.126,64;R$ 30.000,00;R$ 1,16;R$ 0,00;21,9%;20,0%;1,2%;12.641,5%;2,1%;"";02/02/2027;SECURITIZADORA DE CRÉDITOS FINANCEIROS S.A.;;Oferta Privada;Duplicata;Em captação
Poenatela Pool #1;Pool;03/01/2028;902;R$ 11.342.160,16;R$ 8.216.278,24;R$ 3.125.881,92;R$ 10.700.770,97;R$ 662.417,26;R$ 22.500,00;R$ 1,34;R$ 0,00;27,6%;20,0%;12,2%;43.528,1%;3,7%;"";02/02/2027;RM2 SECURITIZADORA S.A;AMFI COMPANHIA SECURITIZADORA DE CREDITOS FINANCEIROS I SA;Oferta Privada;Duplicata;Captação finalizada
Cia Paulista Pool #1;Pool;11/01/2028;910;R$ 440.000,00;R$ 0,00;R$ 440.000,00;R$ 0,00;R$ 415.000,00;R$ 25.000,00;;R$ 0,00;;20,0%;;0,0%;;"";11/02/2027;COMPANHIA PAULISTA DE CREDITO SECURITIZADORA s A;Companhia Securitizadora X S.A;Oferta Privada;Duplicata;Pré-captação
a55 Cartão Pool #2;Pool;14/02/2028;944;R$ 11.323.755,12;R$ 10.160.901,57;R$ 1.162.853,55;R$ 11.296.354,43;R$ 10.486,61;R$ 25.000,00;R$ 1,12;R$ 0,00;10,3%;10,0%;0,0%;0,0%;1,6%;"";14/09/2027;A55 PAYMENTS LTDA;AMFI COMPANHIA SECURITIZADORA DE CREDITOS FINANCEIROS I SA;Oferta Privada;Recebível de Cartão;Captação finalizada
Digcap Pool #4;Pool;14/02/2028;944;R$ 1.822.491,70;R$ 1.615.512,12;R$ 206.979,58;R$ 1.817.006,25;R$ 0,00;R$ 15.000,00;R$ 1,79;R$ 0,00;11,4%;10,0%;;0,0%;3,7%;"";14/02/2028;Digcap Intermediação de Créditos Judiciais Ltda	;;Oferta Pública;Ativo Judicial;Captação finalizada
Formento Pool #3;Pool;01/03/2028;960;R$ 2.581.720,56;R$ 2.079.438,46;R$ 502.282,10;R$ 2.576.242,64;R$ 870,54;R$ 6.250,00;R$ 1,27;R$ 0,00;19,5%;20,0%;3,8%;1.642,6%;2,3%;"";30/09/2025;Formento Securitizadora S.A.;AMFI COMPANHIA SECURITIZADORA DE CREDITOS FINANCEIROS I SA;Oferta Privada;Duplicata;Captação finalizada
AFA Pool #1;Pool;07/03/2028;966;R$ 26.969.624,47;R$ 21.279.445,46;R$ 1.939.276,36;R$ 5.960.458,10;R$ 441.693,75;R$ 30.000,00;R$ 0,28;R$ 20.557.438,15;21,1%;25,0%;7,0%;19.965,5%;2,6%;"";07/10/2026;AFA CONSULTORIA DE CREDITO UNIPESSOAL LTDA;AMFI COMPANHIA SECURITIZADORA DE CREDITOS FINANCEIROS I SA;Oferta Privada;Duplicata;Captação finalizada
LeCapital Pool #1;Pool;17/03/2028;976;R$ 8.773.264,52;R$ 6.565.045,55;R$ 2.208.218,97;R$ 3.025.351,31;R$ 3.899.257,34;R$ 30.000,00;R$ 0,47;R$ 1.818.655,87;25,2%;25,0%;;0,0%;3,6%;"";17/10/2026;LECAPITAL SECURITIZADORA S/A;AMFI COMPANHIA SECURITIZADORA DE CREDITOS FINANCEIROS I SA;Oferta Privada;Duplicata;Captação finalizada
BMDC Unitoken #13;Unitoken;17/04/2028;1007;R$ 0,00;;;R$ 0,00;;;;R$ 0,00;;;;0,0%;;"";16/07/2025;BMDC SECURITIZADORA SA;AMFI COMPANHIA SECURITIZADORA DE CREDITOS FINANCEIROS I SA;Oferta Pública;CCB;Cancelada
Up Vendas Pool #2;Pool;28/04/2028;1018;R$ 4.991.644,58;R$ 3.364.136,68;R$ 1.627.507,90;R$ 4.970.024,03;R$ 46.378,17;R$ 7.500,00;R$ 1,54;R$ 0,00;32,9%;20,0%;5,1%;24.850,1%;1,8%;"";31/05/2027;Up Vendas;AMFI COMPANHIA SECURITIZADORA DE CREDITOS FINANCEIROS I SA;Oferta Privada;Recebível de Cartão;Em captação
BMDC Unitoken #12;Unitoken;28/04/2028;1018;R$ 370.612,36;R$ 370.484,98;R$ 127,38;R$ 370.612,36;R$ 0,00;;R$ 1,32;R$ 0,00;;;;0,0%;1,8%;"";15/07/2025;BMDC SECURITIZADORA SA;AMFI COMPANHIA SECURITIZADORA DE CREDITOS FINANCEIROS I SA;Oferta Pública;CCB;Captação finalizada
AmFi Renda Mensal #2;Pool;05/06/2028;1056;R$ 237.060,30;R$ 155.164,10;R$ 51.959,98;R$ 0,00;R$ 428,95;R$ 0,00;R$ 0,00;R$ 0,00;;25,0%;;0,0%;;"";05/08/2025;AMFI CONSULTING LTDA;;Oferta Pública;Duplicata / CPR / Nota Comercial / CCB / Ativo Judicial;Em captação
 LC INVESTE Private;Pool;31/08/2028;1143;R$ 457,80;R$ 0,00;R$ 457,80;R$ 0,00;R$ 457,80;R$ 0,00;;R$ 0,00;100,0%;99,0%;;0,0%;;"";;LC Investe LTDA;AMFI COMPANHIA SECURITIZADORA DE CREDITOS FINANCEIROS I SA;Oferta Privada;Ativo Judicial;Captação finalizada
Pool Nexo #2;Pool;31/03/2029;1355;R$ 634.676,25;R$ 637.323,43;R$ 0,00;R$ 0,00;R$ 0,00;R$ 0,00;R$ 0,00;R$ 0,00;;0,0%;;0,0%;;"";31/03/2029;AMFI CONSULTING LTDA;;Oferta Privada;Recebível de Cartão / CCB / Nota Comercial / CPR / Duplicata / Ativo Judicial;Em captação
AmFi High Yield Pool #1;Pool;18/06/2029;1434;R$ 0,00;;;R$ 0,00;;R$ 1.500,00;;R$ 0,00;;;;0,0%;;"";;AMFI CONSULTING LTDA;;;CCB / Ativo Judicial / Nota Comercial / Recebível de Cartão / CPR;
FD Ventures #1;Unitoken;15/05/2030;1765;R$ 4.518.457,40;R$ 0,00;R$ 4.518.457,40;R$ 968.563,17;R$ 62.453,44;R$ 0,00;;R$ 3.487.440,79;;;;0,0%;1,4%;"";;Stockash Consultoria em Credito LTDA;AMFI COMPANHIA SECURITIZADORA DE CREDITOS FINANCEIROS I SA;;Nota Comercial;
Netspaces 1;Unitoken;11/08/2038;4775;R$ 123.827,09;R$ 0,00;R$ 123.827,09;R$ 0,00;R$ 0,00;R$ 0,00;;R$ 123.827,09;;;;0,0%;;"";;NETSPACES GESTAO DIGITAL DE PATRIMONIO E RENDA LTDA.;;;CCB;
Sector Condo #1;Pool;;;R$ 0,00;;;R$ 0,00;;R$ 0,00;;R$ 0,00;;100,0%;;0,0%;;"";;SECTOR TECNOLOGIA EM COBRANCA LTDA;;Oferta Privada;"";
Brás Capital Bridge Loans #1;Pool;;;R$ 0,00;;;R$ 0,00;;R$ 0,00;;R$ 0,00;;;;0,0%;;"";;(inoperante agent antigo pool inoperante) Brás Capital LTDA;;Oferta Privada;"";
AmFi Alta Liquidez;Pool;;;R$ 4.965.363,98;R$ 2.161.803,64;R$ 1.045.643,68;R$ 0,00;R$ 0,00;R$ 0,00;R$ 0,00;R$ 0,00;;40,0%;;0,0%;;"";;AMFI CONSULTING LTDA;;Oferta Pública;Recebível de Cartão / Nota Comercial / CCB / CPR / Ativo Judicial / Duplicata;Captação finalizada
ABRL Stake Pool;Pool;;;R$ 0,00;R$ 0,00;R$ 0,00;R$ 0,00;R$ 0,00;R$ 0,00;;R$ 0,00;;;;0,0%;;"";;AMFI CONSULTING LTDA;;;CCB;
AmFi Alta Liquidez #2;Pool;;;R$ 3.802.586,55;R$ 2.070.611,89;R$ 568.932,31;R$ 0,00;R$ 4.748,69;R$ 0,00;R$ 0,00;R$ 0,00;;40,0%;;0,0%;;"";;AMFI CONSULTING LTDA;;Oferta Pública;Recebível de Cartão / CCB / Nota Comercial / CPR / Duplicata / Ativo Judicial;Em captação
